trade_id,entry_time,exit_time,direction,entry_price,exit_price,pnl_pips,pnl_dollars,exit_reason,session,day_of_week,prior_4h_direction,atr_at_entry,holding_bars,sample
T41,2020-01-03 10:00:00,2020-01-05 17:00:00,LONG,1.11646,1.11594,-5.20000000000076,-8.637200000001261,time_stop,LONDON,Friday,BULL,0.0010460768854500054,55,IS
T89,2020-01-07 10:00:00,2020-01-07 17:00:00,SHORT,1.1140400000000001,1.11477,-7.299999999998974,-9.548399999998658,time_stop,LONDON,Tuesday,BEAR,0.0010699078522331134,7,IS
T119,2020-01-08 16:00:00,2020-01-08 23:00:00,SHORT,1.1104,1.11154,-11.399999999999189,-38.44079999999727,time_stop,NY,Wednesday,BEAR,0.0010567910022681417,7,IS
T137,2020-01-09 10:00:00,2020-01-09 17:00:00,SHORT,1.11009,1.11065,-5.599999999998939,-16.189599999996933,time_stop,LONDON,Thursday,BEAR,0.0010604904237298558,7,IS
T185,2020-01-13 10:00:00,2020-01-13 17:00:00,LONG,1.11344,1.11353,0.8999999999992347,2.5244999999978535,time_stop,LONDON,Monday,BULL,0.000867159692746698,7,IS
T215,2020-01-14 16:00:00,2020-01-14 23:00:00,SHORT,1.11261,1.11331,-6.999999999999229,-36.581999999995965,time_stop,NY,Tuesday,BEAR,0.0007571870069916238,7,IS
T257,2020-01-16 10:00:00,2020-01-16 17:00:00,SHORT,1.11394,1.11372,2.1999999999988695,3.500199999998201,time_stop,LONDON,Thursday,BEAR,0.0009079244023563354,7,IS
T310,2020-01-20 15:00:00,2020-01-20 22:00:00,LONG,1.1098999999999999,1.10973,-1.6999999999978144,-4.778699999993857,time_stop,NY,Monday,BULL,0.0006228333339489956,7,IS
T329,2020-01-21 10:00:00,2020-01-21 17:00:00,SHORT,1.10964,1.10827,13.699999999998713,30.386599999997145,time_stop,LONDON,Tuesday,BEAR,0.0007583307569518529,7,IS
T377,2020-01-23 10:00:00,2020-01-23 17:00:00,SHORT,1.10449,1.10553,-10.399999999999299,-7.9871999999994605,time_stop,LONDON,Thursday,BEAR,0.0010605760979412902,7,IS
T425,2020-01-27 10:00:00,2020-01-27 17:00:00,SHORT,1.10111,1.1018,-6.899999999998574,-15.690599999996756,time_stop,LONDON,Monday,BEAR,0.0008682737587627524,7,IS
T454,2020-01-28 15:00:00,2020-01-28 22:00:00,LONG,1.1023,1.10138,-9.200000000000319,-30.55320000000106,time_stop,NY,Tuesday,BULL,0.0006980106775292864,7,IS
T497,2020-01-30 10:00:00,2020-01-30 17:00:00,LONG,1.10367,1.10315,-5.199999999998539,-11.507599999996767,time_stop,LONDON,Thursday,BULL,0.0008162802607872821,7,IS
T526,2020-01-31 15:00:00,2020-02-02 22:00:00,LONG,1.10917,1.10811,-10.600000000000609,-35.531200000002045,time_stop,NY,Friday,BULL,0.0009577340324377567,55,IS
T569,2020-02-04 10:00:00,2020-02-04 17:00:00,SHORT,1.10369,1.10444,-7.500000000000284,-25.222500000000956,time_stop,LONDON,Tuesday,BEAR,0.0008013415310374289,7,IS
T617,2020-02-06 10:00:00,2020-02-06 17:00:00,SHORT,1.09754,1.09807,-5.300000000001415,-8.79800000000235,time_stop,LONDON,Thursday,BEAR,0.0008388233584781485,7,IS
T665,2020-02-10 10:00:00,2020-02-10 17:00:00,SHORT,1.0922800000000001,1.09107,12.100000000001554,19.287400000002474,time_stop,LONDON,Monday,BEAR,0.0008512205392540185,7,IS
T713,2020-02-12 10:00:00,2020-02-12 14:00:00,SHORT,1.08931,1.08668,26.299999999999102,60.25329999999794,take_profit,LONDON,Wednesday,BEAR,0.0008608277446645001,4,IS
T738,2020-02-13 11:00:00,2020-02-13 18:00:00,SHORT,1.0846,1.08413,4.699999999999704,9.70079999999939,time_stop,LONDON,Thursday,BEAR,0.0009923489881754146,7,IS
T766,2020-02-14 15:00:00,2020-02-16 22:00:00,SHORT,1.08359,1.08384,-2.4999999999986144,-11.022499999993892,time_stop,NY,Friday,BEAR,0.0008852784455938066,55,IS
T785,2020-02-17 10:00:00,2020-02-17 17:00:00,SHORT,1.08283,1.08366,-8.300000000001084,-29.67250000000388,time_stop,LONDON,Monday,BEAR,0.0007763918113035046,7,IS
T815,2020-02-18 16:00:00,2020-02-18 23:00:00,SHORT,1.07894,1.07972,-7.800000000000029,-24.59340000000009,time_stop,NY,Tuesday,BEAR,0.0009238790131330757,7,IS
T838,2020-02-19 15:00:00,2020-02-19 22:00:00,LONG,1.08113,1.07969,-14.399999999998858,-32.11199999999746,time_stop,NY,Wednesday,BULL,0.0009319640428918358,7,IS
T863,2020-02-20 16:00:00,2020-02-20 23:00:00,SHORT,1.07825,1.07946,-12.100000000001554,-38.417500000004935,time_stop,NY,Thursday,BEAR,0.001058375815771041,7,IS
T881,2020-02-21 10:00:00,2020-02-23 17:00:00,LONG,1.0853899999999999,1.08296,-24.299999999999322,-20.33909999999943,time_stop,LONDON,Friday,BULL,0.0012557767932535528,55,IS
T930,2020-02-25 11:00:00,2020-02-25 18:00:00,LONG,1.08694,1.08797,10.300000000000864,13.070700000001098,time_stop,LONDON,Tuesday,BULL,0.0013313306029936515,7,IS
T983,2020-02-27 16:00:00,2020-02-27 23:00:00,LONG,1.10011,1.09941,-6.999999999999229,-14.251999999998432,time_stop,NY,Thursday,BULL,0.001594475807620681,7,IS
T1006,2020-02-28 15:00:00,2020-03-01 22:00:00,LONG,1.10391,1.10524,13.300000000000534,13.007400000000523,time_stop,NY,Friday,BULL,0.002062623306088682,55,IS
T1031,2020-03-02 16:00:00,2020-03-02 23:00:00,SHORT,1.11318,1.11444,-12.600000000000389,-11.65500000000036,time_stop,NY,Monday,BEAR,0.002410208924047601,7,IS
T1049,2020-03-03 10:00:00,2020-03-03 17:00:00,LONG,1.11809,1.11699,-11.000000000001009,-6.193000000000569,time_stop,LONDON,Tuesday,BULL,0.0024942911052656096,7,IS
T1098,2020-03-05 11:00:00,2020-03-05 18:00:00,LONG,1.1203,1.12224,19.399999999998307,36.239199999996835,time_stop,LONDON,Thursday,BULL,0.0018735743646835696,7,IS
T1127,2020-03-06 16:00:00,2020-03-08 16:00:00,SHORT,1.12791,1.1347500000000001,-68.4000000000018,-82.55880000000217,stop_loss,NY,Friday,BEAR,0.0025448973555977326,48,IS
T1175,2020-03-10 15:00:00,2020-03-10 22:00:00,SHORT,1.12781,1.13292,-51.099999999999476,-46.092199999999536,time_stop,NY,Tuesday,BEAR,0.003677992427963688,7,IS
T1194,2020-03-11 10:00:00,2020-03-11 17:00:00,SHORT,1.12788,1.12584,20.400000000000418,13.321200000000273,time_stop,LONDON,Wednesday,BEAR,0.0030049432005428366,7,IS
T1242,2020-03-13 10:00:00,2020-03-15 16:00:00,SHORT,1.10683,1.11905,-122.2000000000012,-49.61320000000048,stop_loss,LONDON,Friday,BEAR,0.003791613416251386,54,IS
T1271,2020-03-16 15:00:00,2020-03-16 22:00:00,LONG,1.11833,1.11789,-4.3999999999999595,-5.4339999999999495,time_stop,NY,Monday,BULL,0.00407816401748737,7,IS
T1289,2020-03-17 09:00:00,2020-03-17 16:00:00,SHORT,1.0969200000000001,1.10076,-38.399999999998435,-37.324799999998476,time_stop,LONDON,Tuesday,BEAR,0.003513810717363523,7,IS
T1318,2020-03-18 14:00:00,2020-03-18 21:00:00,LONG,1.08999,1.08809,-19.000000000000128,-9.139000000000062,time_stop,NY,Wednesday,BULL,0.0038592332947358825,7,IS
T1409,2020-03-24 09:00:00,2020-03-24 16:00:00,SHORT,1.07833,1.07829,0.40000000000040004,0.22240000000022242,time_stop,LONDON,Tuesday,BEAR,0.00422814423806767,7,IS
T1438,2020-03-25 14:00:00,2020-03-25 21:00:00,LONG,1.0885,1.09143,29.29999999999877,30.82359999999871,time_stop,NY,Wednesday,BULL,0.0032406404594365833,7,IS
T1457,2020-03-26 09:00:00,2020-03-26 16:00:00,LONG,1.09927,1.10291,36.40000000000087,26.280800000000635,time_stop,LONDON,Thursday,BULL,0.002897299333369678,7,IS
T1486,2020-03-27 14:00:00,2020-03-29 23:00:00,LONG,1.1124,1.10803,-43.69999999999985,-34.52299999999988,time_stop,NY,Friday,BULL,0.0030824871867281517,57,IS
T1532,2020-03-31 14:00:00,2020-03-31 21:00:00,LONG,1.10209,1.10151,-5.800000000000249,-4.877800000000209,time_stop,NY,Tuesday,BULL,0.0030637122597084836,7,IS
T1557,2020-04-01 15:00:00,2020-04-01 22:00:00,LONG,1.09489,1.09341,-14.799999999999258,-15.007199999999248,time_stop,NY,Wednesday,BULL,0.002519511296172044,7,IS
T1575,2020-04-02 09:00:00,2020-04-02 16:00:00,SHORT,1.08501,1.08561,-5.999999999999339,-3.5819999999996055,time_stop,LONDON,Thursday,BEAR,0.0023459914554223044,7,IS
T1604,2020-04-03 14:00:00,2020-04-05 21:00:00,LONG,1.08117,1.0817,5.300000000001415,7.367000000001967,time_stop,NY,Friday,BULL,0.002243351145710994,55,IS
T1695,2020-04-09 09:00:00,2020-04-09 16:00:00,LONG,1.09324,1.09285,-3.8999999999989043,-2.2268999999993744,time_stop,LONDON,Thursday,BULL,0.0020287744946729538,7,IS
T1744,2020-04-13 10:00:00,2020-04-13 17:00:00,SHORT,1.08988,1.09071,-8.300000000001084,-11.85240000000155,time_stop,LONDON,Monday,BEAR,0.0014884735373021083,7,IS
T1773,2020-04-14 15:00:00,2020-04-14 22:00:00,LONG,1.0987,1.09811,-5.9000000000009045,-10.684900000001639,time_stop,NY,Tuesday,BULL,0.0015393662649769012,7,IS
T1839,2020-04-17 09:00:00,2020-04-17 16:00:00,LONG,1.08873,1.08711,-16.199999999999548,-14.223599999999603,time_stop,LONDON,Friday,BULL,0.0019607055213861036,7,IS
T1869,2020-04-20 15:00:00,2020-04-20 22:00:00,SHORT,1.08554,1.08308,24.599999999999067,39.630599999998495,time_stop,NY,Monday,BEAR,0.001617426173465674,7,IS
T1888,2020-04-21 10:00:00,2020-04-21 17:00:00,LONG,1.08604,1.08583,-2.0999999999982144,-2.7299999999976787,time_stop,LONDON,Tuesday,BULL,0.0018443847161691927,7,IS
T1936,2020-04-23 10:00:00,2020-04-23 17:00:00,LONG,1.08289,1.07774,-51.49999999999988,-37.13149999999991,time_stop,LONDON,Thursday,BULL,0.0019151796333274397,7,IS
T2008,2020-04-28 10:00:00,2020-04-28 17:00:00,SHORT,1.08311,1.08212,9.900000000000464,8.09820000000038,time_stop,LONDON,Tuesday,BEAR,0.0016329059879729997,7,IS
T2037,2020-04-29 15:00:00,2020-04-29 22:00:00,LONG,1.08765,1.08621,-14.400000000001079,-22.6656000000017,time_stop,NY,Wednesday,BULL,0.0014973541510268148,7,IS
T2055,2020-04-30 09:00:00,2020-04-30 10:00:00,SHORT,1.0857700000000001,1.09541,-96.3999999999987,-157.1319999999979,stop_loss,LONDON,Thursday,BEAR,0.0017293968088613007,1,IS
T2104,2020-05-04 10:00:00,2020-05-04 17:00:00,SHORT,1.0915000000000001,1.09007,14.300000000000423,22.765600000000678,time_stop,LONDON,Monday,BEAR,0.0016155855802093854,7,IS
T2156,2020-05-06 14:00:00,2020-05-06 21:00:00,SHORT,1.08019,1.08001,1.80000000000069,5.326200000002042,time_stop,NY,Wednesday,BEAR,0.0015543561796596249,7,IS
T2205,2020-05-08 15:00:00,2020-05-10 22:00:00,SHORT,1.0835700000000001,1.08478,-12.099999999999334,-29.959599999998346,time_stop,NY,Friday,BEAR,0.0015454932298727055,55,IS
T2223,2020-05-11 09:00:00,2020-05-11 12:00:00,LONG,1.0834,1.0807499999999999,-26.500000000000412,-55.676500000000864,stop_loss,LONDON,Monday,BULL,0.0013803323696416907,3,IS
T2247,2020-05-12 09:00:00,2020-05-12 16:00:00,LONG,1.08785,1.08472,-31.30000000000077,-31.67560000000078,time_stop,LONDON,Tuesday,BULL,0.0014761875084494415,7,IS
T2343,2020-05-18 09:00:00,2020-05-18 13:00:00,LONG,1.08585,1.0917,58.499999999999105,53.702999999999186,take_profit,LONDON,Monday,BULL,0.0013374114641514995,4,IS
T2367,2020-05-19 09:00:00,2020-05-19 16:00:00,SHORT,1.09331,1.09221,11.000000000001009,14.080000000001291,time_stop,LONDON,Tuesday,BEAR,0.0015992856835027524,7,IS
T2439,2020-05-22 09:00:00,2020-05-22 16:00:00,SHORT,1.08949,1.0898,-3.1000000000003247,-7.554700000000792,time_stop,LONDON,Friday,BEAR,0.001375974768686624,7,IS
T2468,2020-05-25 14:00:00,2020-05-25 20:00:00,LONG,1.08995,1.09092,9.699999999999154,51.25479999999553,take_profit,NY,Monday,BULL,0.0010290493567392221,6,IS
T2488,2020-05-26 10:00:00,2020-05-26 17:00:00,LONG,1.0988,1.09759,-12.099999999999334,-15.37909999999915,time_stop,LONDON,Tuesday,BULL,0.00124506294485784,7,IS
T2517,2020-05-27 15:00:00,2020-05-27 22:00:00,LONG,1.09986,1.1018,19.399999999998307,28.129999999997544,time_stop,NY,Wednesday,BULL,0.0019362242149832906,7,IS
T2535,2020-05-28 09:00:00,2020-05-28 14:00:00,LONG,1.10401,1.1088099999999999,47.999999999999154,55.103999999999026,take_profit,LONDON,Thursday,BULL,0.0017715643446821181,5,IS
T2560,2020-05-29 10:00:00,2020-05-29 12:00:00,SHORT,1.1124100000000001,1.10983,25.800000000000267,55.753800000000574,take_profit,LONDON,Friday,BEAR,0.0017099412976919405,2,IS
T2584,2020-06-01 10:00:00,2020-06-01 17:00:00,LONG,1.1138299999999999,1.11312,-7.099999999997664,-8.78269999999711,time_stop,LONDON,Monday,BULL,0.0017826818272236417,7,IS
T2656,2020-06-04 10:00:00,2020-06-04 17:00:00,LONG,1.1344699999999999,1.13357,-8.999999999999009,-2.8349999999996878,time_stop,LONDON,Thursday,BULL,0.002378555670728451,7,IS
T2727,2020-06-09 09:00:00,2020-06-09 16:00:00,LONG,1.13497,1.13395,-10.200000000000209,-5.905800000000121,time_stop,LONDON,Tuesday,BULL,0.0019122745482726465,7,IS
T2756,2020-06-10 14:00:00,2020-06-10 21:00:00,LONG,1.13922,1.13895,-2.6999999999999247,-2.6756999999999254,time_stop,NY,Wednesday,BULL,0.0021990032985364913,7,IS
T2780,2020-06-11 14:00:00,2020-06-11 21:00:00,SHORT,1.12995,1.1288,11.499999999999844,6.405499999999913,time_stop,NY,Thursday,BEAR,0.002499464838773276,7,IS
T2800,2020-06-12 10:00:00,2020-06-14 17:00:00,SHORT,1.1245100000000001,1.12422,2.900000000001235,1.8560000000007904,time_stop,LONDON,Friday,BEAR,0.0023630861407546158,55,IS
T2828,2020-06-15 14:00:00,2020-06-15 21:00:00,LONG,1.13161,1.13281,12.000000000000899,11.76000000000088,time_stop,NY,Monday,BULL,0.0021930962116427336,7,IS
T2847,2020-06-16 09:00:00,2020-06-16 16:00:00,SHORT,1.12687,1.12631,5.60000000000116,5.11840000000106,time_stop,LONDON,Tuesday,BEAR,0.0020759498890134177,7,IS
T2895,2020-06-18 09:00:00,2020-06-18 16:00:00,SHORT,1.12113,1.12055,5.800000000000249,5.730400000000246,time_stop,LONDON,Thursday,BEAR,0.0017642577097111115,7,IS
T2944,2020-06-22 10:00:00,2020-06-22 17:00:00,LONG,1.12496,1.12624,12.799999999999478,12.838399999999476,time_stop,LONDON,Monday,BULL,0.0016558262100256275,7,IS
T2973,2020-06-23 15:00:00,2020-06-23 22:00:00,SHORT,1.1301700000000001,1.13178,-16.099999999998893,-26.45229999999818,time_stop,NY,Tuesday,BEAR,0.0016618718280768034,7,IS
T2991,2020-06-24 09:00:00,2020-06-24 16:00:00,SHORT,1.12654,1.12503,15.100000000001224,15.371800000001246,time_stop,LONDON,Wednesday,BEAR,0.0016106185912018733,7,IS
T3040,2020-06-26 10:00:00,2020-06-28 17:00:00,SHORT,1.12019,1.12231,-21.199999999998997,-32.54199999999846,time_stop,LONDON,Friday,BEAR,0.0014827864801213566,55,IS
T3088,2020-06-30 10:00:00,2020-06-30 17:00:00,LONG,1.1233899999999999,1.12314,-2.4999999999986144,-2.704999999998501,time_stop,LONDON,Tuesday,BULL,0.0016520767615121556,7,IS
T3117,2020-07-01 15:00:00,2020-07-01 22:00:00,SHORT,1.12494,1.12603,-10.900000000000354,-28.15470000000091,time_stop,NY,Wednesday,BEAR,0.0015910198711706865,7,IS
T3136,2020-07-02 10:00:00,2020-07-02 17:00:00,SHORT,1.12279,1.12384,-10.499999999999954,-7.034999999999969,time_stop,LONDON,Thursday,BEAR,0.0017039037673358581,7,IS
T3231,2020-07-08 09:00:00,2020-07-08 16:00:00,LONG,1.1330799999999999,1.13293,-1.4999999999987246,-1.2704999999989197,time_stop,LONDON,Wednesday,BULL,0.0014903919067805207,7,IS
T3279,2020-07-10 09:00:00,2020-07-10 16:00:00,LONG,1.13084,1.1299,-9.40000000000163,-12.398600000002148,time_stop,LONDON,Friday,BULL,0.00137985261908433,7,IS
T3309,2020-07-13 15:00:00,2020-07-13 22:00:00,SHORT,1.13484,1.13387,9.700000000001374,16.771300000002377,time_stop,NY,Monday,BEAR,0.0014331496096899564,7,IS
T3327,2020-07-14 09:00:00,2020-07-14 16:00:00,LONG,1.13909,1.13993,8.40000000000174,13.885200000002875,time_stop,LONDON,Tuesday,BULL,0.0014777632400755115,7,IS
T3375,2020-07-16 09:00:00,2020-07-16 13:00:00,LONG,1.1430099999999999,1.1382199999999998,-47.900000000000716,-61.40780000000092,stop_loss,LONDON,Thursday,BULL,0.0014700077623381064,4,IS
T3399,2020-07-17 09:00:00,2020-07-17 16:00:00,LONG,1.14319,1.14269,-4.999999999999449,-14.199999999998434,time_stop,LONDON,Friday,BULL,0.0013644312374436396,7,IS
T3429,2020-07-20 15:00:00,2020-07-20 22:00:00,LONG,1.14493,1.14598,10.499999999999954,29.074499999999873,time_stop,NY,Monday,BULL,0.0015956585265593907,7,IS
T3448,2020-07-21 10:00:00,2020-07-21 13:00:00,LONG,1.14886,1.1533,44.39999999999999,36.0084,take_profit,LONDON,Tuesday,BULL,0.0018236980239155272,3,IS
T3520,2020-07-24 10:00:00,2020-07-26 17:00:00,LONG,1.16263,1.16445,18.199999999999328,19.364799999999285,time_stop,LONDON,Friday,BULL,0.0018512803729102377,55,IS
T3572,2020-07-28 14:00:00,2020-07-28 21:00:00,SHORT,1.17225,1.1724,-1.500000000000945,-4.5690000000028785,time_stop,NY,Tuesday,BEAR,0.0019908501905970643,7,IS
T3592,2020-07-29 10:00:00,2020-07-29 17:00:00,LONG,1.1776,1.17924,16.40000000000086,13.251200000000694,time_stop,LONDON,Wednesday,BULL,0.0017385052500810678,7,IS
T3620,2020-07-30 14:00:00,2020-07-30 21:00:00,LONG,1.18398,1.18832,43.400000000000105,40.535600000000095,time_stop,NY,Thursday,BULL,0.001955476948977695,7,IS
T3639,2020-07-31 09:00:00,2020-07-31 15:00:00,SHORT,1.18231,1.17792,43.89999999999894,69.44979999999833,take_profit,LONDON,Friday,BEAR,0.0020900720285214978,6,IS
T3668,2020-08-03 14:00:00,2020-08-03 21:00:00,LONG,1.17603,1.17583,-1.9999999999997797,-4.157999999999542,time_stop,NY,Monday,BULL,0.0020810390606660002,7,IS
T3693,2020-08-04 15:00:00,2020-08-04 22:00:00,LONG,1.18039,1.18196,15.699999999998493,18.62019999999821,time_stop,NY,Tuesday,BULL,0.0019145456169560049,7,IS
T3711,2020-08-05 09:00:00,2020-08-05 16:00:00,LONG,1.1893,1.18629,-30.09999999999957,-23.59839999999966,time_stop,LONDON,Wednesday,BULL,0.0020265852040861716,7,IS
T3759,2020-08-07 09:00:00,2020-08-07 16:00:00,SHORT,1.17713,1.17862,-14.899999999999913,-9.491299999999946,time_stop,LONDON,Friday,BEAR,0.0022301728158637436,7,IS
T3788,2020-08-10 14:00:00,2020-08-10 20:00:00,SHORT,1.17425,1.1725100000000002,17.399999999998528,47.98919999999594,take_profit,NY,Monday,BEAR,0.0017173725624087873,6,IS
T3808,2020-08-11 10:00:00,2020-08-11 17:00:00,SHORT,1.1764000000000001,1.17412,22.800000000000598,24.96600000000065,time_stop,LONDON,Tuesday,BEAR,0.0018573915833018995,7,IS
T3855,2020-08-13 09:00:00,2020-08-13 11:00:00,LONG,1.18569,1.18173,-39.59999999999963,-54.88559999999949,stop_loss,LONDON,Thursday,BULL,0.001768143285433397,2,IS
T3860,2020-08-13 14:00:00,2020-08-13 21:00:00,SHORT,1.17968,1.18121,-15.300000000000313,-28.35090000000058,time_stop,NY,Thursday,BEAR,0.0018129558534119754,7,IS
T3879,2020-08-14 09:00:00,2020-08-14 16:00:00,LONG,1.18362,1.18414,5.20000000000076,8.044400000001175,time_stop,LONDON,Friday,BULL,0.0016813194529650877,7,IS
T3927,2020-08-18 09:00:00,2020-08-18 16:00:00,LONG,1.19591,1.19305,-28.600000000000847,-21.93620000000065,time_stop,LONDON,Tuesday,BULL,0.0015564932373565046,7,IS
T3956,2020-08-19 14:00:00,2020-08-19 21:00:00,SHORT,1.1854500000000001,1.18439,10.600000000000609,11.384400000000653,time_stop,NY,Wednesday,BEAR,0.001924225189662669,7,IS
T4004,2020-08-21 14:00:00,2020-08-23 21:00:00,LONG,1.1789399999999999,1.18022,12.800000000001699,21.32480000000283,time_stop,NY,Friday,BULL,0.0018794671960112419,55,IS
T4024,2020-08-24 10:00:00,2020-08-24 17:00:00,SHORT,1.18119,1.17911,20.799999999998597,25.875199999998255,time_stop,LONDON,Monday,BEAR,0.0015612990746570192,7,IS
T4053,2020-08-25 15:00:00,2020-08-25 22:00:00,LONG,1.18319,1.18194,-12.499999999999734,-21.61249999999954,time_stop,NY,Tuesday,BULL,0.0015418014620745756,7,IS
T4096,2020-08-27 10:00:00,2020-08-27 17:00:00,SHORT,1.17875,1.18198,-32.30000000000066,-29.522200000000602,time_stop,LONDON,Thursday,BEAR,0.0022310115958847363,7,IS
T4144,2020-08-31 10:00:00,2020-08-31 17:00:00,LONG,1.19618,1.1939,-22.800000000000598,-24.57840000000065,time_stop,LONDON,Monday,BULL,0.0018956224004767809,7,IS
T4192,2020-09-02 10:00:00,2020-09-02 17:00:00,SHORT,1.1839,1.18548,-15.800000000001369,-19.6552000000017,time_stop,LONDON,Wednesday,BEAR,0.0019710110477553014,7,IS
T4220,2020-09-03 14:00:00,2020-09-03 21:00:00,LONG,1.18579,1.18523,-5.599999999998939,-8.069599999998472,time_stop,NY,Thursday,BULL,0.0018621330457516511,7,IS
T4239,2020-09-04 09:00:00,2020-09-04 16:00:00,SHORT,1.17975,1.18371,-39.59999999999963,-32.2343999999997,time_stop,LONDON,Friday,BEAR,0.0018387089480596847,7,IS
T4268,2020-09-07 14:00:00,2020-09-07 21:00:00,SHORT,1.18119,1.17969,15.000000000000568,84.3000000000032,time_stop,NY,Monday,BEAR,0.00125746129447287,7,IS
T4287,2020-09-08 09:00:00,2020-09-08 16:00:00,SHORT,1.1775900000000001,1.17737,2.20000000000109,3.37040000000167,time_stop,LONDON,Tuesday,BEAR,0.0015121434895167952,7,IS
T4340,2020-09-10 14:00:00,2020-09-10 21:00:00,SHORT,1.18235,1.18332,-9.699999999999154,-7.420499999999352,time_stop,NY,Thursday,BEAR,0.0019839039884383663,7,IS
T4360,2020-09-11 10:00:00,2020-09-13 17:00:00,SHORT,1.18275,1.18369,-9.399999999999409,-11.712399999999263,time_stop,LONDON,Friday,BEAR,0.0016758967862371158,55,IS
T4407,2020-09-15 09:00:00,2020-09-15 16:00:00,SHORT,1.18625,1.18462,16.300000000000203,19.98380000000025,time_stop,LONDON,Tuesday,BEAR,0.0013258911984536583,7,IS
T4436,2020-09-16 14:00:00,2020-09-16 21:00:00,SHORT,1.17983,1.1762,36.30000000000022,41.56350000000025,time_stop,NY,Wednesday,BEAR,0.0017369484292570029,7,IS
T4460,2020-09-17 14:00:00,2020-09-17 21:00:00,LONG,1.184,1.18487,8.700000000001484,18.844200000003212,time_stop,NY,Thursday,BULL,0.0018027307029170384,7,IS
T4485,2020-09-18 15:00:00,2020-09-20 22:00:00,SHORT,1.18483,1.18585,-10.200000000000209,-24.459600000000503,time_stop,NY,Friday,BEAR,0.001583903809427066,55,IS
T4503,2020-09-21 09:00:00,2020-09-21 16:00:00,SHORT,1.17487,1.17707,-21.999999999999797,-21.339999999999804,time_stop,LONDON,Monday,BEAR,0.0017583201442971643,7,IS
T4551,2020-09-23 09:00:00,2020-09-23 16:00:00,SHORT,1.16822,1.16595,22.699999999999942,35.97949999999991,time_stop,LONDON,Wednesday,BEAR,0.0016831585724272743,7,IS
T4600,2020-09-25 10:00:00,2020-09-27 17:00:00,SHORT,1.16173,1.16265,-9.200000000000319,-15.465200000000536,time_stop,LONDON,Friday,BEAR,0.0015030335406857715,55,IS
T4629,2020-09-28 15:00:00,2020-09-28 22:00:00,LONG,1.1671099999999999,1.16706,-0.4999999999988347,-1.1664999999972814,time_stop,NY,Monday,BULL,0.0013969810885032226,7,IS
T4647,2020-09-29 09:00:00,2020-09-29 16:00:00,LONG,1.17255,1.17426,17.100000000001003,24.62400000000144,time_stop,LONDON,Tuesday,BULL,0.0014460584334357444,7,IS
T4696,2020-10-01 10:00:00,2020-10-01 17:00:00,SHORT,1.1735,1.17445,-9.500000000000064,-12.863000000000087,time_stop,LONDON,Thursday,BEAR,0.0017847048244802725,7,IS
T4743,2020-10-05 09:00:00,2020-10-05 16:00:00,LONG,1.1787699999999999,1.17825,-5.199999999998539,-5.870799999998351,time_stop,LONDON,Monday,BULL,0.0014398777259077107,7,IS
T4772,2020-10-06 14:00:00,2020-10-06 16:00:00,SHORT,1.17543,1.1733900000000002,20.399999999998197,33.537599999997035,take_profit,NY,Tuesday,BEAR,0.0015376388130803114,2,IS
T4815,2020-10-08 09:00:00,2020-10-08 16:00:00,SHORT,1.17433,1.17582,-14.899999999999913,-27.103099999999845,time_stop,LONDON,Thursday,BEAR,0.0011916285533531113,7,IS
T4864,2020-10-12 10:00:00,2020-10-12 17:00:00,LONG,1.1815,1.18135,-1.500000000000945,-2.467500000001555,time_stop,LONDON,Monday,BULL,0.0011620066606276224,7,IS
T4893,2020-10-13 15:00:00,2020-10-13 22:00:00,LONG,1.17491,1.17431,-5.999999999999339,-14.729999999998377,time_stop,NY,Tuesday,BULL,0.001172421304454535,7,IS
T4988,2020-10-19 14:00:00,2020-10-19 21:00:00,SHORT,1.17656,1.17666,-0.9999999999998899,-1.8749999999997935,time_stop,NY,Monday,BEAR,0.0012549461218184128,7,IS
T5007,2020-10-20 09:00:00,2020-10-20 16:00:00,LONG,1.18208,1.18211,0.2999999999997449,0.6794999999994222,time_stop,LONDON,Tuesday,BULL,0.0012687089961478078,7,IS
T5037,2020-10-21 15:00:00,2020-10-21 22:00:00,SHORT,1.18577,1.18422,15.499999999999403,32.34849999999875,time_stop,NY,Wednesday,BEAR,0.001283029137949612,7,IS
T5061,2020-10-22 15:00:00,2020-10-22 20:00:00,SHORT,1.18171,1.1800300000000001,16.799999999999038,82.2023999999953,take_profit,NY,Thursday,BEAR,0.0011573546885929606,5,IS
T5080,2020-10-23 10:00:00,2020-10-23 15:00:00,SHORT,1.1834,1.18629,-28.900000000000592,-52.33790000000108,stop_loss,LONDON,Friday,BEAR,0.0012687617920229828,5,IS
T5110,2020-10-26 15:00:00,2020-10-26 22:00:00,SHORT,1.18073,1.18206,-13.300000000000534,-32.14610000000129,time_stop,NY,Monday,BEAR,0.0011603118322806984,7,IS
T5133,2020-10-27 14:00:00,2020-10-27 17:00:00,SHORT,1.18076,1.17805,27.099999999999902,55.040099999999796,take_profit,NY,Tuesday,BEAR,0.001162277035740873,3,IS
T5177,2020-10-29 10:00:00,2020-10-29 17:00:00,SHORT,1.16557,1.16696,-13.900000000000023,-10.758600000000017,time_stop,LONDON,Thursday,BEAR,0.0015133630738740828,7,IS
T5230,2020-11-02 16:00:00,2020-11-02 23:00:00,LONG,1.16417,1.16495,7.800000000000029,19.07100000000007,time_stop,NY,Monday,BULL,0.0011528448757282099,7,IS
T5248,2020-11-03 10:00:00,2020-11-03 17:00:00,LONG,1.17309,1.17279,-2.9999999999996696,-4.454999999999509,time_stop,LONDON,Tuesday,BULL,0.0012910801188890594,7,IS
T5326,2020-11-06 16:00:00,2020-11-08 17:00:00,SHORT,1.18687,1.18886,-19.899999999999363,-51.62059999999835,stop_loss,NY,Friday,BEAR,0.0019482331007535474,49,IS
T5344,2020-11-09 10:00:00,2020-11-09 17:00:00,SHORT,1.18268,1.18175,9.299999999998754,4.752299999999363,time_stop,LONDON,Monday,BEAR,0.0023284826735896582,7,IS
T5373,2020-11-10 15:00:00,2020-11-10 20:00:00,SHORT,1.18073,1.1827400000000001,-20.100000000000673,-49.98870000000168,stop_loss,NY,Tuesday,BEAR,0.0020034127688290868,5,IS
T5397,2020-11-11 15:00:00,2020-11-11 22:00:00,LONG,1.17817,1.17733,-8.399999999999519,-29.929199999998286,time_stop,NY,Wednesday,BULL,0.0015633106148455326,7,IS
T5417,2020-11-12 11:00:00,2020-11-12 18:00:00,LONG,1.18154,1.18038,-11.600000000000499,-19.03560000000082,time_stop,LONDON,Thursday,BULL,0.001526846704594672,7,IS
T5465,2020-11-16 11:00:00,2020-11-16 18:00:00,LONG,1.18449,1.18592,14.300000000000423,21.492900000000635,time_stop,LONDON,Monday,BULL,0.0013114457885630834,7,IS
T5517,2020-11-18 15:00:00,2020-11-18 22:00:00,SHORT,1.18515,1.18421,9.399999999999409,23.06759999999855,time_stop,NY,Wednesday,BEAR,0.001119823892247607,7,IS
T5536,2020-11-19 10:00:00,2020-11-19 14:00:00,LONG,1.1840899999999999,1.1875099999999998,34.19999999999978,69.76799999999956,take_profit,LONDON,Thursday,BULL,0.0011794859279792734,4,IS
T5561,2020-11-20 11:00:00,2020-11-22 18:00:00,SHORT,1.1855,1.18654,-10.399999999999299,-23.150399999998438,time_stop,LONDON,Friday,BEAR,0.0011949779416254886,55,IS
T5613,2020-11-24 15:00:00,2020-11-24 22:00:00,LONG,1.18934,1.19064,12.999999999998568,23.438999999997417,time_stop,NY,Tuesday,BULL,0.0014270070687935768,7,IS
T5637,2020-11-25 15:00:00,2020-11-25 22:00:00,LONG,1.19248,1.19234,-1.40000000000029,-3.7814000000007835,time_stop,NY,Wednesday,BULL,0.0014842595536205358,7,IS
T5681,2020-11-27 11:00:00,2020-11-29 18:00:00,LONG,1.19549,1.19721,17.20000000000166,23.357600000002254,time_stop,LONDON,Friday,BULL,0.0010900725699295188,55,IS
T5714,2020-12-01 15:00:00,2020-12-01 22:00:00,LONG,1.20732,1.20822,9.00000000000123,13.806000000001886,time_stop,NY,Tuesday,BULL,0.0014832407913027824,7,IS
T5734,2020-12-02 11:00:00,2020-12-02 18:00:00,LONG,1.2094,1.21138,19.799999999998708,25.89839999999831,time_stop,LONDON,Wednesday,BULL,0.001637826390465414,7,IS
T5786,2020-12-04 15:00:00,2020-12-06 22:00:00,SHORT,1.21258,1.21343,-8.500000000000174,-15.461500000000319,time_stop,NY,Friday,BEAR,0.0015940219613712375,55,IS
T5810,2020-12-07 15:00:00,2020-12-07 22:00:00,SHORT,1.21069,1.2114,-7.099999999999884,-12.701899999999794,time_stop,NY,Monday,BEAR,0.0015567488732273764,7,IS
T5853,2020-12-09 10:00:00,2020-12-09 17:00:00,SHORT,1.20817,1.208,1.7000000000000348,1.915900000000039,time_stop,LONDON,Wednesday,BEAR,0.0014467652681889476,7,IS
T5882,2020-12-10 15:00:00,2020-12-10 22:00:00,LONG,1.2144,1.21578,13.800000000001589,21.072600000002424,time_stop,NY,Thursday,BULL,0.0017303076341521565,7,IS
T5901,2020-12-11 10:00:00,2020-12-13 17:00:00,SHORT,1.21054,1.21332,-27.800000000000047,-46.84300000000008,time_stop,LONDON,Friday,BEAR,0.0016094973843647975,55,IS
T5974,2020-12-16 11:00:00,2020-12-16 18:00:00,SHORT,1.21733,1.21961,-22.800000000000598,-32.46720000000085,time_stop,LONDON,Wednesday,BEAR,0.0014930413459819146,7,IS
T6026,2020-12-18 15:00:00,2020-12-20 17:00:00,LONG,1.2247299999999999,1.22291,-18.199999999999328,-66.12059999999757,stop_loss,NY,Friday,BULL,0.0013182405984051716,50,IS
T6046,2020-12-21 11:00:00,2020-12-21 18:00:00,LONG,1.2232399999999999,1.22346,2.20000000000109,1.4828000000007346,time_stop,LONDON,Monday,BULL,0.0023014837914612655,7,IS
T6157,2020-12-28 16:00:00,2020-12-28 21:00:00,LONG,1.22173,1.2233399999999999,16.099999999998893,49.15329999999662,take_profit,NY,Monday,BULL,0.001444711631770227,5,IS
T6205,2020-12-30 16:00:00,2020-12-30 23:00:00,LONG,1.22965,1.22865,-9.999999999998899,-28.32999999999688,time_stop,NY,Wednesday,BULL,0.0014960239512923556,7,IS
T6223,2020-12-31 10:00:00,2021-01-03 17:00:00,SHORT,1.22373,1.22333,3.9999999999995595,3.7799999999995837,time_stop,LONDON,Thursday,BEAR,0.0016888205651189826,79,IS
T6295,2021-01-06 10:00:00,2021-01-06 17:00:00,SHORT,1.2280900000000001,1.23276,-46.69999999999952,-34.46459999999965,time_stop,LONDON,Wednesday,BEAR,0.0019768743033527045,7,IS
T6373,2021-01-11 16:00:00,2021-01-11 23:00:00,SHORT,1.21483,1.21427,5.60000000000116,11.1048000000023,time_stop,NY,Monday,BEAR,0.0017596712178515111,7,IS
T6392,2021-01-12 11:00:00,2021-01-12 18:00:00,LONG,1.21693,1.22085,39.199999999999235,56.604799999998896,time_stop,LONDON,Tuesday,BULL,0.001683281625349548,7,IS
T6463,2021-01-15 10:00:00,2021-01-17 17:00:00,SHORT,1.20919,1.20774,14.499999999999513,16.61699999999944,time_stop,LONDON,Friday,BEAR,0.0015084088842271537,55,IS
T6564,2021-01-21 15:00:00,2021-01-21 22:00:00,LONG,1.2169999999999999,1.21736,3.60000000000138,7.6140000000029175,time_stop,NY,Thursday,BULL,0.0013969822398685124,7,IS
T6631,2021-01-26 10:00:00,2021-01-26 17:00:00,LONG,1.2168999999999999,1.21608,-8.199999999998209,-13.447999999997062,time_stop,LONDON,Tuesday,BULL,0.001326072998173541,7,IS
T6732,2021-02-01 15:00:00,2021-02-01 20:00:00,SHORT,1.2055200000000001,1.2084300000000001,-29.09999999999968,-58.66559999999936,stop_loss,NY,Monday,BEAR,0.00145839747576814,5,IS
T6752,2021-02-02 11:00:00,2021-02-02 18:00:00,SHORT,1.20177,1.20365,-18.800000000001038,-27.33520000000151,time_stop,LONDON,Tuesday,BEAR,0.0014785131707505835,7,IS
T6780,2021-02-03 15:00:00,2021-02-03 22:00:00,LONG,1.20344,1.20184,-16.00000000000046,-53.95200000000154,time_stop,NY,Wednesday,BULL,0.001246463397087556,7,IS
T6800,2021-02-04 11:00:00,2021-02-04 18:00:00,SHORT,1.19729,1.19662,6.699999999999484,12.274399999999055,time_stop,LONDON,Thursday,BEAR,0.0011925588239916354,7,IS
T6828,2021-02-05 15:00:00,2021-02-07 19:00:00,LONG,1.20502,1.2031699999999999,-18.500000000001293,-62.992500000004405,stop_loss,NY,Friday,BULL,0.0012282102883557555,52,IS
T6900,2021-02-10 15:00:00,2021-02-10 22:00:00,SHORT,1.21184,1.21207,-2.2999999999995246,-5.301499999998904,time_stop,NY,Wednesday,BEAR,0.0011242667125749939,7,IS
T6944,2021-02-12 11:00:00,2021-02-14 18:00:00,LONG,1.21262,1.21204,-5.800000000000249,-5.991400000000258,time_stop,LONDON,Friday,BULL,0.0011627927153544488,55,IS
T6973,2021-02-15 16:00:00,2021-02-15 19:00:00,SHORT,1.21261,1.2137600000000002,-11.500000000002064,-57.45400000001031,stop_loss,NY,Monday,BEAR,0.0008384006171269576,3,IS
T7044,2021-02-18 15:00:00,2021-02-18 22:00:00,LONG,1.20927,1.20847,-8.00000000000134,-26.864000000004495,time_stop,NY,Thursday,BULL,0.0011875345285732098,7,IS
T7088,2021-02-22 11:00:00,2021-02-22 18:00:00,LONG,1.21559,1.21638,7.900000000000684,13.272000000001151,time_stop,LONDON,Monday,BULL,0.0014721504226369191,7,IS
T7135,2021-02-24 10:00:00,2021-02-24 15:00:00,SHORT,1.21208,1.2166700000000001,-45.90000000000094,-57.05370000000117,stop_loss,LONDON,Wednesday,BEAR,0.0014253243568832534,5,IS
T7183,2021-02-26 10:00:00,2021-02-26 11:00:00,LONG,1.21401,1.20911,-49.000000000001265,-64.28800000000167,stop_loss,LONDON,Friday,BULL,0.0020261998634675295,1,IS
T7188,2021-02-26 15:00:00,2021-02-28 18:00:00,SHORT,1.20641,1.2090800000000002,-26.700000000001722,-46.16430000000298,stop_loss,NY,Friday,BEAR,0.0020586993830412842,51,IS
T7231,2021-03-02 10:00:00,2021-03-02 17:00:00,LONG,1.2063599999999999,1.20842,20.600000000001728,21.135600000001773,time_stop,LONDON,Tuesday,BULL,0.0015981014791392693,7,IS
T7260,2021-03-03 15:00:00,2021-03-03 22:00:00,SHORT,1.20609,1.20486,12.300000000000644,30.663900000001604,time_stop,NY,Wednesday,BEAR,0.0014421443589072176,7,IS
T7280,2021-03-04 11:00:00,2021-03-04 12:00:00,LONG,1.20451,1.1993299999999998,-51.800000000001845,-132.4526000000047,stop_loss,LONDON,Thursday,BULL,0.0013770376691649505,1,IS
T7328,2021-03-08 11:00:00,2021-03-08 18:00:00,SHORT,1.1847,1.18508,-3.7999999999982492,-4.214199999998058,time_stop,LONDON,Monday,BEAR,0.0016456422558038144,7,IS
T7380,2021-03-10 15:00:00,2021-03-10 22:00:00,LONG,1.19281,1.19315,3.4000000000000696,5.606600000000115,time_stop,NY,Wednesday,BULL,0.0014250272752337166,7,IS
T7424,2021-03-12 11:00:00,2021-03-14 17:00:00,LONG,1.19534,1.1948,-5.399999999999849,-7.1819999999998,time_stop,LONDON,Friday,BULL,0.0015359010379328315,54,IS
T7472,2021-03-16 10:00:00,2021-03-16 17:00:00,SHORT,1.18929,1.19017,-8.799999999999919,-6.916799999999936,time_stop,LONDON,Tuesday,BEAR,0.001421058271025884,7,IS
T7549,2021-03-19 15:00:00,2021-03-21 16:00:00,SHORT,1.19018,1.18802,21.599999999999397,85.8383999999976,take_profit,NY,Friday,BEAR,0.0013294893084056887,49,IS
T7568,2021-03-22 10:00:00,2021-03-22 17:00:00,LONG,1.1933099999999999,1.19335,0.40000000000040004,0.7816000000007816,time_stop,LONDON,Monday,BULL,0.0014149102964273917,7,IS
T7596,2021-03-23 14:00:00,2021-03-23 21:00:00,SHORT,1.18465,1.18451,1.40000000000029,3.1388000000006504,time_stop,NY,Tuesday,BEAR,0.0012448057203742573,7,IS
T7620,2021-03-24 14:00:00,2021-03-24 21:00:00,SHORT,1.18111,1.18239,-12.799999999999478,-28.991999999998818,time_stop,NY,Wednesday,BEAR,0.001277192138270656,7,IS
T7640,2021-03-25 10:00:00,2021-03-25 17:00:00,SHORT,1.17745,1.17734,1.100000000000545,1.2034000000005962,time_stop,LONDON,Thursday,BEAR,0.00128041249450644,7,IS
T7690,2021-03-29 14:00:00,2021-03-29 21:00:00,SHORT,1.17621,1.17725,-10.399999999999299,-23.96159999999838,time_stop,NY,Monday,BEAR,0.001246163809068448,7,IS
T7709,2021-03-30 09:00:00,2021-03-30 16:00:00,SHORT,1.1718,1.17169,1.100000000000545,1.931600000000957,time_stop,LONDON,Tuesday,BEAR,0.0012580416363048954,7,IS
T7739,2021-03-31 15:00:00,2021-03-31 22:00:00,SHORT,1.1725,1.17243,0.700000000000145,1.0276000000002128,time_stop,NY,Wednesday,BEAR,0.0013040792950690422,7,IS
T7757,2021-04-01 09:00:00,2021-04-01 16:00:00,LONG,1.1755499999999999,1.17759,20.400000000000418,39.84120000000081,time_stop,LONDON,Thursday,BULL,0.0012920041734452803,7,IS
T7805,2021-04-05 09:00:00,2021-04-05 16:00:00,LONG,1.17983,1.18125,14.199999999999768,12.85099999999979,time_stop,LONDON,Monday,BULL,0.0011268965388003217,7,IS
T7834,2021-04-06 14:00:00,2021-04-06 21:00:00,LONG,1.18723,1.18729,0.5999999999994898,1.0169999999991353,time_stop,NY,Tuesday,BULL,0.0012314429732316098,7,IS
T7854,2021-04-07 10:00:00,2021-04-07 14:00:00,LONG,1.1901899999999999,1.1865199999999998,-36.70000000000062,-64.8856000000011,stop_loss,LONDON,Wednesday,BULL,0.001219672479411802,4,IS
T7877,2021-04-08 09:00:00,2021-04-08 16:00:00,LONG,1.1898199999999999,1.19124,14.200000000001989,17.295600000002423,time_stop,LONDON,Thursday,BULL,0.001252543507588526,7,IS
T7949,2021-04-13 09:00:00,2021-04-13 16:00:00,LONG,1.19367,1.19474,10.699999999999044,8.131999999999273,time_stop,LONDON,Tuesday,BULL,0.0013241937582628405,7,IS
T8003,2021-04-15 15:00:00,2021-04-15 20:00:00,LONG,1.19756,1.19563,-19.299999999999873,-45.5865999999997,stop_loss,NY,Thursday,BULL,0.0012049230121429664,5,IS
T8046,2021-04-19 10:00:00,2021-04-19 17:00:00,SHORT,1.20198,1.2037,-17.199999999999438,-26.900799999999123,time_stop,LONDON,Monday,BEAR,0.0013625762799769489,7,IS
T8094,2021-04-21 10:00:00,2021-04-21 17:00:00,LONG,1.20293,1.20356,6.299999999999084,10.59029999999846,time_stop,LONDON,Wednesday,BULL,0.001273253066255891,7,IS
T8146,2021-04-23 14:00:00,2021-04-25 21:00:00,LONG,1.20938,1.211,16.20000000000177,27.880200000003043,time_stop,NY,Friday,BULL,0.00121388161855371,55,IS
T8165,2021-04-26 09:00:00,2021-04-26 16:00:00,SHORT,1.2065000000000001,1.20838,-18.799999999998818,-29.534799999998143,time_stop,LONDON,Monday,BEAR,0.001165927430017692,7,IS
T8195,2021-04-27 15:00:00,2021-04-27 22:00:00,LONG,1.2089699999999999,1.20793,-10.399999999999299,-22.2039999999985,time_stop,NY,Tuesday,BULL,0.0011009451523233235,7,IS
T8214,2021-04-28 10:00:00,2021-04-28 14:00:00,LONG,1.2089699999999999,1.2122899999999999,33.199999999999896,51.692399999999836,take_profit,LONDON,Wednesday,BULL,0.0011615307738619806,4,IS
T8238,2021-04-29 10:00:00,2021-04-29 17:00:00,SHORT,1.21099,1.2121,-11.099999999999444,-18.94769999999905,time_stop,LONDON,Thursday,BEAR,0.0013342631576766662,7,IS
T8286,2021-05-03 10:00:00,2021-05-03 17:00:00,LONG,1.20745,1.20626,-11.899999999998023,-16.053099999997333,time_stop,LONDON,Monday,BULL,0.0012277534846720235,7,IS
T8357,2021-05-06 09:00:00,2021-05-06 16:00:00,LONG,1.20637,1.20645,0.8000000000008001,1.3864000000013865,time_stop,LONDON,Thursday,BULL,0.0012000994929525996,7,IS
T8386,2021-05-07 14:00:00,2021-05-09 21:00:00,LONG,1.2166599999999999,1.2158,-8.599999999998609,-14.90379999999759,time_stop,NY,Friday,BULL,0.0017014904354217025,55,IS
T8410,2021-05-10 14:00:00,2021-05-10 21:00:00,SHORT,1.2144000000000001,1.21367,7.300000000001194,11.37340000000186,time_stop,NY,Monday,BEAR,0.0015062864747601161,7,IS
T8429,2021-05-11 09:00:00,2021-05-11 13:00:00,LONG,1.21728,1.2157699999999998,-15.100000000001224,-45.828500000003714,stop_loss,LONDON,Tuesday,BULL,0.00143724499258499,4,IS
T8477,2021-05-13 09:00:00,2021-05-13 13:00:00,LONG,1.20987,1.2062499999999998,-36.200000000001786,-50.57140000000249,stop_loss,LONDON,Thursday,BULL,0.0015838223935609435,4,IS
T8483,2021-05-13 15:00:00,2021-05-13 22:00:00,LONG,1.2086999999999999,1.20795,-7.499999999998064,-13.05749999999663,time_stop,NY,Thursday,BULL,0.0016334659114469316,7,IS
T8501,2021-05-14 09:00:00,2021-05-14 16:00:00,LONG,1.21425,1.2142,-0.5000000000010552,-0.6750000000014245,time_stop,LONDON,Friday,BULL,0.0014369983722153927,7,IS
T8530,2021-05-17 14:00:00,2021-05-17 16:00:00,LONG,1.21601,1.21508,-9.300000000000974,-46.155900000004834,stop_loss,NY,Monday,BULL,0.0011804098779947575,2,IS
T8554,2021-05-18 14:00:00,2021-05-18 21:00:00,LONG,1.22304,1.22216,-8.799999999999919,-12.86559999999988,time_stop,NY,Tuesday,BULL,0.0012196564608263944,7,IS
T8574,2021-05-19 10:00:00,2021-05-19 14:00:00,LONG,1.22173,1.21705,-46.800000000000175,-70.90200000000026,stop_loss,LONDON,Wednesday,BULL,0.0013675567574555829,4,IS
T8597,2021-05-20 09:00:00,2021-05-20 16:00:00,LONG,1.22109,1.22268,15.899999999999803,38.46209999999952,time_stop,LONDON,Thursday,BULL,0.0013276703013919314,7,IS
T8645,2021-05-24 09:00:00,2021-05-24 16:00:00,LONG,1.22233,1.22151,-8.199999999998209,-18.884599999995874,time_stop,LONDON,Monday,BULL,0.0012796024661494477,7,IS
T8674,2021-05-25 14:00:00,2021-05-25 21:00:00,LONG,1.2257099999999999,1.22436,-13.499999999999623,-18.845999999999474,time_stop,NY,Tuesday,BULL,0.0012400695404405568,7,IS
T8694,2021-05-26 10:00:00,2021-05-26 17:00:00,SHORT,1.2215500000000001,1.21936,21.900000000001363,38.71920000000242,time_stop,LONDON,Wednesday,BEAR,0.0012292520040592479,7,IS
T8770,2021-06-01 10:00:00,2021-06-01 16:00:00,LONG,1.22472,1.22121,-35.10000000000124,-49.91220000000176,stop_loss,LONDON,Tuesday,BULL,0.0013247827732227836,6,IS
T8817,2021-06-03 09:00:00,2021-06-03 16:00:00,SHORT,1.21451,1.21265,18.599999999999728,15.69839999999977,time_stop,LONDON,Thursday,BEAR,0.001195640680875713,7,IS
T8865,2021-06-07 09:00:00,2021-06-07 16:00:00,LONG,1.21824,1.21893,6.900000000000794,10.743300000001238,time_stop,LONDON,Monday,BULL,0.0011850323083490162,7,IS
T8895,2021-06-08 15:00:00,2021-06-08 22:00:00,SHORT,1.21722,1.2184,-11.799999999999589,-49.55999999999827,time_stop,NY,Tuesday,BEAR,0.000952266028659004,7,IS
T8913,2021-06-09 09:00:00,2021-06-09 10:00:00,LONG,1.22162,1.2185199999999998,-31.000000000001027,-49.07300000000163,stop_loss,LONDON,Wednesday,BULL,0.0008470923197560994,1,IS
T8961,2021-06-11 09:00:00,2021-06-11 16:00:00,SHORT,1.21201,1.21072,12.900000000000134,17.36340000000018,time_stop,LONDON,Friday,BEAR,0.0012127634427891733,7,IS
T8990,2021-06-14 14:00:00,2021-06-14 21:00:00,SHORT,1.21163,1.21184,-2.100000000000435,-7.910700000001637,time_stop,NY,Monday,BEAR,0.0009921727477133328,7,IS
T9010,2021-06-15 10:00:00,2021-06-15 17:00:00,LONG,1.21271,1.21281,0.9999999999998899,1.640999999999819,time_stop,LONDON,Tuesday,BULL,0.0010507447069045429,7,IS
T9038,2021-06-16 14:00:00,2021-06-16 16:00:00,SHORT,1.20165,1.1994500000000001,21.999999999999797,9.063999999999917,take_profit,NY,Wednesday,BEAR,0.0013618144080565586,2,IS
T9081,2021-06-18 09:00:00,2021-06-18 16:00:00,SHORT,1.1865700000000001,1.18592,6.500000000000394,5.538000000000336,time_stop,LONDON,Friday,BEAR,0.0016945464171314983,7,IS
T9153,2021-06-23 09:00:00,2021-06-23 12:00:00,LONG,1.19706,1.1935,-35.60000000000007,-47.775200000000105,stop_loss,LONDON,Wednesday,BULL,0.0012616740851926981,3,IS
T9159,2021-06-23 15:00:00,2021-06-23 22:00:00,SHORT,1.19227,1.19257,-2.9999999999996696,-4.6619999999994866,time_stop,NY,Wednesday,BEAR,0.001250673585043114,7,IS
T9201,2021-06-25 09:00:00,2021-06-25 12:00:00,LONG,1.19751,1.19366,-38.50000000000131,-44.77550000000153,stop_loss,LONDON,Friday,BULL,0.0010703417627128404,3,IS
T9273,2021-06-30 09:00:00,2021-06-30 16:00:00,SHORT,1.1872500000000001,1.18558,16.700000000000603,31.26240000000113,time_stop,LONDON,Wednesday,BEAR,0.0011121464947794605,7,IS
T9302,2021-07-01 14:00:00,2021-07-01 21:00:00,SHORT,1.18401,1.18436,-3.5000000000007248,-7.448000000001541,time_stop,NY,Thursday,BEAR,0.0012077914229537362,7,IS
T9369,2021-07-06 09:00:00,2021-07-06 16:00:00,SHORT,1.18312,1.18234,7.800000000000029,21.013200000000076,time_stop,LONDON,Tuesday,BEAR,0.001104148694285176,7,IS
T9446,2021-07-09 14:00:00,2021-07-11 21:00:00,LONG,1.18776,1.18698,-7.800000000000029,-18.23640000000007,time_stop,NY,Friday,BULL,0.0010813503763022923,55,IS
T9466,2021-07-12 10:00:00,2021-07-12 17:00:00,LONG,1.18682,1.18613,-6.900000000000794,-9.073500000001046,time_stop,LONDON,Monday,BULL,0.0011853874151736036,7,IS
T9494,2021-07-13 14:00:00,2021-07-13 21:00:00,SHORT,1.1781000000000001,1.17811,-0.09999999999843467,-0.12039999999811533,time_stop,NY,Tuesday,BEAR,0.0014003857877108114,7,IS
T9585,2021-07-19 09:00:00,2021-07-19 16:00:00,LONG,1.18221,1.17967,-25.399999999999867,-18.567399999999903,time_stop,LONDON,Monday,BULL,0.001228804684114705,7,IS
T9634,2021-07-21 10:00:00,2021-07-21 17:00:00,LONG,1.17907,1.17952,4.499999999998394,6.13799999999781,time_stop,LONDON,Wednesday,BULL,0.0011567158966341619,7,IS
T9706,2021-07-26 10:00:00,2021-07-26 17:00:00,LONG,1.1809,1.18016,-7.399999999999629,-10.433999999999477,time_stop,LONDON,Monday,BULL,0.0012108458418254968,7,IS
T9735,2021-07-27 15:00:00,2021-07-27 22:00:00,SHORT,1.18202,1.18248,-4.599999999999049,-9.250599999998087,time_stop,NY,Tuesday,BEAR,0.001116451997589313,7,IS
T9753,2021-07-28 09:00:00,2021-07-28 12:00:00,SHORT,1.17853,1.18148,-29.50000000000008,-45.990500000000125,stop_loss,LONDON,Wednesday,BEAR,0.0012070692066233713,3,IS
T9758,2021-07-28 14:00:00,2021-07-28 21:00:00,LONG,1.1839899999999999,1.18494,9.500000000002284,11.998500000002885,time_stop,NY,Wednesday,BULL,0.0015091490329534147,7,IS
T9778,2021-07-29 10:00:00,2021-07-29 17:00:00,LONG,1.18868,1.18882,1.40000000000029,3.4020000000007045,time_stop,LONDON,Thursday,BULL,0.0011543681994720162,7,IS
T9850,2021-08-03 10:00:00,2021-08-03 17:00:00,SHORT,1.18575,1.18629,-5.399999999999849,-6.366599999999822,time_stop,LONDON,Tuesday,BEAR,0.0010496828068637665,7,IS
T9921,2021-08-06 09:00:00,2021-08-06 16:00:00,SHORT,1.17724,1.17596,12.800000000001699,14.91200000000198,time_stop,LONDON,Friday,BEAR,0.0010556195288774616,7,IS
T9951,2021-08-09 15:00:00,2021-08-09 22:00:00,SHORT,1.17338,1.17379,-4.099999999997994,-11.393899999994426,time_stop,NY,Monday,BEAR,0.000981290805630807,7,IS
T9974,2021-08-10 14:00:00,2021-08-10 20:00:00,LONG,1.17235,1.1712399999999998,-11.100000000001664,-47.26380000000709,stop_loss,NY,Tuesday,BULL,0.0008340485463101263,6,IS
T10042,2021-08-13 10:00:00,2021-08-15 17:00:00,LONG,1.1793,1.17941,1.100000000000545,1.027400000000509,time_stop,LONDON,Friday,BULL,0.0008847918626616527,55,IS
T10089,2021-08-17 09:00:00,2021-08-17 16:00:00,SHORT,1.17364,1.17086,27.800000000000047,32.58160000000005,time_stop,LONDON,Tuesday,BEAR,0.0009611647052095054,7,IS
T10119,2021-08-18 15:00:00,2021-08-18 20:00:00,LONG,1.1714,1.1686599999999998,-27.400000000001867,-56.827600000003876,stop_loss,NY,Wednesday,BULL,0.0011141101315810197,5,IS
T10142,2021-08-19 14:00:00,2021-08-19 21:00:00,SHORT,1.1674200000000001,1.16797,-5.499999999998284,-11.852499999996303,time_stop,NY,Thursday,BEAR,0.001151914623565647,7,IS
T10186,2021-08-23 10:00:00,2021-08-23 17:00:00,LONG,1.17411,1.17458,4.699999999999704,7.759699999999512,time_stop,LONDON,Monday,BULL,0.0011130367042200698,7,IS
T10238,2021-08-25 14:00:00,2021-08-25 21:00:00,LONG,1.17724,1.17655,-6.900000000000794,-14.710800000001694,time_stop,NY,Wednesday,BULL,0.001057649564744407,7,IS
T10282,2021-08-27 10:00:00,2021-08-29 17:00:00,LONG,1.17878,1.17953,7.500000000000284,9.120000000000346,time_stop,LONDON,Friday,BULL,0.001295562666172256,55,IS
T10310,2021-08-30 14:00:00,2021-08-30 21:00:00,LONG,1.18049,1.18033,-1.5999999999993797,-5.367999999997919,time_stop,NY,Monday,BULL,0.0009660920542093662,7,IS
T10330,2021-08-31 10:00:00,2021-08-31 17:00:00,SHORT,1.1802300000000001,1.18084,-6.099999999997774,-5.971899999997821,time_stop,LONDON,Tuesday,BEAR,0.001088380923889136,7,IS
T10359,2021-09-01 15:00:00,2021-09-01 22:00:00,SHORT,1.18368,1.18389,-2.100000000000435,-4.4016000000009115,time_stop,NY,Wednesday,BEAR,0.0010463882282366473,7,IS
T10377,2021-09-02 09:00:00,2021-09-02 16:00:00,LONG,1.186,1.18744,14.400000000001079,24.998400000001872,time_stop,LONDON,Thursday,BULL,0.0008876160942179046,7,IS
T10425,2021-09-06 09:00:00,2021-09-06 16:00:00,LONG,1.18688,1.18683,-0.4999999999988347,-2.198999999994875,time_stop,LONDON,Monday,BULL,0.000833871954165403,7,IS
T10455,2021-09-07 15:00:00,2021-09-07 22:00:00,SHORT,1.18384,1.18448,-6.399999999999739,-18.95679999999923,time_stop,NY,Tuesday,BEAR,0.0009866494038116929,7,IS
T10546,2021-09-13 10:00:00,2021-09-13 17:00:00,LONG,1.18108,1.18091,-1.7000000000000348,-1.7391000000000356,time_stop,LONDON,Monday,BULL,0.0010023575729847672,7,IS
T10574,2021-09-14 14:00:00,2021-09-14 21:00:00,SHORT,1.18062,1.18082,-1.9999999999997797,-3.8319999999995775,time_stop,NY,Tuesday,BEAR,0.0010823631946550328,7,IS
T10641,2021-09-17 09:00:00,2021-09-17 12:00:00,SHORT,1.17523,1.17259,26.399999999999757,30.095999999999727,take_profit,LONDON,Friday,BEAR,0.0010226783106893494,3,IS
T10665,2021-09-20 09:00:00,2021-09-20 16:00:00,LONG,1.17195,1.17252,5.699999999999594,14.30699999999898,time_stop,LONDON,Monday,BULL,0.0008791836144791739,7,IS
T10714,2021-09-22 10:00:00,2021-09-22 14:00:00,LONG,1.1736,1.16932,-42.800000000000615,-146.3760000000021,stop_loss,LONDON,Wednesday,BULL,0.000899965024991534,4,IS
T10737,2021-09-23 09:00:00,2021-09-23 16:00:00,LONG,1.17403,1.17384,-1.8999999999991246,-2.6789999999987653,time_stop,LONDON,Thursday,BULL,0.001229546348429715,7,IS
T10791,2021-09-27 15:00:00,2021-09-27 22:00:00,SHORT,1.16971,1.16931,3.9999999999995595,15.135999999998335,time_stop,NY,Monday,BEAR,0.0010091517938706173,7,IS
T10833,2021-09-29 09:00:00,2021-09-29 12:00:00,SHORT,1.16346,1.1601800000000002,32.799999999997276,54.54639999999547,take_profit,LONDON,Wednesday,BEAR,0.0010915167446873162,3,IS
T10930,2021-10-05 10:00:00,2021-10-05 11:00:00,SHORT,1.15908,1.1609200000000002,-18.400000000000638,-50.93120000000176,stop_loss,LONDON,Tuesday,BEAR,0.0009748952532828949,1,IS
T10959,2021-10-06 15:00:00,2021-10-06 22:00:00,LONG,1.156,1.15545,-5.499999999998284,-11.995499999996257,time_stop,NY,Wednesday,BULL,0.0010389873723465244,7,IS
T11006,2021-10-08 14:00:00,2021-10-10 21:00:00,LONG,1.15782,1.15738,-4.3999999999999595,-9.530399999999911,time_stop,NY,Friday,BULL,0.0010204697343583367,55,IS
T11031,2021-10-11 15:00:00,2021-10-11 22:00:00,SHORT,1.1548800000000001,1.15562,-7.399999999999629,-12.735399999999363,time_stop,NY,Monday,BEAR,0.0009879747897359099,7,IS
T11074,2021-10-13 10:00:00,2021-10-13 17:00:00,LONG,1.15749,1.15981,23.200000000000998,24.568800000001055,time_stop,LONDON,Wednesday,BULL,0.0010898819994784965,7,IS
T11103,2021-10-14 15:00:00,2021-10-14 22:00:00,LONG,1.15985,1.1609,10.499999999999954,29.63099999999987,time_stop,NY,Thursday,BULL,0.0009893692599614917,7,IS
T11126,2021-10-15 14:00:00,2021-10-17 20:00:00,LONG,1.16069,1.15835,-23.400000000000087,-59.108400000000216,stop_loss,NY,Friday,BULL,0.0010095790281991605,54,IS
T11170,2021-10-19 10:00:00,2021-10-19 17:00:00,SHORT,1.16424,1.16304,11.999999999998678,24.527999999997295,time_stop,LONDON,Tuesday,BEAR,0.00113980368525119,7,IS
T11222,2021-10-21 14:00:00,2021-10-21 21:00:00,SHORT,1.16225,1.16291,-6.6000000000010495,-12.665400000002014,time_stop,NY,Thursday,BEAR,0.0009626165896065689,7,IS
T11242,2021-10-22 10:00:00,2021-10-24 17:00:00,LONG,1.16471,1.16391,-7.999999999999119,-14.343999999998418,time_stop,LONDON,Friday,BULL,0.0008919370930320499,55,IS
T11290,2021-10-26 10:00:00,2021-10-26 17:00:00,SHORT,1.15919,1.15923,-0.40000000000040004,-0.4844000000004845,time_stop,LONDON,Tuesday,BEAR,0.0010606646304994315,7,IS
T11337,2021-10-28 09:00:00,2021-10-28 16:00:00,LONG,1.16586,1.16785,19.900000000001583,10.785800000000858,time_stop,LONDON,Thursday,BULL,0.0014886157332032043,7,IS
T11386,2021-11-01 09:00:00,2021-11-01 13:00:00,LONG,1.1584999999999999,1.16055,20.500000000001073,51.16800000000267,take_profit,LONDON,Monday,BULL,0.001252305350778404,4,IS
T11411,2021-11-02 10:00:00,2021-11-02 17:00:00,SHORT,1.1579300000000001,1.15787,0.6000000000017103,0.8730000000024883,time_stop,LONDON,Tuesday,BEAR,0.0011763735904231807,7,IS
T11463,2021-11-04 14:00:00,2021-11-04 21:00:00,LONG,1.1558599999999999,1.15422,-16.399999999998638,-41.68879999999653,time_stop,NY,Thursday,BULL,0.0011606195520720512,7,IS
T11506,2021-11-08 10:00:00,2021-11-08 17:00:00,LONG,1.1590099999999999,1.15849,-5.199999999998539,-8.11719999999772,time_stop,LONDON,Monday,BULL,0.0012456662841795075,7,IS
T11535,2021-11-09 15:00:00,2021-11-09 21:00:00,LONG,1.15968,1.1584699999999999,-12.100000000001554,-48.33950000000621,stop_loss,NY,Tuesday,BULL,0.0011831840903414944,6,IS
T11554,2021-11-10 10:00:00,2021-11-10 17:00:00,SHORT,1.15174,1.14788,38.599999999999746,27.984999999999815,time_stop,LONDON,Wednesday,BEAR,0.001500315950768806,7,IS
T11626,2021-11-15 10:00:00,2021-11-15 12:00:00,SHORT,1.14188,1.1386100000000001,32.69999999999884,45.61649999999839,take_profit,LONDON,Monday,BEAR,0.0011115605319627943,2,IS
T11631,2021-11-15 15:00:00,2021-11-15 22:00:00,SHORT,1.13587,1.13823,-23.600000000001398,-31.034000000001843,time_stop,NY,Monday,BEAR,0.0012968165067601637,7,IS
T11655,2021-11-16 15:00:00,2021-11-16 22:00:00,SHORT,1.13113,1.12886,22.699999999999942,40.1562999999999,time_stop,NY,Tuesday,BEAR,0.0013568045092704636,7,IS
T11698,2021-11-18 10:00:00,2021-11-18 17:00:00,LONG,1.13494,1.13708,21.400000000000308,38.52000000000055,time_stop,LONDON,Thursday,BULL,0.0013733897464682262,7,IS
T11728,2021-11-19 16:00:00,2021-11-21 23:00:00,SHORT,1.12781,1.1278,0.10000000000065512,0.16720000000109533,time_stop,NY,Friday,BEAR,0.0015914774777903882,55,IS
T11771,2021-11-23 11:00:00,2021-11-23 18:00:00,LONG,1.12651,1.12445,-20.599999999999508,-33.66039999999919,time_stop,LONDON,Tuesday,BULL,0.0015002892016044266,7,IS
T11799,2021-11-24 15:00:00,2021-11-24 22:00:00,LONG,1.12063,1.12138,7.500000000000284,16.81500000000064,time_stop,NY,Wednesday,BULL,0.0013597556671157837,7,IS
T11818,2021-11-25 10:00:00,2021-11-25 17:00:00,SHORT,1.12082,1.12069,1.2999999999996348,2.8742999999991925,time_stop,LONDON,Thursday,BEAR,0.0010512625942771068,7,IS
T11871,2021-11-29 15:00:00,2021-11-29 20:00:00,LONG,1.12804,1.1293499999999999,13.099999999999223,35.238999999997915,take_profit,NY,Monday,BULL,0.001324098121839972,5,IS
T11891,2021-11-30 11:00:00,2021-11-30 18:00:00,SHORT,1.1286100000000001,1.13299,-43.799999999998285,-19.05299999999925,time_stop,LONDON,Tuesday,BEAR,0.002218808042835585,7,IS
T11919,2021-12-01 15:00:00,2021-12-01 21:00:00,SHORT,1.13096,1.1333700000000002,-24.100000000002453,-48.585600000004945,stop_loss,NY,Wednesday,BEAR,0.0018277759453269719,6,IS
T11939,2021-12-02 11:00:00,2021-12-02 18:00:00,SHORT,1.13065,1.13057,0.7999999999985796,0.8071999999985668,time_stop,LONDON,Thursday,BEAR,0.0015097019815512238,7,IS
T11986,2021-12-06 10:00:00,2021-12-06 17:00:00,SHORT,1.1270900000000001,1.12827,-11.799999999999589,-13.168799999999543,time_stop,LONDON,Monday,BEAR,0.0014131337477253337,7,IS
T12015,2021-12-07 15:00:00,2021-12-07 22:00:00,LONG,1.12689,1.12916,22.699999999999942,34.186199999999914,time_stop,NY,Tuesday,BULL,0.0012517312559128262,7,IS
T12034,2021-12-08 10:00:00,2021-12-08 17:00:00,LONG,1.13339,1.13414,7.500000000000284,6.757500000000256,time_stop,LONDON,Wednesday,BULL,0.0014889755186750214,7,IS
T12063,2021-12-09 15:00:00,2021-12-09 22:00:00,LONG,1.12957,1.12982,2.500000000000835,7.435000000002483,time_stop,NY,Thursday,BULL,0.0011691398232966121,7,IS
T12083,2021-12-10 11:00:00,2021-12-12 18:00:00,LONG,1.13134,1.13106,-2.80000000000058,-2.4864000000005153,time_stop,LONDON,Friday,BULL,0.0013681079425364832,55,IS
T12112,2021-12-13 16:00:00,2021-12-13 23:00:00,SHORT,1.1282400000000001,1.12774,5.00000000000167,11.605000000003876,time_stop,NY,Monday,BEAR,0.0012191794896301742,7,IS
T12130,2021-12-14 10:00:00,2021-12-14 17:00:00,SHORT,1.12716,1.12566,14.999999999998348,13.679999999998495,time_stop,LONDON,Tuesday,BEAR,0.0012636725287953183,7,IS
T12159,2021-12-15 15:00:00,2021-12-15 22:00:00,LONG,1.1288799999999999,1.12856,-3.1999999999987594,-1.9903999999992283,time_stop,NY,Wednesday,BULL,0.001465550783404178,7,IS
T12183,2021-12-16 15:00:00,2021-12-16 22:00:00,LONG,1.13344,1.13269,-7.500000000000284,-15.735000000000596,time_stop,NY,Thursday,BULL,0.0016353388907167725,7,IS
T12202,2021-12-17 10:00:00,2021-12-19 17:00:00,SHORT,1.12725,1.12372,35.30000000000033,24.46290000000023,time_stop,LONDON,Friday,BEAR,0.0016168880592044759,55,IS
T12250,2021-12-21 10:00:00,2021-12-21 17:00:00,SHORT,1.12628,1.12817,-18.899999999999473,-20.336399999999433,time_stop,LONDON,Tuesday,BEAR,0.0012518462989134626,7,IS
T12279,2021-12-22 15:00:00,2021-12-22 22:00:00,LONG,1.13392,1.13387,-0.5000000000010552,-1.2300000000025957,time_stop,NY,Wednesday,BULL,0.0011771572854739631,7,IS
T12322,2021-12-24 10:00:00,2021-12-26 17:00:00,SHORT,1.13057,1.13084,-2.6999999999999247,-3.979799999999889,time_stop,LONDON,Friday,BEAR,0.0010347040483575825,55,IS
T12375,2021-12-28 15:00:00,2021-12-28 22:00:00,LONG,1.13128,1.13061,-6.700000000001705,-19.269200000004904,time_stop,NY,Tuesday,BULL,0.0010777565134761284,7,IS
T12400,2021-12-29 16:00:00,2021-12-29 18:00:00,LONG,1.13472,1.1359,11.799999999999589,36.874999999998714,take_profit,NY,Wednesday,BULL,0.0012120613156955118,2,IS
T12442,2021-12-31 10:00:00,2022-01-02 17:00:00,LONG,1.1373199999999999,1.13729,-0.2999999999997449,-0.2315999999998031,time_stop,LONDON,Friday,BULL,0.0016001596269803104,55,IS
T12491,2022-01-04 11:00:00,2022-01-04 18:00:00,LONG,1.12958,1.12827,-13.099999999999223,-23.317999999998616,time_stop,LONDON,Tuesday,BULL,0.0015072081728513867,7,IS
T12562,2022-01-07 10:00:00,2022-01-09 17:00:00,LONG,1.13484,1.13555,7.099999999999884,5.261099999999914,time_stop,LONDON,Friday,BULL,0.0013374639418609797,55,IS
T12611,2022-01-11 11:00:00,2022-01-11 18:00:00,LONG,1.13632,1.13658,2.5999999999992696,2.1553999999993945,time_stop,LONDON,Tuesday,BULL,0.0013293795914225723,7,IS
T12664,2022-01-13 16:00:00,2022-01-13 21:00:00,SHORT,1.14527,1.14717,-19.000000000000128,-55.803000000000374,stop_loss,NY,Thursday,BEAR,0.0012363036399297125,5,IS
T12683,2022-01-14 11:00:00,2022-01-16 18:00:00,SHORT,1.1413,1.14112,1.80000000000069,1.7622000000006754,time_stop,LONDON,Friday,BEAR,0.0012939084861958569,55,IS
T12730,2022-01-18 10:00:00,2022-01-18 17:00:00,SHORT,1.13418,1.13276,14.199999999999768,14.313599999999768,time_stop,LONDON,Tuesday,BEAR,0.0012880470495397998,7,IS
T12783,2022-01-20 15:00:00,2022-01-20 21:00:00,SHORT,1.13025,1.1335000000000002,-32.50000000000197,-49.56250000000301,stop_loss,NY,Thursday,BEAR,0.001319622539614024,6,IS
T12827,2022-01-24 11:00:00,2022-01-24 18:00:00,LONG,1.13119,1.13236,11.700000000001154,21.949200000002165,time_stop,LONDON,Monday,BULL,0.0012734880566971562,7,IS
T12879,2022-01-26 15:00:00,2022-01-26 22:00:00,SHORT,1.12388,1.12211,17.700000000000493,11.85900000000033,time_stop,NY,Wednesday,BEAR,0.0012705894250222252,7,IS
T12946,2022-01-31 10:00:00,2022-01-31 17:00:00,LONG,1.12119,1.12312,19.299999999999873,13.47139999999991,time_stop,LONDON,Monday,BULL,0.0014692610991044355,7,IS
T12975,2022-02-01 15:00:00,2022-02-01 22:00:00,LONG,1.12699,1.12706,0.700000000000145,1.0556000000002186,time_stop,NY,Tuesday,BULL,0.0014014196818505687,7,IS
T12994,2022-02-02 10:00:00,2022-02-02 17:00:00,SHORT,1.1295300000000001,1.13028,-7.499999999998064,-8.887499999997704,time_stop,LONDON,Wednesday,BEAR,0.00130638502848928,7,IS
T13120,2022-02-09 16:00:00,2022-02-09 23:00:00,SHORT,1.14198,1.1425,-5.20000000000076,-9.890400000001446,time_stop,NY,Wednesday,BEAR,0.0012623235699597125,7,IS
T13139,2022-02-10 11:00:00,2022-02-10 18:00:00,LONG,1.1490099999999999,1.14112,-78.89999999999952,-28.561799999999835,time_stop,LONDON,Thursday,BULL,0.0017306017192865943,7,IS
T13211,2022-02-15 11:00:00,2022-02-15 18:00:00,LONG,1.1363699999999999,1.13551,-8.599999999998609,-8.126999999998686,time_stop,LONDON,Tuesday,BULL,0.001754026197464365,7,IS
T13283,2022-02-18 11:00:00,2022-02-20 18:00:00,SHORT,1.13246,1.13164,8.20000000000043,9.093800000000476,time_stop,LONDON,Friday,BEAR,0.0014224385389289547,55,IS
T13330,2022-02-22 10:00:00,2022-02-22 17:00:00,SHORT,1.1333900000000001,1.13257,8.20000000000043,16.818200000000882,time_stop,LONDON,Tuesday,BEAR,0.0016861315707525299,7,IS
T13360,2022-02-23 16:00:00,2022-02-23 19:00:00,SHORT,1.1301400000000001,1.12765,24.900000000001032,88.49460000000367,take_profit,NY,Wednesday,BEAR,0.0013358157589988151,3,IS
T13378,2022-02-24 10:00:00,2022-02-24 13:00:00,SHORT,1.11083,1.11911,-82.80000000000065,-48.35520000000038,stop_loss,LONDON,Thursday,BEAR,0.0023107788846959314,3,IS
T13403,2022-02-25 11:00:00,2022-02-27 17:00:00,LONG,1.12604,1.1149699999999998,-110.70000000000135,-94.42710000000116,stop_loss,LONDON,Friday,BULL,0.002479896685756774,54,IS
T13450,2022-03-01 10:00:00,2022-03-01 17:00:00,SHORT,1.11388,1.11189,19.899999999999363,25.909799999999173,time_stop,LONDON,Tuesday,BEAR,0.0021776046940481368,7,IS
T13498,2022-03-03 10:00:00,2022-03-03 17:00:00,SHORT,1.10605,1.10656,-5.1000000000001044,-6.038400000000124,time_stop,LONDON,Thursday,BEAR,0.0019661803649188092,7,IS
T13571,2022-03-08 11:00:00,2022-03-08 12:00:00,SHORT,1.08793,1.0942500000000002,-63.20000000000103,-57.63840000000094,stop_loss,LONDON,Tuesday,BEAR,0.0027820124552314783,1,IS
T13595,2022-03-09 11:00:00,2022-03-09 18:00:00,LONG,1.10716,1.10733,1.7000000000000348,0.7922000000000162,time_stop,LONDON,Wednesday,BULL,0.0027756452281828764,7,IS
T13623,2022-03-10 15:00:00,2022-03-10 18:00:00,SHORT,1.09758,1.10138,-38.000000000000256,-83.82800000000056,stop_loss,NY,Thursday,BEAR,0.00273429098210321,3,IS
T13643,2022-03-11 11:00:00,2022-03-13 17:00:00,SHORT,1.09344,1.09274,6.999999999999229,3.7099999999995914,time_stop,LONDON,Friday,BEAR,0.0027865490567252614,54,IS
T13671,2022-03-14 14:00:00,2022-03-14 21:00:00,SHORT,1.0948200000000001,1.09711,-22.899999999999032,-29.58679999999875,time_stop,NY,Monday,BEAR,0.002295193435911538,7,IS
T13691,2022-03-15 10:00:00,2022-03-15 17:00:00,SHORT,1.09714,1.09648,6.6000000000010495,8.065200000001282,time_stop,LONDON,Tuesday,BEAR,0.002117448356071576,7,IS
T13720,2022-03-16 15:00:00,2022-03-16 22:00:00,LONG,1.1034599999999999,1.10349,0.30000000000196536,0.14400000000094337,time_stop,NY,Wednesday,BULL,0.0025168327369008586,7,IS
T13738,2022-03-17 09:00:00,2022-03-17 11:00:00,LONG,1.10841,1.1130399999999998,46.299999999999116,42.36449999999919,take_profit,LONDON,Thursday,BULL,0.0021478261350683786,2,IS
T13744,2022-03-17 15:00:00,2022-03-17 22:00:00,SHORT,1.10897,1.10838,5.9000000000009045,4.997300000000767,time_stop,NY,Thursday,BEAR,0.0020966453037362057,7,IS
T13791,2022-03-21 14:00:00,2022-03-21 21:00:00,SHORT,1.10128,1.10016,11.200000000000099,14.649600000000131,time_stop,NY,Monday,BEAR,0.001567323931157319,7,IS
T13859,2022-03-24 10:00:00,2022-03-24 17:00:00,LONG,1.10073,1.10054,-1.8999999999991246,-1.8581999999991436,time_stop,LONDON,Thursday,BULL,0.001600511200184568,7,IS
T13887,2022-03-25 14:00:00,2022-03-27 21:00:00,SHORT,1.09819,1.09545,27.399999999999647,72.96619999999905,take_profit,NY,Friday,BEAR,0.001466641097446424,55,IS
T13928,2022-03-29 09:00:00,2022-03-29 16:00:00,LONG,1.11311,1.10855,-45.600000000001195,-18.969600000000497,time_stop,LONDON,Tuesday,BULL,0.0024035050170268476,7,IS
T13981,2022-03-31 14:00:00,2022-03-31 21:00:00,SHORT,1.10684,1.10718,-3.4000000000000696,-5.412800000000111,time_stop,NY,Thursday,BEAR,0.0021377343884772413,7,IS
T14024,2022-04-04 09:00:00,2022-04-04 13:00:00,SHORT,1.09912,1.0964200000000002,26.999999999999247,60.26399999999832,take_profit,LONDON,Monday,BEAR,0.0014098945276033437,4,IS
T14049,2022-04-05 10:00:00,2022-04-05 14:00:00,SHORT,1.0936700000000001,1.0904900000000002,31.799999999999606,32.117999999999604,take_profit,LONDON,Tuesday,BEAR,0.0014893808145435912,4,IS
T14077,2022-04-06 14:00:00,2022-04-06 21:00:00,SHORT,1.08979,1.09104,-12.499999999999734,-28.674999999999386,time_stop,NY,Wednesday,BEAR,0.0016421495245931678,7,IS
T14102,2022-04-07 15:00:00,2022-04-07 22:00:00,SHORT,1.0870900000000001,1.08588,12.100000000001554,16.92790000000217,time_stop,NY,Thursday,BEAR,0.0017368825287307206,7,IS
T14120,2022-04-08 09:00:00,2022-04-08 16:00:00,SHORT,1.08386,1.08744,-35.799999999999166,-29.892999999999304,time_stop,LONDON,Friday,BEAR,0.0016582638381843872,7,IS
T14149,2022-04-11 14:00:00,2022-04-11 21:00:00,LONG,1.08911,1.08708,-20.299999999999763,-44.172799999999484,time_stop,NY,Monday,BULL,0.0017656037901267905,7,IS
T14216,2022-04-14 09:00:00,2022-04-14 16:00:00,SHORT,1.07694,1.08281,-58.700000000000415,-16.436000000000117,time_stop,LONDON,Thursday,BEAR,0.0021532943870873787,7,IS
T14336,2022-04-21 09:00:00,2022-04-21 16:00:00,SHORT,1.0870600000000001,1.0832,38.60000000000196,51.14500000000261,time_stop,LONDON,Thursday,BEAR,0.0018946031995456538,7,IS
T14385,2022-04-25 10:00:00,2022-04-25 17:00:00,SHORT,1.07059,1.07121,-6.200000000000649,-4.879400000000512,time_stop,LONDON,Monday,BEAR,0.0020913179904612877,7,IS
T14413,2022-04-26 14:00:00,2022-04-26 21:00:00,SHORT,1.06433,1.06465,-3.20000000000098,-5.9584000000018245,time_stop,NY,Tuesday,BEAR,0.0017608828336179213,7,IS
T14433,2022-04-27 10:00:00,2022-04-27 17:00:00,SHORT,1.05135,1.05547,-41.199999999999015,-17.551199999999582,time_stop,LONDON,Wednesday,BEAR,0.0021604375040721077,7,IS
T14509,2022-05-02 14:00:00,2022-05-02 21:00:00,SHORT,1.04906,1.0522,-31.399999999999206,-35.85879999999909,time_stop,NY,Monday,BEAR,0.0019736825277818096,7,IS
T14557,2022-05-04 14:00:00,2022-05-04 21:00:00,LONG,1.0616999999999999,1.06255,8.500000000002395,4.199000000001183,time_stop,NY,Wednesday,BULL,0.0022696949640627897,7,IS
T14577,2022-05-05 10:00:00,2022-05-05 17:00:00,SHORT,1.05316,1.05408,-9.199999999998099,-5.253199999998914,time_stop,LONDON,Thursday,BEAR,0.002295827639327828,7,IS
T14605,2022-05-06 14:00:00,2022-05-08 21:00:00,SHORT,1.0545900000000001,1.05239,22.000000000002018,25.938000000002383,time_stop,NY,Friday,BEAR,0.002620667341602539,55,IS
T14648,2022-05-10 09:00:00,2022-05-10 16:00:00,SHORT,1.05424,1.05285,13.900000000000023,23.087900000000037,time_stop,LONDON,Tuesday,BEAR,0.001987784140481467,7,IS
T14720,2022-05-13 09:00:00,2022-05-13 11:00:00,SHORT,1.03627,1.0412000000000001,-49.300000000001006,-56.54710000000116,stop_loss,LONDON,Friday,BEAR,0.002013913926847654,2,IS
T14744,2022-05-16 09:00:00,2022-05-16 16:00:00,SHORT,1.04028,1.04313,-28.49999999999797,-32.83199999999766,time_stop,LONDON,Monday,BEAR,0.001883160329173538,7,IS
T14797,2022-05-18 14:00:00,2022-05-18 21:00:00,SHORT,1.04726,1.04864,-13.799999999999368,-21.61079999999901,time_stop,NY,Wednesday,BEAR,0.0017456449220316806,7,IS
T14816,2022-05-19 09:00:00,2022-05-19 16:00:00,LONG,1.05595,1.05837,24.200000000000887,21.029800000000773,time_stop,LONDON,Thursday,BULL,0.0019765837963302136,7,IS
T14869,2022-05-23 14:00:00,2022-05-23 21:00:00,LONG,1.06944,1.06673,-27.099999999999902,-37.58769999999986,time_stop,NY,Monday,BULL,0.0019238668692562791,7,IS
T14888,2022-05-24 09:00:00,2022-05-24 16:00:00,LONG,1.07354,1.07329,-2.4999999999986144,-2.5174999999986047,time_stop,LONDON,Tuesday,BULL,0.001976037461638929,7,IS
T14917,2022-05-25 14:00:00,2022-05-25 21:00:00,LONG,1.06893,1.06879,-1.40000000000029,-1.4980000000003102,time_stop,NY,Wednesday,BULL,0.0018510931436702988,7,IS
T14966,2022-05-27 15:00:00,2022-05-29 22:00:00,LONG,1.07348,1.07452,10.399999999999299,13.405599999999094,time_stop,NY,Friday,BULL,0.0017132306952751485,55,IS
T14985,2022-05-30 10:00:00,2022-05-30 17:00:00,LONG,1.07823,1.07767,-5.60000000000116,-6.6080000000013674,time_stop,LONDON,Monday,BULL,0.0016164249975775034,7,IS
T15033,2022-06-01 10:00:00,2022-06-01 17:00:00,SHORT,1.06659,1.06519,13.999999999998458,9.197999999998986,time_stop,LONDON,Wednesday,BEAR,0.0019097297436934265,7,IS
T15062,2022-06-02 15:00:00,2022-06-02 22:00:00,LONG,1.07498,1.07574,7.599999999998719,15.526799999997383,time_stop,NY,Thursday,BULL,0.0015715517657540535,7,IS
T15104,2022-06-06 09:00:00,2022-06-06 16:00:00,SHORT,1.07128,1.06955,17.300000000000093,35.759100000000196,time_stop,LONDON,Monday,BEAR,0.0013699535064629143,7,IS
T15152,2022-06-08 09:00:00,2022-06-08 15:00:00,LONG,1.0742099999999999,1.07131,-28.999999999999027,-43.41299999999855,stop_loss,LONDON,Wednesday,BULL,0.0016267024305371748,6,IS
T15177,2022-06-09 10:00:00,2022-06-09 17:00:00,SHORT,1.06478,1.06178,30.000000000001137,9.720000000000368,time_stop,LONDON,Thursday,BEAR,0.002015771455937832,7,IS
T15224,2022-06-13 09:00:00,2022-06-13 16:00:00,SHORT,1.04361,1.04058,30.29999999999866,32.05739999999859,time_stop,LONDON,Monday,BEAR,0.0019106322585020527,7,IS
T15253,2022-06-14 14:00:00,2022-06-14 21:00:00,SHORT,1.0410000000000001,1.04409,-30.89999999999815,-37.41989999999776,time_stop,NY,Tuesday,BEAR,0.0021751064280919473,7,IS
T15278,2022-06-15 15:00:00,2022-06-15 22:00:00,LONG,1.04554,1.04452,-10.200000000000209,-5.4978000000001135,time_stop,NY,Wednesday,BULL,0.0029416330547544873,7,IS
T15296,2022-06-16 09:00:00,2022-06-16 12:00:00,LONG,1.04509,1.05595,108.59999999999869,65.37719999999922,take_profit,LONDON,Thursday,BULL,0.002808950425064107,3,IS
T15321,2022-06-17 10:00:00,2022-06-19 17:00:00,SHORT,1.04568,1.04877,-30.90000000000037,-19.003500000000226,time_stop,LONDON,Friday,BEAR,0.0026385165487516657,55,IS
T15349,2022-06-20 14:00:00,2022-06-20 21:00:00,SHORT,1.04977,1.0534,-36.299999999998,-36.40889999999799,time_stop,NY,Monday,BEAR,0.0018348184670434792,7,IS
T15392,2022-06-22 09:00:00,2022-06-22 16:00:00,LONG,1.05609,1.05645,3.5999999999991594,2.865599999999331,time_stop,LONDON,Wednesday,BULL,0.0018197648867719664,7,IS
T15446,2022-06-24 15:00:00,2022-06-26 22:00:00,LONG,1.05601,1.05559,-4.199999999998649,-6.5477999999978955,time_stop,NY,Friday,BULL,0.0018689349141108092,55,IS
T15465,2022-06-27 10:00:00,2022-06-27 17:00:00,LONG,1.05982,1.05842,-14.000000000000679,-12.656000000000613,time_stop,LONDON,Monday,BULL,0.0017727063914986113,7,IS
T15513,2022-06-29 10:00:00,2022-06-29 17:00:00,SHORT,1.04762,1.04406,35.60000000000007,24.528400000000055,time_stop,LONDON,Wednesday,BEAR,0.0019492691093883972,7,IS
T15560,2022-07-01 09:00:00,2022-07-01 16:00:00,SHORT,1.03983,1.04262,-27.900000000000702,-18.441900000000466,time_stop,LONDON,Friday,BEAR,0.001971597755964432,7,IS
T15608,2022-07-05 09:00:00,2022-07-05 16:00:00,SHORT,1.0259800000000001,1.02645,-4.699999999999704,-4.361599999999726,time_stop,LONDON,Tuesday,BEAR,0.002005975907295548,7,IS
T15681,2022-07-08 10:00:00,2022-07-10 17:00:00,LONG,1.01748,1.01795,4.699999999999704,3.219499999999798,time_stop,LONDON,Friday,BULL,0.0025556775262360735,55,IS
T15710,2022-07-11 15:00:00,2022-07-11 22:00:00,SHORT,1.0043900000000001,1.00252,18.700000000000383,17.297500000000355,time_stop,NY,Monday,BEAR,0.0021729942633322567,7,IS
T15734,2022-07-12 15:00:00,2022-07-12 22:00:00,SHORT,1.00309,1.00399,-8.999999999999009,-8.738999999999038,time_stop,NY,Tuesday,BEAR,0.0020363736092865953,7,IS
T15758,2022-07-13 15:00:00,2022-07-13 20:00:00,SHORT,1.0057800000000001,1.00224,35.400000000000986,36.14340000000101,take_profit,NY,Wednesday,BEAR,0.00265972717857838,5,IS
T15776,2022-07-14 09:00:00,2022-07-14 11:00:00,SHORT,0.9979100000000001,1.0027700000000002,-48.60000000000086,-50.83560000000091,stop_loss,LONDON,Thursday,BEAR,0.0024645884977581318,2,IS
T15801,2022-07-15 10:00:00,2022-07-17 17:00:00,LONG,1.00817,1.00839,2.1999999999988695,2.323199999998806,time_stop,LONDON,Friday,BULL,0.002368055212100157,55,IS
T15829,2022-07-18 14:00:00,2022-07-18 21:00:00,SHORT,1.01493,1.01224,26.900000000000812,38.35940000000116,time_stop,NY,Monday,BEAR,0.002379840780017606,7,IS
T15854,2022-07-19 15:00:00,2022-07-19 20:00:00,SHORT,1.02201,1.02464,-26.299999999999102,-42.05369999999856,stop_loss,NY,Tuesday,BEAR,0.002234937842958651,5,IS
T15902,2022-07-21 15:00:00,2022-07-21 22:00:00,LONG,1.02126,1.01956,-17.000000000000348,-18.122000000000373,time_stop,NY,Thursday,BULL,0.0027938255788934234,7,IS
T15920,2022-07-22 09:00:00,2022-07-22 16:00:00,LONG,1.02349,1.02119,-22.999999999999687,-11.545999999999843,time_stop,LONDON,Friday,BULL,0.0028217925851511953,7,IS
T15993,2022-07-27 10:00:00,2022-07-27 14:00:00,SHORT,1.0118800000000001,1.0199900000000002,-81.1000000000006,-61.39270000000047,stop_loss,LONDON,Wednesday,BEAR,0.0018462988667141674,4,IS
T16021,2022-07-28 14:00:00,2022-07-28 21:00:00,LONG,1.01777,1.01971,19.399999999998307,21.514599999998122,time_stop,NY,Thursday,BULL,0.002685215148361772,7,IS
T16040,2022-07-29 09:00:00,2022-07-29 16:00:00,SHORT,1.01641,1.02248,-60.700000000000195,-31.867500000000103,time_stop,LONDON,Friday,BEAR,0.002652723413523447,7,IS
T16089,2022-08-02 10:00:00,2022-08-02 17:00:00,SHORT,1.01984,1.01631,35.30000000000033,31.805300000000297,time_stop,LONDON,Tuesday,BEAR,0.0021362700427702184,7,IS
T16118,2022-08-03 15:00:00,2022-08-03 22:00:00,LONG,1.01693,1.01646,-4.699999999999704,-6.3543999999996,time_stop,NY,Wednesday,BULL,0.001967976512493857,7,IS
T16137,2022-08-04 10:00:00,2022-08-04 17:00:00,LONG,1.02129,1.02456,32.69999999999884,24.85199999999912,time_stop,LONDON,Thursday,BULL,0.0018148521231221714,7,IS
T16185,2022-08-08 10:00:00,2022-08-08 17:00:00,LONG,1.0218099999999999,1.01932,-24.899999999998812,-28.933799999998616,time_stop,LONDON,Monday,BULL,0.0016993015210252666,7,IS
T16213,2022-08-09 14:00:00,2022-08-09 21:00:00,SHORT,1.02035,1.02117,-8.199999999998209,-11.53739999999748,time_stop,NY,Tuesday,BEAR,0.0014080294966771281,7,IS
T16233,2022-08-10 10:00:00,2022-08-10 17:00:00,LONG,1.03564,1.02993,-57.099999999998815,-18.84299999999961,time_stop,LONDON,Wednesday,BULL,0.001921079796868364,7,IS
T16262,2022-08-11 15:00:00,2022-08-11 22:00:00,SHORT,1.03155,1.03114,4.100000000000215,6.748600000000353,time_stop,NY,Thursday,BEAR,0.0017852740489635286,7,IS
T16281,2022-08-12 10:00:00,2022-08-14 17:00:00,SHORT,1.02434,1.02582,-14.799999999999258,-10.907599999999453,time_stop,LONDON,Friday,BEAR,0.0016889171900216554,55,IS
T16309,2022-08-15 14:00:00,2022-08-15 21:00:00,SHORT,1.01547,1.01568,-2.0999999999982144,-2.7068999999976984,time_stop,NY,Monday,BEAR,0.001613948567525337,7,IS
T16328,2022-08-16 09:00:00,2022-08-16 16:00:00,LONG,1.01773,1.01702,-7.099999999999884,-5.168799999999916,time_stop,LONDON,Tuesday,BULL,0.0016156955326861024,7,IS
T16357,2022-08-17 14:00:00,2022-08-17 21:00:00,LONG,1.01858,1.01866,0.7999999999985796,1.2303999999978155,time_stop,NY,Wednesday,BULL,0.0017031918520227414,7,IS
T16377,2022-08-18 10:00:00,2022-08-18 13:00:00,SHORT,1.0127300000000001,1.0081600000000002,45.699999999999626,30.070599999999754,take_profit,LONDON,Thursday,BEAR,0.0017364930500471203,3,IS
T16401,2022-08-19 10:00:00,2022-08-21 17:00:00,SHORT,1.00398,1.00385,1.3000000000018552,1.8525000000026435,time_stop,LONDON,Friday,BEAR,0.0015256823564258964,55,IS
T16449,2022-08-23 10:00:00,2022-08-23 17:00:00,LONG,0.99883,0.99678,-20.49999999999996,-11.04949999999998,time_stop,LONDON,Tuesday,BULL,0.002114473951926382,7,IS
T16496,2022-08-25 09:00:00,2022-08-25 16:00:00,SHORT,0.9961500000000001,0.99737,-12.199999999998878,-14.591199999998658,time_stop,LONDON,Thursday,BEAR,0.0019821065994351916,7,IS
T16549,2022-08-29 14:00:00,2022-08-29 21:00:00,SHORT,0.9989800000000001,0.99905,-0.6999999999990347,-0.845599999998834,time_stop,NY,Monday,BEAR,0.0022557975997982136,7,IS
T16569,2022-08-30 10:00:00,2022-08-30 17:00:00,SHORT,0.99888,1.00161,-27.29999999999899,-20.01089999999926,time_stop,LONDON,Tuesday,BEAR,0.0022397909046866318,7,IS
T16616,2022-09-01 09:00:00,2022-09-01 16:00:00,SHORT,0.998,0.99431,36.89999999999971,34.87049999999973,time_stop,LONDON,Thursday,BEAR,0.001995072694168081,7,IS
T16688,2022-09-06 09:00:00,2022-09-06 16:00:00,SHORT,0.9883000000000001,0.99029,-19.899999999999363,-14.706099999999527,time_stop,LONDON,Tuesday,BEAR,0.002006078805425878,7,IS
T16718,2022-09-07 15:00:00,2022-09-07 22:00:00,LONG,1.00099,0.99873,-22.600000000000396,-12.678600000000221,time_stop,NY,Wednesday,BULL,0.0022479948745811776,7,IS
T16737,2022-09-08 10:00:00,2022-09-08 17:00:00,SHORT,0.9955,0.99966,-41.59999999999941,-22.339199999999686,time_stop,LONDON,Thursday,BEAR,0.0022928536835533637,7,IS
T16784,2022-09-12 09:00:00,2022-09-12 16:00:00,SHORT,1.01223,1.01214,0.8999999999992347,0.8801999999992516,time_stop,LONDON,Monday,BEAR,0.0025222494346325086,7,IS
T16813,2022-09-13 14:00:00,2022-09-13 21:00:00,SHORT,0.9975900000000001,0.998,-4.099999999999104,-4.932299999998922,time_stop,NY,Tuesday,BEAR,0.002519807498589007,7,IS
T16837,2022-09-14 14:00:00,2022-09-14 21:00:00,SHORT,0.99777,0.99812,-3.4999999999996145,-4.490499999999505,time_stop,NY,Wednesday,BEAR,0.0021245467006339317,7,IS
T16881,2022-09-16 10:00:00,2022-09-18 17:00:00,LONG,1.00315,1.00131,-18.400000000000638,-9.347200000000324,time_stop,LONDON,Friday,BULL,0.002102243344830255,55,IS
T16910,2022-09-19 15:00:00,2022-09-19 22:00:00,LONG,1.0024899999999999,1.00333,8.40000000000174,13.507200000002797,time_stop,NY,Monday,BULL,0.0017218324893768118,7,IS
T16953,2022-09-21 10:00:00,2022-09-21 17:00:00,SHORT,0.9877100000000001,0.98396,37.50000000000142,31.087500000001178,time_stop,LONDON,Wednesday,BEAR,0.0020189725688786048,7,IS
T17001,2022-09-23 10:00:00,2022-09-25 17:00:00,SHORT,0.9703200000000001,0.96717,31.50000000000097,19.278000000000596,time_stop,LONDON,Friday,BEAR,0.0024341538783142166,55,IS
T17072,2022-09-28 09:00:00,2022-09-28 11:00:00,LONG,0.9606199999999999,0.96783,72.10000000000049,51.47940000000036,take_profit,LONDON,Wednesday,BULL,0.0029563456007216937,2,IS
T17097,2022-09-29 10:00:00,2022-09-29 17:00:00,LONG,0.97666,0.98167,50.1000000000007,24.248400000000338,time_stop,LONDON,Thursday,BULL,0.0031352661859903926,7,IS
T17125,2022-09-30 14:00:00,2022-10-02 21:00:00,LONG,0.9807899999999999,0.98254,17.50000000000029,18.690000000000314,time_stop,NY,Friday,BULL,0.0030288591831540168,55,IS
T17145,2022-10-03 10:00:00,2022-10-03 17:00:00,LONG,0.9814799999999999,0.98214,6.6000000000010495,4.4022000000006996,time_stop,LONDON,Monday,BULL,0.002979829827225098,7,IS
T17173,2022-10-04 14:00:00,2022-10-04 21:00:00,LONG,0.9999,0.99653,-33.69999999999984,-34.81209999999984,time_stop,NY,Tuesday,BULL,0.0025757901664268308,7,IS
T17192,2022-10-05 09:00:00,2022-10-05 16:00:00,SHORT,0.98756,0.98821,-6.500000000000394,-5.076500000000308,time_stop,LONDON,Wednesday,BEAR,0.002451327537405483,7,IS
T17246,2022-10-07 15:00:00,2022-10-09 22:00:00,SHORT,0.97373,0.97453,-8.00000000000023,-6.832000000000196,time_stop,NY,Friday,BEAR,0.0023329337199605948,55,IS
T17317,2022-10-12 14:00:00,2022-10-12 21:00:00,LONG,0.96988,0.9705,6.200000000000649,12.90220000000135,time_stop,NY,Wednesday,BULL,0.002203971582702537,7,IS
T17385,2022-10-17 10:00:00,2022-10-17 17:00:00,LONG,0.9816199999999999,0.98393,23.100000000000342,10.764600000000161,time_stop,LONDON,Monday,BULL,0.002467503666193017,7,IS
T17457,2022-10-20 10:00:00,2022-10-20 13:00:00,LONG,0.9846199999999999,0.97844,-61.79999999999963,-48.88379999999971,stop_loss,LONDON,Thursday,BULL,0.002181622173160486,3,IS
T17480,2022-10-21 09:00:00,2022-10-21 16:00:00,LONG,0.97987,0.98613,62.59999999999932,26.855399999999708,time_stop,LONDON,Friday,BULL,0.002391468333330888,7,IS
T17528,2022-10-25 09:00:00,2022-10-25 16:00:00,LONG,0.9969,0.99646,-4.3999999999999595,-1.4783999999999862,time_stop,LONDON,Tuesday,BULL,0.0023802916947533543,7,IS
T17581,2022-10-27 14:00:00,2022-10-27 21:00:00,SHORT,0.99614,0.99952,-33.799999999999386,-39.37699999999929,time_stop,NY,Thursday,BEAR,0.002458179416609296,7,IS
T17606,2022-10-28 15:00:00,2022-10-30 21:00:00,LONG,0.99673,0.99553,-11.999999999999789,-12.335999999999784,time_stop,NY,Friday,BULL,0.0022096057892207373,54,IS
T17626,2022-10-31 10:00:00,2022-10-31 17:00:00,SHORT,0.9881500000000001,0.98842,-2.6999999999988145,-1.9601999999991393,time_stop,LONDON,Monday,BEAR,0.0020319274878870773,7,IS
T17673,2022-11-02 09:00:00,2022-11-02 15:00:00,SHORT,0.9872000000000001,0.9815,57.000000000000384,52.72500000000035,take_profit,LONDON,Wednesday,BEAR,0.0018302805575883788,6,IS
T17721,2022-11-04 09:00:00,2022-11-06 17:00:00,LONG,0.99303,0.99207,-9.599999999999609,-2.1695999999999116,time_stop,LONDON,Friday,BULL,0.0027258294907781806,56,IS
T17769,2022-11-08 10:00:00,2022-11-08 17:00:00,LONG,1.00672,1.00732,5.999999999999339,3.197999999999648,time_stop,LONDON,Tuesday,BULL,0.0020281357814470975,7,IS
T17817,2022-11-10 10:00:00,2022-11-10 17:00:00,LONG,1.01822,1.01958,13.600000000000279,2.298400000000047,time_stop,LONDON,Thursday,BULL,0.0031763803902239767,7,IS
T17871,2022-11-14 16:00:00,2022-11-14 23:00:00,SHORT,1.03245,1.03211,3.4000000000000696,3.9984000000000814,time_stop,NY,Monday,BEAR,0.0024911595685955953,7,IS
T17889,2022-11-15 10:00:00,2022-11-15 17:00:00,SHORT,1.03667,1.0345,21.700000000000053,7.703500000000019,time_stop,LONDON,Tuesday,BEAR,0.002990249224487743,7,IS
T17919,2022-11-16 16:00:00,2022-11-16 23:00:00,LONG,1.03953,1.03708,-24.500000000000632,-24.05900000000062,time_stop,NY,Wednesday,BULL,0.002845231141957619,7,IS
T18033,2022-11-23 10:00:00,2022-11-23 17:00:00,LONG,1.03773,1.03957,18.400000000000638,12.272800000000423,time_stop,LONDON,Wednesday,BULL,0.002027177154764706,7,IS
T18082,2022-11-25 11:00:00,2022-11-27 18:00:00,LONG,1.04023,1.03666,-35.70000000000073,-30.023700000000616,time_stop,LONDON,Friday,BULL,0.0019394199110440479,55,IS
T18110,2022-11-28 15:00:00,2022-11-28 22:00:00,SHORT,1.0334,1.03786,-44.599999999999085,-45.67039999999907,time_stop,NY,Monday,BEAR,0.0023701409042959426,7,IS
T18154,2022-11-30 11:00:00,2022-11-30 14:00:00,SHORT,1.03204,1.04139,-93.49999999999969,-47.123999999999846,stop_loss,LONDON,Wednesday,BEAR,0.00261490350505741,3,IS
T18182,2022-12-01 15:00:00,2022-12-01 22:00:00,LONG,1.05251,1.05243,-0.8000000000008001,-1.072000000001072,time_stop,NY,Thursday,BULL,0.003011383697859367,7,IS
T18226,2022-12-05 11:00:00,2022-12-05 18:00:00,SHORT,1.04918,1.04963,-4.500000000000615,-1.7595000000002405,time_stop,LONDON,Monday,BEAR,0.0027264643838555884,7,IS
T18297,2022-12-08 10:00:00,2022-12-08 17:00:00,LONG,1.05463,1.05561,9.799999999999809,10.78979999999979,time_stop,LONDON,Thursday,BULL,0.0018840000984923337,7,IS
T18327,2022-12-09 16:00:00,2022-12-11 23:00:00,SHORT,1.0530300000000001,1.0516,14.300000000000423,21.95050000000065,time_stop,NY,Friday,BEAR,0.0018164468551538858,55,IS
T18345,2022-12-12 10:00:00,2022-12-12 17:00:00,SHORT,1.05222,1.05354,-13.199999999999878,-9.503999999999913,time_stop,LONDON,Monday,BEAR,0.0019866054280476427,7,IS
T18442,2022-12-16 11:00:00,2022-12-18 18:00:00,SHORT,1.06078,1.05842,23.600000000001398,22.797600000001353,time_stop,LONDON,Friday,BEAR,0.0023591145464142193,55,IS
T18489,2022-12-20 10:00:00,2022-12-20 17:00:00,LONG,1.06412,1.06247,-16.499999999999293,-13.859999999999408,time_stop,LONDON,Tuesday,BULL,0.0021659322231112575,7,IS
T18590,2022-12-26 15:00:00,2022-12-26 19:00:00,LONG,1.0633299999999999,1.06419,8.60000000000083,42.312000000004076,take_profit,NY,Monday,BULL,0.0010714712600618129,4,IS
T18634,2022-12-28 11:00:00,2022-12-28 18:00:00,SHORT,1.0619800000000001,1.06288,-8.999999999999009,-6.614999999999272,time_stop,LONDON,Wednesday,BEAR,0.0016313126656194773,7,IS
T18705,2023-01-02 10:00:00,2023-01-02 17:00:00,SHORT,1.06587,1.06634,-4.699999999999704,-6.7021999999995785,time_stop,LONDON,Monday,BEAR,0.0016735176320580457,7,IS
T18777,2023-01-05 10:00:00,2023-01-05 17:00:00,SHORT,1.05168,1.05208,-3.9999999999995595,-1.7559999999998066,time_stop,LONDON,Thursday,BEAR,0.0021883791259054404,7,IS
T18825,2023-01-09 10:00:00,2023-01-09 17:00:00,LONG,1.07413,1.07332,-8.099999999999774,-5.750999999999839,time_stop,LONDON,Monday,BULL,0.00206350160765586,7,IS
T18970,2023-01-17 11:00:00,2023-01-17 18:00:00,SHORT,1.0791300000000001,1.07893,2.000000000002,1.026000000001026,time_stop,LONDON,Tuesday,BEAR,0.0019892290124283274,7,IS
T19017,2023-01-19 10:00:00,2023-01-19 13:00:00,SHORT,1.07877,1.08291,-41.400000000000325,-43.96680000000035,stop_loss,LONDON,Thursday,BEAR,0.002026274148389332,3,IS
T19042,2023-01-20 11:00:00,2023-01-22 18:00:00,LONG,1.08316,1.08643,32.70000000000106,43.55640000000142,time_stop,LONDON,Friday,BULL,0.0018106050319972517,55,IS
T19113,2023-01-25 10:00:00,2023-01-25 17:00:00,LONG,1.0903399999999999,1.09125,9.100000000001884,9.22740000000191,time_stop,LONDON,Wednesday,BULL,0.0017358180955149786,7,IS
T19142,2023-01-26 15:00:00,2023-01-26 22:00:00,LONG,1.08934,1.08735,-19.899999999999363,-26.168499999999167,time_stop,NY,Thursday,BULL,0.0016936203003706375,7,IS
T19160,2023-01-27 10:00:00,2023-01-29 17:00:00,SHORT,1.08372,1.0865,-27.800000000000047,-27.160600000000045,time_stop,LONDON,Friday,BEAR,0.0016769655427369683,55,IS
T19232,2023-02-01 10:00:00,2023-02-01 14:00:00,LONG,1.09209,1.0977199999999998,56.299999999998015,67.39109999999762,take_profit,LONDON,Wednesday,BULL,0.0014214451823263189,4,IS
T19281,2023-02-03 11:00:00,2023-02-05 18:00:00,SHORT,1.08237,1.07891,34.600000000000186,12.006200000000065,time_stop,LONDON,Friday,BEAR,0.002589699447110445,55,IS
T19357,2023-02-08 15:00:00,2023-02-08 22:00:00,SHORT,1.0712300000000001,1.07293,-16.999999999998128,-25.108999999997234,time_stop,NY,Wednesday,BEAR,0.0016544205030587758,7,IS
T19377,2023-02-09 11:00:00,2023-02-09 18:00:00,SHORT,1.07593,1.0739,20.299999999999763,25.537399999999703,time_stop,LONDON,Thursday,BEAR,0.0015950896533743894,7,IS
T19424,2023-02-13 10:00:00,2023-02-13 17:00:00,LONG,1.07208,1.07236,2.80000000000058,2.4948000000005166,time_stop,LONDON,Monday,BULL,0.0015426166033179838,7,IS
T19477,2023-02-15 15:00:00,2023-02-15 22:00:00,LONG,1.06913,1.07093,18.000000000000238,23.076000000000306,time_stop,NY,Wednesday,BULL,0.0017106045567961245,7,IS
T19502,2023-02-16 16:00:00,2023-02-16 21:00:00,SHORT,1.06709,1.06515,19.400000000000528,29.06120000000079,take_profit,NY,Thursday,BEAR,0.001646375114497896,5,IS
T19521,2023-02-17 11:00:00,2023-02-19 19:00:00,LONG,1.06782,1.06788,0.5999999999994898,0.41519999999964696,time_stop,LONDON,Friday,BULL,0.0016918980580866516,56,IS
T20606,2023-05-18 10:00:00,2023-05-18 22:00:00,SHORT,1.0767900000000001,1.0772,-4.099999999997994,-3.308699999998381,time_stop,LONDON,Thursday,BEAR,0.0013302317389518056,12,IS
T20878,2023-06-09 10:00:00,2023-06-11 23:00:00,SHORT,1.07553,1.07409,14.400000000001079,19.88640000000149,time_stop,LONDON,Friday,BEAR,0.001213299502685053,61,IS
T21214,2023-07-07 10:00:00,2023-07-09 22:00:00,LONG,1.0950199999999999,1.09605,10.300000000000864,5.510500000000462,time_stop,LONDON,Friday,BULL,0.0016988247262716865,60,IS
T21282,2023-07-13 10:00:00,2023-07-13 22:00:00,LONG,1.1197,1.12353,38.3,53.4285,time_stop,LONDON,Thursday,BULL,0.001463191723113849,12,IS
T21366,2023-07-20 10:00:00,2023-07-20 22:00:00,SHORT,1.11454,1.11394,6.00000000000156,3.6480000000009483,time_stop,LONDON,Thursday,BEAR,0.0015790191831442778,12,IS
T21493,2023-07-31 14:00:00,2023-07-31 21:00:00,SHORT,1.09973,1.09859,11.400000000001409,19.950000000002465,time_stop,NY,Monday,BEAR,0.0016583953410374652,7,IS
T21536,2023-08-02 09:00:00,2023-08-02 16:00:00,SHORT,1.09488,1.09375,11.300000000000754,11.966700000000797,time_stop,LONDON,Wednesday,BEAR,0.001479274673985374,7,IS
T21584,2023-08-04 09:00:00,2023-08-04 16:00:00,LONG,1.10135,1.10029,-10.600000000000609,-5.533200000000318,time_stop,LONDON,Friday,BULL,0.0015836296655604065,7,IS
T21657,2023-08-09 10:00:00,2023-08-09 17:00:00,LONG,1.0984099999999999,1.09763,-7.799999999997809,-14.110199999996036,time_stop,LONDON,Wednesday,BULL,0.0012061520739288277,7,IS
T21704,2023-08-11 09:00:00,2023-08-11 16:00:00,SHORT,1.09613,1.09433,18.000000000000238,16.776000000000224,time_stop,LONDON,Friday,BEAR,0.0015040301617323694,7,IS
T21757,2023-08-15 14:00:00,2023-08-15 21:00:00,SHORT,1.0903,1.09059,-2.8999999999990145,-4.587799999998441,time_stop,NY,Tuesday,BEAR,0.0015216359056915707,7,IS
T21781,2023-08-16 14:00:00,2023-08-16 21:00:00,SHORT,1.0879400000000001,1.08656,13.800000000001589,21.900600000002523,time_stop,NY,Wednesday,BEAR,0.0013906443292801885,7,IS
T21805,2023-08-17 14:00:00,2023-08-17 20:00:00,SHORT,1.08556,1.08901,-34.49999999999953,-41.29649999999943,stop_loss,NY,Thursday,BEAR,0.0014021834078285118,6,IS
T21825,2023-08-18 10:00:00,2023-08-20 17:00:00,LONG,1.08734,1.08741,0.700000000000145,0.9905000000002051,time_stop,LONDON,Friday,BULL,0.001312446992317888,55,IS
T21872,2023-08-22 09:00:00,2023-08-22 16:00:00,SHORT,1.08423,1.08443,-1.9999999999997797,-1.6839999999998145,time_stop,LONDON,Tuesday,BEAR,0.0013103181506399734,7,IS
T21925,2023-08-24 14:00:00,2023-08-24 21:00:00,SHORT,1.08078,1.0789,18.800000000001038,37.524800000002074,time_stop,NY,Thursday,BEAR,0.0012885972798330934,7,IS
T21950,2023-08-25 15:00:00,2023-08-27 22:00:00,LONG,1.0804099999999999,1.08087,4.60000000000127,9.89000000000273,time_stop,NY,Friday,BULL,0.0015495891278252637,55,IS
T21974,2023-08-28 15:00:00,2023-08-28 21:00:00,LONG,1.08192,1.0834199999999998,14.999999999998348,38.71499999999573,take_profit,NY,Monday,BULL,0.0011222038999653895,6,IS
T21998,2023-08-29 15:00:00,2023-08-29 22:00:00,LONG,1.08865,1.08672,-19.299999999999873,-19.80179999999987,time_stop,NY,Tuesday,BULL,0.001498149569013764,7,IS
T22016,2023-08-30 09:00:00,2023-08-30 16:00:00,LONG,1.0946099999999999,1.09227,-23.399999999997867,-13.478399999998771,time_stop,LONDON,Wednesday,BULL,0.0015814043222524832,7,IS
T22069,2023-09-01 14:00:00,2023-09-03 21:00:00,SHORT,1.07773,1.07764,0.9000000000014552,2.99340000000484,time_stop,NY,Friday,BEAR,0.001548830240038012,55,IS
T22113,2023-09-05 10:00:00,2023-09-05 17:00:00,SHORT,1.0706900000000001,1.07226,-15.699999999998493,-15.590099999998502,time_stop,LONDON,Tuesday,BEAR,0.0012687824308192722,7,IS
T22166,2023-09-07 15:00:00,2023-09-07 20:00:00,SHORT,1.06936,1.07146,-20.999999999999908,-51.890999999999764,stop_loss,NY,Thursday,BEAR,0.0011055842781422349,5,IS
T22185,2023-09-08 10:00:00,2023-09-10 17:00:00,LONG,1.07165,1.0715,-1.500000000000945,-2.6670000000016807,time_stop,LONDON,Friday,BULL,0.0012108507405514024,55,IS
T22262,2023-09-13 15:00:00,2023-09-13 22:00:00,SHORT,1.07305,1.07404,-9.900000000000464,-21.047400000000987,time_stop,NY,Wednesday,BEAR,0.001361134106977373,7,IS
T22310,2023-09-15 15:00:00,2023-09-17 22:00:00,SHORT,1.06585,1.06653,-6.800000000000139,-12.430400000000255,time_stop,NY,Friday,BEAR,0.0012238757701303468,55,IS
T22357,2023-09-19 14:00:00,2023-09-19 21:00:00,SHORT,1.06763,1.06863,-9.999999999998899,-25.359999999997207,time_stop,NY,Tuesday,BEAR,0.0010986527163380421,7,IS
T22376,2023-09-20 09:00:00,2023-09-20 14:00:00,LONG,1.07182,1.0686099999999998,-32.10000000000157,-48.856200000002396,stop_loss,LONDON,Wednesday,BULL,0.0009757900256706934,5,IS
T22429,2023-09-22 14:00:00,2023-09-24 21:00:00,SHORT,1.06456,1.06466,-0.9999999999998899,-2.422999999999733,time_stop,NY,Friday,BEAR,0.0013539467228278923,55,IS
T22448,2023-09-25 09:00:00,2023-09-25 16:00:00,SHORT,1.06006,1.05924,8.20000000000043,7.6342000000003996,time_stop,LONDON,Monday,BEAR,0.0012342695528916817,7,IS
T22477,2023-09-26 14:00:00,2023-09-26 21:00:00,SHORT,1.0565,1.05694,-4.3999999999999595,-14.335199999999867,time_stop,NY,Tuesday,BEAR,0.0012011620002077427,7,IS
T22496,2023-09-27 09:00:00,2023-09-27 16:00:00,SHORT,1.05189,1.05018,17.100000000001003,18.998100000001116,time_stop,LONDON,Wednesday,BEAR,0.0012491750353319515,7,IS
T22544,2023-09-29 09:00:00,2023-09-29 16:00:00,SHORT,1.05793,1.05694,9.900000000000464,12.414600000000583,time_stop,LONDON,Friday,BEAR,0.0014988549691086189,7,IS
T22574,2023-10-02 15:00:00,2023-10-02 22:00:00,SHORT,1.04796,1.04665,13.099999999999223,20.331199999998795,time_stop,NY,Monday,BEAR,0.0014581157871564636,7,IS
T22641,2023-10-05 10:00:00,2023-10-05 17:00:00,LONG,1.05314,1.05483,16.899999999999693,21.479899999999606,time_stop,LONDON,Thursday,BULL,0.0015050602242868217,7,IS
T22689,2023-10-09 10:00:00,2023-10-09 17:00:00,LONG,1.05466,1.05654,18.800000000001038,30.8508000000017,time_stop,LONDON,Monday,BULL,0.001672174102025488,7,IS
T22736,2023-10-11 09:00:00,2023-10-11 16:00:00,LONG,1.06304,1.06194,-10.999999999998789,-8.953999999999013,time_stop,LONDON,Wednesday,BULL,0.0014849580743016972,7,IS
T22765,2023-10-12 14:00:00,2023-10-12 21:00:00,SHORT,1.05253,1.05422,-16.899999999999693,-19.147699999999652,time_stop,NY,Thursday,BEAR,0.0014772855299554353,7,IS
T22785,2023-10-13 10:00:00,2023-10-15 17:00:00,SHORT,1.05019,1.05211,-19.200000000001438,-17.049600000001277,time_stop,LONDON,Friday,BEAR,0.0014627083692564352,55,IS
T22814,2023-10-16 15:00:00,2023-10-16 22:00:00,LONG,1.05639,1.05499,-13.999999999998458,-23.50599999999741,time_stop,NY,Monday,BULL,0.0012160236840261106,7,IS
T22857,2023-10-18 10:00:00,2023-10-18 17:00:00,SHORT,1.05362,1.05358,0.40000000000040004,0.41880000000041884,time_stop,LONDON,Wednesday,BEAR,0.0014216425661769717,7,IS
T22929,2023-10-23 10:00:00,2023-10-23 12:00:00,LONG,1.063,1.0663999999999998,33.99999999999847,38.793999999998256,take_profit,LONDON,Monday,BULL,0.0013480408412545413,2,IS
T22933,2023-10-23 14:00:00,2023-10-23 21:00:00,LONG,1.06754,1.06704,-4.999999999999449,-5.80999999999936,time_stop,NY,Monday,BULL,0.0014088698154570824,7,IS
T22952,2023-10-24 09:00:00,2023-10-24 16:00:00,SHORT,1.061,1.05895,20.499999999998852,26.034999999998544,time_stop,LONDON,Tuesday,BEAR,0.0014691311932347679,7,IS
T23005,2023-10-26 14:00:00,2023-10-26 21:00:00,LONG,1.05622,1.05587,-3.4999999999985043,-3.779999999998385,time_stop,NY,Thursday,BULL,0.0013195024947765548,7,IS
T23025,2023-10-27 10:00:00,2023-10-29 16:00:00,LONG,1.0579399999999999,1.05657,-13.699999999998713,-12.576599999998818,time_stop,LONDON,Friday,BULL,0.0014076757834827714,54,IS
T23074,2023-10-31 10:00:00,2023-10-31 17:00:00,SHORT,1.05656,1.05793,-13.700000000000934,-5.849900000000399,time_stop,LONDON,Tuesday,BEAR,0.0017296105059740388,7,IS
T23103,2023-11-01 15:00:00,2023-11-01 22:00:00,LONG,1.0571,1.05998,28.799999999999937,21.42719999999995,time_stop,NY,Wednesday,BULL,0.0015586292038948799,7,IS
T23146,2023-11-03 10:00:00,2023-11-05 18:00:00,LONG,1.07334,1.07313,-2.100000000000435,-0.9723000000002014,time_stop,LONDON,Friday,BULL,0.0016650698191438898,56,IS
T23174,2023-11-06 15:00:00,2023-11-06 22:00:00,SHORT,1.07185,1.07089,9.600000000000719,20.668800000001546,time_stop,NY,Monday,BEAR,0.001203867326117349,7,IS
T23217,2023-11-08 10:00:00,2023-11-08 17:00:00,LONG,1.07064,1.07079,1.4999999999987246,1.312499999998884,time_stop,LONDON,Wednesday,BULL,0.0011529268104445098,7,IS
T23265,2023-11-10 10:00:00,2023-11-12 17:00:00,SHORT,1.06685,1.06835,-14.999999999998348,-24.74999999999727,time_stop,LONDON,Friday,BEAR,0.0012845697255804314,55,IS
T23313,2023-11-14 10:00:00,2023-11-14 17:00:00,LONG,1.08389,1.08729,34.000000000000696,10.370000000000212,time_stop,LONDON,Tuesday,BULL,0.0015788976448011932,7,IS
T23366,2023-11-16 15:00:00,2023-11-16 22:00:00,SHORT,1.08449,1.08539,-9.00000000000123,-17.316000000002365,time_stop,NY,Thursday,BEAR,0.0014705231789116306,7,IS
T23390,2023-11-17 15:00:00,2023-11-19 22:00:00,LONG,1.09096,1.09238,14.199999999999768,26.511399999999565,time_stop,NY,Friday,BULL,0.0013824665656961474,55,IS
T23434,2023-11-21 11:00:00,2023-11-21 18:00:00,SHORT,1.09215,1.09169,4.599999999999049,4.682799999999032,time_stop,LONDON,Tuesday,BEAR,0.001307833267012023,7,IS
T23463,2023-11-22 16:00:00,2023-11-22 22:00:00,LONG,1.08894,1.0904399999999999,14.999999999998348,48.68999999999463,take_profit,NY,Wednesday,BULL,0.001309644137274562,6,IS
T23505,2023-11-24 10:00:00,2023-11-26 17:00:00,LONG,1.09411,1.09442,3.1000000000003247,3.6642000000003843,time_stop,LONDON,Friday,BULL,0.0010696662960672093,55,IS
T23534,2023-11-27 15:00:00,2023-11-27 22:00:00,LONG,1.09581,1.0955,-3.1000000000003247,-4.8174000000005055,time_stop,NY,Monday,BULL,0.0010974071354106437,7,IS
T23554,2023-11-28 11:00:00,2023-11-28 18:00:00,LONG,1.10064,1.10039,-2.500000000000835,-1.6775000000005604,time_stop,LONDON,Tuesday,BULL,0.0012981478246860258,7,IS
T23625,2023-12-01 10:00:00,2023-12-01 13:00:00,SHORT,1.08365,1.08895,-53.000000000000824,-44.9440000000007,stop_loss,LONDON,Friday,BEAR,0.0016346758852875533,3,IS
T23649,2023-12-04 10:00:00,2023-12-04 17:00:00,SHORT,1.08134,1.08346,-21.200000000001218,-13.822400000000794,time_stop,LONDON,Monday,BEAR,0.0017623203682641357,7,IS
T23679,2023-12-05 16:00:00,2023-12-05 23:00:00,LONG,1.07967,1.07943,-2.4000000000001798,-5.0928000000003815,time_stop,NY,Tuesday,BULL,0.0015656022991417781,7,IS
T23702,2023-12-06 15:00:00,2023-12-06 22:00:00,SHORT,1.0760800000000001,1.07596,1.2000000000012,2.0400000000020406,time_stop,NY,Wednesday,BEAR,0.001316476899531168,7,IS
T23841,2023-12-14 10:00:00,2023-12-14 17:00:00,LONG,1.09948,1.09918,-2.9999999999996696,-1.379999999999848,time_stop,LONDON,Thursday,BULL,0.0019762586189175906,7,IS
T23913,2023-12-19 10:00:00,2023-12-19 17:00:00,LONG,1.0987099999999999,1.09828,-4.299999999999304,-5.172899999999163,time_stop,LONDON,Tuesday,BULL,0.0013016445061651615,7,IS
T23942,2023-12-20 15:00:00,2023-12-20 22:00:00,SHORT,1.09304,1.0949,-18.599999999999728,-22.48739999999967,time_stop,NY,Wednesday,BEAR,0.0012979320210212437,7,IS
T23966,2023-12-21 15:00:00,2023-12-21 22:00:00,LONG,1.1004099999999999,1.09977,-6.399999999999739,-9.868799999999597,time_stop,NY,Thursday,BULL,0.0013336442872631461,7,IS
T24019,2023-12-26 11:00:00,2023-12-26 18:00:00,LONG,1.10355,1.10422,6.699999999999484,11.202399999999136,time_stop,LONDON,Tuesday,BULL,0.0009898339924117856,7,IS
T24067,2023-12-28 11:00:00,2023-12-28 18:00:00,SHORT,1.10705,1.10677,2.80000000000058,2.284800000000473,time_stop,LONDON,Thursday,BEAR,0.0015297535047207776,7,IS
T24096,2023-12-29 16:00:00,2024-01-01 23:00:00,SHORT,1.10348,1.10208,14.000000000000679,19.15200000000093,time_stop,NY,Friday,BEAR,0.0014890798391595033,79,IS
T24114,2024-01-02 10:00:00,2024-01-02 17:00:00,SHORT,1.09422,1.09404,1.80000000000069,3.135600000001202,time_stop,LONDON,Tuesday,BEAR,0.0016903964452283124,7,IS
T24163,2024-01-04 11:00:00,2024-01-04 18:00:00,LONG,1.0957299999999999,1.09462,-11.099999999999444,-17.9819999999991,time_stop,LONDON,Thursday,BULL,0.001356693691701297,7,IS
T24210,2024-01-08 10:00:00,2024-01-08 17:00:00,LONG,1.0971,1.09501,-20.899999999999253,-29.38539999999895,time_stop,LONDON,Monday,BULL,0.0013561570778753073,7,IS
T24259,2024-01-10 11:00:00,2024-01-10 18:00:00,LONG,1.09603,1.0974,13.699999999998713,19.248499999998195,time_stop,LONDON,Wednesday,BULL,0.0012203254307739007,7,IS
T24312,2024-01-12 16:00:00,2024-01-14 21:00:00,SHORT,1.0947,1.09653,-18.299999999999983,-43.88339999999996,stop_loss,NY,Friday,BEAR,0.0014128861414108378,53,IS
T24378,2024-01-17 15:00:00,2024-01-17 22:00:00,LONG,1.08823,1.08954,13.099999999999223,20.08229999999881,time_stop,NY,Wednesday,BULL,0.0014508900316668471,7,IS
T24403,2024-01-18 16:00:00,2024-01-18 23:00:00,LONG,1.0877,1.08864,9.40000000000163,16.28080000000282,time_stop,NY,Thursday,BULL,0.0013614278639376167,7,IS
T24469,2024-01-23 10:00:00,2024-01-23 17:00:00,SHORT,1.08295,1.08522,-22.699999999999942,-19.74899999999995,time_stop,LONDON,Tuesday,BEAR,0.0013028000430735799,7,IS
T24498,2024-01-24 15:00:00,2024-01-24 22:00:00,SHORT,1.0878700000000001,1.08778,0.9000000000014552,1.3086000000021158,time_stop,NY,Wednesday,BEAR,0.0013902791425710263,7,IS
T24517,2024-01-25 10:00:00,2024-01-25 17:00:00,SHORT,1.08304,1.08464,-16.00000000000046,-9.056000000000259,time_stop,LONDON,Thursday,BEAR,0.0013511728788889168,7,IS
T24547,2024-01-26 16:00:00,2024-01-28 23:00:00,SHORT,1.08491,1.08448,4.299999999999304,10.031899999998378,time_stop,NY,Friday,BEAR,0.0012722928957896672,55,IS
T24565,2024-01-29 10:00:00,2024-01-29 15:00:00,SHORT,1.07959,1.0831600000000001,-35.70000000000073,-49.98000000000103,stop_loss,LONDON,Monday,BEAR,0.001132566119032607,5,IS
T24618,2024-01-31 15:00:00,2024-01-31 22:00:00,SHORT,1.08064,1.08116,-5.199999999998539,-3.6035999999989876,time_stop,NY,Wednesday,BEAR,0.001732378756007594,7,IS
T24638,2024-02-01 11:00:00,2024-02-01 18:00:00,LONG,1.0865799999999999,1.08742,8.40000000000174,5.888400000001219,time_stop,LONDON,Thursday,BULL,0.0016777649374576122,7,IS
T24685,2024-02-05 10:00:00,2024-02-05 17:00:00,SHORT,1.07239,1.07425,-18.599999999999728,-27.67679999999959,time_stop,LONDON,Monday,BEAR,0.001311301289298552,7,IS
T24714,2024-02-06 15:00:00,2024-02-06 22:00:00,LONG,1.07579,1.07588,0.8999999999992347,2.3975999999979614,time_stop,NY,Tuesday,BULL,0.0010971784336921053,7,IS
T24854,2024-02-14 11:00:00,2024-02-14 18:00:00,LONG,1.07352,1.07319,-3.2999999999994145,-4.425299999999215,time_stop,LONDON,Wednesday,BULL,0.0010798669424477072,7,IS
T24974,2024-02-21 11:00:00,2024-02-21 18:00:00,LONG,1.08182,1.08202,1.9999999999997797,5.093999999999439,time_stop,LONDON,Wednesday,BULL,0.0009225294817670334,7,IS
T25027,2024-02-23 16:00:00,2024-02-25 23:00:00,SHORT,1.08161,1.08211,-4.999999999999449,-14.16499999999844,time_stop,NY,Friday,BEAR,0.0009491137696009672,55,IS
T25093,2024-02-28 10:00:00,2024-02-28 17:00:00,LONG,1.0835599999999999,1.0838,2.4000000000024,3.2688000000032686,time_stop,LONDON,Wednesday,BULL,0.0009874686221474458,7,IS
T25142,2024-03-01 11:00:00,2024-03-03 18:00:00,LONG,1.08323,1.08416,9.300000000000974,10.750800000001124,time_stop,LONDON,Friday,BULL,0.0012278813668378389,55,IS
T25171,2024-03-04 16:00:00,2024-03-04 23:00:00,SHORT,1.08536,1.08505,3.1000000000003247,16.101400000001686,time_stop,NY,Monday,BEAR,0.0008653058423252651,7,IS
T25190,2024-03-05 11:00:00,2024-03-05 18:00:00,LONG,1.08622,1.08555,-6.699999999999484,-11.979599999999078,time_stop,LONDON,Tuesday,BULL,0.0009174868729336565,7,IS
T25237,2024-03-07 10:00:00,2024-03-07 17:00:00,LONG,1.0931199999999999,1.09465,15.300000000000313,9.654300000000198,time_stop,LONDON,Thursday,BULL,0.001211508022594778,7,IS
T25314,2024-03-12 14:00:00,2024-03-12 21:00:00,LONG,1.0927,1.09269,-0.10000000000065512,-0.2687000000017603,time_stop,NY,Tuesday,BULL,0.0009273708768384076,7,IS
T25357,2024-03-14 09:00:00,2024-03-14 16:00:00,SHORT,1.08965,1.0885,11.499999999999844,9.52199999999987,time_stop,LONDON,Thursday,BEAR,0.000909556707478038,7,IS
T25406,2024-03-18 10:00:00,2024-03-18 17:00:00,SHORT,1.0884,1.08718,12.199999999999989,22.83839999999998,time_stop,LONDON,Monday,BEAR,0.0007243538374190123,7,IS
T25453,2024-03-20 09:00:00,2024-03-20 12:00:00,LONG,1.0850899999999999,1.0863999999999998,13.099999999999223,37.059899999997796,take_profit,LONDON,Wednesday,BULL,0.000730991914504264,3,IS
T25458,2024-03-20 14:00:00,2024-03-20 21:00:00,LONG,1.09222,1.09353,13.099999999999223,8.331599999999506,time_stop,NY,Wednesday,BULL,0.001024898340160026,7,IS
T25477,2024-03-21 09:00:00,2024-03-21 16:00:00,SHORT,1.08774,1.08605,16.899999999999693,17.13659999999969,time_stop,LONDON,Thursday,BEAR,0.0012435774515513827,7,IS
T25525,2024-03-25 09:00:00,2024-03-25 16:00:00,LONG,1.08402,1.08365,-3.6999999999998145,-11.59579999999942,time_stop,LONDON,Monday,BULL,0.000916115599070168,7,IS
T25578,2024-03-27 14:00:00,2024-03-27 17:00:00,LONG,1.08283,1.0813,-15.300000000000313,-53.6112000000011,stop_loss,NY,Wednesday,BULL,0.0007756948010418124,3,IS
T25643,2024-04-01 09:00:00,2024-04-01 10:00:00,SHORT,1.07721,1.0744900000000002,27.199999999998337,68.38079999999582,take_profit,LONDON,Monday,BEAR,0.0007915963560780163,1,IS
T25667,2024-04-02 09:00:00,2024-04-02 16:00:00,LONG,1.07661,1.07691,2.9999999999996696,5.132999999999434,time_stop,LONDON,Tuesday,BULL,0.0009400942706554372,7,IS
T25720,2024-04-04 14:00:00,2024-04-04 15:00:00,SHORT,1.08487,1.0834100000000002,14.599999999997948,31.40459999999559,take_profit,NY,Thursday,BEAR,0.0009011777226655259,1,IS
T25763,2024-04-08 09:00:00,2024-04-08 16:00:00,LONG,1.0852899999999999,1.08587,5.800000000000249,7.429800000000318,time_stop,LONDON,Monday,BULL,0.0010384271055156483,7,IS
T25811,2024-04-10 09:00:00,2024-04-10 16:00:00,SHORT,1.07497,1.07421,7.599999999998719,2.6675999999995503,time_stop,LONDON,Wednesday,BEAR,0.0012276798571626652,7,IS
T25860,2024-04-12 10:00:00,2024-04-14 17:00:00,SHORT,1.06285,1.06347,-6.199999999998429,-8.152999999997935,time_stop,LONDON,Friday,BEAR,0.001319154001330886,55,IS
T25936,2024-04-17 14:00:00,2024-04-17 21:00:00,LONG,1.0671599999999999,1.06702,-1.3999999999980695,-1.5875999999978108,time_stop,NY,Wednesday,BULL,0.001380786249642856,7,IS
T25955,2024-04-18 09:00:00,2024-04-18 16:00:00,SHORT,1.06493,1.06431,6.199999999998429,8.221199999997916,time_stop,LONDON,Thursday,BEAR,0.001133212173354204,7,IS
T26008,2024-04-22 14:00:00,2024-04-22 21:00:00,LONG,1.06598,1.06542,-5.599999999998939,-15.948799999996979,time_stop,NY,Monday,BULL,0.0011010016639450763,7,IS
T26027,2024-04-23 09:00:00,2024-04-23 16:00:00,LONG,1.07025,1.07002,-2.2999999999995246,-1.950399999999597,time_stop,LONDON,Tuesday,BULL,0.0013612332655245363,7,IS
T26057,2024-04-24 15:00:00,2024-04-24 22:00:00,LONG,1.07019,1.07073,5.399999999999849,11.46959999999968,time_stop,NY,Wednesday,BULL,0.0010419398575770328,7,IS
T26099,2024-04-26 09:00:00,2024-04-26 16:00:00,SHORT,1.07058,1.06911,14.700000000000824,16.566900000000928,time_stop,LONDON,Friday,BEAR,0.0012213177139366253,7,IS
T26153,2024-04-30 15:00:00,2024-04-30 22:00:00,SHORT,1.06712,1.06588,12.400000000001299,31.458800000003293,time_stop,NY,Tuesday,BEAR,0.0012853484970687926,7,IS
T26177,2024-05-01 15:00:00,2024-05-01 16:00:00,LONG,1.06908,1.07114,20.599999999999508,40.91159999999902,take_profit,NY,Wednesday,BULL,0.0013610130651033907,1,IS
T26195,2024-05-02 09:00:00,2024-05-02 12:00:00,SHORT,1.06855,1.0717100000000002,-31.600000000000517,-47.937200000000786,stop_loss,LONDON,Thursday,BEAR,0.0013223500374786455,3,IS
T26200,2024-05-02 14:00:00,2024-05-02 21:00:00,LONG,1.07315,1.07372,5.699999999999594,7.751999999999449,time_stop,NY,Thursday,BULL,0.0013776032673283821,7,IS
T26249,2024-05-06 15:00:00,2024-05-06 22:00:00,SHORT,1.07661,1.07637,2.4000000000001798,7.380000000000552,time_stop,NY,Monday,BEAR,0.0009233340699016004,7,IS
T26267,2024-05-07 09:00:00,2024-05-07 13:00:00,LONG,1.0782,1.07561,-25.900000000000922,-53.2504000000019,stop_loss,LONDON,Tuesday,BULL,0.0009121098934981407,4,IS
T26315,2024-05-09 09:00:00,2024-05-09 16:00:00,LONG,1.07649,1.0782,17.100000000001003,16.89480000000099,time_stop,LONDON,Thursday,BULL,0.0008991239246904639,7,IS
T26363,2024-05-13 09:00:00,2024-05-13 16:00:00,LONG,1.08054,1.07888,-16.599999999999948,-27.45639999999991,time_stop,LONDON,Monday,BULL,0.0007927826741468364,7,IS
T26417,2024-05-15 15:00:00,2024-05-15 22:00:00,LONG,1.0883,1.08871,4.100000000000215,6.100800000000318,time_stop,NY,Wednesday,BULL,0.0010984522515556034,7,IS
T26435,2024-05-16 09:00:00,2024-05-16 11:00:00,SHORT,1.08546,1.08756,-20.999999999999908,-41.453999999999816,stop_loss,LONDON,Thursday,BEAR,0.0009301924674485831,2,IS
T26460,2024-05-17 10:00:00,2024-05-19 17:00:00,LONG,1.08777,1.08686,-9.099999999999664,-8.708699999999677,time_stop,LONDON,Friday,BULL,0.0008970728265957069,55,IS
T26507,2024-05-21 09:00:00,2024-05-21 16:00:00,SHORT,1.0848200000000001,1.08535,-5.299999999999194,-9.365099999998575,time_stop,LONDON,Tuesday,BEAR,0.0007527844953458245,7,IS
T26537,2024-05-22 15:00:00,2024-05-22 22:00:00,SHORT,1.08196,1.08283,-8.699999999999264,-12.684599999998929,time_stop,NY,Wednesday,BEAR,0.0008669525262181684,7,IS
T26556,2024-05-23 10:00:00,2024-05-23 14:00:00,SHORT,1.08231,1.08058,17.300000000000093,22.109400000000118,take_profit,LONDON,Thursday,BEAR,0.001008537077930392,4,IS
T26633,2024-05-28 15:00:00,2024-05-28 22:00:00,SHORT,1.08598,1.08462,13.600000000000279,28.165600000000577,time_stop,NY,Tuesday,BEAR,0.0008403832800636797,7,IS
T26652,2024-05-29 10:00:00,2024-05-29 17:00:00,SHORT,1.0813300000000001,1.08032,10.100000000001774,9.029400000001585,time_stop,LONDON,Wednesday,BEAR,0.0010692036991645222,7,IS
T26681,2024-05-30 15:00:00,2024-05-30 22:00:00,SHORT,1.08288,1.08114,17.400000000000748,46.84080000000201,time_stop,NY,Thursday,BEAR,0.0009112218987540027,7,IS
T26723,2024-06-03 09:00:00,2024-06-03 11:00:00,LONG,1.0852899999999999,1.0889099999999998,36.19999999999956,89.77599999999892,take_profit,LONDON,Monday,BULL,0.000945028740815072,2,IS
T26728,2024-06-03 14:00:00,2024-06-03 20:00:00,LONG,1.08985,1.09124,13.900000000000023,32.15070000000006,take_profit,NY,Monday,BULL,0.0010764434406573308,6,IS
T26771,2024-06-05 09:00:00,2024-06-05 16:00:00,LONG,1.08904,1.08682,-22.200000000001108,-29.81460000000149,time_stop,LONDON,Wednesday,BULL,0.000796712670220349,7,IS
T26819,2024-06-07 09:00:00,2024-06-07 16:00:00,SHORT,1.0818,1.08017,16.300000000000203,8.068500000000101,time_stop,LONDON,Friday,BEAR,0.0012087758905261047,7,IS
T26848,2024-06-10 14:00:00,2024-06-10 21:00:00,LONG,1.07629,1.07667,3.8000000000004697,11.631800000001437,time_stop,NY,Monday,BULL,0.001186284659809198,7,IS
T26868,2024-06-11 10:00:00,2024-06-11 13:00:00,SHORT,1.0721100000000001,1.07427,-21.599999999999397,-42.76799999999881,stop_loss,LONDON,Tuesday,BEAR,0.0010653206772622643,3,IS
T26891,2024-06-12 09:00:00,2024-06-12 16:00:00,LONG,1.08379,1.08087,-29.200000000000337,-14.979600000000174,time_stop,LONDON,Wednesday,BULL,0.0011564854914762673,7,IS
T26939,2024-06-14 09:00:00,2024-06-14 15:00:00,SHORT,1.0667900000000001,1.07064,-38.49999999999909,-41.46449999999903,stop_loss,LONDON,Friday,BEAR,0.0013134169679895394,6,IS
T26968,2024-06-17 14:00:00,2024-06-17 21:00:00,LONG,1.07374,1.07277,-9.699999999999154,-22.998699999997992,time_stop,NY,Monday,BULL,0.0009692694997705036,7,IS
T26987,2024-06-18 09:00:00,2024-06-18 16:00:00,LONG,1.07497,1.07397,-9.999999999998899,-10.189999999998877,time_stop,LONDON,Tuesday,BULL,0.0009633887079787634,7,IS
T27083,2024-06-24 09:00:00,2024-06-24 13:00:00,LONG,1.0744,1.0724399999999998,-19.600000000001838,-43.55120000000409,stop_loss,LONDON,Monday,BULL,0.0009186344918280702,4,IS
T27108,2024-06-25 10:00:00,2024-06-25 17:00:00,SHORT,1.06992,1.07126,-13.400000000001189,-21.346200000001893,time_stop,LONDON,Tuesday,BEAR,0.00088023097229185,7,IS
T27161,2024-06-27 15:00:00,2024-06-27 21:00:00,SHORT,1.07015,1.0691700000000002,9.799999999997588,42.747599999989475,take_profit,NY,Thursday,BEAR,0.0009305013891191113,6,IS
T27204,2024-07-01 10:00:00,2024-07-01 17:00:00,SHORT,1.07288,1.07379,-9.099999999999664,-15.433599999999428,time_stop,LONDON,Monday,BEAR,0.0013470951835259286,7,IS
T27251,2024-07-03 09:00:00,2024-07-03 16:00:00,LONG,1.0790199999999999,1.07868,-3.399999999997849,-3.8725999999975507,time_stop,LONDON,Wednesday,BULL,0.0009473162882951382,7,IS
T27304,2024-07-05 14:00:00,2024-07-07 17:00:00,LONG,1.08383,1.0817199999999998,-21.100000000002783,-54.5646000000072,stop_loss,NY,Friday,BULL,0.0009004999133030383,51,IS
T27328,2024-07-08 14:00:00,2024-07-08 21:00:00,SHORT,1.08246,1.08235,1.100000000000545,3.6520000000018094,time_stop,NY,Monday,BEAR,0.0009446765837628206,7,IS
T27377,2024-07-10 15:00:00,2024-07-10 22:00:00,LONG,1.083,1.08371,7.099999999999884,29.010599999999528,time_stop,NY,Wednesday,BULL,0.0007183775265077938,7,IS
T27419,2024-07-12 09:00:00,2024-07-12 16:00:00,LONG,1.08979,1.09054,7.500000000000284,12.15750000000046,time_stop,LONDON,Friday,BULL,0.0009186516205157354,7,IS
T27472,2024-07-16 14:00:00,2024-07-16 21:00:00,LONG,1.08972,1.09023,5.1000000000001044,12.469500000000254,time_stop,NY,Tuesday,BULL,0.00086963015025907,7,IS
T27515,2024-07-18 09:00:00,2024-07-18 16:00:00,SHORT,1.0909900000000001,1.08964,13.500000000001844,19.96650000000273,time_stop,LONDON,Thursday,BEAR,0.0008362587269062181,7,IS
T27545,2024-07-19 15:00:00,2024-07-21 18:00:00,SHORT,1.0878,1.0900200000000002,-22.200000000001108,-65.84520000000327,stop_loss,NY,Friday,BEAR,0.0007684215908996771,51,IS
T27587,2024-07-23 09:00:00,2024-07-23 16:00:00,SHORT,1.08478,1.08533,-5.499999999998284,-10.510499999996721,time_stop,LONDON,Tuesday,BEAR,0.0008364904665690591,7,IS
T27616,2024-07-24 14:00:00,2024-07-24 21:00:00,SHORT,1.08362,1.08379,-1.7000000000000348,-3.561500000000073,time_stop,NY,Wednesday,BEAR,0.0008707000344445391,7,IS
T27641,2024-07-25 15:00:00,2024-07-25 22:00:00,SHORT,1.08446,1.08551,-10.499999999999954,-16.42199999999993,time_stop,NY,Thursday,BEAR,0.0010257722782257136,7,IS
T27683,2024-07-29 09:00:00,2024-07-29 16:00:00,SHORT,1.08104,1.08212,-10.799999999999699,-16.79399999999953,time_stop,LONDON,Monday,BEAR,0.0008885513518765819,7,IS
T27779,2024-08-02 09:00:00,2024-08-02 16:00:00,LONG,1.09067,1.09098,3.1000000000003247,1.491100000000156,time_stop,LONDON,Friday,BULL,0.0014236777283976676,7,IS
T27828,2024-08-06 10:00:00,2024-08-06 17:00:00,LONG,1.0935,1.09286,-6.399999999999739,-8.10879999999967,time_stop,LONDON,Tuesday,BULL,0.001538237631609973,7,IS
T27880,2024-08-08 14:00:00,2024-08-08 21:00:00,LONG,1.09196,1.09177,-1.900000000001345,-5.012200000003548,time_stop,NY,Thursday,BULL,0.0011344749587772066,7,IS
T27900,2024-08-09 10:00:00,2024-08-11 17:00:00,LONG,1.0924399999999999,1.09189,-5.499999999998284,-13.782999999995699,time_stop,LONDON,Friday,BULL,0.0009082878820775334,55,IS
T27947,2024-08-13 09:00:00,2024-08-13 14:00:00,LONG,1.09599,1.0998599999999998,38.69999999999818,41.06069999999807,take_profit,LONDON,Tuesday,BULL,0.0009114218781970636,5,IS
T27972,2024-08-14 10:00:00,2024-08-14 17:00:00,LONG,1.10368,1.10115,-25.299999999999212,-30.587699999999042,time_stop,LONDON,Wednesday,BULL,0.001167649480344519,7,IS
T28019,2024-08-16 09:00:00,2024-08-16 14:00:00,LONG,1.10038,1.1019999999999999,16.199999999999548,34.06859999999905,take_profit,LONDON,Friday,BULL,0.0008670940225310269,5,IS
T28044,2024-08-19 10:00:00,2024-08-19 15:00:00,LONG,1.1066799999999999,1.10831,16.300000000000203,18.924300000000233,take_profit,LONDON,Monday,BULL,0.0010168172486968521,5,IS
T28067,2024-08-20 09:00:00,2024-08-20 16:00:00,LONG,1.11033,1.11294,26.100000000000012,38.75850000000002,time_stop,LONDON,Tuesday,BULL,0.0009145667988306015,7,IS
T28096,2024-08-21 14:00:00,2024-08-21 21:00:00,LONG,1.1163,1.11432,-19.800000000000928,-36.45180000000171,time_stop,NY,Wednesday,BULL,0.001182739810329072,7,IS
T28115,2024-08-22 09:00:00,2024-08-22 16:00:00,SHORT,1.11175,1.11118,5.699999999999594,8.145299999999422,time_stop,LONDON,Thursday,BEAR,0.0012273996114585196,7,IS
T28169,2024-08-26 15:00:00,2024-08-26 22:00:00,SHORT,1.11582,1.11682,-9.999999999998899,-22.849999999997486,time_stop,NY,Monday,BEAR,0.001145513219352175,7,IS
T28192,2024-08-27 14:00:00,2024-08-27 21:00:00,LONG,1.1187,1.11737,-13.300000000000534,-19.16530000000077,time_stop,NY,Tuesday,BULL,0.001036973484399126,7,IS
T28236,2024-08-29 10:00:00,2024-08-29 17:00:00,SHORT,1.1068500000000001,1.10777,-9.199999999998099,-11.702399999997581,time_stop,LONDON,Thursday,BEAR,0.00136850222589613,7,IS
T28288,2024-09-02 14:00:00,2024-09-02 20:00:00,LONG,1.1072199999999999,1.1059999999999999,-12.199999999999989,-46.335599999999964,stop_loss,NY,Monday,BULL,0.0009306493157608816,6,IS
T28331,2024-09-04 09:00:00,2024-09-04 10:00:00,LONG,1.10591,1.10893,30.200000000000227,61.306000000000466,take_profit,LONDON,Wednesday,BULL,0.0009242867261044694,1,IS
T28427,2024-09-10 09:00:00,2024-09-10 16:00:00,SHORT,1.10183,1.10193,-0.9999999999998899,-1.5479999999998293,time_stop,LONDON,Tuesday,BEAR,0.000996181799595443,7,IS
T28475,2024-09-12 09:00:00,2024-09-12 16:00:00,LONG,1.10381,1.10741,36.000000000000476,48.852000000000636,time_stop,LONDON,Thursday,BULL,0.0010153268772159429,7,IS
T28547,2024-09-17 09:00:00,2024-09-17 16:00:00,SHORT,1.11116,1.11134,-1.80000000000069,-2.246400000000861,time_stop,LONDON,Tuesday,BEAR,0.0010562785825910506,7,IS
T28595,2024-09-19 09:00:00,2024-09-19 16:00:00,SHORT,1.112,1.11611,-41.09999999999836,-29.633099999998816,time_stop,LONDON,Thursday,BEAR,0.001697201755440214,7,IS
T28643,2024-09-23 09:00:00,2024-09-23 16:00:00,LONG,1.1130499999999999,1.11109,-19.599999999999618,-35.06439999999932,time_stop,LONDON,Monday,BULL,0.0013599253584203638,7,IS
T28672,2024-09-24 14:00:00,2024-09-24 18:00:00,LONG,1.11675,1.1188099999999999,20.599999999999508,44.022199999998946,take_profit,NY,Tuesday,BULL,0.0011891003094733003,4,IS
T28763,2024-09-30 09:00:00,2024-09-30 14:00:00,SHORT,1.11673,1.1132700000000002,34.59999999999796,38.82119999999772,take_profit,LONDON,Monday,BEAR,0.001416040740596149,5,IS
T28812,2024-10-02 10:00:00,2024-10-02 17:00:00,SHORT,1.10348,1.10478,-13.000000000000789,-12.324000000000748,time_stop,LONDON,Wednesday,BEAR,0.0013868375713494245,7,IS
T28865,2024-10-04 15:00:00,2024-10-06 22:00:00,LONG,1.09776,1.09713,-6.300000000001305,-9.487800000001966,time_stop,NY,Friday,BULL,0.0012600015809459907,55,IS
T28889,2024-10-07 15:00:00,2024-10-07 22:00:00,SHORT,1.0971,1.09815,-10.499999999999954,-25.882499999999887,time_stop,NY,Monday,BEAR,0.0010718702965577006,7,IS
T28908,2024-10-08 10:00:00,2024-10-08 17:00:00,SHORT,1.09695,1.09786,-9.099999999999664,-17.590299999999353,time_stop,LONDON,Tuesday,BEAR,0.0010226683330786237,7,IS
T28936,2024-10-09 14:00:00,2024-10-09 21:00:00,SHORT,1.09352,1.09429,-7.699999999999374,-19.46559999999842,time_stop,NY,Wednesday,BEAR,0.0009462551006816777,7,IS
T28985,2024-10-11 15:00:00,2024-10-13 20:00:00,SHORT,1.09319,1.0921900000000002,9.999999999998899,24.759999999997273,take_profit,NY,Friday,BEAR,0.0010377817341230841,53,IS
T29008,2024-10-14 14:00:00,2024-10-14 19:00:00,SHORT,1.08958,1.09095,-13.700000000000934,-41.332900000002816,stop_loss,NY,Monday,BEAR,0.0009594317103553029,5,IS
T29052,2024-10-16 10:00:00,2024-10-16 14:00:00,SHORT,1.0878400000000001,1.0856100000000002,22.299999999999542,37.97689999999922,take_profit,LONDON,Wednesday,BEAR,0.000932120296837727,4,IS
T29075,2024-10-17 09:00:00,2024-10-17 16:00:00,SHORT,1.08317,1.08307,0.9999999999998899,0.9509999999998954,time_stop,LONDON,Thursday,BEAR,0.0010837265450802504,7,IS
T29128,2024-10-21 14:00:00,2024-10-21 21:00:00,SHORT,1.08101,1.08189,-8.799999999999919,-26.15359999999976,time_stop,NY,Monday,BEAR,0.0008640929709588899,7,IS
T29147,2024-10-22 09:00:00,2024-10-22 16:00:00,SHORT,1.0806,1.07967,9.300000000000974,15.921600000001668,time_stop,LONDON,Tuesday,BEAR,0.0009155740127488352,7,IS
T29177,2024-10-23 15:00:00,2024-10-23 22:00:00,LONG,1.0787,1.07875,0.5000000000010552,0.9870000000020829,time_stop,NY,Wednesday,BULL,0.0009352604939611686,7,IS
T29201,2024-10-24 15:00:00,2024-10-24 22:00:00,LONG,1.0830199999999999,1.08259,-4.299999999999304,-6.157599999999003,time_stop,NY,Thursday,BULL,0.0009959514936435279,7,IS
T29225,2024-10-25 15:00:00,2024-10-27 22:00:00,SHORT,1.0794300000000001,1.07828,11.500000000002064,25.127500000004513,time_stop,NY,Friday,BEAR,0.0009215790238262118,55,IS
T29273,2024-10-29 15:00:00,2024-10-29 22:00:00,LONG,1.08192,1.08141,-5.1000000000001044,-9.450300000000194,time_stop,NY,Tuesday,BULL,0.0010903711648056092,7,IS
T29291,2024-10-30 09:00:00,2024-10-30 16:00:00,LONG,1.08501,1.08572,7.099999999999884,6.723699999999891,time_stop,LONDON,Wednesday,BULL,0.0012510344514691987,7,IS
T29320,2024-10-31 14:00:00,2024-10-31 21:00:00,LONG,1.08786,1.08782,-0.40000000000040004,-0.6792000000006793,time_stop,NY,Thursday,BULL,0.0012528420213085462,7,IS
T29340,2024-11-01 10:00:00,2024-11-03 18:00:00,SHORT,1.08471,1.08727,-25.599999999998957,-17.561599999999284,time_stop,LONDON,Friday,BEAR,0.0012624534681362968,56,IS
T29368,2024-11-04 15:00:00,2024-11-04 22:00:00,SHORT,1.0874300000000001,1.08757,-1.3999999999980695,-3.648399999994969,time_stop,NY,Monday,BEAR,0.0012163413444108927,7,IS
T29388,2024-11-05 11:00:00,2024-11-05 18:00:00,LONG,1.09212,1.09339,12.700000000001044,15.875000000001304,time_stop,LONDON,Tuesday,BULL,0.0010409521176272922,7,IS
T29460,2024-11-08 11:00:00,2024-11-10 18:00:00,SHORT,1.07083,1.07132,-4.900000000001015,-3.062500000000634,time_stop,LONDON,Friday,BEAR,0.001800679096620231,55,IS
T29507,2024-11-12 10:00:00,2024-11-12 17:00:00,SHORT,1.0607600000000001,1.06193,-11.699999999998933,-23.341499999997872,time_stop,LONDON,Tuesday,BEAR,0.0013002142839614386,7,IS
T29555,2024-11-14 10:00:00,2024-11-14 17:00:00,LONG,1.05761,1.0531,-45.100000000000136,-28.818900000000088,time_stop,LONDON,Thursday,BULL,0.0018883267824773274,7,IS
T29604,2024-11-18 11:00:00,2024-11-18 18:00:00,LONG,1.05871,1.05945,7.399999999999629,7.044799999999648,time_stop,LONDON,Monday,BULL,0.0016204797848522192,7,IS
T29651,2024-11-20 10:00:00,2024-11-20 17:00:00,SHORT,1.0520100000000001,1.05413,-21.199999999998997,-19.54639999999908,time_stop,LONDON,Wednesday,BEAR,0.0015770098029230693,7,IS
T29700,2024-11-22 11:00:00,2024-11-24 17:00:00,SHORT,1.0397,1.0479800000000001,-82.80000000000065,-87.10560000000069,stop_loss,LONDON,Friday,BEAR,0.0022806336420470585,54,IS
T29747,2024-11-26 10:00:00,2024-11-26 17:00:00,SHORT,1.04783,1.04867,-8.399999999999519,-6.837599999999608,time_stop,LONDON,Tuesday,BEAR,0.002167866453649792,7,IS
T29796,2024-11-28 11:00:00,2024-11-28 18:00:00,LONG,1.05552,1.056,4.8000000000003595,7.425600000000556,time_stop,LONDON,Thursday,BULL,0.0015681513502135613,7,IS
T29824,2024-11-29 15:00:00,2024-12-01 17:00:00,LONG,1.05836,1.0560299999999998,-23.300000000001653,-54.755000000003875,stop_loss,NY,Friday,BULL,0.001459406540804788,50,IS
T29843,2024-12-02 10:00:00,2024-12-02 17:00:00,SHORT,1.04677,1.04963,-28.600000000000847,-23.738000000000707,time_stop,LONDON,Monday,BEAR,0.0017975353634627218,7,IS
T29892,2024-12-04 11:00:00,2024-12-04 18:00:00,LONG,1.0528,1.05123,-15.699999999998493,-10.989999999998945,time_stop,LONDON,Wednesday,BULL,0.001809278499513472,7,IS
T29939,2024-12-06 10:00:00,2024-12-08 17:00:00,SHORT,1.0562,1.05624,-0.40000000000040004,-0.23040000000023042,time_stop,LONDON,Friday,BEAR,0.0016743749483931834,55,IS
T29968,2024-12-09 15:00:00,2024-12-09 22:00:00,SHORT,1.05487,1.05564,-7.699999999999374,-15.438499999998747,time_stop,NY,Monday,BEAR,0.0014438664020397602,7,IS
T29987,2024-12-10 10:00:00,2024-12-10 17:00:00,SHORT,1.05024,1.05281,-25.699999999999612,-33.538499999999495,time_stop,LONDON,Tuesday,BEAR,0.0012935242602839946,7,IS
T30040,2024-12-12 15:00:00,2024-12-12 22:00:00,SHORT,1.04658,1.04602,5.60000000000116,5.874400000001216,time_stop,NY,Thursday,BEAR,0.0018567618370598277,7,IS
T30084,2024-12-16 11:00:00,2024-12-16 18:00:00,LONG,1.0512599999999999,1.0517,4.40000000000218,4.444000000002202,time_stop,LONDON,Monday,BULL,0.0015526667757289284,7,IS
T30131,2024-12-18 10:00:00,2024-12-18 14:00:00,SHORT,1.04725,1.0377900000000002,94.59999999999802,118.06079999999751,take_profit,LONDON,Wednesday,BEAR,0.0012084087932168822,4,IS
T30155,2024-12-19 10:00:00,2024-12-19 17:00:00,SHORT,1.03786,1.03647,13.900000000000023,15.359500000000027,time_stop,LONDON,Thursday,BEAR,0.0017621289627478892,7,IS
T30228,2024-12-24 11:00:00,2024-12-24 18:00:00,SHORT,1.03862,1.03952,-8.999999999999009,-14.741999999998376,time_stop,LONDON,Tuesday,BEAR,0.0011846923630314068,7,IS
T30286,2024-12-27 11:00:00,2024-12-29 18:00:00,SHORT,1.0420800000000001,1.04292,-8.399999999999519,-17.10239999999902,time_stop,LONDON,Friday,BEAR,0.0010580014650858176,55,IS
T30333,2024-12-31 10:00:00,2025-01-01 17:00:00,SHORT,1.03534,1.0355,-1.6000000000016001,-1.4256000000014257,time_stop,LONDON,Tuesday,BEAR,0.0014047300266745116,31,IS
T30387,2025-01-03 16:00:00,2025-01-05 23:00:00,LONG,1.0307899999999999,1.03151,7.200000000000539,17.582400000001318,time_stop,NY,Friday,BULL,0.001344898643041522,55,IS
T30429,2025-01-07 10:00:00,2025-01-07 15:00:00,SHORT,1.03714,1.03448,26.599999999998847,30.66979999999867,take_profit,LONDON,Tuesday,BEAR,0.001788455734286093,5,IS
T30454,2025-01-08 11:00:00,2025-01-08 18:00:00,LONG,1.03138,1.03132,-0.5999999999994898,-0.7109999999993954,time_stop,LONDON,Wednesday,BULL,0.0016309625253330558,7,IS
T30531,2025-01-13 16:00:00,2025-01-13 23:00:00,LONG,1.02454,1.02502,4.8000000000003595,4.915200000000368,time_stop,NY,Monday,BULL,0.0016303002556867945,7,IS
T30549,2025-01-14 10:00:00,2025-01-14 17:00:00,LONG,1.02962,1.03069,10.700000000001264,7.811000000000923,time_stop,LONDON,Tuesday,BULL,0.001774156206276312,7,IS
T30598,2025-01-16 11:00:00,2025-01-16 18:00:00,LONG,1.0303499999999999,1.03014,-2.0999999999982144,-1.919399999998368,time_stop,LONDON,Thursday,BULL,0.0015827552493490262,7,IS
T30627,2025-01-17 16:00:00,2025-01-19 22:00:00,SHORT,1.02697,1.0306700000000002,-37.000000000002586,-64.23200000000449,stop_loss,NY,Friday,BEAR,0.001373454563343907,54,IS
T30669,2025-01-21 10:00:00,2025-01-21 17:00:00,LONG,1.04019,1.04261,24.200000000000887,19.263200000000708,time_stop,LONDON,Tuesday,BULL,0.002189419059169877,7,IS
T30699,2025-01-22 16:00:00,2025-01-22 23:00:00,SHORT,1.04064,1.04107,-4.299999999999304,-10.027599999998378,time_stop,NY,Wednesday,BEAR,0.0015062778655718112,7,IS
T30723,2025-01-23 16:00:00,2025-01-23 21:00:00,SHORT,1.04135,1.04491,-35.60000000000007,-58.56200000000013,stop_loss,NY,Thursday,BEAR,0.0014900271341496112,5,IS
T30741,2025-01-24 10:00:00,2025-01-26 17:00:00,LONG,1.05175,1.0482,-35.49999999999942,-25.666499999999584,time_stop,LONDON,Friday,BULL,0.0016951941397185292,55,IS
T30814,2025-01-29 11:00:00,2025-01-29 18:00:00,LONG,1.04169,1.04245,7.600000000000939,8.436000000001043,time_stop,LONDON,Wednesday,BULL,0.0014039173761624607,7,IS
T30842,2025-01-30 15:00:00,2025-01-30 22:00:00,SHORT,1.0406,1.03848,21.199999999998997,33.72919999999841,time_stop,NY,Thursday,BEAR,0.0017433619817156692,7,IS
T30862,2025-01-31 11:00:00,2025-01-31 16:00:00,LONG,1.04009,1.0359699999999998,-41.20000000000123,-46.6384000000014,stop_loss,LONDON,Friday,BULL,0.0016816886531873178,5,IS
T30885,2025-02-03 10:00:00,2025-02-03 17:00:00,LONG,1.0317399999999999,1.0341,23.600000000001398,13.074400000000775,time_stop,LONDON,Monday,BULL,0.0028623314414976384,7,IS
T30939,2025-02-05 16:00:00,2025-02-05 23:00:00,SHORT,1.0400800000000001,1.03869,13.900000000002244,25.506500000004117,time_stop,NY,Wednesday,BEAR,0.0015912006340443963,7,IS
T30982,2025-02-07 11:00:00,2025-02-09 18:00:00,SHORT,1.03263,1.03095,16.799999999999038,7.643999999999561,time_stop,LONDON,Friday,BEAR,0.0017665525449284056,55,IS
T31029,2025-02-11 10:00:00,2025-02-11 17:00:00,LONG,1.0341099999999999,1.03607,19.600000000001838,30.43880000000285,time_stop,LONDON,Tuesday,BULL,0.0011167983964105053,7,IS
T31078,2025-02-13 11:00:00,2025-02-13 18:00:00,LONG,1.04286,1.04614,32.80000000000172,24.23920000000127,time_stop,LONDON,Thursday,BULL,0.0018541144362714008,7,IS
T31106,2025-02-14 15:00:00,2025-02-16 22:00:00,SHORT,1.04905,1.04945,-3.9999999999995595,-8.763999999999035,time_stop,NY,Friday,BEAR,0.0015806791893483577,55,IS
T31131,2025-02-17 16:00:00,2025-02-17 19:00:00,LONG,1.04853,1.04745,-10.799999999999699,-61.462799999998296,stop_loss,NY,Monday,BULL,0.0010543980731904494,3,IS
T31174,2025-02-19 11:00:00,2025-02-19 18:00:00,SHORT,1.04031,1.04206,-17.499999999999183,-19.494999999999088,time_stop,LONDON,Wednesday,BEAR,0.0011155906064158603,7,IS
T31222,2025-02-21 11:00:00,2025-02-23 18:00:00,SHORT,1.04531,1.04736,-20.500000000001073,-20.213000000001056,time_stop,LONDON,Friday,BEAR,0.0013292401310687398,55,IS
T31251,2025-02-24 16:00:00,2025-02-24 23:00:00,SHORT,1.04658,1.0473,-7.199999999998319,-13.75199999999679,time_stop,NY,Monday,BEAR,0.0014146441459851433,7,IS
T10,2025-02-26 11:00:00,2025-02-26 18:00:00,LONG,1.05148,1.04876,-27.200000000000557,-34.598400000000716,time_stop,LONDON,Wednesday,BULL,,7,OOS
T39,2025-02-27 16:00:00,2025-02-27 23:00:00,SHORT,1.03965,1.03864,10.099999999999554,22.977499999998987,time_stop,NY,Thursday,BEAR,0.0014249417956699666,7,OOS
T82,2025-03-03 11:00:00,2025-03-03 18:00:00,LONG,1.04973,1.04851,-12.199999999999989,-15.664799999999985,time_stop,LONDON,Monday,BULL,0.0016121435548220725,7,OOS
T110,2025-03-04 15:00:00,2025-03-04 22:00:00,LONG,1.06095,1.0618,8.500000000000174,5.8310000000001185,time_stop,NY,Tuesday,BULL,0.002055900766965658,7,OOS
T134,2025-03-05 15:00:00,2025-03-05 22:00:00,LONG,1.07933,1.07893,-3.9999999999995595,-6.563999999999276,time_stop,NY,Wednesday,BULL,0.0024241725004157935,7,OOS
T231,2025-03-11 15:00:00,2025-03-11 22:00:00,SHORT,1.09168,1.0897,19.800000000000928,31.73940000000149,time_stop,NY,Tuesday,BEAR,0.0019464415174260841,7,OOS
T278,2025-03-13 14:00:00,2025-03-13 21:00:00,SHORT,1.08469,1.08401,6.800000000000139,12.505200000000256,time_stop,NY,Thursday,BEAR,0.0018245622330487063,7,OOS
T321,2025-03-17 09:00:00,2025-03-17 16:00:00,LONG,1.09171,1.09212,4.100000000000215,6.646100000000348,time_stop,LONDON,Monday,BULL,0.0014841040818234454,7,OOS
T369,2025-03-19 09:00:00,2025-03-19 16:00:00,SHORT,1.08825,1.0904,-21.500000000000963,-30.18600000000135,time_stop,LONDON,Wednesday,BEAR,0.0014485895848105703,7,OOS
T398,2025-03-20 14:00:00,2025-03-20 21:00:00,LONG,1.08542,1.08441,-10.099999999999554,-31.34029999999862,time_stop,NY,Thursday,BULL,0.0015751825692031846,7,OOS
T418,2025-03-21 10:00:00,2025-03-23 17:00:00,SHORT,1.08049,1.08195,-14.600000000000168,-12.760400000000148,time_stop,LONDON,Friday,BEAR,0.0015530912542485226,55,OOS
T466,2025-03-25 10:00:00,2025-03-25 17:00:00,SHORT,1.08017,1.07883,13.400000000001189,22.90060000000203,time_stop,LONDON,Tuesday,BEAR,0.001471948226336444,7,OOS
T494,2025-03-26 14:00:00,2025-03-26 21:00:00,SHORT,1.0749900000000001,1.07758,-25.899999999998702,-32.29729999999839,time_stop,NY,Wednesday,BEAR,0.0014227959520816996,7,OOS
T514,2025-03-27 10:00:00,2025-03-27 17:00:00,LONG,1.08008,1.07963,-4.499999999998394,-8.806499999996857,time_stop,LONDON,Thursday,BULL,0.0016346386624854976,7,OOS
T589,2025-04-01 15:00:00,2025-04-01 22:00:00,SHORT,1.07883,1.07942,-5.9000000000009045,-17.133600000002627,time_stop,NY,Tuesday,BEAR,0.0014130839022025654,7,OOS
T607,2025-04-02 09:00:00,2025-04-02 16:00:00,LONG,1.0827499999999999,1.0849,21.500000000000963,28.487500000001276,time_stop,LONDON,Wednesday,BULL,0.0012946464059492352,7,OOS
T680,2025-04-07 10:00:00,2025-04-07 17:00:00,SHORT,1.09206,1.09099,10.700000000001264,7.44720000000088,time_stop,LONDON,Monday,BEAR,0.004282934689811932,7,OOS
T709,2025-04-08 15:00:00,2025-04-08 22:00:00,LONG,1.09553,1.10196,64.30000000000157,55.426600000001365,time_stop,NY,Tuesday,BULL,0.003141754254981122,7,OOS
T733,2025-04-09 15:00:00,2025-04-09 22:00:00,SHORT,1.09327,1.09715,-38.800000000001056,-14.782800000000403,time_stop,NY,Wednesday,BEAR,0.004076925126897036,7,OOS
T752,2025-04-10 10:00:00,2025-04-10 17:00:00,LONG,1.11865,1.11888,2.300000000001745,0.9545000000007243,time_stop,LONDON,Thursday,BULL,0.003544483318577725,7,OOS
T799,2025-04-14 09:00:00,2025-04-14 16:00:00,SHORT,1.13257,1.13496,-23.899999999998922,-14.770199999999335,time_stop,LONDON,Monday,BEAR,0.004058580924246941,7,OOS
T848,2025-04-16 10:00:00,2025-04-16 17:00:00,LONG,1.1385,1.13951,10.099999999999554,11.069599999999511,time_stop,LONDON,Wednesday,BULL,0.002578034346981753,7,OOS
T877,2025-04-17 15:00:00,2025-04-17 22:00:00,LONG,1.13744,1.13724,-1.9999999999997797,-2.829999999999688,time_stop,NY,Thursday,BULL,0.0023122251499329196,7,OOS
T896,2025-04-18 10:00:00,2025-04-20 17:00:00,LONG,1.13973,1.14245,27.200000000000557,51.054400000001046,time_stop,LONDON,Friday,BULL,0.0014936747537981744,55,OOS
T948,2025-04-22 14:00:00,2025-04-22 17:00:00,SHORT,1.14255,1.1362800000000002,62.69999999999776,71.66609999999744,take_profit,NY,Tuesday,BEAR,0.0023903757666381,3,OOS
T967,2025-04-23 09:00:00,2025-04-23 16:00:00,SHORT,1.13323,1.13123,20.000000000000018,11.480000000000011,time_stop,LONDON,Wednesday,BEAR,0.0030254824588314766,7,OOS
T1016,2025-04-25 10:00:00,2025-04-27 17:00:00,LONG,1.13696,1.13583,-11.300000000000754,-23.142400000001548,time_stop,LONDON,Friday,BULL,0.0021632258421780885,55,OOS
T1068,2025-04-29 14:00:00,2025-04-29 21:00:00,SHORT,1.13809,1.13584,22.500000000000853,29.497500000001118,time_stop,NY,Tuesday,BEAR,0.002148478217049185,7,OOS
T1093,2025-04-30 15:00:00,2025-04-30 22:00:00,SHORT,1.1328500000000001,1.1315,13.500000000001844,18.522000000002528,time_stop,NY,Wednesday,BEAR,0.002081402336781128,7,OOS
T1136,2025-05-02 10:00:00,2025-05-02 13:00:00,LONG,1.13695,1.1303299999999998,-66.2000000000007,-50.64300000000054,stop_loss,LONDON,Friday,BULL,0.002244691242264375,3,OOS
T1183,2025-05-06 09:00:00,2025-05-06 16:00:00,LONG,1.13543,1.1367,12.700000000001044,16.68780000000137,time_stop,LONDON,Tuesday,BULL,0.0018994502194387404,7,OOS
T1212,2025-05-07 14:00:00,2025-05-07 16:00:00,SHORT,1.13323,1.13003,31.999999999998696,71.90399999999707,take_profit,NY,Wednesday,BEAR,0.001945856830832401,2,OOS
T1256,2025-05-09 10:00:00,2025-05-11 17:00:00,LONG,1.1268799999999999,1.12107,-58.09999999999871,-113.35309999999747,time_stop,LONDON,Friday,BULL,0.001814521605555063,55,OOS
T1303,2025-05-13 09:00:00,2025-05-13 14:00:00,LONG,1.11367,1.11842,47.50000000000032,69.30250000000046,take_profit,LONDON,Tuesday,BULL,0.0018539197040259938,5,OOS
T1333,2025-05-14 15:00:00,2025-05-14 22:00:00,SHORT,1.11659,1.11945,-28.600000000000847,-30.258800000000896,time_stop,NY,Wednesday,BEAR,0.0019705553528465932,7,OOS
T1399,2025-05-19 09:00:00,2025-05-19 16:00:00,SHORT,1.125,1.12406,9.399999999999409,15.472399999999025,time_stop,LONDON,Monday,BEAR,0.0018415303217722023,7,OOS
T1429,2025-05-20 15:00:00,2025-05-20 22:00:00,LONG,1.12817,1.13219,40.200000000001346,54.27000000000182,time_stop,NY,Tuesday,BULL,0.0016796014469372769,7,OOS
T1453,2025-05-21 15:00:00,2025-05-21 22:00:00,SHORT,1.13175,1.13385,-20.999999999999908,-23.183999999999898,time_stop,NY,Wednesday,BEAR,0.0018184266134259788,7,OOS
T1471,2025-05-22 09:00:00,2025-05-22 16:00:00,SHORT,1.12818,1.12782,3.5999999999991594,5.4071999999987375,time_stop,LONDON,Thursday,BEAR,0.001895646919348908,7,OOS
T1568,2025-05-28 10:00:00,2025-05-28 17:00:00,SHORT,1.13008,1.1294,6.800000000000139,12.076800000000247,time_stop,LONDON,Wednesday,BEAR,0.0015279663230237358,7,OOS
T1644,2025-06-02 14:00:00,2025-06-02 21:00:00,LONG,1.14427,1.14277,-14.999999999998348,-23.909999999997364,time_stop,NY,Monday,BULL,0.0017797695701631808,7,OOS
T1688,2025-06-04 10:00:00,2025-06-04 17:00:00,LONG,1.14339,1.14173,-16.599999999999948,-14.574799999999955,time_stop,LONDON,Wednesday,BULL,0.0016934516888327707,7,OOS
T1764,2025-06-09 14:00:00,2025-06-09 21:00:00,LONG,1.1429099999999999,1.13967,-32.399999999999096,-111.65039999999689,time_stop,NY,Monday,BULL,0.001425975769099299,7,OOS
T1783,2025-06-10 09:00:00,2025-06-10 16:00:00,LONG,1.1443999999999999,1.14217,-22.299999999999542,-43.641099999999106,time_stop,LONDON,Tuesday,BULL,0.0015124843463866482,7,OOS
T1879,2025-06-16 09:00:00,2025-06-16 15:00:00,LONG,1.1602299999999999,1.15549,-47.399999999999665,-70.5785999999995,stop_loss,LONDON,Monday,BULL,0.0018263196968786016,6,OOS
T1933,2025-06-18 15:00:00,2025-06-18 22:00:00,SHORT,1.1472900000000001,1.1455,17.900000000001803,16.79020000000169,time_stop,NY,Wednesday,BEAR,0.0019965141881541325,7,OOS
T1956,2025-06-19 14:00:00,2025-06-19 21:00:00,LONG,1.14861,1.15131,27.000000000001467,41.33700000000225,time_stop,NY,Thursday,BULL,0.0016562766456914935,7,OOS
T2000,2025-06-23 10:00:00,2025-06-23 13:00:00,LONG,1.1532,1.15686,36.599999999999966,24.046199999999974,take_profit,LONDON,Monday,BULL,0.0020836327682636907,3,OOS
T2005,2025-06-23 15:00:00,2025-06-23 22:00:00,LONG,1.15795,1.16,20.499999999998852,25.72749999999856,time_stop,NY,Monday,BULL,0.0021244117949577967,7,OOS
T2048,2025-06-25 10:00:00,2025-06-25 14:00:00,LONG,1.1622299999999999,1.16603,38.000000000000256,57.64600000000039,take_profit,LONDON,Wednesday,BULL,0.0016543585875471536,4,OOS
T2120,2025-06-30 10:00:00,2025-06-30 14:00:00,LONG,1.17398,1.17752,35.39999999999876,53.843399999998134,take_profit,LONDON,Monday,BULL,0.001787056362365699,4,OOS
T2143,2025-07-01 09:00:00,2025-07-01 11:00:00,SHORT,1.1800300000000001,1.1776300000000002,23.999999999999577,61.67999999999892,take_profit,LONDON,Tuesday,BEAR,0.0017136868845373516,2,OOS
T2149,2025-07-01 15:00:00,2025-07-01 22:00:00,LONG,1.17922,1.18002,8.00000000000134,12.77600000000214,time_stop,NY,Tuesday,BULL,0.001657859138612578,7,OOS
T2173,2025-07-02 15:00:00,2025-07-02 22:00:00,LONG,1.18034,1.17977,-5.699999999999594,-15.543899999998894,time_stop,NY,Wednesday,BULL,0.0015261052314224158,7,OOS
T2240,2025-07-07 10:00:00,2025-07-07 12:00:00,LONG,1.1739899999999999,1.1693399999999998,-46.500000000000426,-103.83450000000096,stop_loss,LONDON,Monday,BULL,0.0012411168325306497,2,OOS
T2263,2025-07-08 09:00:00,2025-07-08 16:00:00,SHORT,1.17036,1.17246,-20.999999999999908,-29.81999999999987,time_stop,LONDON,Tuesday,BEAR,0.0014951300407468364,7,OOS
T2292,2025-07-09 14:00:00,2025-07-09 19:00:00,LONG,1.1714499999999999,1.17373,22.800000000000598,78.47760000000206,take_profit,NY,Wednesday,BULL,0.0014579093277704786,5,OOS
T2311,2025-07-10 09:00:00,2025-07-10 16:00:00,SHORT,1.16912,1.17002,-9.00000000000123,-11.718000000001602,time_stop,LONDON,Thursday,BEAR,0.0012741584186831507,7,OOS
T2383,2025-07-15 09:00:00,2025-07-15 12:00:00,SHORT,1.16416,1.15965,45.100000000000136,45.46080000000014,take_profit,LONDON,Tuesday,BEAR,0.001402224680100379,3,OOS
T2407,2025-07-16 09:00:00,2025-07-16 11:00:00,SHORT,1.1571,1.16291,-58.100000000000925,-58.21620000000093,stop_loss,LONDON,Wednesday,BEAR,0.001363570313864103,2,OOS
T2455,2025-07-18 09:00:00,2025-07-18 12:00:00,LONG,1.16672,1.16279,-39.29999999999989,-69.67889999999981,stop_loss,LONDON,Friday,BULL,0.001386706502999856,3,OOS
T2480,2025-07-21 10:00:00,2025-07-21 17:00:00,LONG,1.16978,1.169,-7.800000000000029,-7.222800000000027,time_stop,LONDON,Monday,BULL,0.001374846709808484,7,OOS
T2532,2025-07-23 14:00:00,2025-07-23 21:00:00,LONG,1.17725,1.17748,2.300000000001745,3.7927000000028777,time_stop,NY,Wednesday,BULL,0.0014793396500329212,7,OOS
T2552,2025-07-24 10:00:00,2025-07-24 17:00:00,LONG,1.17671,1.17466,-20.499999999998852,-28.638499999998395,time_stop,LONDON,Thursday,BULL,0.0015084888472501068,7,OOS
T2580,2025-07-25 14:00:00,2025-07-27 21:00:00,LONG,1.1746699999999999,1.17523,5.60000000000116,10.259200000002124,time_stop,NY,Friday,BULL,0.001426760109961669,55,OOS
T2599,2025-07-28 09:00:00,2025-07-28 12:00:00,SHORT,1.16317,1.15996,32.09999999999935,47.28329999999904,take_profit,LONDON,Monday,BEAR,0.0017827842878024493,3,OOS
T2624,2025-07-29 10:00:00,2025-07-29 17:00:00,SHORT,1.15215,1.15476,-26.100000000000012,-24.22080000000001,time_stop,LONDON,Tuesday,BEAR,0.0019299349348737475,7,OOS
T2653,2025-07-30 15:00:00,2025-07-30 22:00:00,SHORT,1.14225,1.14289,-6.399999999999739,-5.318399999999783,time_stop,NY,Wednesday,BEAR,0.002067036791810572,7,OOS
T2671,2025-07-31 09:00:00,2025-07-31 16:00:00,SHORT,1.141,1.14139,-3.8999999999989043,-4.679999999998685,time_stop,LONDON,Thursday,BEAR,0.0019606600749656504,7,OOS
T2767,2025-08-06 09:00:00,2025-08-06 16:00:00,LONG,1.1637,1.16594,22.400000000000198,28.00000000000025,time_stop,LONDON,Wednesday,BULL,0.001496830543349687,7,OOS
T2796,2025-08-07 14:00:00,2025-08-07 15:00:00,SHORT,1.16206,1.16548,-34.19999999999978,-69.32339999999957,stop_loss,NY,Thursday,BEAR,0.0016883810900074584,1,OOS
T2816,2025-08-08 10:00:00,2025-08-10 17:00:00,LONG,1.1657199999999999,1.16453,-11.899999999998023,-25.834899999995706,time_stop,LONDON,Friday,BULL,0.0015840487669209488,55,OOS
T2864,2025-08-12 10:00:00,2025-08-12 17:00:00,LONG,1.16592,1.16729,13.699999999998713,11.110699999998957,time_stop,LONDON,Tuesday,BULL,0.001642937655674429,7,OOS
T2892,2025-08-13 14:00:00,2025-08-13 21:00:00,SHORT,1.16991,1.17128,-13.700000000000934,-41.14110000000281,time_stop,NY,Wednesday,BEAR,0.0013748133149592676,7,OOS
T2935,2025-08-15 09:00:00,2025-08-15 16:00:00,LONG,1.1703999999999999,1.17026,-1.3999999999980695,-2.199399999996967,time_stop,LONDON,Friday,BULL,0.0012746327463821036,7,OOS
T2984,2025-08-19 10:00:00,2025-08-19 17:00:00,SHORT,1.16706,1.16449,25.699999999999612,55.460599999999154,time_stop,LONDON,Tuesday,BEAR,0.0012163328890406305,7,OOS
T3031,2025-08-21 09:00:00,2025-08-21 16:00:00,SHORT,1.16192,1.16052,14.000000000000679,18.00400000000087,time_stop,LONDON,Thursday,BEAR,0.0013661204494727853,7,OOS
T3084,2025-08-25 14:00:00,2025-08-25 21:00:00,SHORT,1.16191,1.16417,-22.599999999999287,-22.147999999999303,time_stop,NY,Monday,BEAR,0.001574150355742914,7,OOS
T3224,2025-09-02 10:00:00,2025-09-02 17:00:00,LONG,1.16636,1.16412,-22.400000000000198,-21.61600000000019,time_stop,LONDON,Tuesday,BULL,0.0017221525666147406,7,OOS
T3253,2025-09-03 15:00:00,2025-09-03 22:00:00,SHORT,1.1656900000000001,1.16528,4.100000000000215,9.585800000000502,time_stop,NY,Wednesday,BEAR,0.0014556930773332013,7,OOS
T3277,2025-09-04 15:00:00,2025-09-04 22:00:00,LONG,1.1652099999999999,1.16683,16.20000000000177,42.26580000000462,time_stop,NY,Thursday,BULL,0.0013261022215937592,7,OOS
T3300,2025-09-05 14:00:00,2025-09-07 21:00:00,SHORT,1.17156,1.17127,2.8999999999990145,3.2624999999988913,time_stop,NY,Friday,BEAR,0.0016407229582401086,55,OOS
T3319,2025-09-08 09:00:00,2025-09-08 16:00:00,LONG,1.17523,1.17629,10.600000000000609,17.511200000001008,time_stop,LONDON,Monday,BULL,0.0013529687295032423,7,OOS
T3348,2025-09-09 14:00:00,2025-09-09 21:00:00,SHORT,1.17049,1.16991,5.800000000000249,11.362200000000488,time_stop,NY,Tuesday,BEAR,0.0014406960106173854,7,OOS
T3368,2025-09-10 10:00:00,2025-09-10 17:00:00,LONG,1.1729,1.16986,-30.400000000001537,-39.337600000001984,time_stop,LONDON,Wednesday,BULL,0.0015405068242789837,7,OOS
T3420,2025-09-12 14:00:00,2025-09-14 21:00:00,LONG,1.17422,1.17276,-14.600000000000168,-22.060600000000257,time_stop,NY,Friday,BULL,0.001313653388434203,55,OOS
T3463,2025-09-16 09:00:00,2025-09-16 16:00:00,LONG,1.18252,1.18668,41.59999999999941,57.99039999999919,time_stop,LONDON,Tuesday,BULL,0.0012960333987043118,7,OOS
T3493,2025-09-17 15:00:00,2025-09-17 22:00:00,SHORT,1.18231,1.18194,3.6999999999998145,5.479699999999726,time_stop,NY,Wednesday,BEAR,0.0016975645662813082,7,OOS
T3511,2025-09-18 09:00:00,2025-09-18 16:00:00,SHORT,1.17656,1.17856,-20.000000000000018,-13.94000000000001,time_stop,LONDON,Thursday,BEAR,0.0019079550921105835,7,OOS
T3565,2025-09-22 15:00:00,2025-09-22 22:00:00,LONG,1.1801,1.18042,3.20000000000098,5.26080000000161,time_stop,NY,Monday,BULL,0.0012549981372089586,7,OOS
T3607,2025-09-24 09:00:00,2025-09-24 16:00:00,SHORT,1.17371,1.17374,-0.2999999999997449,-0.6935999999994102,time_stop,LONDON,Wednesday,BEAR,0.0012327566121755203,7,OOS
T3656,2025-09-26 10:00:00,2025-09-28 17:00:00,LONG,1.16925,1.17038,11.300000000000754,18.351200000001224,time_stop,LONDON,Friday,BULL,0.0013455842899931273,55,OOS
T3703,2025-09-30 09:00:00,2025-09-30 10:00:00,SHORT,1.17289,1.1750200000000002,-21.300000000001873,-52.2276000000046,stop_loss,LONDON,Tuesday,BEAR,0.0012373280832025158,1,OOS
T3751,2025-10-02 09:00:00,2025-10-02 16:00:00,SHORT,1.17209,1.17154,5.5000000000005045,7.1995000000006595,time_stop,LONDON,Thursday,BEAR,0.0013819369314000205,7,OOS
T3799,2025-10-06 09:00:00,2025-10-06 16:00:00,LONG,1.17007,1.17104,9.700000000001374,11.009500000001559,time_stop,LONDON,Monday,BULL,0.0015211979205400229,7,OOS
T3829,2025-10-07 15:00:00,2025-10-07 21:00:00,SHORT,1.16487,1.1627,21.700000000000053,32.832100000000075,take_profit,NY,Tuesday,BEAR,0.0012664678053711687,6,OOS
T3872,2025-10-09 10:00:00,2025-10-09 14:00:00,SHORT,1.15795,1.1546800000000002,32.69999999999884,37.96469999999866,take_profit,LONDON,Thursday,BEAR,0.0013991692865310465,4,OOS
T3920,2025-10-13 10:00:00,2025-10-13 17:00:00,SHORT,1.15599,1.15713,-11.399999999999189,-16.427399999998833,time_stop,LONDON,Monday,BEAR,0.0015303882716325484,7,OOS
T3973,2025-10-15 15:00:00,2025-10-15 21:00:00,LONG,1.16454,1.16691,23.699999999999832,61.83329999999957,take_profit,NY,Wednesday,BULL,0.0013341971453376617,6,OOS
T4045,2025-10-20 15:00:00,2025-10-20 22:00:00,SHORT,1.16394,1.1634,5.399999999999849,14.029199999999607,time_stop,NY,Monday,BEAR,0.0011260966174340315,7,OOS
T4088,2025-10-22 10:00:00,2025-10-22 17:00:00,LONG,1.16123,1.16114,-0.8999999999992347,-1.2545999999989332,time_stop,LONDON,Wednesday,BULL,0.0010517680755248796,7,OOS
T4116,2025-10-23 14:00:00,2025-10-23 21:00:00,LONG,1.16187,1.16094,-9.299999999998754,-31.043399999995838,time_stop,NY,Thursday,BULL,0.000969952430713148,7,OOS
T4190,2025-10-28 15:00:00,2025-10-28 22:00:00,SHORT,1.16492,1.16369,12.300000000000644,30.799200000001616,time_stop,NY,Tuesday,BEAR,0.001128022394914839,7,OOS
T4209,2025-10-29 10:00:00,2025-10-29 13:00:00,LONG,1.1664999999999999,1.15936,-71.39999999999924,-94.105199999999,stop_loss,LONDON,Wednesday,BULL,0.0012140907879353438,3,OOS
T4281,2025-11-03 11:00:00,2025-11-03 18:00:00,LONG,1.15319,1.15184,-13.499999999999623,-24.488999999999315,time_stop,LONDON,Monday,BULL,0.0011308849212005453,7,OOS
T4333,2025-11-05 15:00:00,2025-11-05 20:00:00,LONG,1.14896,1.1506699999999999,17.099999999998783,73.27349999999478,take_profit,NY,Wednesday,BULL,0.0010217397283427295,5,OOS
T4401,2025-11-10 11:00:00,2025-11-10 18:00:00,SHORT,1.1543400000000001,1.15565,-13.099999999999223,-18.79849999999888,time_stop,LONDON,Monday,BEAR,0.0011832124427930092,7,OOS
T4429,2025-11-11 15:00:00,2025-11-11 22:00:00,SHORT,1.15819,1.15775,4.3999999999999595,15.404399999999859,time_stop,NY,Tuesday,BEAR,0.0010385404180737222,7,OOS
T4448,2025-11-12 10:00:00,2025-11-12 17:00:00,LONG,1.1595199999999999,1.15895,-5.699999999999594,-8.641199999999387,time_stop,LONDON,Wednesday,BULL,0.001031787730611333,7,OOS
T4477,2025-11-13 15:00:00,2025-11-13 22:00:00,SHORT,1.16316,1.16383,-6.699999999999484,-16.093399999998763,time_stop,NY,Thursday,BEAR,0.0011587349802633917,7,OOS
T4497,2025-11-14 11:00:00,2025-11-16 18:00:00,SHORT,1.16154,1.16147,0.700000000000145,0.9044000000001874,time_stop,LONDON,Friday,BEAR,0.001320572968271463,55,OOS
T4545,2025-11-18 11:00:00,2025-11-18 18:00:00,SHORT,1.15775,1.158,-2.4999999999986144,-4.9374999999972635,time_stop,LONDON,Tuesday,BEAR,0.001046339509297822,7,OOS
T4616,2025-11-21 10:00:00,2025-11-23 17:00:00,SHORT,1.15016,1.15114,-9.799999999999809,-18.98259999999963,time_stop,LONDON,Friday,BEAR,0.0013231304115071494,55,OOS
T4688,2025-11-26 10:00:00,2025-11-26 17:00:00,LONG,1.15907,1.15944,3.6999999999998145,4.177299999999791,time_stop,LONDON,Wednesday,BULL,0.0014875831786614615,7,OOS
T4736,2025-11-28 10:00:00,2025-11-30 17:00:00,LONG,1.16087,1.15987,-10.000000000001119,-10.65000000000119,time_stop,LONDON,Friday,BULL,0.0011596891169734617,55,OOS
T4785,2025-12-02 11:00:00,2025-12-02 15:00:00,SHORT,1.1594,1.1624800000000002,-30.800000000001937,-51.89800000000327,stop_loss,LONDON,Tuesday,BEAR,0.001031137601103814,4,OOS
T4837,2025-12-04 15:00:00,2025-12-04 22:00:00,SHORT,1.1642700000000001,1.16489,-6.199999999998429,-17.40339999999559,time_stop,NY,Thursday,BEAR,0.0010445531837163162,7,OOS
T4880,2025-12-08 10:00:00,2025-12-08 17:00:00,SHORT,1.16236,1.16354,-11.799999999999589,-17.062799999999406,time_stop,LONDON,Monday,BEAR,0.0010248726793882536,7,OOS
T4929,2025-12-10 11:00:00,2025-12-10 14:00:00,LONG,1.1651099999999999,1.16777,26.600000000001067,54.503400000002195,take_profit,LONDON,Wednesday,BULL,0.0010095563848416583,3,OOS
T4952,2025-12-11 10:00:00,2025-12-11 17:00:00,LONG,1.17576,1.17386,-19.000000000000128,-21.05200000000014,time_stop,LONDON,Thursday,BULL,0.0012445988453678844,7,OOS
T5048,2025-12-17 10:00:00,2025-12-17 17:00:00,LONG,1.1754,1.17387,-15.300000000000313,-21.771900000000446,time_stop,LONDON,Wednesday,BULL,0.0013392321061357505,7,OOS
T5102,2025-12-19 16:00:00,2025-12-21 23:00:00,SHORT,1.1709,1.17199,-10.900000000000354,-28.75420000000093,time_stop,NY,Friday,BEAR,0.0011392615410425009,55,OOS
T5126,2025-12-22 16:00:00,2025-12-22 21:00:00,LONG,1.17625,1.1777,14.499999999999513,49.70599999999833,take_profit,NY,Monday,BULL,0.0010469305209602558,5,OOS
T5150,2025-12-23 16:00:00,2025-12-23 23:00:00,LONG,1.17953,1.17911,-4.199999999998649,-7.858199999997472,time_stop,NY,Tuesday,BULL,0.0010039245785355999,7,OOS
T5203,2025-12-26 11:00:00,2025-12-28 18:00:00,SHORT,1.1763700000000001,1.17722,-8.499999999997954,-12.58849999999697,time_stop,LONDON,Friday,BEAR,0.0010365513410685286,55,OOS
T5232,2025-12-29 16:00:00,2025-12-29 23:00:00,LONG,1.1773099999999999,1.17768,3.700000000002035,7.914300000004353,time_stop,NY,Monday,BULL,0.0011340618042085559,7,OOS
T5255,2025-12-30 15:00:00,2025-12-30 22:00:00,SHORT,1.17424,1.17426,-0.20000000000131024,-0.5670000000037145,time_stop,NY,Tuesday,BEAR,0.0010075707761232956,7,OOS
T5280,2025-12-31 16:00:00,2026-01-01 23:00:00,LONG,1.17468,1.17553,8.500000000000174,24.3695000000005,time_stop,NY,Wednesday,BULL,0.0011083203528207588,31,OOS
T5298,2026-01-02 10:00:00,2026-01-04 17:00:00,LONG,1.17517,1.17109,-40.800000000000836,-55.610400000001135,time_stop,LONDON,Friday,BULL,0.0011089768068969974,55,OOS
T5346,2026-01-06 10:00:00,2026-01-06 17:00:00,SHORT,1.16939,1.16879,5.999999999999339,12.281999999998646,time_stop,LONDON,Tuesday,BEAR,0.0012506838459636592,7,OOS
T5376,2026-01-07 16:00:00,2026-01-07 23:00:00,SHORT,1.16719,1.16803,-8.399999999999519,-21.671999999998757,time_stop,NY,Wednesday,BEAR,0.000992853409677025,7,OOS
T5395,2026-01-08 11:00:00,2026-01-08 18:00:00,SHORT,1.16531,1.16578,-4.699999999999704,-9.193199999999422,time_stop,LONDON,Thursday,BEAR,0.0009052507691581411,7,OOS
T5447,2026-01-12 15:00:00,2026-01-12 22:00:00,SHORT,1.1663700000000001,1.16586,5.100000000002325,23.439600000010685,time_stop,NY,Monday,BEAR,0.0011703731082377635,7,OOS
T5467,2026-01-13 11:00:00,2026-01-13 18:00:00,SHORT,1.1644400000000001,1.1642,2.4000000000024,3.511200000003512,time_stop,LONDON,Tuesday,BEAR,0.001182320143576064,7,OOS
T5520,2026-01-15 16:00:00,2026-01-15 23:00:00,SHORT,1.16065,1.16107,-4.20000000000087,-17.8668000000037,time_stop,NY,Thursday,BEAR,0.0009888185331254342,7,OOS
T5539,2026-01-16 11:00:00,2026-01-18 18:00:00,SHORT,1.15969,1.16241,-27.199999999998337,-54.04639999999669,time_stop,LONDON,Friday,BEAR,0.0010229240294108543,55,OOS
T5611,2026-01-21 11:00:00,2026-01-21 18:00:00,SHORT,1.1702000000000001,1.16728,29.200000000000337,34.5144000000004,time_stop,LONDON,Wednesday,BEAR,0.0014555634894946644,7,OOS
T5639,2026-01-22 15:00:00,2026-01-22 22:00:00,LONG,1.175,1.17435,-6.500000000000394,-33.22150000000201,time_stop,NY,Thursday,BULL,0.001248270755849706,7,OOS
T5658,2026-01-23 10:00:00,2026-01-23 12:00:00,LONG,1.1759199999999999,1.1793799999999999,34.600000000000186,60.61920000000032,take_profit,LONDON,Friday,BULL,0.0011007308776046843,2,OOS
T5663,2026-01-23 15:00:00,2026-01-25 17:00:00,LONG,1.18225,1.1888699999999999,66.19999999999848,71.42979999999835,take_profit,NY,Friday,BULL,0.0013737592891581527,50,OOS
T5682,2026-01-26 10:00:00,2026-01-26 17:00:00,LONG,1.18966,1.18753,-21.299999999999653,-17.018699999999722,time_stop,LONDON,Monday,BULL,0.0018392289700952566,7,OOS
T5711,2026-01-27 15:00:00,2026-01-27 22:00:00,LONG,1.20305,1.19969,-33.60000000000029,-27.888000000000247,time_stop,NY,Tuesday,BULL,0.0023982675148591015,7,OOS
T5730,2026-01-28 10:00:00,2026-01-28 17:00:00,SHORT,1.19421,1.19555,-13.399999999998968,-16.950999999998697,time_stop,LONDON,Wednesday,BEAR,0.002433668669268395,7,OOS
T5760,2026-01-29 16:00:00,2026-01-29 19:00:00,LONG,1.19716,1.1931299999999998,-40.300000000002,-82.89710000000412,stop_loss,NY,Thursday,BULL,0.002221123073715961,3,OOS
T5778,2026-01-30 10:00:00,2026-01-30 15:00:00,SHORT,1.18938,1.18531,40.70000000000018,63.98040000000028,take_profit,LONDON,Friday,BEAR,0.0023656348597115772,5,OOS
T5802,2026-02-02 10:00:00,2026-02-02 17:00:00,SHORT,1.1791,1.17882,2.80000000000058,2.3212000000004807,time_stop,LONDON,Monday,BEAR,0.002080084791937397,7,OOS
T5880,2026-02-05 16:00:00,2026-02-05 23:00:00,SHORT,1.17756,1.17952,-19.599999999999618,-34.789999999999324,time_stop,NY,Thursday,BEAR,0.0013605707618380713,7,OOS
T5976,2026-02-11 16:00:00,2026-02-11 23:00:00,SHORT,1.18702,1.18618,8.399999999999519,19.437599999998888,time_stop,NY,Wednesday,BEAR,0.0014962754947282736,7,OOS
T6066,2026-02-17 10:00:00,2026-02-17 11:00:00,SHORT,1.18092,1.1831200000000002,-22.000000000002018,-49.83000000000457,stop_loss,LONDON,Tuesday,BEAR,0.0009576740559468785,1,OOS
T6072,2026-02-17 16:00:00,2026-02-17 23:00:00,LONG,1.18562,1.18419,-14.299999999998203,-38.56709999999515,time_stop,NY,Tuesday,BULL,0.0010006851717635197,7,OOS
T6091,2026-02-18 11:00:00,2026-02-18 18:00:00,SHORT,1.1808100000000001,1.17885,19.600000000001838,23.38280000000219,time_stop,LONDON,Wednesday,BEAR,0.0010604717745492473,7,OOS
T6138,2026-02-20 10:00:00,2026-02-22 17:00:00,LONG,1.17893,1.17922,2.8999999999990145,4.17889999999858,time_stop,LONDON,Friday,BULL,0.0013297009153615878,55,OOS
T6168,2026-02-23 16:00:00,2026-02-23 23:00:00,SHORT,1.17833,1.17695,13.800000000001589,36.98400000000426,time_stop,NY,Monday,BEAR,0.0013411445509780636,7,OOS
T6192,2026-02-24 16:00:00,2026-02-24 21:00:00,SHORT,1.1770800000000001,1.17927,-21.899999999999142,-65.28389999999744,stop_loss,NY,Tuesday,BEAR,0.001102248808016924,5,OOS
T6210,2026-02-25 10:00:00,2026-02-25 17:00:00,LONG,1.18023,1.18094,7.100000000002105,11.558800000003426,time_stop,LONDON,Wednesday,BULL,0.0011118254682683068,7,OOS
T6259,2026-02-27 11:00:00,2026-03-01 17:00:00,LONG,1.18232,1.1775099999999998,-48.10000000000203,-70.27410000000297,stop_loss,LONDON,Friday,BULL,0.0012942365333314533,54,OOS
T6354,2026-03-05 10:00:00,2026-03-05 17:00:00,SHORT,1.15815,1.16063,-24.800000000000377,-27.80080000000042,time_stop,LONDON,Thursday,BEAR,0.0020980183534910248,7,OOS
T6403,2026-03-09 10:00:00,2026-03-09 17:00:00,LONG,1.15927,1.16295,36.79999999999905,41.326399999998934,time_stop,LONDON,Monday,BULL,0.0024245079112137284,7,OOS
T6432,2026-03-10 15:00:00,2026-03-10 22:00:00,SHORT,1.16089,1.16302,-21.299999999999653,-17.63639999999971,time_stop,NY,Tuesday,BEAR,0.00206533707238593,7,OOS
T6451,2026-03-11 10:00:00,2026-03-11 17:00:00,SHORT,1.15648,1.155,14.799999999999258,17.41959999999913,time_stop,LONDON,Wednesday,BEAR,0.0018660092936685828,7,OOS
T6499,2026-03-13 10:00:00,2026-03-15 17:00:00,SHORT,1.1441700000000001,1.14296,12.100000000001554,12.039500000001546,time_stop,LONDON,Friday,BEAR,0.0017038272818938262,55,OOS
T6575,2026-03-18 14:00:00,2026-03-18 21:00:00,SHORT,1.14679,1.1482,-14.100000000001334,-11.956800000001131,time_stop,NY,Wednesday,BEAR,0.0017052110437893936,7,OOS
T6599,2026-03-19 14:00:00,2026-03-19 21:00:00,LONG,1.15859,1.15636,-22.299999999999542,-21.40799999999956,time_stop,NY,Thursday,BULL,0.0022937228510216314,7,OOS
T6618,2026-03-20 09:00:00,2026-03-22 16:00:00,SHORT,1.15334,1.154,-6.599999999998829,-6.844199999998787,time_stop,LONDON,Friday,BEAR,0.0018622449873199995,55,OOS
T6672,2026-03-24 15:00:00,2026-03-24 22:00:00,LONG,1.16083,1.16035,-4.8000000000003595,-4.488000000000336,time_stop,NY,Tuesday,BULL,0.002281859512859351,7,OOS
T6691,2026-03-25 10:00:00,2026-03-25 17:00:00,SHORT,1.15683,1.15601,8.20000000000043,8.692000000000455,time_stop,LONDON,Wednesday,BEAR,0.0019372880179271558,7,OOS
T6719,2026-03-26 14:00:00,2026-03-26 17:00:00,SHORT,1.15205,1.1538300000000001,-17.80000000000115,-48.82540000000315,stop_loss,NY,Thursday,BEAR,0.0014983197310180587,3,OOS
T6744,2026-03-27 15:00:00,2026-03-30 00:00:00,SHORT,1.15046,1.15136,-8.999999999999009,-17.342999999998092,time_stop,NY,Friday,BEAR,0.001430410161433307,57,OOS
T6760,2026-03-30 09:00:00,2026-03-30 16:00:00,SHORT,1.14626,1.14647,-2.100000000000435,-2.637600000000546,time_stop,LONDON,Monday,BEAR,0.0013886819746098298,7,OOS
T6813,2026-04-01 14:00:00,2026-04-01 21:00:00,SHORT,1.15774,1.15525,24.899999999998812,25.79639999999877,time_stop,NY,Wednesday,BEAR,0.0018334207540950623,7,OOS
T6833,2026-04-02 10:00:00,2026-04-02 17:00:00,LONG,1.15524,1.15399,-12.499999999999734,-13.749999999999709,time_stop,LONDON,Thursday,BULL,0.0017059769480914477,7,OOS
T6861,2026-04-03 14:00:00,2026-04-05 21:00:00,SHORT,1.1513,1.15068,6.200000000000649,30.702400000003212,time_stop,NY,Friday,BEAR,0.0010220695491850952,55,OOS
T6905,2026-04-07 10:00:00,2026-04-07 17:00:00,LONG,1.15731,1.15959,22.799999999998377,42.86399999999695,time_stop,LONDON,Tuesday,BULL,0.0012781120035175986,7,OOS
T6933,2026-04-08 14:00:00,2026-04-08 21:00:00,SHORT,1.16489,1.16616,-12.700000000001044,-15.367000000001262,time_stop,NY,Wednesday,BEAR,0.0019410413301173058,7,OOS
T6976,2026-04-10 09:00:00,2026-04-10 16:00:00,LONG,1.17288,1.17216,-7.199999999998319,-17.48879999999592,time_stop,LONDON,Friday,BULL,0.0012447141155785492,7,OOS
T7005,2026-04-13 14:00:00,2026-04-13 21:00:00,LONG,1.17656,1.17599,-5.699999999999594,-4.668299999999668,time_stop,NY,Monday,BULL,0.0014869811068710104,7,OOS
T7025,2026-04-14 10:00:00,2026-04-14 11:00:00,LONG,1.181,1.17898,-20.200000000001328,-54.05520000000356,stop_loss,LONDON,Tuesday,BULL,0.0012642162121895436,1,OOS
T7049,2026-04-15 10:00:00,2026-04-15 17:00:00,LONG,1.17978,1.1802,4.199999999998649,7.946399999997445,time_stop,LONDON,Wednesday,BULL,0.0011525768543729701,7,OOS
T7101,2026-04-17 14:00:00,2026-04-19 17:00:00,SHORT,1.17784,1.17321,46.299999999999116,82.83069999999843,take_profit,NY,Friday,BEAR,0.0012764088750216159,51,OOS
T7169,2026-04-22 10:00:00,2026-04-22 17:00:00,SHORT,1.17171,1.17076,9.500000000000064,13.195500000000088,time_stop,LONDON,Wednesday,BEAR,0.0013807202155368776,7,OOS
T7241,2026-04-27 10:00:00,2026-04-27 17:00:00,SHORT,1.17346,1.17195,15.099999999999003,35.19809999999767,time_stop,LONDON,Monday,BEAR,0.0011347063592784229,7,OOS
T7288,2026-04-29 09:00:00,2026-04-29 16:00:00,SHORT,1.16875,1.16766,10.900000000000354,23.293300000000755,time_stop,LONDON,Wednesday,BEAR,0.0010242804100377282,7,OOS
T7317,2026-04-30 14:00:00,2026-04-30 21:00:00,LONG,1.17377,1.17308,-6.900000000000794,-20.727600000002386,time_stop,NY,Thursday,BULL,0.001487369834925002,7,OOS
T7341,2026-05-01 14:00:00,2026-05-03 21:00:00,SHORT,1.17259,1.17251,0.8000000000008001,1.2328000000012327,time_stop,NY,Friday,BEAR,0.0014053248950559574,55,OOS
T7385,2026-05-05 10:00:00,2026-05-05 17:00:00,LONG,1.1707,1.1693,-14.000000000000679,-27.972000000001355,time_stop,LONDON,Tuesday,BULL,0.0011437918090844844,7,OOS
T7438,2026-05-07 15:00:00,2026-05-07 22:00:00,SHORT,1.17322,1.17274,4.8000000000003595,6.801600000000509,time_stop,NY,Thursday,BEAR,0.0012502597052644663,7,OOS
T7456,2026-05-08 09:00:00,2026-05-08 16:00:00,LONG,1.17801,1.17838,3.6999999999998145,7.348199999999632,time_stop,LONDON,Friday,BULL,0.0012107594342376828,7,OOS
T7507,2026-05-12 14:00:00,2026-05-12 22:00:00,LONG,1.17417,1.1737,-4.699999999999704,-15.07759999999905,time_stop,NY,Tuesday,BULL,0.0010290753376275468,8,OOS
T7549,2026-05-14 09:00:00,2026-05-14 16:00:00,SHORT,1.16884,1.16675,20.900000000001473,48.09090000000339,time_stop,LONDON,Thursday,BEAR,0.000873104154270881,7,OOS
T7579,2026-05-15 15:00:00,2026-05-17 22:00:00,SHORT,1.16199,1.16155,4.3999999999999595,13.213199999999878,time_stop,NY,Friday,BEAR,0.001086103225466492,55,OOS
T7602,2026-05-18 14:00:00,2026-05-18 17:00:00,SHORT,1.16279,1.16592,-31.30000000000077,-53.24130000000132,stop_loss,NY,Monday,BEAR,0.0011708505065690386,3,OOS
T7621,2026-05-19 09:00:00,2026-05-19 10:00:00,SHORT,1.16121,1.1596000000000002,16.099999999998893,63.17639999999566,take_profit,LONDON,Tuesday,BEAR,0.001081821115340095,1,OOS
T7646,2026-05-20 10:00:00,2026-05-20 17:00:00,LONG,1.16194,1.16231,3.6999999999998145,6.893099999999654,time_stop,LONDON,Wednesday,BULL,0.001170030271223915,7,OOS
T7735,2026-05-26 09:00:00,2026-05-26 16:00:00,SHORT,1.16243,1.16281,-3.7999999999982492,-8.81219999999594,time_stop,LONDON,Tuesday,BEAR,0.0008697327557241775,7,OOS
T7784,2026-05-28 10:00:00,2026-05-28 17:00:00,LONG,1.16488,1.16508,1.9999999999997797,2.131999999999765,time_stop,LONDON,Thursday,BULL,0.001214929334444153,7,OOS
