timestamp,open,high,low,close,volume
1998-12-22T05:00:00Z,19.052091598510742,19.052091598510742,18.8490047454834,18.937854766845703,55887.0
1998-12-23T05:00:00Z,18.861698150634766,19.217100143432617,18.861698150634766,19.217100143432617,78784.0
1998-12-24T05:00:00Z,19.217100143432617,19.34402847290039,19.153635025024414,19.34402847290039,43824.0
1998-12-28T05:00:00Z,19.331335067749023,19.331335067749023,19.039398193359375,19.090171813964844,51948.0
1998-12-29T05:00:00Z,19.115556716918945,19.293258666992188,18.887083053588867,19.293258666992188,100819.0
1998-12-30T05:00:00Z,19.191713333129883,19.31864356994629,19.090171813964844,19.217100143432617,154614.0
1998-12-31T05:00:00Z,19.217100143432617,19.24248504638672,19.039398193359375,19.039398193359375,65366.0
1999-01-04T05:00:00Z,18.81092643737793,19.356721878051758,18.81092643737793,19.039398193359375,250632.0
1999-01-05T05:00:00Z,18.963241577148438,19.24248504638672,18.963241577148438,19.217100143432617,47763.0
1999-01-06T05:00:00Z,19.57250213623047,19.851747512817383,19.445573806762695,19.82636070251465,129871.0
1999-01-07T05:00:00Z,19.623273849487305,20.130990982055664,19.57250213623047,20.130990982055664,89986.0
1999-01-08T05:00:00Z,20.359464645385742,20.359464645385742,20.04214096069336,20.257919311523438,173694.0
1999-01-11T05:00:00Z,20.283306121826172,20.283306121826172,19.762895584106445,19.953290939331055,62904.0
1999-01-12T05:00:00Z,19.851747512817383,19.851747512817383,19.394800186157227,19.394800186157227,117437.0
1999-01-13T05:00:00Z,18.455524444580078,19.394800186157227,18.455524444580078,19.140941619873047,359206.0
1999-01-14T05:00:00Z,19.090171813964844,19.229793548583984,18.48090934753418,18.658611297607422,59950.0
1999-01-15T05:00:00Z,18.9124698638916,19.191713333129883,18.823619842529297,19.191713333129883,96757.0
1999-01-19T05:00:00Z,19.4963436126709,19.4963436126709,18.83631134033203,19.090171813964844,54903.0
1999-01-20T05:00:00Z,19.293258666992188,19.534423828125,19.115556716918945,19.229793548583984,76445.0
1999-01-21T05:00:00Z,19.06478500366211,19.153635025024414,18.83631134033203,18.887083053588867,438482.0
1999-01-22T05:00:00Z,18.785539627075195,18.887083053588867,18.658611297607422,18.760154724121094,109928.0
1999-01-25T05:00:00Z,18.861698150634766,18.937854766845703,18.633224487304688,18.9124698638916,169632.0
1999-01-26T05:00:00Z,18.98862648010254,19.02670669555664,18.785539627075195,18.925161361694336,118053.0
1999-01-27T05:00:00Z,19.039398193359375,19.039398193359375,18.683996200561523,18.683996200561523,56872.0
1999-01-28T05:00:00Z,18.633224487304688,18.98862648010254,18.633224487304688,18.963241577148438,47270.0
1999-01-29T05:00:00Z,19.077478408813477,19.394800186157227,18.81092643737793,19.369415283203125,72998.0
1999-02-01T05:00:00Z,19.445573806762695,19.445573806762695,19.039398193359375,19.039398193359375,59827.0
1999-02-02T05:00:00Z,18.887083053588867,18.98862648010254,18.645917892456055,18.83631134033203,107220.0
1999-02-03T05:00:00Z,18.73476791381836,19.115556716918945,18.59514617919922,18.975933074951172,69675.0
1999-02-04T05:00:00Z,18.83631134033203,18.937854766845703,18.531681060791016,18.531681060791016,48625.0
1999-02-05T05:00:00Z,18.493602752685547,18.58245277404785,18.252437591552734,18.379365921020508,103035.0
1999-02-08T05:00:00Z,18.506296157836914,18.531681060791016,18.2016658782959,18.328594207763672,137749.0
1999-02-09T05:00:00Z,18.328594207763672,18.379365921020508,17.94780731201172,18.074735641479492,264050.0
1999-02-10T05:00:00Z,18.125507354736328,18.22705078125,17.922420501708984,18.22705078125,31883.0
1999-02-11T05:00:00Z,18.30320930480957,18.98862648010254,18.30320930480957,18.963241577148438,81000.0
1999-02-12T05:00:00Z,18.861698150634766,18.963241577148438,18.48090934753418,18.683996200561523,106974.0
1999-02-16T05:00:00Z,18.874391555786133,19.090171813964844,18.83631134033203,18.963241577148438,463102.0
1999-02-17T05:00:00Z,19.039398193359375,19.42018699645996,18.861698150634766,19.039398193359375,501140.0
1999-02-18T05:00:00Z,19.140941619873047,19.34402847290039,18.98862648010254,19.229793548583984,69428.0
1999-02-19T05:00:00Z,19.369415283203125,19.64866065979004,19.255178451538086,19.293258666992188,76322.0
1999-02-22T05:00:00Z,19.445573806762695,19.991369247436523,19.445573806762695,19.851747512817383,89617.0
1999-02-23T05:00:00Z,19.991369247436523,20.1817626953125,19.82636070251465,20.10560417175293,121623.0
1999-02-24T05:00:00Z,20.1817626953125,20.207149505615234,19.369415283203125,19.445573806762695,251986.0
1999-02-25T05:00:00Z,19.16632843017578,19.42018699645996,18.9124698638916,19.31864356994629,173448.0
1999-02-26T05:00:00Z,19.31864356994629,19.724817276000977,19.229793548583984,19.67404556274414,116822.0
1999-03-01T05:00:00Z,19.597888946533203,19.88982582092285,19.521730422973633,19.750202178955078,211486.0
1999-03-02T05:00:00Z,19.902517318725586,20.080219268798828,19.67404556274414,19.800975799560547,91463.0
1999-03-03T05:00:00Z,19.902517318725586,19.92790412902832,19.509037017822266,19.610580444335938,57365.0
1999-03-04T05:00:00Z,19.67404556274414,20.10560417175293,19.67404556274414,20.054832458496094,50348.0
1999-03-05T05:00:00Z,20.816408157348633,20.816408157348633,20.283306121826172,20.562551498413086,498432.0
1999-03-08T05:00:00Z,20.562551498413086,20.613323211669922,20.32138442993164,20.422929763793945,133564.0
1999-03-09T05:00:00Z,20.46100616455078,20.778331756591797,20.308692932128906,20.587936401367188,105374.0
1999-03-10T05:00:00Z,20.778331756591797,20.98141860961914,20.613323211669922,20.968725204467773,91217.0
1999-03-11T05:00:00Z,21.01949691772461,21.29874038696289,20.8671817779541,21.070268630981445,210993.0
1999-03-12T05:00:00Z,21.146425247192383,21.27335548400879,20.94333839416504,21.108346939086914,183911.0
1999-03-15T05:00:00Z,21.12104034423828,21.27335548400879,20.994110107421875,21.171812057495117,82969.0
1999-03-16T05:00:00Z,21.37489891052246,21.37489891052246,20.8671817779541,20.8671817779541,188466.0
1999-03-17T05:00:00Z,20.76563835144043,20.76563835144043,20.486392974853516,20.68947982788086,161261.0
1999-03-18T05:00:00Z,20.53716468811035,21.171812057495117,20.53716468811035,21.171812057495117,199422.0
1999-03-19T05:00:00Z,21.171812057495117,21.171812057495117,20.68947982788086,20.714866638183594,244723.0
1999-03-22T05:00:00Z,20.664094924926758,20.841794967651367,20.587936401367188,20.76563835144043,427280.0
1999-03-23T05:00:00Z,20.486392974853516,20.562551498413086,20.00406265258789,20.054832458496094,288793.0
1999-03-24T05:00:00Z,20.10560417175293,20.207149505615234,19.902517318725586,20.00406265258789,144396.0
1999-03-25T05:00:00Z,20.714866638183594,20.714866638183594,20.257919311523438,20.46100616455078,77184.0
1999-03-26T05:00:00Z,20.32138442993164,20.46100616455078,20.194456100463867,20.283306121826172,65120.0
1999-03-29T05:00:00Z,20.587936401367188,20.816408157348633,20.53716468811035,20.740251541137695,75583.0
1999-03-30T05:00:00Z,20.587936401367188,20.638708114624023,20.39754295349121,20.499086380004883,141565.0
1999-03-31T05:00:00Z,20.51177978515625,20.664094924926758,20.1817626953125,20.257919311523438,112637.0
1999-04-01T05:00:00Z,20.207149505615234,20.334077835083008,20.10560417175293,20.308692932128906,52933.0
1999-04-05T04:00:00Z,20.587936401367188,20.79102325439453,20.43562126159668,20.714866638183594,92941.0
1999-04-06T04:00:00Z,20.664094924926758,20.90526008605957,20.486392974853516,20.562551498413086,142427.0
1999-04-07T04:00:00Z,20.752944946289062,21.222583770751953,20.740251541137695,21.12104034423828,324738.0
1999-04-08T04:00:00Z,21.324127197265625,21.552600860595703,21.27335548400879,21.501827239990234,194498.0
1999-04-09T04:00:00Z,21.425670623779297,21.577985763549805,21.222583770751953,21.4510555267334,151167.0
1999-04-12T04:00:00Z,21.324127197265625,21.857229232788086,21.29874038696289,21.831844329833984,193759.0
1999-04-13T04:00:00Z,22.085702896118164,22.085702896118164,21.755685806274414,21.80645751953125,209516.0
1999-04-14T04:00:00Z,21.933387756347656,22.1110897064209,21.52721405029297,21.52721405029297,160646.0
1999-04-15T04:00:00Z,21.654142379760742,22.441104888916016,21.19719696044922,21.324127197265625,124577.0
1999-04-16T04:00:00Z,21.425670623779297,21.425670623779297,21.04488182067871,21.222583770751953,125070.0
1999-04-19T04:00:00Z,21.616064071655273,21.958772659301758,21.222583770751953,21.222583770751953,149443.0
1999-04-20T04:00:00Z,21.349512100219727,22.238018035888672,21.324127197265625,21.501827239990234,67213.0
1999-04-21T04:00:00Z,21.52721405029297,21.831844329833984,21.501827239990234,21.831844329833984,85185.0
1999-04-22T04:00:00Z,21.78107261657715,22.06031608581543,21.78107261657715,22.06031608581543,74476.0
1999-04-23T04:00:00Z,22.187246322631836,22.187246322631836,21.831844329833984,21.984159469604492,159045.0
1999-04-26T04:00:00Z,22.009544372558594,22.009544372558594,21.552600860595703,21.654142379760742,184404.0
1999-04-27T04:00:00Z,21.84453773498535,22.123781204223633,21.654142379760742,22.034931182861328,72998.0
1999-04-28T04:00:00Z,22.06031608581543,22.1618595123291,21.78107261657715,21.908002853393555,189328.0
1999-04-29T04:00:00Z,21.908002853393555,22.238018035888672,21.88261604309082,21.984159469604492,104512.0
1999-04-30T04:00:00Z,21.984159469604492,22.085702896118164,21.29874038696289,21.679529190063477,417801.0
1999-05-03T04:00:00Z,21.603370666503906,21.933387756347656,21.501827239990234,21.933387756347656,257895.0
1999-05-04T04:00:00Z,21.78107261657715,21.88261604309082,21.247968673706055,21.247968673706055,368685.0
1999-05-05T04:00:00Z,21.27335548400879,21.425670623779297,20.968725204467773,21.37489891052246,267373.0
1999-05-06T04:00:00Z,21.146425247192383,21.349512100219727,20.917953491210938,21.01949691772461,211486.0
1999-05-07T04:00:00Z,21.29874038696289,21.552600860595703,21.247968673706055,21.425670623779297,787963.0
1999-05-10T04:00:00Z,21.577985763549805,21.654142379760742,21.29874038696289,21.349512100219727,53918.0
1999-05-11T04:00:00Z,21.52721405029297,21.88261604309082,21.501827239990234,21.603370666503906,70536.0
1999-05-12T04:00:00Z,21.552600860595703,21.933387756347656,21.29874038696289,21.908002853393555,51087.0
1999-05-13T04:00:00Z,21.933387756347656,22.1618595123291,21.92069435119629,22.1110897064209,61181.0
1999-05-14T04:00:00Z,21.577985763549805,21.704914093017578,21.171812057495117,21.425670623779297,197083.0
1999-05-17T04:00:00Z,21.12104034423828,21.247968673706055,20.79102325439453,21.01949691772461,235613.0
1999-05-18T04:00:00Z,21.171812057495117,21.349512100219727,20.740251541137695,21.070268630981445,166062.0
1999-05-19T04:00:00Z,21.12104034423828,21.222583770751953,20.94333839416504,21.222583770751953,85924.0
1999-05-20T04:00:00Z,21.19719696044922,21.349512100219727,20.94333839416504,20.94333839416504,180465.0
1999-05-21T04:00:00Z,20.892566680908203,21.01949691772461,20.727558135986328,20.892566680908203,95772.0
1999-05-24T04:00:00Z,20.587936401367188,20.68947982788086,20.207149505615234,20.43562126159668,534870.0
1999-05-25T04:00:00Z,20.308692932128906,20.43562126159668,19.902517318725586,19.902517318725586,105497.0
1999-05-26T04:00:00Z,20.00406265258789,20.54985809326172,19.800975799560547,20.54985809326172,236106.0
1999-05-27T04:00:00Z,20.372156143188477,20.372156143188477,19.96598243713379,20.054832458496094,53549.0
1999-05-28T04:00:00Z,20.207149505615234,20.43562126159668,20.06752586364746,20.372156143188477,47394.0
1999-06-01T04:00:00Z,20.257919311523438,20.359464645385742,19.851747512817383,20.080219268798828,256417.0
1999-06-02T04:00:00Z,19.978675842285156,20.10560417175293,19.623273849487305,19.953290939331055,126178.0
1999-06-03T04:00:00Z,20.207149505615234,20.207149505615234,19.877132415771484,19.940597534179688,87155.0
1999-06-04T04:00:00Z,20.1817626953125,20.384849548339844,20.054832458496094,20.308692932128906,91340.0
1999-06-07T04:00:00Z,20.43562126159668,20.714866638183594,20.359464645385742,20.68947982788086,60319.0
1999-06-08T04:00:00Z,20.638708114624023,20.638708114624023,20.32138442993164,20.32138442993164,233767.0
1999-06-09T04:00:00Z,20.384849548339844,20.575244903564453,20.194456100463867,20.270612716674805,41977.0
1999-06-10T04:00:00Z,20.029447555541992,20.029447555541992,19.750202178955078,19.88982582092285,121623.0
1999-06-11T04:00:00Z,19.92790412902832,20.207149505615234,19.775588989257812,19.92790412902832,100942.0
1999-06-14T04:00:00Z,20.00406265258789,20.00406265258789,19.750202178955078,19.82636070251465,35207.0
1999-06-15T04:00:00Z,19.953290939331055,20.080219268798828,19.851747512817383,19.92790412902832,152890.0
1999-06-16T04:00:00Z,20.410236358642578,20.626014709472656,20.384849548339844,20.448314666748047,228966.0
1999-06-17T04:00:00Z,20.53716468811035,20.917953491210938,20.410236358642578,20.841794967651367,192898.0
1999-06-18T04:00:00Z,20.664094924926758,20.8671817779541,20.65140151977539,20.816408157348633,66351.0
1999-06-21T04:00:00Z,20.892566680908203,20.968725204467773,20.714866638183594,20.94333839416504,157568.0
1999-06-22T04:00:00Z,20.917953491210938,20.94333839416504,20.714866638183594,20.714866638183594,89001.0
1999-06-23T04:00:00Z,20.714866638183594,20.714866638183594,20.308692932128906,20.51177978515625,49117.0
1999-06-24T04:00:00Z,20.43562126159668,20.43562126159668,19.940597534179688,20.1817626953125,68444.0
1999-06-25T04:00:00Z,20.308692932128906,20.359464645385742,20.1817626953125,20.232534408569336,95156.0
1999-06-28T04:00:00Z,20.372156143188477,20.76563835144043,20.372156143188477,20.702173233032227,72014.0
1999-06-29T04:00:00Z,20.638708114624023,20.8671817779541,20.51177978515625,20.76563835144043,60319.0
1999-06-30T04:00:00Z,20.8671817779541,21.37489891052246,20.51177978515625,21.19719696044922,187481.0
1999-07-01T04:00:00Z,21.247968673706055,21.425670623779297,20.917953491210938,21.425670623779297,259618.0
1999-07-02T04:00:00Z,21.324127197265625,21.62875747680664,21.324127197265625,21.425670623779297,83708.0
1999-07-06T04:00:00Z,21.400283813476562,21.80645751953125,21.400283813476562,21.603370666503906,175910.0
1999-07-07T04:00:00Z,21.425670623779297,21.62875747680664,21.400283813476562,21.52721405029297,97988.0
1999-07-08T04:00:00Z,21.37489891052246,21.654142379760742,21.29874038696289,21.4510555267334,57857.0
1999-07-09T04:00:00Z,21.43836212158203,21.577985763549805,21.349512100219727,21.476442337036133,84324.0
1999-07-12T04:00:00Z,21.476442337036133,21.552600860595703,21.29874038696289,21.29874038696289,91463.0
1999-07-13T04:00:00Z,21.12104034423828,21.19719696044922,21.01949691772461,21.070268630981445,41731.0
1999-07-14T04:00:00Z,21.29874038696289,21.29874038696289,20.994110107421875,21.12104034423828,567245.0
1999-07-15T04:00:00Z,21.324127197265625,21.362205505371094,21.19719696044922,21.311433792114258,171971.0
1999-07-16T04:00:00Z,21.29874038696289,21.501827239990234,21.12104034423828,21.425670623779297,24497.0
1999-07-19T04:00:00Z,21.52721405029297,21.552600860595703,21.247968673706055,21.27335548400879,152767.0
1999-07-20T04:00:00Z,21.19719696044922,21.349512100219727,20.94333839416504,21.006803512573242,56503.0
1999-07-21T04:00:00Z,20.994110107421875,21.095653533935547,20.664094924926758,20.76563835144043,59457.0
1999-07-22T04:00:00Z,20.68947982788086,21.04488182067871,20.638708114624023,20.79102325439453,79523.0
1999-07-23T04:00:00Z,20.892566680908203,20.892566680908203,20.359464645385742,20.562551498413086,99219.0
1999-07-26T04:00:00Z,20.359464645385742,20.76563835144043,20.359464645385742,20.638708114624023,140457.0
1999-07-27T04:00:00Z,20.8671817779541,20.994110107421875,20.714866638183594,20.917953491210938,77184.0
1999-07-28T04:00:00Z,20.76563835144043,20.917953491210938,20.638708114624023,20.664094924926758,43208.0
1999-07-29T04:00:00Z,20.384849548339844,20.486392974853516,20.207149505615234,20.359464645385742,154367.0
1999-07-30T04:00:00Z,20.257919311523438,20.359464645385742,19.877132415771484,19.902517318725586,353913.0
1999-08-02T04:00:00Z,20.00406265258789,20.232534408569336,19.750202178955078,19.800975799560547,236721.0
1999-08-03T04:00:00Z,19.851747512817383,19.92790412902832,19.445573806762695,19.547115325927734,570815.0
1999-08-04T04:00:00Z,19.547115325927734,19.800975799560547,19.24248504638672,19.293258666992188,177756.0
1999-08-05T04:00:00Z,19.191713333129883,19.394800186157227,18.899776458740234,19.369415283203125,176402.0
1999-08-06T04:00:00Z,19.191713333129883,19.28056526184082,18.709383010864258,18.861698150634766,182804.0
1999-08-09T04:00:00Z,18.823619842529297,19.115556716918945,18.823619842529297,18.9124698638916,240291.0
1999-08-10T04:00:00Z,18.9124698638916,18.9124698638916,18.404752731323242,18.58245277404785,210501.0
1999-08-11T04:00:00Z,18.861698150634766,19.039398193359375,18.709383010864258,18.937854766845703,347881.0
1999-08-12T04:00:00Z,19.090171813964844,19.28056526184082,18.963241577148438,19.02670669555664,162123.0
1999-08-13T04:00:00Z,19.42018699645996,19.699430465698242,19.356721878051758,19.64866065979004,195237.0
1999-08-16T04:00:00Z,19.623273849487305,19.67404556274414,19.470958709716797,19.57250213623047,94664.0
1999-08-17T04:00:00Z,19.978675842285156,20.283306121826172,19.978675842285156,20.283306121826172,181573.0
1999-08-18T04:00:00Z,20.130990982055664,20.194456100463867,19.915210723876953,20.06752586364746,199668.0
1999-08-19T04:00:00Z,19.800975799560547,20.00406265258789,19.762895584106445,19.800975799560547,42839.0
1999-08-20T04:00:00Z,19.877132415771484,20.10560417175293,19.762895584106445,20.080219268798828,52441.0
1999-08-23T04:00:00Z,20.308692932128906,20.613323211669922,20.308692932128906,20.613323211669922,104881.0
1999-08-24T04:00:00Z,20.562551498413086,20.956031799316406,20.43562126159668,20.664094924926758,254694.0
1999-08-25T04:00:00Z,20.130990982055664,20.51177978515625,20.00406265258789,20.499086380004883,301226.0
1999-08-26T04:00:00Z,20.575244903564453,20.575244903564453,20.029447555541992,20.029447555541992,313782.0
1999-08-27T04:00:00Z,20.00406265258789,20.14368438720703,19.699430465698242,19.699430465698242,281653.0
1999-08-30T04:00:00Z,19.737510681152344,19.775588989257812,18.95054817199707,19.052091598510742,192898.0
1999-08-31T04:00:00Z,19.090171813964844,19.267871856689453,18.83631134033203,19.02670669555664,336309.0
1999-09-01T04:00:00Z,19.115556716918945,19.115556716918945,18.874391555786133,19.115556716918945,161507.0
1999-09-02T04:00:00Z,18.747461318969727,18.899776458740234,18.658611297607422,18.747461318969727,510373.0
1999-09-03T04:00:00Z,19.45826530456543,19.699430465698242,19.356721878051758,19.699430465698242,523298.0
1999-09-07T04:00:00Z,19.610580444335938,19.610580444335938,19.16632843017578,19.16632843017578,63150.0
1999-09-08T04:00:00Z,18.975933074951172,19.293258666992188,18.9124698638916,19.039398193359375,629903.0
1999-09-09T04:00:00Z,18.98862648010254,18.98862648010254,18.58245277404785,18.81092643737793,92571.0
1999-09-10T04:00:00Z,18.963241577148438,19.090171813964844,18.798233032226562,18.95054817199707,162369.0
1999-09-13T04:00:00Z,18.9124698638916,18.925161361694336,18.73476791381836,18.772846221923828,65982.0
1999-09-14T04:00:00Z,18.544374465942383,18.55706787109375,18.328594207763672,18.430137634277344,357236.0
1999-09-15T04:00:00Z,18.709383010864258,18.73476791381836,18.277822494506836,18.34128761291504,422479.0
1999-09-16T04:00:00Z,18.417444229125977,18.430137634277344,18.074735641479492,18.277822494506836,270205.0
1999-09-17T04:00:00Z,18.44283103942871,18.633224487304688,18.34128761291504,18.607839584350586,501386.0
1999-09-20T04:00:00Z,18.506296157836914,18.506296157836914,18.353981018066406,18.392059326171875,149813.0
1999-09-21T04:00:00Z,18.16358757019043,18.30320930480957,18.01127052307129,18.100122451782227,413616.0
1999-09-22T04:00:00Z,18.074735641479492,18.176279067993164,17.808183670043945,18.08742904663086,179849.0
1999-09-23T04:00:00Z,18.125507354736328,18.30320930480957,17.808183670043945,17.94780731201172,265773.0
1999-09-24T04:00:00Z,17.846263885498047,18.100122451782227,17.782798767089844,18.074735641479492,197822.0
1999-09-27T04:00:00Z,18.150894165039062,18.22705078125,17.706640243530273,17.770105361938477,713365.0
1999-09-28T04:00:00Z,17.770105361938477,17.87164878845215,17.46547508239746,17.744720458984375,413247.0
1999-09-29T04:00:00Z,17.757413864135742,17.846263885498047,17.6050968170166,17.61779022216797,140703.0
1999-09-30T04:00:00Z,17.592405319213867,18.08742904663086,17.592405319213867,17.97319221496582,724936.0
1999-10-01T04:00:00Z,17.83357048034668,17.83357048034668,17.414703369140625,17.668561935424805,98234.0
1999-10-04T04:00:00Z,17.884342193603516,18.34128761291504,17.87164878845215,18.34128761291504,496832.0
1999-10-05T04:00:00Z,18.404752731323242,18.785539627075195,18.023963928222656,18.417444229125977,588664.0
1999-10-06T04:00:00Z,18.607839584350586,18.83631134033203,18.607839584350586,18.73476791381836,392566.0
1999-10-07T04:00:00Z,18.83631134033203,18.925161361694336,18.55706787109375,18.55706787109375,86047.0
1999-10-08T04:00:00Z,18.353981018066406,18.963241577148438,18.34128761291504,18.887083053588867,404014.0
1999-10-11T04:00:00Z,18.823619842529297,18.887083053588867,18.633224487304688,18.683996200561523,191051.0
1999-10-12T04:00:00Z,18.658611297607422,18.658611297607422,18.328594207763672,18.328594207763672,427157.0
1999-10-13T04:00:00Z,18.2016658782959,18.430137634277344,17.668561935424805,17.782798767089844,170740.0
1999-10-14T04:00:00Z,17.64317512512207,17.85895538330078,17.351238250732422,17.757413864135742,459409.0
1999-10-15T04:00:00Z,17.07199478149414,17.427396774291992,16.9577579498291,16.9577579498291,466426.0
1999-10-18T04:00:00Z,17.084686279296875,17.50355339050293,17.059301376342773,17.50355339050293,207916.0
1999-10-19T04:00:00Z,17.93511390686035,18.214357376098633,17.820877075195312,17.87164878845215,313782.0
1999-10-20T04:00:00Z,18.150894165039062,18.22705078125,17.909727096557617,18.18897247314453,326461.0
1999-10-21T04:00:00Z,17.897035598754883,18.277822494506836,17.897035598754883,18.277822494506836,255679.0
1999-10-22T04:00:00Z,18.683996200561523,19.191713333129883,18.58245277404785,19.039398193359375,1053736.0
1999-10-25T04:00:00Z,18.887083053588867,18.937854766845703,18.633224487304688,18.874391555786133,1728940.0
1999-10-26T04:00:00Z,18.798233032226562,19.02670669555664,18.58245277404785,18.58245277404785,577955.0
1999-10-27T04:00:00Z,18.8490047454834,19.57250213623047,18.798233032226562,19.4963436126709,332001.0
1999-10-28T04:00:00Z,20.10560417175293,20.879873275756836,20.10560417175293,20.879873275756836,2517887.0
1999-10-29T04:00:00Z,21.070268630981445,21.247968673706055,20.664094924926758,20.76563835144043,1159356.0
1999-11-01T05:00:00Z,20.714866638183594,20.854488372802734,20.46100616455078,20.51177978515625,460517.0
1999-11-02T05:00:00Z,20.46100616455078,20.917953491210938,20.422929763793945,20.486392974853516,527484.0
1999-11-03T05:00:00Z,20.51177978515625,20.638708114624023,20.334077835083008,20.39754295349121,64012.0
1999-11-04T05:00:00Z,20.76563835144043,20.879873275756836,20.575244903564453,20.638708114624023,676065.0
1999-11-05T05:00:00Z,21.19719696044922,21.425670623779297,21.04488182067871,21.146425247192383,409431.0
1999-11-08T05:00:00Z,21.095653533935547,21.12104034423828,20.917953491210938,21.032188415527344,718042.0
1999-11-09T05:00:00Z,21.12104034423828,21.12104034423828,20.51177978515625,20.626014709472656,137749.0
1999-11-10T05:00:00Z,20.372156143188477,20.575244903564453,20.270612716674805,20.308692932128906,110913.0
1999-11-11T05:00:00Z,20.130990982055664,20.283306121826172,20.016754150390625,20.194456100463867,214071.0
1999-11-12T05:00:00Z,20.638708114624023,21.095653533935547,20.080219268798828,21.070268630981445,640859.0
1999-11-15T05:00:00Z,21.01949691772461,21.12104034423828,20.90526008605957,21.057575225830078,179972.0
1999-11-16T05:00:00Z,21.209890365600586,21.755685806274414,21.18450355529785,21.62875747680664,632611.0
1999-11-17T05:00:00Z,21.476442337036133,21.539907455444336,21.070268630981445,21.171812057495117,422849.0
1999-11-18T05:00:00Z,21.286048889160156,21.286048889160156,20.841794967651367,21.108346939086914,197576.0
1999-11-19T05:00:00Z,21.108346939086914,21.12104034423828,20.76563835144043,20.79102325439453,240045.0
1999-11-22T05:00:00Z,20.714866638183594,20.714866638183594,20.53716468811035,20.714866638183594,216656.0
1999-11-23T05:00:00Z,20.562551498413086,20.562551498413086,20.1563777923584,20.384849548339844,211978.0
1999-11-24T05:00:00Z,20.1563777923584,20.207149505615234,20.016754150390625,20.14368438720703,127778.0
1999-11-26T05:00:00Z,20.283306121826172,20.283306121826172,20.00406265258789,20.00406265258789,90848.0
1999-11-29T05:00:00Z,19.724817276000977,19.750202178955078,19.521730422973633,19.521730422973633,956733.0
1999-11-30T05:00:00Z,19.521730422973633,20.10560417175293,19.521730422973633,19.851747512817383,141934.0
1999-12-01T05:00:00Z,19.64866065979004,19.953290939331055,19.64866065979004,19.699430465698242,634950.0
1999-12-02T05:00:00Z,19.88982582092285,19.953290939331055,19.597888946533203,19.78828239440918,122238.0
1999-12-03T05:00:00Z,20.334077835083008,20.638708114624023,20.257919311523438,20.257919311523438,1471414.0
1999-12-06T05:00:00Z,20.1563777923584,20.1563777923584,19.623273849487305,19.71212387084961,283746.0
1999-12-07T05:00:00Z,19.64866065979004,19.67404556274414,19.445573806762695,19.67404556274414,1270884.0
1999-12-08T05:00:00Z,19.623273849487305,19.623273849487305,19.20440673828125,19.20440673828125,732322.0
1999-12-09T05:00:00Z,19.42018699645996,19.521730422973633,19.17902183532715,19.483652114868164,143658.0
1999-12-10T05:00:00Z,19.775588989257812,19.940597534179688,19.610580444335938,19.82636070251465,739462.0
1999-12-13T05:00:00Z,19.57250213623047,19.724817276000977,19.483652114868164,19.597888946533203,367577.0
1999-12-14T05:00:00Z,19.31864356994629,19.4963436126709,19.102863311767578,19.12824821472168,440575.0
1999-12-15T05:00:00Z,19.102863311767578,19.191713333129883,18.98862648010254,19.077478408813477,447715.0
1999-12-16T05:00:00Z,18.861698150634766,18.963241577148438,18.531681060791016,18.658611297607422,489323.0
1999-12-17T05:00:00Z,18.633224487304688,18.899776458740234,18.633224487304688,18.73476791381836,1619257.0
1999-12-20T05:00:00Z,18.81092643737793,18.874391555786133,18.455524444580078,18.58245277404785,1197394.0
1999-12-21T05:00:00Z,18.58245277404785,19.217100143432617,18.531681060791016,18.937854766845703,1573464.0
1999-12-22T05:00:00Z,19.014013290405273,19.06478500366211,18.81092643737793,18.937854766845703,1370842.0
1999-12-23T05:00:00Z,18.937854766845703,19.293258666992188,18.937854766845703,19.24248504638672,564414.0
1999-12-27T05:00:00Z,19.42018699645996,19.470958709716797,19.090171813964844,19.090171813964844,3410239.0
1999-12-28T05:00:00Z,19.090171813964844,19.115556716918945,18.963241577148438,19.014013290405273,136272.0
1999-12-29T05:00:00Z,18.963241577148438,19.331335067749023,18.963241577148438,19.20440673828125,125808.0
1999-12-30T05:00:00Z,19.293258666992188,19.4963436126709,19.16632843017578,19.293258666992188,285961.0
1999-12-31T05:00:00Z,19.4963436126709,19.4963436126709,19.217100143432617,19.305950164794922,687021.0
2000-01-03T05:00:00Z,19.267871856689453,19.267871856689453,18.455524444580078,18.58245277404785,1185699.0
2000-01-04T05:00:00Z,18.176279067993164,18.2016658782959,17.6050968170166,17.770105361938477,885705.0
2000-01-05T05:00:00Z,17.770105361938477,17.960500717163086,17.440088272094727,17.630483627319336,717181.0
2000-01-06T05:00:00Z,17.681255340576172,18.51898956298828,17.681255340576172,18.404752731323242,415832.0
2000-01-07T05:00:00Z,18.531681060791016,18.73476791381836,18.277822494506836,18.709383010864258,468149.0
2000-01-10T05:00:00Z,18.861698150634766,18.861698150634766,18.328594207763672,18.379365921020508,460640.0
2000-01-11T05:00:00Z,18.2016658782959,18.44283103942871,18.074735641479492,18.074735641479492,476151.0
2000-01-12T05:00:00Z,18.214357376098633,18.531681060791016,18.214357376098633,18.430137634277344,143288.0
2000-01-13T05:00:00Z,18.760154724121094,19.077478408813477,18.658611297607422,18.98862648010254,1104576.0
2000-01-14T05:00:00Z,19.217100143432617,19.5598087310791,19.20440673828125,19.432880401611328,731583.0
2000-01-18T05:00:00Z,19.369415283203125,19.369415283203125,18.785539627075195,18.785539627075195,466180.0
2000-01-19T05:00:00Z,18.798233032226562,19.16632843017578,18.683996200561523,18.722076416015625,339510.0
2000-01-20T05:00:00Z,18.861698150634766,18.861698150634766,18.277822494506836,18.379365921020508,588172.0
2000-01-21T05:00:00Z,18.48090934753418,18.48090934753418,18.04935073852539,18.150894165039062,498309.0
2000-01-24T05:00:00Z,18.328594207763672,18.328594207763672,17.668561935424805,17.820877075195312,346773.0
2000-01-25T05:00:00Z,17.820877075195312,18.150894165039062,17.795490264892578,18.01127052307129,231674.0
2000-01-26T05:00:00Z,18.150894165039062,18.709383010864258,18.125507354736328,18.683996200561523,630518.0
2000-01-27T05:00:00Z,18.772846221923828,19.001319885253906,18.58245277404785,18.887083053588867,262572.0
2000-01-28T05:00:00Z,18.379365921020508,18.58245277404785,18.074735641479492,18.22705078125,170986.0
2000-01-31T05:00:00Z,18.023963928222656,18.73476791381836,18.023963928222656,18.73476791381836,541763.0
2000-02-01T05:00:00Z,18.83631134033203,18.874391555786133,18.55706787109375,18.83631134033203,332001.0
2000-02-02T05:00:00Z,18.785539627075195,18.81092643737793,18.48090934753418,18.645917892456055,399829.0
2000-02-03T05:00:00Z,18.633224487304688,18.73476791381836,18.18897247314453,18.531681060791016,350220.0
2000-02-04T05:00:00Z,18.59514617919922,18.683996200561523,18.22705078125,18.34128761291504,216533.0
2000-02-07T05:00:00Z,18.2016658782959,18.30320930480957,18.023963928222656,18.150894165039062,91586.0
2000-02-08T05:00:00Z,18.379365921020508,18.48090934753418,18.252437591552734,18.353981018066406,608483.0
2000-02-09T05:00:00Z,18.353981018066406,18.353981018066406,17.795490264892578,17.922420501708984,223550.0
2000-02-10T05:00:00Z,17.94780731201172,17.94780731201172,17.262388229370117,17.427396774291992,641474.0
2000-02-11T05:00:00Z,17.668561935424805,17.87164878845215,17.313159942626953,17.46547508239746,588664.0
2000-02-14T05:00:00Z,17.490861892700195,17.61779022216797,17.122766494750977,17.61779022216797,1014713.0
2000-02-15T05:00:00Z,17.28777313232422,17.706640243530273,17.160844802856445,17.64317512512207,373485.0
2000-02-16T05:00:00Z,17.592405319213867,17.668561935424805,17.173538208007812,17.275081634521484,376317.0
2000-02-17T05:00:00Z,17.567018508911133,17.567018508911133,16.88159942626953,17.059301376342773,611807.0
2000-02-18T05:00:00Z,16.983144760131836,16.983144760131836,16.297725677490234,16.450040817260742,881765.0
2000-02-22T05:00:00Z,16.627742767333984,16.729284286499023,16.2469539642334,16.60235595703125,564537.0
2000-02-23T05:00:00Z,16.653127670288086,16.74197769165039,16.373882293701172,16.538890838623047,392443.0
2000-02-24T05:00:00Z,16.373882293701172,16.500812530517578,16.01848030090332,16.196182250976562,435774.0
2000-02-25T05:00:00Z,16.323110580444336,16.627742767333984,15.967708587646484,16.09463882446289,608114.0
2000-02-28T05:00:00Z,16.500812530517578,16.767364501953125,16.2469539642334,16.615049362182617,1225337.0
2000-02-29T05:00:00Z,16.81813621520996,16.843521118164062,16.450040817260742,16.729284286499023,435159.0
2000-03-01T05:00:00Z,16.754671096801758,17.11007308959961,16.653127670288086,16.9577579498291,1578634.0
2000-03-02T05:00:00Z,16.85621452331543,16.983144760131836,16.56427764892578,16.85621452331543,600359.0
2000-03-03T05:00:00Z,17.21161651611328,17.21161651611328,16.85621452331543,17.008529663085938,418417.0
2000-03-06T05:00:00Z,16.919679641723633,17.097379684448242,16.678512573242188,16.843521118164062,1878260.0
2000-03-07T05:00:00Z,16.653127670288086,16.805442810058594,16.145410537719727,16.335803985595703,1253281.0
2000-03-08T05:00:00Z,16.06925392150879,16.2469539642334,15.840780258178711,16.145410537719727,649229.0
2000-03-09T05:00:00Z,15.955016136169434,16.323110580444336,15.891551971435547,16.23426055908203,385180.0
2000-03-10T05:00:00Z,16.196182250976562,16.450040817260742,16.196182250976562,16.285032272338867,183419.0
2000-03-13T05:00:00Z,15.815394401550293,16.627742767333984,15.815394401550293,16.450040817260742,411646.0
2000-03-14T05:00:00Z,16.373882293701172,16.691205978393555,16.34849739074707,16.38657569885254,286208.0
2000-03-15T05:00:00Z,16.475425720214844,17.46547508239746,16.2469539642334,17.389318466186523,1206626.0
2000-03-16T05:00:00Z,17.87164878845215,18.887083053588867,17.770105361938477,18.887083053588867,2141694.0
2000-03-17T05:00:00Z,18.83631134033203,19.24248504638672,18.709383010864258,18.823619842529297,1075771.0
2000-03-20T05:00:00Z,18.874391555786133,18.887083053588867,18.26512908935547,18.468217849731445,422233.0
2000-03-21T05:00:00Z,18.26512908935547,19.16632843017578,18.252437591552734,19.140941619873047,932359.0
2000-03-22T05:00:00Z,19.102863311767578,19.394800186157227,18.98862648010254,19.305950164794922,830679.0
2000-03-23T05:00:00Z,19.267871856689453,20.10560417175293,19.102863311767578,19.978675842285156,724567.0
2000-03-24T05:00:00Z,20.232534408569336,20.46100616455078,19.877132415771484,20.207149505615234,660185.0
2000-03-27T05:00:00Z,20.194456100463867,20.194456100463867,19.394800186157227,19.547115325927734,316613.0
2000-03-28T05:00:00Z,19.34402847290039,19.92790412902832,19.34402847290039,19.699430465698242,371516.0
2000-03-29T05:00:00Z,19.902517318725586,19.902517318725586,19.356721878051758,19.547115325927734,237091.0
2000-03-30T05:00:00Z,19.724817276000977,19.800975799560547,19.42018699645996,19.585195541381836,511727.0
2000-03-31T05:00:00Z,19.42018699645996,19.851747512817383,19.293258666992188,19.71212387084961,1533826.0
2000-04-03T04:00:00Z,20.130990982055664,20.664094924926758,20.029447555541992,20.664094924926758,539917.0
2000-04-04T04:00:00Z,20.714866638183594,20.816408157348633,19.077478408813477,19.839054107666016,1568048.0
2000-04-05T04:00:00Z,19.750202178955078,20.054832458496094,19.610580444335938,19.686737060546875,346403.0
2000-04-06T04:00:00Z,19.940597534179688,19.953290939331055,19.71212387084961,19.902517318725586,343080.0
2000-04-07T04:00:00Z,20.029447555541992,20.029447555541992,19.445573806762695,19.4963436126709,783408.0
2000-04-10T04:00:00Z,19.547115325927734,20.14368438720703,19.356721878051758,20.054832458496094,179111.0
2000-04-11T04:00:00Z,20.130990982055664,20.308692932128906,19.775588989257812,20.308692932128906,162861.0
2000-04-12T04:00:00Z,20.308692932128906,20.956031799316406,20.308692932128906,20.39754295349121,1093128.0
2000-04-13T04:00:00Z,20.080219268798828,20.232534408569336,19.81366729736328,19.864439010620117,790425.0
2000-04-14T04:00:00Z,18.937854766845703,19.267871856689453,17.97319221496582,18.252437591552734,1045242.0
2000-04-17T04:00:00Z,18.683996200561523,18.709383010864258,18.074735641479492,18.404752731323242,498309.0
2000-04-18T04:00:00Z,18.328594207763672,19.293258666992188,18.328594207763672,19.140941619873047,909586.0
2000-04-19T04:00:00Z,19.014013290405273,19.16632843017578,18.633224487304688,18.887083053588867,218626.0
2000-04-20T04:00:00Z,18.899776458740234,19.24248504638672,18.785539627075195,19.24248504638672,175048.0
2000-04-24T04:00:00Z,19.140941619873047,19.699430465698242,19.039398193359375,19.699430465698242,196468.0
2000-04-25T04:00:00Z,19.699430465698242,20.384849548339844,19.699430465698242,20.308692932128906,252724.0
2000-04-26T04:00:00Z,20.29599952697754,20.29599952697754,19.81366729736328,19.902517318725586,938761.0
2000-04-27T04:00:00Z,19.293258666992188,19.67404556274414,19.153635025024414,19.4963436126709,170247.0
2000-04-28T04:00:00Z,19.4963436126709,19.902517318725586,18.937854766845703,19.902517318725586,436143.0
2000-05-01T04:00:00Z,18.98862648010254,19.724817276000977,18.963241577148438,19.45826530456543,117068.0
2000-05-02T04:00:00Z,19.24248504638672,19.445573806762695,19.20440673828125,19.267871856689453,179480.0
2000-05-03T04:00:00Z,19.31864356994629,19.483652114868164,18.760154724121094,18.925161361694336,425311.0
2000-05-04T04:00:00Z,18.785539627075195,18.83631134033203,18.506296157836914,18.633224487304688,180834.0
2000-05-05T04:00:00Z,18.430137634277344,18.81092643737793,18.404752731323242,18.760154724121094,74476.0
2000-05-08T04:00:00Z,18.55706787109375,19.140941619873047,18.55706787109375,19.12824821472168,49240.0
2000-05-09T04:00:00Z,19.24248504638672,19.470958709716797,18.861698150634766,19.077478408813477,701424.0
2000-05-10T04:00:00Z,19.02670669555664,19.039398193359375,18.55706787109375,18.569759368896484,348373.0
2000-05-11T04:00:00Z,18.81092643737793,19.229793548583984,18.81092643737793,19.12824821472168,293840.0
2000-05-12T04:00:00Z,19.090171813964844,19.57250213623047,19.039398193359375,19.34402847290039,611192.0
2000-05-15T04:00:00Z,19.445573806762695,20.232534408569336,19.445573806762695,20.207149505615234,493262.0
2000-05-16T04:00:00Z,20.2198429107666,20.39754295349121,19.92790412902832,20.092912673950195,217272.0
2000-05-17T04:00:00Z,19.71212387084961,20.029447555541992,19.699430465698242,19.750202178955078,118053.0
2000-05-18T04:00:00Z,19.877132415771484,20.384849548339844,19.877132415771484,20.00406265258789,283992.0
2000-05-19T04:00:00Z,20.029447555541992,20.029447555541992,19.4963436126709,19.64866065979004,182311.0
2000-05-22T04:00:00Z,19.737510681152344,19.902517318725586,19.394800186157227,19.902517318725586,179849.0
2000-05-23T04:00:00Z,19.800975799560547,20.10560417175293,19.724817276000977,20.029447555541992,203731.0
2000-05-24T04:00:00Z,19.915210723876953,20.46100616455078,19.915210723876953,20.283306121826172,332616.0
2000-05-25T04:00:00Z,20.245227813720703,20.334077835083008,19.57250213623047,19.775588989257812,532777.0
2000-05-26T04:00:00Z,19.597888946533203,19.877132415771484,19.4963436126709,19.699430465698242,644675.0
2000-05-30T04:00:00Z,20.06752586364746,20.1563777923584,19.851747512817383,20.10560417175293,315382.0
2000-05-31T04:00:00Z,20.130990982055664,20.384849548339844,20.00406265258789,20.346771240234375,152029.0
2000-06-01T04:00:00Z,20.448314666748047,21.057575225830078,20.410236358642578,21.01949691772461,581032.0
2000-06-02T04:00:00Z,22.034931182861328,22.06031608581543,21.577985763549805,21.88261604309082,1362348.0
2000-06-05T04:00:00Z,21.831844329833984,21.831844329833984,21.171812057495117,21.387590408325195,214194.0
2000-06-06T04:00:00Z,21.222583770751953,21.641450881958008,20.714866638183594,20.917953491210938,292732.0
2000-06-07T04:00:00Z,20.854488372802734,21.37489891052246,20.854488372802734,21.222583770751953,115960.0
2000-06-08T04:00:00Z,21.247968673706055,21.247968673706055,20.740251541137695,20.8671817779541,305534.0
2000-06-09T04:00:00Z,21.070268630981445,21.12104034423828,20.410236358642578,20.51177978515625,279437.0
2000-06-12T04:00:00Z,20.562551498413086,20.740251541137695,20.53716468811035,20.68947982788086,104635.0
2000-06-13T04:00:00Z,20.51177978515625,20.917953491210938,20.410236358642578,20.664094924926758,689237.0
2000-06-14T04:00:00Z,20.8671817779541,21.247968673706055,20.76563835144043,21.01949691772461,289039.0
2000-06-15T04:00:00Z,20.714866638183594,20.816408157348633,20.1817626953125,20.524471282958984,1172281.0
2000-06-16T04:00:00Z,20.1563777923584,20.232534408569336,19.34402847290039,19.4963436126709,1355947.0
2000-06-19T04:00:00Z,19.394800186157227,20.10560417175293,19.394800186157227,20.00406265258789,845820.0
2000-06-20T04:00:00Z,20.092912673950195,20.10560417175293,19.699430465698242,19.750202178955078,785132.0
2000-06-21T04:00:00Z,19.597888946533203,19.775588989257812,19.394800186157227,19.597888946533203,457070.0
2000-06-22T04:00:00Z,19.394800186157227,19.585195541381836,19.191713333129883,19.585195541381836,470488.0
2000-06-23T04:00:00Z,19.597888946533203,19.851747512817383,19.42018699645996,19.445573806762695,556289.0
2000-06-26T04:00:00Z,19.64866065979004,19.877132415771484,19.547115325927734,19.750202178955078,216041.0
2000-06-27T04:00:00Z,19.953290939331055,20.054832458496094,19.775588989257812,19.940597534179688,270820.0
2000-06-28T04:00:00Z,20.029447555541992,20.10560417175293,19.750202178955078,19.78828239440918,388873.0
2000-06-29T04:00:00Z,19.5598087310791,19.851747512817383,19.4963436126709,19.775588989257812,92694.0
2000-06-30T04:00:00Z,19.57250213623047,19.699430465698242,19.014013290405273,19.293258666992188,776022.0
2000-07-03T04:00:00Z,19.293258666992188,19.64866065979004,19.140941619873047,19.64866065979004,514558.0
2000-07-05T04:00:00Z,19.81366729736328,20.10560417175293,19.597888946533203,19.864439010620117,681605.0
2000-07-06T04:00:00Z,19.699430465698242,20.10560417175293,19.5598087310791,20.016754150390625,460640.0
2000-07-07T04:00:00Z,20.2198429107666,20.486392974853516,20.06752586364746,20.359464645385742,370039.0
2000-07-10T04:00:00Z,20.46100616455078,20.638708114624023,20.359464645385742,20.410236358642578,462733.0
2000-07-11T04:00:00Z,20.53716468811035,20.76563835144043,20.422929763793945,20.51177978515625,219118.0
2000-07-12T04:00:00Z,20.94333839416504,21.04488182067871,20.714866638183594,20.8037166595459,229951.0
2000-07-13T04:00:00Z,20.90526008605957,20.90526008605957,20.51177978515625,20.600629806518555,553704.0
2000-07-14T04:00:00Z,20.68947982788086,21.070268630981445,20.68947982788086,20.94333839416504,148951.0
2000-07-17T04:00:00Z,20.917953491210938,21.01949691772461,20.53716468811035,20.54985809326172,169386.0
2000-07-18T04:00:00Z,20.422929763793945,20.587936401367188,20.283306121826172,20.587936401367188,84939.0
2000-07-19T04:00:00Z,20.43562126159668,20.638708114624023,20.384849548339844,20.51177978515625,85924.0
2000-07-20T04:00:00Z,20.53716468811035,21.171812057495117,20.53716468811035,21.032188415527344,119776.0
2000-07-21T04:00:00Z,21.070268630981445,21.29874038696289,20.892566680908203,20.968725204467773,202253.0
2000-07-24T04:00:00Z,21.070268630981445,21.324127197265625,20.892566680908203,21.095653533935547,288546.0
2000-07-25T04:00:00Z,21.108346939086914,21.222583770751953,20.94333839416504,21.13373374938965,311689.0
2000-07-26T04:00:00Z,21.070268630981445,21.247968673706055,20.8671817779541,21.032188415527344,178987.0
2000-07-27T04:00:00Z,20.994110107421875,21.400283813476562,20.994110107421875,21.095653533935547,160769.0
2000-07-28T04:00:00Z,21.070268630981445,21.222583770751953,20.638708114624023,20.638708114624023,245831.0
2000-07-31T04:00:00Z,20.94333839416504,21.19719696044922,20.68947982788086,20.994110107421875,190313.0
2000-08-01T04:00:00Z,21.108346939086914,21.260662078857422,21.01949691772461,21.13373374938965,87647.0
2000-08-02T04:00:00Z,21.247968673706055,21.400283813476562,21.04488182067871,21.108346939086914,73614.0
2000-08-03T04:00:00Z,21.19719696044922,21.730300903320312,21.146425247192383,21.66683578491211,162984.0
2000-08-04T04:00:00Z,21.933387756347656,22.504568099975586,21.869922637939453,22.504568099975586,367577.0
2000-08-07T04:00:00Z,22.39033317565918,22.56803321838379,22.06031608581543,22.56803321838379,691330.0
2000-08-08T04:00:00Z,22.56803321838379,22.56803321838379,22.288789749145508,22.56803321838379,153260.0
2000-08-09T04:00:00Z,22.364946365356445,22.669578552246094,21.984159469604492,22.41571807861328,437005.0
2000-08-10T04:00:00Z,22.56803321838379,22.618806838989258,22.1618595123291,22.288789749145508,189205.0
2000-08-11T04:00:00Z,22.39033317565918,22.64419174194336,22.187246322631836,22.631498336791992,168032.0
2000-08-14T04:00:00Z,22.555341720581055,22.936128616333008,22.339561462402344,22.92343521118164,145135.0
2000-08-15T04:00:00Z,22.796506881713867,22.796506881713867,22.41571807861328,22.504568099975586,66228.0
2000-08-16T04:00:00Z,22.669578552246094,22.720348358154297,22.06031608581543,22.238018035888672,160892.0
2000-08-17T04:00:00Z,22.1618595123291,22.542648315429688,22.1618595123291,22.52995491027832,355390.0
2000-08-18T04:00:00Z,22.49187660217285,22.49187660217285,22.263404846191406,22.364946365356445,184404.0
2000-08-21T04:00:00Z,22.27609634399414,22.618806838989258,22.25071144104004,22.542648315429688,94541.0
2000-08-22T04:00:00Z,22.46649169921875,22.92343521118164,22.46649169921875,22.7838134765625,241153.0
2000-08-23T04:00:00Z,22.669578552246094,22.89805030822754,22.441104888916016,22.49187660217285,432081.0
2000-08-24T04:00:00Z,22.46649169921875,22.64419174194336,22.288789749145508,22.453798294067383,181819.0
2000-08-25T04:00:00Z,22.52995491027832,22.52995491027832,22.149166107177734,22.149166107177734,105127.0
2000-08-28T04:00:00Z,22.326868057250977,22.720348358154297,22.238018035888672,22.56803321838379,142427.0
2000-08-29T04:00:00Z,22.618806838989258,22.618806838989258,22.136474609375,22.339561462402344,101927.0
2000-08-30T04:00:00Z,22.339561462402344,22.7838134765625,22.339561462402344,22.542648315429688,173079.0
2000-08-31T04:00:00Z,22.517261505126953,23.25345230102539,22.517261505126953,23.126522064208984,537824.0
2000-09-01T04:00:00Z,23.15190887451172,23.15190887451172,22.74573516845703,22.74573516845703,924727.0
2000-09-05T04:00:00Z,22.872665405273438,23.101137161254883,22.733041763305664,23.024980545043945,566137.0
2000-09-06T04:00:00Z,23.126522064208984,23.4057674407959,23.050365447998047,23.202680587768555,270081.0
2000-09-07T04:00:00Z,23.050365447998047,23.177295684814453,22.89805030822754,23.012287139892578,177510.0
2000-09-08T04:00:00Z,22.948822021484375,23.558082580566406,22.948822021484375,23.532697677612305,4789329.0
2000-09-11T04:00:00Z,23.73578453063965,24.01502799987793,23.659626007080078,24.002334594726562,1598207.0
2000-09-12T04:00:00Z,24.065799713134766,24.065799713134766,23.811941146850586,23.964256286621094,1631814.0
2000-09-13T04:00:00Z,23.811941146850586,24.0531063079834,23.608854293823242,23.811941146850586,420510.0
2000-09-14T04:00:00Z,23.824634552001953,23.913484573364258,23.685012817382812,23.72309112548828,272913.0
2000-09-15T04:00:00Z,23.73578453063965,23.73578453063965,23.177295684814453,23.266145706176758,213209.0
2000-09-18T04:00:00Z,22.99959373474121,23.037673950195312,22.403026580810547,22.49187660217285,529699.0
2000-09-19T04:00:00Z,22.52995491027832,22.986900329589844,22.52995491027832,22.97420883178711,242015.0
2000-09-20T04:00:00Z,22.872665405273438,22.872665405273438,22.212631225585938,22.64419174194336,220965.0
2000-09-21T04:00:00Z,22.542648315429688,22.542648315429688,22.034931182861328,22.39033317565918,179480.0
2000-09-22T04:00:00Z,22.31417465209961,22.89805030822754,22.288789749145508,22.8218936920166,112513.0
2000-09-25T04:00:00Z,22.948822021484375,23.342302322387695,22.89805030822754,23.189987182617188,115837.0
2000-09-26T04:00:00Z,23.050365447998047,23.32961082458496,22.89805030822754,23.037673950195312,71152.0
2000-09-27T04:00:00Z,23.050365447998047,23.07575035095215,22.7584285736084,23.050365447998047,410908.0
2000-09-28T04:00:00Z,22.92343521118164,23.748477935791016,22.92343521118164,23.634239196777344,440329.0
2000-09-29T04:00:00Z,23.532697677612305,23.888099670410156,23.50731086730957,23.558082580566406,118422.0
2000-10-02T04:00:00Z,23.532697677612305,23.913484573364258,23.15190887451172,23.888099670410156,381487.0
2000-10-03T04:00:00Z,23.811941146850586,24.065799713134766,23.773862838745117,23.862712860107422,155229.0
2000-10-04T04:00:00Z,23.659626007080078,23.811941146850586,23.418460845947266,23.558082580566406,518990.0
2000-10-05T04:00:00Z,23.608854293823242,23.95156478881836,23.608854293823242,23.786556243896484,306273.0
2000-10-06T04:00:00Z,23.608854293823242,23.710397720336914,22.542648315429688,22.796506881713867,2007022.0
2000-10-09T04:00:00Z,22.593420028686523,22.733041763305664,22.39033317565918,22.441104888916016,156214.0
2000-10-10T04:00:00Z,22.56803321838379,22.56803321838379,21.577985763549805,21.793764114379883,3845398.0
2000-10-11T04:00:00Z,21.501827239990234,21.831844329833984,21.12104034423828,21.831844329833984,4426676.0
2000-10-12T04:00:00Z,21.654142379760742,21.654142379760742,20.47369956970215,20.562551498413086,1122672.0
2000-10-13T04:00:00Z,20.740251541137695,21.730300903320312,20.740251541137695,21.62875747680664,1249711.0
2000-10-16T04:00:00Z,21.59067726135254,21.895309448242188,21.43836212158203,21.819150924682617,167539.0
2000-10-17T04:00:00Z,22.009544372558594,22.009544372558594,21.01949691772461,21.222583770751953,572661.0
2000-10-18T04:00:00Z,20.207149505615234,21.4891357421875,20.207149505615234,20.98141860961914,1686593.0
2000-10-19T04:00:00Z,21.552600860595703,22.136474609375,21.552600860595703,21.971466064453125,488707.0
2000-10-20T04:00:00Z,22.034931182861328,22.238018035888672,21.933387756347656,22.06031608581543,466303.0
2000-10-23T04:00:00Z,21.984159469604492,22.034931182861328,21.603370666503906,21.692222595214844,321291.0
2000-10-24T04:00:00Z,21.88261604309082,22.517261505126953,21.88261604309082,22.238018035888672,309104.0
2000-10-25T04:00:00Z,22.441104888916016,22.733041763305664,22.136474609375,22.364946365356445,533023.0
2000-10-26T04:00:00Z,22.1618595123291,22.377639770507812,21.286048889160156,21.641450881958008,869209.0
2000-10-27T04:00:00Z,22.034931182861328,22.441104888916016,21.84453773498535,22.35225486755371,1361240.0
2000-10-30T05:00:00Z,22.555341720581055,23.380382537841797,22.555341720581055,23.164602279663086,1245033.0
2000-10-31T05:00:00Z,23.380382537841797,23.50731086730957,22.961515426635742,23.354995727539062,227243.0
2000-11-01T05:00:00Z,23.15190887451172,23.354995727539062,23.050365447998047,23.25345230102539,613777.0
2000-11-02T05:00:00Z,23.481924057006836,23.634239196777344,23.266145706176758,23.36768913269043,71029.0
2000-11-03T05:00:00Z,23.4057674407959,23.50731086730957,23.202680587768555,23.304224014282227,138980.0
2000-11-06T05:00:00Z,23.532697677612305,23.659626007080078,23.304224014282227,23.62154769897461,137380.0
2000-11-07T05:00:00Z,23.608854293823242,23.73578453063965,23.418460845947266,23.54538917541504,166801.0
2000-11-08T05:00:00Z,23.50731086730957,23.50731086730957,22.961515426635742,23.126522064208984,626087.0
2000-11-09T05:00:00Z,23.050365447998047,23.50731086730957,22.847278594970703,23.29153060913086,601467.0
2000-11-10T05:00:00Z,23.15190887451172,23.393075942993164,22.92343521118164,23.037673950195312,519605.0
2000-11-13T05:00:00Z,22.872665405273438,22.948822021484375,22.149166107177734,22.49187660217285,4902950.0
2000-11-14T05:00:00Z,22.97420883178711,23.15190887451172,22.542648315429688,22.618806838989258,4577720.0
2000-11-15T05:00:00Z,22.441104888916016,22.694963455200195,22.187246322631836,22.441104888916016,1102361.0
2000-11-16T05:00:00Z,22.339561462402344,22.64419174194336,22.212631225585938,22.364946365356445,153013.0
2000-11-17T05:00:00Z,22.35225486755371,22.694963455200195,21.984159469604492,22.187246322631836,939499.0
2000-11-20T05:00:00Z,21.78107261657715,21.908002853393555,21.37489891052246,21.52721405029297,373362.0
2000-11-21T05:00:00Z,21.52721405029297,21.704914093017578,21.12104034423828,21.577985763549805,681974.0
2000-11-22T05:00:00Z,21.349512100219727,21.501827239990234,20.917953491210938,21.057575225830078,256910.0
2000-11-24T05:00:00Z,21.27335548400879,21.37489891052246,21.18450355529785,21.209890365600586,103896.0
2000-11-27T05:00:00Z,21.324127197265625,21.565292358398438,21.324127197265625,21.501827239990234,271066.0
2000-11-28T05:00:00Z,21.425670623779297,21.908002853393555,21.425670623779297,21.730300903320312,1525578.0
2000-11-29T05:00:00Z,21.80645751953125,22.263404846191406,21.730300903320312,22.263404846191406,1481509.0
2000-11-30T05:00:00Z,22.136474609375,22.504568099975586,21.62875747680664,22.1618595123291,2073004.0
2000-12-01T05:00:00Z,22.31417465209961,22.441104888916016,21.94607925415039,22.034931182861328,502987.0
2000-12-04T05:00:00Z,21.933387756347656,22.02223777770996,21.704914093017578,21.933387756347656,1992250.0
2000-12-05T05:00:00Z,21.984159469604492,23.050365447998047,21.908002853393555,22.847278594970703,1342652.0
2000-12-06T05:00:00Z,23.25345230102539,23.634239196777344,22.339561462402344,22.74573516845703,1399155.0
2000-12-07T05:00:00Z,22.796506881713867,23.050365447998047,22.56803321838379,22.796506881713867,1006835.0
2000-12-08T05:00:00Z,23.304224014282227,23.558082580566406,23.101137161254883,23.456539154052734,3373186.0
2000-12-11T05:00:00Z,23.50731086730957,23.837326049804688,23.380382537841797,23.64693260192871,936545.0
2000-12-12T05:00:00Z,23.431154251098633,23.558082580566406,23.177295684814453,23.36768913269043,348496.0
2000-12-13T05:00:00Z,23.76116943359375,23.76116943359375,23.215373992919922,23.380382537841797,244723.0
2000-12-14T05:00:00Z,22.74573516845703,22.89805030822754,22.441104888916016,22.707656860351562,642951.0
2000-12-15T05:00:00Z,22.39033317565918,22.720348358154297,22.199939727783203,22.52995491027832,596912.0
2000-12-18T05:00:00Z,22.872665405273438,23.36768913269043,22.771120071411133,23.189987182617188,1623689.0
2000-12-19T05:00:00Z,23.202680587768555,23.608854293823242,22.796506881713867,22.936128616333008,3551312.0
2000-12-20T05:00:00Z,22.64419174194336,22.936128616333008,22.52995491027832,22.720348358154297,1652002.0
2000-12-21T05:00:00Z,22.64419174194336,23.25345230102539,22.46649169921875,23.25345230102539,2453629.0
2000-12-22T05:00:00Z,23.532697677612305,23.58346939086914,23.22806739807129,23.443845748901367,792025.0
2000-12-26T05:00:00Z,23.608854293823242,23.862712860107422,23.4692325592041,23.862712860107422,1927131.0
2000-12-27T05:00:00Z,23.634239196777344,24.0531063079834,23.634239196777344,24.01502799987793,372624.0
2000-12-28T05:00:00Z,23.964256286621094,24.319658279418945,23.964256286621094,24.256193161010742,459040.0
2000-12-29T05:00:00Z,24.180036544799805,24.421201705932617,23.862712860107422,23.964256286621094,846066.0
2001-01-02T05:00:00Z,24.040414810180664,24.040414810180664,23.063058853149414,23.29153060913086,1551429.0
2001-01-03T05:00:00Z,23.456539154052734,24.87814712524414,22.948822021484375,24.548131942749023,1573834.0
2001-01-04T05:00:00Z,24.38312339782715,24.903533935546875,24.065799713134766,24.1165714263916,1037364.0
2001-01-05T05:00:00Z,23.54538917541504,24.01502799987793,22.948822021484375,23.608854293823242,10940389.0
2001-01-08T05:00:00Z,23.4057674407959,23.608854293823242,23.202680587768555,23.36768913269043,518374.0
2001-01-09T05:00:00Z,23.634239196777344,23.634239196777344,22.97420883178711,22.97420883178711,265896.0
2001-01-10T05:00:00Z,23.024980545043945,23.50731086730957,22.872665405273438,23.354995727539062,495478.0
2001-01-11T05:00:00Z,23.558082580566406,23.862712860107422,23.304224014282227,23.4057674407959,661786.0
2001-01-12T05:00:00Z,23.456539154052734,23.456539154052734,22.796506881713867,22.961515426635742,549026.0
2001-01-16T05:00:00Z,23.050365447998047,24.065799713134766,22.872665405273438,23.36768913269043,866870.0
2001-01-17T05:00:00Z,23.685012817382812,23.710397720336914,23.25345230102539,23.4057674407959,544348.0
2001-01-18T05:00:00Z,23.32961082458496,23.32961082458496,22.89805030822754,23.063058853149414,480213.0
2001-01-19T05:00:00Z,23.15190887451172,23.15190887451172,22.74573516845703,22.89805030822754,666833.0
2001-01-22T05:00:00Z,22.948822021484375,23.532697677612305,22.948822021484375,23.304224014282227,291747.0
2001-01-23T05:00:00Z,23.316917419433594,23.710397720336914,23.22806739807129,23.532697677612305,418663.0
2001-01-24T05:00:00Z,23.659626007080078,23.95156478881836,23.58346939086914,23.672319412231445,4035710.0
2001-01-25T05:00:00Z,23.95156478881836,23.97694969177246,23.558082580566406,23.888099670410156,1694348.0
2001-01-26T05:00:00Z,23.79924964904785,24.01502799987793,23.659626007080078,23.97694969177246,979630.0
2001-01-29T05:00:00Z,24.248577117919922,24.289196014404297,23.948009490966797,23.99675178527832,273282.0
2001-01-30T05:00:00Z,24.126726150512695,24.240455627441406,23.76116943359375,24.20796012878418,386165.0
2001-01-31T05:00:00Z,24.248577117919922,24.289196014404297,23.83428192138672,23.907392501831055,463964.0
2001-02-01T05:00:00Z,24.004873275756836,24.126726150512695,23.850528717041016,23.93988609313965,229458.0
2001-02-02T05:00:00Z,24.142972946166992,24.27294921875,23.9317626953125,24.004873275756836,223550.0
2001-02-05T05:00:00Z,24.167343139648438,24.20796012878418,23.899269104003906,24.167343139648438,258264.0
2001-02-06T05:00:00Z,24.142972946166992,24.142972946166992,23.65556526184082,23.696182250976562,622024.0
2001-02-07T05:00:00Z,23.850528717041016,23.915515899658203,23.48497200012207,23.639318466186523,313413.0
2001-02-08T05:00:00Z,23.801786422729492,23.866775512695312,23.452478408813477,23.574329376220703,2847549.0
2001-02-09T05:00:00Z,23.395612716674805,23.785539627075195,23.36311912536621,23.671812057495117,356990.0
2001-02-12T05:00:00Z,23.7692928314209,24.061737060546875,23.70430564880371,24.004873275756836,2498068.0
2001-02-13T05:00:00Z,24.15109634399414,24.15109634399414,23.7692928314209,23.866775512695312,791533.0
2001-02-14T05:00:00Z,23.88302230834961,23.88302230834961,23.468725204467773,23.590576171875,138364.0
2001-02-15T05:00:00Z,23.517465591430664,23.66368865966797,23.306255340576172,23.590576171875,616239.0
2001-02-16T05:00:00Z,23.31437873840332,23.785539627075195,23.306255340576172,23.59869956970215,841881.0
2001-02-20T05:00:00Z,23.639318466186523,23.639318466186523,22.672624588012695,22.729488372802734,406969.0
2001-02-21T05:00:00Z,22.542648315429688,22.867586135864258,22.055240631103516,22.055240631103516,570445.0
2001-02-22T05:00:00Z,21.933387756347656,22.209585189819336,21.267261505126953,22.209585189819336,660678.0
2001-02-23T05:00:00Z,22.01462173461914,22.282697677612305,21.44597816467285,22.103981018066406,685052.0
2001-02-26T05:00:00Z,22.30706787109375,22.591388702392578,21.91714096069336,22.591388702392578,251986.0
2001-02-27T05:00:00Z,22.607635498046875,23.04630470275879,22.437042236328125,22.835092544555664,434543.0
2001-02-28T05:00:00Z,22.664499282836914,22.859464645385742,22.047115325927734,22.2989444732666,1070601.0
2001-03-01T05:00:00Z,22.136474609375,22.331438064575195,21.86840057373047,22.323314666748047,825878.0
2001-03-02T05:00:00Z,22.07961082458496,22.664499282836914,22.07961082458496,22.35580825805664,661416.0
2001-03-05T05:00:00Z,22.542648315429688,22.542648315429688,21.941511154174805,22.242080688476562,923989.0
2001-03-06T05:00:00Z,22.445167541503906,22.729488372802734,22.25832748413086,22.30706787109375,395397.0
2001-03-07T05:00:00Z,22.502031326293945,22.843217849731445,22.14459800720215,22.778228759765625,627810.0
2001-03-08T05:00:00Z,22.843217849731445,23.103168487548828,22.70511817932129,22.867586135864258,534993.0
2001-03-09T05:00:00Z,22.46141242980957,22.58326530456543,22.209585189819336,22.339561462402344,447345.0
2001-03-12T05:00:00Z,21.819658279418945,21.96588134765625,20.72298812866211,21.242891311645508,972736.0
2001-03-13T05:00:00Z,21.478473663330078,21.819658279418945,21.18602752685547,21.811534881591797,1514869.0
2001-03-14T05:00:00Z,20.804224014282227,21.307880401611328,20.552396774291992,20.804224014282227,2520719.0
2001-03-15T05:00:00Z,21.324127197265625,21.52721405029297,21.104793548583984,21.429731369018555,635196.0
2001-03-16T05:00:00Z,21.543460845947266,21.543460845947266,20.95857048034668,21.080421447753906,856161.0
2001-03-19T05:00:00Z,21.080421447753906,21.429731369018555,20.714866638183594,21.324127197265625,428142.0
2001-03-20T05:00:00Z,21.486595153808594,21.51909065246582,20.66612434387207,20.73111343383789,1914328.0
2001-03-21T05:00:00Z,20.552396774291992,20.89358139038086,19.983753204345703,20.129976272583008,1550937.0
2001-03-22T05:00:00Z,19.78066635131836,19.89439582824707,18.99268913269043,19.61007308959961,2003083.0
2001-03-23T05:00:00Z,19.756296157836914,20.487409591674805,19.740049362182617,20.43866729736328,623748.0
2001-03-26T05:00:00Z,20.77985382080078,20.966693878173828,20.536148071289062,20.763607025146484,765067.0
2001-03-27T05:00:00Z,20.69049644470215,21.46222686767578,20.487409591674805,21.34849739074707,463841.0
2001-03-28T05:00:00Z,21.12104034423828,21.34849739074707,20.942323684692383,21.23476791381836,279806.0
2001-03-29T05:00:00Z,21.12104034423828,21.316003799438477,20.982940673828125,21.18602752685547,141442.0
2001-03-30T05:00:00Z,21.161657333374023,21.559707641601562,21.161657333374023,21.559707641601562,252601.0
2001-04-02T04:00:00Z,21.332250595092773,22.006498336791992,21.332250595092773,21.657188415527344,3027152.0
2001-04-03T04:00:00Z,21.4541015625,21.584077835083008,20.8448429107666,20.926076889038086,919557.0
2001-04-04T04:00:00Z,20.83671760559082,20.83671760559082,20.186840057373047,20.414297103881836,3385742.0
2001-04-05T04:00:00Z,20.999187469482422,21.23476791381836,20.828594207763672,21.161657333374023,1272485.0
2001-04-06T04:00:00Z,20.820470809936523,21.194150924682617,20.463037490844727,20.69049644470215,6634228.0
2001-04-09T04:00:00Z,20.714866638183594,20.991064071655273,20.601137161254883,20.682371139526367,802735.0
2001-04-10T04:00:00Z,20.95857048034668,21.413484573364258,20.95857048034668,21.28350830078125,372008.0
2001-04-11T04:00:00Z,21.68968391418457,21.722177505493164,21.380990982055664,21.46222686767578,1359763.0
2001-04-12T04:00:00Z,21.543460845947266,21.68968391418457,21.364744186401367,21.62469482421875,5778191.0
2001-04-16T04:00:00Z,21.811534881591797,21.819658279418945,21.324127197265625,21.470348358154297,361175.0
2001-04-17T04:00:00Z,21.332250595092773,21.681560516357422,21.275386810302734,21.649066925048828,868471.0
2001-04-18T04:00:00Z,21.933387756347656,23.549959182739258,21.827781677246094,22.558895111083984,5579015.0
2001-04-19T04:00:00Z,22.550771713256836,22.826969146728516,22.502031326293945,22.68074607849121,1220413.0
2001-04-20T04:00:00Z,22.477659225463867,22.550771713256836,22.201461791992188,22.29081916809082,643444.0
2001-04-23T04:00:00Z,22.14459800720215,22.266450881958008,21.884647369384766,22.01462173461914,609222.0
2001-04-24T04:00:00Z,22.136474609375,22.25832748413086,21.84402847290039,21.900894165039062,118299.0
2001-04-25T04:00:00Z,21.84402847290039,22.160844802856445,21.754671096801758,22.136474609375,582017.0
2001-04-26T04:00:00Z,22.152721405029297,22.46953773498535,22.152721405029297,22.225833892822266,899738.0
2001-04-27T04:00:00Z,22.46953773498535,22.737611770629883,22.420795440673828,22.70511817932129,923742.0
2001-04-30T04:00:00Z,22.75385856628418,22.908205032348633,22.30706787109375,22.339561462402344,483044.0
2001-05-01T04:00:00Z,22.266450881958008,22.591388702392578,22.225833892822266,22.52640151977539,838680.0
2001-05-02T04:00:00Z,22.713241577148438,22.826969146728516,22.477659225463867,22.70511817932129,321291.0
2001-05-03T04:00:00Z,22.502031326293945,22.721364974975586,22.380178451538086,22.713241577148438,383703.0
2001-05-04T04:00:00Z,22.493907928466797,23.054426193237305,22.46953773498535,22.989439010620117,170001.0
2001-05-07T04:00:00Z,22.940698623657227,22.940698623657227,22.68074607849121,22.843217849731445,99834.0
2001-05-08T04:00:00Z,22.75385856628418,22.85133934020996,22.599512100219727,22.607635498046875,127778.0
2001-05-09T04:00:00Z,22.57514190673828,22.648252487182617,22.420795440673828,22.58326530456543,708564.0
2001-05-10T04:00:00Z,22.826969146728516,22.826969146728516,22.52640151977539,22.591388702392578,206685.0
2001-05-11T04:00:00Z,22.761981964111328,22.761981964111328,22.274574279785156,22.380178451538086,200530.0
2001-05-14T04:00:00Z,22.40454864501953,22.591388702392578,22.2989444732666,22.567018508911133,59334.0
2001-05-15T04:00:00Z,22.648252487182617,22.948822021484375,22.550771713256836,22.70511817932129,267496.0
2001-05-16T04:00:00Z,22.70511817932129,23.387489318847656,22.591388702392578,23.31437873840332,641351.0
2001-05-17T04:00:00Z,23.298131942749023,23.4281063079834,23.127538681030273,23.19252586364746,401798.0
2001-05-18T04:00:00Z,23.281885147094727,23.281885147094727,22.932575225830078,23.062551498413086,194744.0
2001-05-21T04:00:00Z,23.127538681030273,23.4281063079834,22.965068817138672,23.387489318847656,236844.0
2001-05-22T04:00:00Z,23.468725204467773,23.82615852355957,23.387489318847656,23.623071670532227,559982.0
2001-05-23T04:00:00Z,23.70430564880371,23.70430564880371,23.403736114501953,23.525588989257812,1015083.0
2001-05-24T04:00:00Z,23.65556526184082,23.7530460357666,23.525588989257812,23.614946365356445,184773.0
2001-05-25T04:00:00Z,23.590576171875,23.66368865966797,23.298131942749023,23.298131942749023,394782.0
2001-05-29T04:00:00Z,23.509342193603516,23.509342193603516,23.208772659301758,23.31437873840332,808767.0
2001-05-30T04:00:00Z,23.330625534057617,23.509342193603516,23.103168487548828,23.119415283203125,586325.0
2001-05-31T04:00:00Z,23.15190887451172,23.32250213623047,22.997562408447266,23.32250213623047,202007.0
2001-06-01T04:00:00Z,23.19252586364746,23.346872329711914,23.030057907104492,23.281885147094727,177880.0
2001-06-04T04:00:00Z,23.346872329711914,23.468725204467773,23.168155670166016,23.468725204467773,42346.0
2001-06-05T04:00:00Z,23.549959182739258,23.696182250976562,23.43623161315918,23.574329376220703,562813.0
2001-06-06T04:00:00Z,23.460601806640625,23.48497200012207,23.20064926147461,23.395612716674805,566260.0
2001-06-07T04:00:00Z,23.20064926147461,23.298131942749023,22.997562408447266,23.24126625061035,1214628.0
2001-06-08T04:00:00Z,23.030057907104492,23.15190887451172,22.940698623657227,23.103168487548828,726044.0
2001-06-11T04:00:00Z,23.038179397583008,23.168155670166016,22.85133934020996,22.883834838867188,186497.0
2001-06-12T04:00:00Z,22.664499282836914,22.97319221496582,22.558895111083984,22.956945419311523,757927.0
2001-06-13T04:00:00Z,22.826969146728516,23.119415283203125,22.69699478149414,22.770105361938477,966212.0
2001-06-14T04:00:00Z,22.648252487182617,22.648252487182617,22.372055053710938,22.372055053710938,1374781.0
2001-06-15T04:00:00Z,22.282697677612305,22.445167541503906,22.047115325927734,22.40454864501953,2495483.0
2001-06-18T04:00:00Z,22.46141242980957,22.542648315429688,22.168968200683594,22.46141242980957,388257.0
2001-06-19T04:00:00Z,22.81072235107422,22.826969146728516,22.607635498046875,22.664499282836914,1782365.0
2001-06-20T04:00:00Z,22.664499282836914,23.054426193237305,22.664499282836914,22.786352157592773,682836.0
2001-06-21T04:00:00Z,22.948822021484375,23.70430564880371,22.948822021484375,23.70430564880371,744878.0
2001-06-22T04:00:00Z,23.639318466186523,23.639318466186523,23.346872329711914,23.395612716674805,518251.0
2001-06-25T04:00:00Z,23.43623161315918,23.525588989257812,23.09504508972168,23.208772659301758,246569.0
2001-06-26T04:00:00Z,22.74573516845703,23.054426193237305,22.74573516845703,22.91632843017578,964489.0
2001-06-27T04:00:00Z,22.948822021484375,23.290008544921875,22.92445182800293,22.92445182800293,467903.0
2001-06-28T04:00:00Z,23.127538681030273,23.403736114501953,23.04630470275879,23.225019454956055,288300.0
2001-06-29T04:00:00Z,23.15190887451172,23.184402465820312,22.956945419311523,23.070674896240234,968058.0
2001-07-02T04:00:00Z,23.19252586364746,23.4118595123291,23.09504508972168,23.354995727539062,184527.0
2001-07-03T04:00:00Z,23.31437873840332,23.419984817504883,23.26563835144043,23.338748931884766,129624.0
2001-07-05T04:00:00Z,23.346872329711914,23.4281063079834,23.176279067993164,23.19252586364746,134179.0
2001-07-06T04:00:00Z,23.030057907104492,23.04630470275879,22.69699478149414,22.721364974975586,869702.0
2001-07-09T04:00:00Z,22.786352157592773,22.826969146728516,22.567018508911133,22.794475555419922,1078848.0
2001-07-10T04:00:00Z,22.81072235107422,22.81072235107422,22.242080688476562,22.242080688476562,1396816.0
2001-07-11T04:00:00Z,22.177091598510742,22.25832748413086,21.86840057373047,22.201461791992188,9222160.0
2001-07-12T04:00:00Z,22.217708587646484,22.672624588012695,22.217708587646484,22.591388702392578,475043.0
2001-07-13T04:00:00Z,22.518278121948242,22.867586135864258,22.518278121948242,22.859464645385742,210870.0
2001-07-16T04:00:00Z,22.891958236694336,23.070674896240234,22.53452491760254,22.53452491760254,610453.0
2001-07-17T04:00:00Z,22.550771713256836,22.997562408447266,22.493907928466797,22.997562408447266,347019.0
2001-07-18T04:00:00Z,22.74573516845703,22.948822021484375,22.68074607849121,22.867586135864258,757681.0
2001-07-19T04:00:00Z,23.054426193237305,23.070674896240234,22.623882293701172,22.713241577148438,255802.0
2001-07-20T04:00:00Z,22.58326530456543,22.68074607849121,22.558895111083984,22.607635498046875,404999.0
2001-07-23T04:00:00Z,22.558895111083984,22.737611770629883,22.420795440673828,22.48578453063965,58596.0
2001-07-24T04:00:00Z,22.35580825805664,22.510154724121094,22.152721405029297,22.19333839416504,155598.0
2001-07-25T04:00:00Z,22.095857620239258,22.380178451538086,22.071487426757812,22.36393165588379,295932.0
2001-07-26T04:00:00Z,22.217708587646484,22.550771713256836,22.217708587646484,22.542648315429688,260849.0
2001-07-27T04:00:00Z,22.420795440673828,22.737611770629883,22.420795440673828,22.672624588012695,68567.0
2001-07-30T04:00:00Z,22.58326530456543,22.68074607849121,22.542648315429688,22.599512100219727,243492.0
2001-07-31T04:00:00Z,22.70511817932129,23.005685806274414,22.648252487182617,22.85133934020996,129378.0
2001-08-01T04:00:00Z,22.891958236694336,23.09504508972168,22.74573516845703,22.948822021484375,99834.0
2001-08-02T04:00:00Z,23.135662078857422,23.135662078857422,22.91632843017578,22.91632843017578,110544.0
2001-08-03T04:00:00Z,22.956945419311523,23.013809204101562,22.778228759765625,23.013809204101562,123346.0
2001-08-06T04:00:00Z,22.867586135864258,22.98131561279297,22.63200569152832,22.68074607849121,230320.0
2001-08-07T04:00:00Z,22.778228759765625,22.92445182800293,22.688871383666992,22.92445182800293,260110.0
2001-08-08T04:00:00Z,22.74573516845703,22.859464645385742,22.46141242980957,22.46141242980957,1906696.0
2001-08-09T04:00:00Z,22.502031326293945,22.567018508911133,22.347684860229492,22.567018508911133,698962.0
2001-08-10T04:00:00Z,22.46141242980957,22.648252487182617,22.339561462402344,22.58326530456543,201884.0
2001-08-13T04:00:00Z,22.664499282836914,22.68074607849121,22.420795440673828,22.558895111083984,80631.0
2001-08-14T04:00:00Z,22.623882293701172,22.778228759765625,22.46953773498535,22.567018508911133,390104.0
2001-08-15T04:00:00Z,22.52640151977539,22.713241577148438,22.46953773498535,22.477659225463867,113129.0
2001-08-16T04:00:00Z,22.396425247192383,22.477659225463867,22.242080688476562,22.412673950195312,448084.0
2001-08-17T04:00:00Z,22.25832748413086,22.380178451538086,21.990251541137695,22.07961082458496,383826.0
2001-08-20T04:00:00Z,22.095857620239258,22.3151912689209,22.095857620239258,22.2989444732666,2265779.0
2001-08-21T04:00:00Z,22.25832748413086,22.607635498046875,22.02274513244629,22.02274513244629,774176.0
2001-08-22T04:00:00Z,22.136474609375,22.274574279785156,21.9740047454834,22.120227813720703,2077928.0
2001-08-23T04:00:00Z,22.136474609375,22.242080688476562,22.06336212158203,22.12835121154785,220103.0
2001-08-24T04:00:00Z,22.055240631103516,22.250202178955078,21.990251541137695,22.18521499633789,459409.0
2001-08-27T04:00:00Z,22.217708587646484,22.217708587646484,21.900894165039062,21.96588134765625,1266330.0
2001-08-28T04:00:00Z,21.892770767211914,21.933387756347656,21.6165714263916,21.6165714263916,962519.0
2001-08-29T04:00:00Z,21.754671096801758,21.779041290283203,21.380990982055664,21.421607971191406,858992.0
2001-08-30T04:00:00Z,21.40536117553711,21.52721405029297,21.194150924682617,21.275386810302734,705117.0
2001-08-31T04:00:00Z,21.40536117553711,21.608448028564453,21.267261505126953,21.340373992919922,1232477.0
2001-09-04T04:00:00Z,21.210397720336914,21.649066925048828,21.039804458618164,21.251014709472656,904908.0
2001-09-05T04:00:00Z,21.023557662963867,21.324127197265625,20.812347412109375,21.12104034423828,1492957.0
2001-09-06T04:00:00Z,20.8610897064209,21.01543426513672,20.576766967773438,20.633630752563477,2382477.0
2001-09-07T04:00:00Z,20.316816329956055,20.641754150390625,20.073110580444336,20.22745704650879,1965292.0
2001-09-10T04:00:00Z,19.959383010864258,20.471162796020508,19.853776931762695,20.268075942993164,835357.0
2001-09-17T04:00:00Z,18.074735641479492,19.455726623535156,17.87164878845215,19.374492645263672,1864226.0
2001-09-18T04:00:00Z,19.252639770507812,19.415109634399414,19.090171813964844,19.130788803100586,3653239.0
2001-09-19T04:00:00Z,19.130788803100586,19.374492645263672,18.318439483642578,18.99268913269043,1039580.0
2001-09-20T04:00:00Z,18.505279541015625,18.700244903564453,18.115352630615234,18.15597152709961,777377.0
2001-09-21T04:00:00Z,17.181154251098633,18.237205505371094,17.181154251098633,17.790414810180664,1090789.0
2001-09-24T04:00:00Z,18.64337921142578,18.919578552246094,18.399675369262695,18.71649169921875,972121.0
2001-09-25T04:00:00Z,18.692119598388672,19.171405792236328,18.692119598388672,19.017059326171875,713365.0
2001-09-26T04:00:00Z,19.33387565612793,19.33387565612793,18.94394874572754,19.203899383544922,358837.0
2001-09-27T04:00:00Z,19.21202278137207,19.593826293945312,19.082046508789062,19.520715713500977,179234.0
2001-09-28T04:00:00Z,19.66693687438965,20.154346466064453,19.66693687438965,20.04874038696289,433066.0
2001-10-01T04:00:00Z,19.975629806518555,20.129976272583008,19.861900329589844,19.99187660217285,316244.0
2001-10-02T04:00:00Z,20.024370193481445,20.381803512573242,19.902517318725586,20.268075942993164,431712.0
2001-10-03T04:00:00Z,20.203086853027344,20.796100616455078,20.203086853027344,20.593013763427734,3204785.0
2001-10-04T04:00:00Z,20.67424964904785,20.755483627319336,20.324939727783203,20.430543899536133,2510501.0
2001-10-05T04:00:00Z,20.552396774291992,20.552396774291992,19.6588134765625,19.870023727416992,4035710.0
2001-10-08T04:00:00Z,19.642566680908203,19.675060272216797,19.33387565612793,19.423233032226562,1600916.0
2001-10-09T04:00:00Z,19.455726623535156,19.72380256652832,19.341997146606445,19.585702896118164,6144290.0
2001-10-10T04:00:00Z,19.471973419189453,20.016246795654297,19.471973419189453,19.89439582824707,2169022.0
2001-10-11T04:00:00Z,20.024370193481445,20.308692932128906,19.983753204345703,20.211210250854492,973475.0
2001-10-12T04:00:00Z,19.6588134765625,19.94313621520996,19.536962509155273,19.89439582824707,2233403.0
2001-10-15T04:00:00Z,19.72380256652832,20.10560417175293,19.618196487426758,19.983753204345703,443037.0
2001-10-16T04:00:00Z,20.064987182617188,20.463037490844727,20.064987182617188,20.308692932128906,1147292.0
2001-10-17T04:00:00Z,20.714866638183594,20.714866638183594,20.10560417175293,20.10560417175293,734415.0
2001-10-18T04:00:00Z,20.186840057373047,20.268075942993164,19.861900329589844,20.081235885620117,1246634.0
2001-10-19T04:00:00Z,19.902517318725586,19.918764114379883,19.512590408325195,19.756296157836914,1555122.0
2001-10-22T04:00:00Z,19.740049362182617,20.3411865234375,19.740049362182617,20.235580444335938,683205.0
2001-10-23T04:00:00Z,20.34930992126465,20.51177978515625,20.186840057373047,20.28432273864746,549026.0
2001-10-24T04:00:00Z,20.22745704650879,20.373680114746094,20.10560417175293,20.211210250854492,235860.0
2001-10-25T04:00:00Z,19.983753204345703,20.576766967773438,19.861900329589844,20.479284286499023,158060.0
2001-10-26T04:00:00Z,20.471162796020508,20.755483627319336,20.471162796020508,20.714866638183594,458301.0
2001-10-29T05:00:00Z,20.38992691040039,20.454914093017578,19.983753204345703,19.983753204345703,378656.0
2001-10-30T05:00:00Z,19.8212833404541,20.10560417175293,19.536962509155273,19.94313621520996,786363.0
2001-10-31T05:00:00Z,20.081235885620117,20.081235885620117,19.642566680908203,19.764419555664062,658585.0
2001-11-01T05:00:00Z,19.813159942626953,20.11372947692871,19.415109634399414,20.089357376098633,614023.0
2001-11-02T05:00:00Z,19.902517318725586,20.259950637817383,19.902517318725586,20.194963455200195,1044996.0
2001-11-05T05:00:00Z,20.593013763427734,20.641754150390625,20.38992691040039,20.633630752563477,187728.0
2001-11-06T05:00:00Z,20.633630752563477,20.90170669555664,20.39805030822754,20.885459899902344,1101622.0
2001-11-07T05:00:00Z,20.73111343383789,21.202274322509766,20.73111343383789,20.966693878173828,522313.0
2001-11-08T05:00:00Z,21.202274322509766,21.340373992919922,20.917953491210938,21.031681060791016,261341.0
2001-11-09T05:00:00Z,20.83671760559082,21.031681060791016,20.69049644470215,20.89358139038086,324492.0
2001-11-12T05:00:00Z,20.633630752563477,20.95857048034668,20.308692932128906,20.796100616455078,259495.0
2001-11-13T05:00:00Z,21.242891311645508,21.35662078857422,21.088546752929688,21.35662078857422,452762.0
2001-11-14T05:00:00Z,21.56783103942871,21.56783103942871,21.18602752685547,21.316003799438477,661047.0
2001-11-15T05:00:00Z,21.44597816467285,21.52721405029297,21.18602752685547,21.18602752685547,269466.0
2001-11-16T05:00:00Z,21.364744186401367,21.364744186401367,20.917953491210938,21.080421447753906,185142.0
2001-11-19T05:00:00Z,21.28350830078125,21.510967254638672,21.12916374206543,21.510967254638672,273774.0
2001-11-20T05:00:00Z,21.202274322509766,21.437854766845703,21.202274322509766,21.389114379882812,1038349.0
2001-11-21T05:00:00Z,21.161657333374023,21.28350830078125,21.01543426513672,21.202274322509766,71275.0
2001-11-23T05:00:00Z,21.080421447753906,21.551584243774414,21.080421447753906,21.52721405029297,66228.0
2001-11-26T05:00:00Z,21.470348358154297,21.69780731201172,21.372867584228516,21.640941619873047,443899.0
2001-11-27T05:00:00Z,21.56783103942871,21.80341148376465,21.372867584228516,21.68968391418457,860346.0
2001-11-28T05:00:00Z,21.364744186401367,21.584077835083008,20.999187469482422,21.039804458618164,640612.0
2001-11-29T05:00:00Z,21.161657333374023,21.299755096435547,20.95857048034668,21.267261505126953,717796.0
2001-11-30T05:00:00Z,21.202274322509766,21.242891311645508,21.039804458618164,21.047929763793945,419894.0
2001-12-03T05:00:00Z,20.83671760559082,20.877334594726562,20.641754150390625,20.755483627319336,424449.0
2001-12-04T05:00:00Z,20.796100616455078,21.12104034423828,20.69049644470215,21.039804458618164,1203179.0
2001-12-05T05:00:00Z,21.039804458618164,21.56783103942871,21.039804458618164,21.332250595092773,937407.0
2001-12-06T05:00:00Z,21.340373992919922,21.649066925048828,21.324127197265625,21.608448028564453,375947.0
2001-12-07T05:00:00Z,21.4541015625,21.640941619873047,21.380990982055664,21.46222686767578,961042.0
2001-12-10T05:00:00Z,21.52721405029297,21.52721405029297,21.080421447753906,21.12104034423828,191913.0
2001-12-11T05:00:00Z,21.210397720336914,21.486595153808594,21.12104034423828,21.242891311645508,1120456.0
2001-12-12T05:00:00Z,21.12104034423828,21.307880401611328,20.991064071655273,21.161657333374023,649722.0
2001-12-13T05:00:00Z,21.039804458618164,21.039804458618164,20.796100616455078,20.828594207763672,2516410.0
2001-12-14T05:00:00Z,20.877334594726562,20.877334594726562,20.641754150390625,20.714866638183594,1099652.0
2001-12-17T05:00:00Z,20.714866638183594,21.047929763793945,20.714866638183594,20.999187469482422,149443.0
2001-12-18T05:00:00Z,21.161657333374023,21.194150924682617,20.982940673828125,21.194150924682617,226504.0
2001-12-19T05:00:00Z,21.039804458618164,21.608448028564453,21.039804458618164,21.608448028564453,492400.0
2001-12-20T05:00:00Z,21.486595153808594,21.608448028564453,21.332250595092773,21.51909065246582,1054475.0
2001-12-21T05:00:00Z,21.340373992919922,21.364744186401367,21.080421447753906,21.275386810302734,574508.0
2001-12-24T05:00:00Z,21.28350830078125,21.28350830078125,21.153533935546875,21.259138107299805,218133.0
2001-12-26T05:00:00Z,21.316003799438477,21.44597816467285,21.259138107299805,21.35662078857422,103158.0
2001-12-27T05:00:00Z,21.364744186401367,21.44597816467285,21.210397720336914,21.340373992919922,663755.0
2001-12-28T05:00:00Z,21.40536117553711,21.665313720703125,21.40536117553711,21.56783103942871,1563739.0
2001-12-31T05:00:00Z,21.608448028564453,21.649066925048828,21.364744186401367,21.364744186401367,2223802.0
2002-01-02T05:00:00Z,21.242891311645508,21.44597816467285,21.039804458618164,21.340373992919922,632857.0
2002-01-03T05:00:00Z,21.44597816467285,21.52721405029297,21.29163360595703,21.486595153808594,194129.0
2002-01-04T05:00:00Z,21.608448028564453,21.852153778076172,21.608448028564453,21.770917892456055,762974.0
2002-01-07T05:00:00Z,21.852153778076172,21.925264358520508,21.608448028564453,21.714054107666016,495108.0
2002-01-08T05:00:00Z,21.730300903320312,21.730300903320312,21.29163360595703,21.413484573364258,338279.0
2002-01-09T05:00:00Z,21.52721405029297,21.770917892456055,21.413484573364258,21.52721405029297,494493.0
2002-01-10T05:00:00Z,21.44597816467285,21.649066925048828,21.40536117553711,21.44597816467285,479105.0
2002-01-11T05:00:00Z,21.770917892456055,21.770917892456055,21.324127197265625,21.324127197265625,3818562.0
2002-01-14T05:00:00Z,21.202274322509766,21.324127197265625,21.161657333374023,21.161657333374023,3340565.0
2002-01-15T05:00:00Z,21.210397720336914,21.62469482421875,21.210397720336914,21.62469482421875,3054111.0
2002-01-16T05:00:00Z,21.44597816467285,21.56783103942871,21.324127197265625,21.35662078857422,2094670.0
2002-01-17T05:00:00Z,21.68968391418457,21.68968391418457,21.46222686767578,21.559707641601562,269466.0
2002-01-18T05:00:00Z,21.40536117553711,21.6328182220459,21.40536117553711,21.478473663330078,153629.0
2002-01-22T05:00:00Z,21.608448028564453,21.608448028564453,21.364744186401367,21.40536117553711,104143.0
2002-01-23T05:00:00Z,21.364744186401367,21.608448028564453,21.28350830078125,21.502843856811523,450423.0
2002-01-24T05:00:00Z,21.608448028564453,21.730300903320312,21.494720458984375,21.52721405029297,3763536.0
2002-01-25T05:00:00Z,21.40536117553711,21.714054107666016,21.40536117553711,21.665313720703125,112021.0
2002-01-28T05:00:00Z,21.68968391418457,21.68968391418457,21.29163360595703,21.44597816467285,731337.0
2002-01-29T05:00:00Z,21.502843856811523,21.559707641601562,20.39805030822754,20.51177978515625,13945630.0
2002-01-30T05:00:00Z,20.471162796020508,21.44597816467285,19.94313621520996,20.771730422973633,13391803.0
2002-01-31T05:00:00Z,20.917953491210938,21.12104034423828,20.69049644470215,21.12104034423828,13490898.0
2002-02-01T05:00:00Z,21.080421447753906,21.080421447753906,20.747360229492188,20.8610897064209,5223749.0
2002-02-04T05:00:00Z,20.67424964904785,20.67424964904785,20.10560417175293,20.10560417175293,5459485.0
2002-02-05T05:00:00Z,20.064987182617188,20.186840057373047,19.78066635131836,20.10560417175293,5689559.0
2002-02-06T05:00:00Z,20.10560417175293,20.146223068237305,19.626319885253906,19.8212833404541,6310229.0
2002-02-07T05:00:00Z,19.78066635131836,20.21933364868164,19.740049362182617,20.00812339782715,8296325.0
2002-02-08T05:00:00Z,20.1787166595459,20.552396774291992,20.146223068237305,20.536148071289062,8454877.0
2002-02-11T05:00:00Z,20.544273376464844,20.714866638183594,20.316816329956055,20.714866638183594,971751.0
2002-02-12T05:00:00Z,20.552396774291992,20.706741333007812,20.471162796020508,20.479284286499023,568476.0
2002-02-13T05:00:00Z,20.51177978515625,20.95044708251953,20.51177978515625,20.89358139038086,5388456.0
2002-02-14T05:00:00Z,20.796100616455078,21.080421447753906,20.593013763427734,20.852964401245117,1636984.0
2002-02-15T05:00:00Z,20.755483627319336,20.83671760559082,20.487409591674805,20.528026580810547,2236358.0
2002-02-19T05:00:00Z,20.268075942993164,20.38992691040039,19.967506408691406,19.967506408691406,5077013.0
2002-02-20T05:00:00Z,20.10560417175293,20.34930992126465,19.71567726135254,20.3411865234375,8052710.0
2002-02-21T05:00:00Z,20.186840057373047,20.38992691040039,19.94313621520996,20.10560417175293,5889966.0
2002-02-22T05:00:00Z,19.740049362182617,20.024370193481445,19.577579498291016,19.983753204345703,8525291.0
2002-02-25T05:00:00Z,19.94313621520996,20.5036563873291,19.94313621520996,20.49553108215332,4633361.0
2002-02-26T05:00:00Z,20.38992691040039,20.66612434387207,20.308692932128906,20.479284286499023,2363643.0
2002-02-27T05:00:00Z,20.714866638183594,21.00731086730957,20.552396774291992,20.69049644470215,11507388.0
2002-02-28T05:00:00Z,20.67424964904785,21.039804458618164,20.67424964904785,20.755483627319336,1264360.0
2002-03-01T05:00:00Z,20.917953491210938,21.072298049926758,20.755483627319336,21.039804458618164,5791116.0
2002-03-04T05:00:00Z,21.364744186401367,21.770917892456055,21.242891311645508,21.754671096801758,7841470.0
2002-03-05T05:00:00Z,21.722177505493164,22.01462173461914,21.62469482421875,21.770917892456055,5306841.0
2002-03-06T05:00:00Z,21.892770767211914,22.217708587646484,21.779041290283203,22.136474609375,3081316.0
2002-03-07T05:00:00Z,22.095857620239258,22.242080688476562,21.770917892456055,21.941511154174805,3823732.0
2002-03-08T05:00:00Z,22.2989444732666,22.2989444732666,21.9740047454834,22.03899383544922,795965.0
2002-03-11T05:00:00Z,22.055240631103516,22.25832748413086,21.9740047454834,22.168968200683594,834987.0
2002-03-12T05:00:00Z,21.933387756347656,22.282697677612305,21.933387756347656,22.177091598510742,6107114.0
2002-03-13T05:00:00Z,22.177091598510742,22.19333839416504,21.86840057373047,21.9740047454834,2468155.0
2002-03-14T05:00:00Z,21.933387756347656,22.168968200683594,21.933387756347656,22.030868530273438,1599315.0
2002-03-15T05:00:00Z,22.055240631103516,22.48578453063965,22.055240631103516,22.420795440673828,3781509.0
2002-03-18T05:00:00Z,22.542648315429688,22.591388702392578,22.18521499633789,22.372055053710938,1940918.0
2002-03-19T05:00:00Z,22.502031326293945,22.542648315429688,22.339561462402344,22.36393165588379,409061.0
2002-03-20T05:00:00Z,22.339561462402344,22.339561462402344,22.01462173461914,22.01462173461914,4915506.0
2002-03-21T05:00:00Z,22.12835121154785,22.12835121154785,21.730300903320312,22.02274513244629,3618894.0
2002-03-22T05:00:00Z,22.03899383544922,22.250202178955078,21.900894165039062,22.01462173461914,2647512.0
2002-03-25T05:00:00Z,22.01462173461914,22.08773422241211,21.665313720703125,21.665313720703125,2828838.0
2002-03-26T05:00:00Z,21.68968391418457,22.177091598510742,21.68968391418457,21.933387756347656,1870751.0
2002-03-27T05:00:00Z,21.933387756347656,22.29081916809082,21.933387756347656,22.217708587646484,7761947.0
2002-03-28T05:00:00Z,22.12835121154785,22.35580825805664,22.02274513244629,22.055240631103516,1696687.0
2002-04-01T05:00:00Z,21.852153778076172,22.030868530273438,21.730300903320312,22.01462173461914,1177944.0
2002-04-02T05:00:00Z,21.811534881591797,22.177091598510742,21.811534881591797,22.095857620239258,467903.0
2002-04-03T05:00:00Z,22.136474609375,22.136474609375,21.73842430114746,21.770917892456055,4901596.0
2002-04-04T05:00:00Z,21.770917892456055,22.055240631103516,21.770917892456055,21.96588134765625,1331327.0
2002-04-05T05:00:00Z,22.12835121154785,22.282697677612305,22.071487426757812,22.071487426757812,4185892.0
2002-04-08T04:00:00Z,21.925264358520508,22.225833892822266,21.925264358520508,22.136474609375,147843.0
2002-04-09T04:00:00Z,22.25832748413086,22.420795440673828,22.18521499633789,22.274574279785156,1243187.0
2002-04-10T04:00:00Z,22.323314666748047,22.46141242980957,22.266450881958008,22.35580825805664,420017.0
2002-04-11T04:00:00Z,22.25832748413086,22.339561462402344,21.73842430114746,21.80341148376465,1543059.0
2002-04-12T04:00:00Z,21.998374938964844,22.160844802856445,21.884647369384766,22.07961082458496,1347330.0
2002-04-15T04:00:00Z,22.25832748413086,22.25832748413086,21.67343521118164,21.7952880859375,581155.0
2002-04-16T04:00:00Z,21.933387756347656,22.282697677612305,21.933387756347656,22.242080688476562,447345.0
2002-04-17T04:00:00Z,22.2989444732666,22.412673950195312,22.120227813720703,22.2989444732666,461871.0
2002-04-18T04:00:00Z,22.323314666748047,22.420795440673828,21.892770767211914,22.2989444732666,886812.0
2002-04-19T04:00:00Z,22.339561462402344,22.339561462402344,22.19333839416504,22.25832748413086,3157392.0
2002-04-22T04:00:00Z,22.14459800720215,22.209585189819336,21.892770767211914,21.9577579498291,1584297.0
2002-04-23T04:00:00Z,21.852153778076172,22.01462173461914,21.78716468811035,21.852153778076172,1449503.0
2002-04-24T04:00:00Z,21.933387756347656,22.01462173461914,21.67343521118164,21.714054107666016,4603325.0
2002-04-25T04:00:00Z,21.584077835083008,21.649066925048828,21.332250595092773,21.510967254638672,5007708.0
2002-04-26T04:00:00Z,21.543460845947266,21.68968391418457,21.332250595092773,21.429731369018555,1544536.0
2002-04-29T04:00:00Z,21.413484573364258,21.543460845947266,21.202274322509766,21.242891311645508,1378474.0
2002-04-30T04:00:00Z,21.299755096435547,21.665313720703125,21.22664451599121,21.494720458984375,1882938.0
2002-05-01T04:00:00Z,21.608448028564453,21.68968391418457,21.251014709472656,21.640941619873047,4520724.0
2002-05-02T04:00:00Z,21.730300903320312,21.852153778076172,21.608448028564453,21.852153778076172,995633.0
2002-05-03T04:00:00Z,21.762794494628906,21.84402847290039,21.6328182220459,21.74654769897461,1014344.0
2002-05-06T04:00:00Z,21.68968391418457,21.852153778076172,20.49553108215332,21.242891311645508,784270.0
2002-05-07T04:00:00Z,21.372867584228516,21.429731369018555,21.12916374206543,21.145410537719727,1236663.0
2002-05-08T04:00:00Z,21.608448028564453,21.819658279418945,21.56783103942871,21.770917892456055,3540110.0
2002-05-09T04:00:00Z,21.68968391418457,21.730300903320312,21.307880401611328,21.510967254638672,251247.0
2002-05-10T04:00:00Z,21.649066925048828,21.649066925048828,21.23476791381836,21.23476791381836,1595253.0
2002-05-13T04:00:00Z,21.299755096435547,21.6328182220459,21.202274322509766,21.6165714263916,449807.0
2002-05-14T04:00:00Z,21.884647369384766,21.949634552001953,21.730300903320312,21.949634552001953,636550.0
2002-05-15T04:00:00Z,21.884647369384766,22.112104415893555,21.84402847290039,21.84402847290039,1316678.0
2002-05-16T04:00:00Z,21.852153778076172,22.112104415893555,21.852153778076172,22.103981018066406,777130.0
2002-05-17T04:00:00Z,22.250202178955078,22.25832748413086,22.071487426757812,22.201461791992188,251493.0
2002-05-20T04:00:00Z,22.160844802856445,22.160844802856445,21.770917892456055,21.819658279418945,563675.0
2002-05-21T04:00:00Z,21.900894165039062,22.030868530273438,21.6165714263916,21.6165714263916,1061368.0
2002-05-22T04:00:00Z,21.608448028564453,21.665313720703125,21.46222686767578,21.657188415527344,1506129.0
2002-05-23T04:00:00Z,21.68968391418457,21.91714096069336,21.649066925048828,21.892770767211914,463718.0
2002-05-24T04:00:00Z,21.835905075073242,21.9740047454834,21.657188415527344,21.74654769897461,676188.0
2002-05-28T04:00:00Z,21.811534881591797,21.811534881591797,21.40536117553711,21.51909065246582,563552.0
2002-05-29T04:00:00Z,21.421607971191406,21.592201232910156,21.421607971191406,21.510967254638672,662278.0
2002-05-30T04:00:00Z,21.28350830078125,21.551584243774414,21.218521118164062,21.421607971191406,6239077.0
2002-05-31T04:00:00Z,21.364744186401367,21.681560516357422,21.364744186401367,21.429731369018555,4061685.0
2002-06-03T04:00:00Z,21.46222686767578,21.600324630737305,20.942323684692383,21.00731086730957,2347517.0
2002-06-04T04:00:00Z,20.83671760559082,21.01543426513672,20.73923683166504,20.869211196899414,949347.0
2002-06-05T04:00:00Z,20.926076889038086,21.12104034423828,20.909828186035156,21.072298049926758,754726.0
2002-06-06T04:00:00Z,20.999187469482422,21.01543426513672,20.60926055908203,20.61738395690918,2155604.0
2002-06-07T04:00:00Z,20.406173706054688,20.804224014282227,20.406173706054688,20.682371139526367,974706.0
2002-06-10T04:00:00Z,20.593013763427734,20.95857048034668,20.593013763427734,20.796100616455078,392320.0
2002-06-11T04:00:00Z,20.917953491210938,21.00731086730957,20.430543899536133,20.430543899536133,2651943.0
2002-06-12T04:00:00Z,20.38992691040039,20.60926055908203,20.194963455200195,20.544273376464844,957349.0
2002-06-13T04:00:00Z,20.471162796020508,20.49553108215332,20.04874038696289,20.064987182617188,2007761.0
2002-06-14T04:00:00Z,19.926889419555664,20.365556716918945,19.634443283081055,20.251827239990234,4250643.0
2002-06-17T04:00:00Z,20.552396774291992,21.169780731201172,20.34930992126465,21.161657333374023,2331637.0
2002-06-18T04:00:00Z,21.104793548583984,21.28350830078125,20.991064071655273,21.202274322509766,1546259.0
2002-06-19T04:00:00Z,21.161657333374023,21.194150924682617,20.934200286865234,20.999187469482422,691822.0
2002-06-20T04:00:00Z,20.95857048034668,20.95857048034668,20.528026580810547,20.576766967773438,4830567.0
2002-06-21T04:00:00Z,20.308692932128906,20.584890365600586,20.22745704650879,20.259950637817383,2956739.0
2002-06-24T04:00:00Z,20.22745704650879,20.487409591674805,19.853776931762695,20.316816329956055,3754304.0
2002-06-25T04:00:00Z,20.38992691040039,20.649877548217773,20.12185287475586,20.12185287475586,1340313.0
2002-06-26T04:00:00Z,19.4963436126709,19.845653533935547,19.43135643005371,19.740049362182617,5428956.0
2002-06-27T04:00:00Z,19.902517318725586,20.243703842163086,19.731924057006836,20.1624698638916,8380771.0
2002-06-28T04:00:00Z,20.308692932128906,20.552396774291992,20.235580444335938,20.422420501708984,2207060.0
2002-07-01T04:00:00Z,20.292444229125977,20.49553108215332,20.0,20.0,1532964.0
2002-07-02T04:00:00Z,19.983753204345703,20.097482681274414,19.675060272216797,19.72380256652832,5970350.0
2002-07-03T04:00:00Z,19.536962509155273,19.77254295349121,19.236392974853516,19.50446891784668,3744579.0
2002-07-05T04:00:00Z,19.72380256652832,20.259950637817383,19.72380256652832,20.251827239990234,476397.0
2002-07-08T04:00:00Z,20.146223068237305,20.406173706054688,19.99187660217285,20.146223068237305,3118739.0
2002-07-09T04:00:00Z,20.22745704650879,20.28432273864746,19.593826293945312,19.618196487426758,1062476.0
2002-07-10T04:00:00Z,19.691307067871094,19.77254295349121,18.927701950073242,18.99268913269043,3818316.0
2002-07-11T04:00:00Z,18.683996200561523,19.26888656616211,18.074735641479492,19.252639770507812,2439719.0
2002-07-12T04:00:00Z,19.33387565612793,19.33387565612793,18.862712860107422,18.968318939208984,1983141.0
2002-07-15T04:00:00Z,18.659626007080078,18.968318939208984,18.2047119140625,18.968318939208984,4184046.0
2002-07-16T04:00:00Z,18.854589462280273,19.017059326171875,18.497156143188477,18.586515426635742,10964886.0
2002-07-17T04:00:00Z,18.960195541381836,19.057676315307617,18.285945892333984,18.47278594970703,4069194.0
2002-07-18T04:00:00Z,18.521526336669922,18.562145233154297,17.782291412353516,17.831031799316406,4442925.0
2002-07-19T04:00:00Z,17.42485809326172,17.774166107177734,17.376117706298828,17.449228286743164,5113943.0
2002-07-22T04:00:00Z,17.181154251098633,17.506092071533203,16.68562126159668,16.85621452331543,3343027.0
2002-07-23T04:00:00Z,16.815597534179688,16.872461318969727,15.775792121887207,15.89764404296875,4142561.0
2002-07-24T04:00:00Z,15.150283813476562,16.872461318969727,15.10966682434082,16.85621452331543,9538896.0
2002-07-25T04:00:00Z,16.693744659423828,17.205524444580078,16.00324821472168,16.73436164855957,6495987.0
2002-07-26T04:00:00Z,16.831844329833984,17.24614143371582,16.73436164855957,17.24614143371582,4010475.0
2002-07-29T04:00:00Z,17.87164878845215,18.399675369262695,17.76604461669922,18.399675369262695,2448213.0
2002-07-30T04:00:00Z,18.237205505371094,18.60276222229004,17.944759368896484,18.440292358398438,4815672.0
2002-07-31T04:00:00Z,18.359058380126953,18.724613189697266,18.25345230102539,18.724613189697266,3552912.0
2002-08-01T04:00:00Z,18.59463882446289,18.627132415771484,18.220958709716797,18.26157569885254,1904726.0
2002-08-02T04:00:00Z,18.074735641479492,18.229082107543945,17.562957763671875,17.798538208007812,5632317.0
2002-08-05T04:00:00Z,17.70918083190918,17.70918083190918,17.067424774169922,17.099918365478516,3525338.0
2002-08-06T04:00:00Z,17.587326049804688,18.009748458862305,17.481721878051758,17.660438537597656,3835181.0
2002-08-07T04:00:00Z,18.074735641479492,18.074735641479492,17.522340774536133,17.887895584106445,1521024.0
2002-08-08T04:00:00Z,18.19658851623535,18.887083053588867,18.188465118408203,18.82209587097168,2540907.0
2002-08-09T04:00:00Z,18.562145233154297,19.1389102935791,18.521526336669922,18.98456573486328,1540597.0
2002-08-12T04:00:00Z,18.683996200561523,18.903331756591797,18.570268630981445,18.77335548400879,2078913.0
2002-08-13T04:00:00Z,18.757108688354492,19.04142951965332,18.32656478881836,18.32656478881836,3275322.0
2002-08-14T04:00:00Z,18.318439483642578,19.130788803100586,18.123477935791016,19.057676315307617,6039532.0
2002-08-15T04:00:00Z,19.293258666992188,19.33387565612793,19.04142951965332,19.293258666992188,5012755.0
2002-08-16T04:00:00Z,19.090171813964844,19.30950355529785,18.3671817779541,19.1551570892334,3326408.0
2002-08-19T04:00:00Z,19.171405792236328,19.699430465698242,19.090171813964844,19.642566680908203,3075777.0
2002-08-20T04:00:00Z,19.577579498291016,19.577579498291016,19.21202278137207,19.374492645263672,1092882.0
2002-08-21T04:00:00Z,19.577579498291016,19.577579498291016,19.10641860961914,19.415109634399414,1852163.0
2002-08-22T04:00:00Z,19.4963436126709,19.788789749145508,19.293258666992188,19.642566680908203,1302152.0
2002-08-23T04:00:00Z,19.455726623535156,19.520715713500977,19.171405792236328,19.228269577026367,907616.0
2002-08-26T04:00:00Z,19.317628860473633,19.61007308959961,19.147035598754883,19.512590408325195,1281594.0
2002-08-27T04:00:00Z,19.683183670043945,19.699430465698242,19.228269577026367,19.33387565612793,2430979.0
2002-08-28T04:00:00Z,19.171405792236328,19.27701187133789,18.838342666625977,19.017059326171875,3550573.0
2002-08-29T04:00:00Z,18.64337921142578,19.22014617919922,18.64337921142578,19.033306121826172,2221463.0
2002-08-30T04:00:00Z,18.927701950073242,19.43947982788086,18.927701950073242,19.073923110961914,2042352.0
2002-09-03T04:00:00Z,18.683996200561523,18.76523208618164,18.123477935791016,18.139724731445312,1085250.0
2002-09-04T04:00:00Z,18.115352630615234,18.55402183532715,18.09098243713379,18.48090934753418,2305294.0
2002-09-05T04:00:00Z,18.147846221923828,18.440292358398438,17.92038917541504,18.2047119140625,1393738.0
2002-09-06T04:00:00Z,18.48090934753418,18.64337921142578,18.42404556274414,18.48090934753418,1290211.0
2002-09-09T04:00:00Z,18.407798767089844,18.94394874572754,18.21283531188965,18.77335548400879,1389060.0
2002-09-10T04:00:00Z,18.77335548400879,18.82209587097168,18.48090934753418,18.659626007080078,896537.0
2002-09-11T04:00:00Z,18.99268913269043,18.99268913269043,18.505279541015625,18.55402183532715,423833.0
2002-09-12T04:00:00Z,18.399675369262695,18.47278594970703,18.009748458862305,18.03411865234375,598020.0
2002-09-13T04:00:00Z,17.952884674072266,18.25345230102539,17.93663787841797,18.172218322753906,5468841.0
2002-09-16T04:00:00Z,18.074735641479492,18.21283531188965,17.87164878845215,18.13159942626953,1678961.0
2002-09-17T04:00:00Z,18.497156143188477,18.497156143188477,17.725425720214844,17.74167251586914,1236540.0
2002-09-18T04:00:00Z,17.31925392150879,17.822908401489258,17.31925392150879,17.59545135498047,2772828.0
2002-09-19T04:00:00Z,17.30300521850586,17.42485809326172,16.945573806762695,16.986190795898438,1932916.0
2002-09-20T04:00:00Z,16.97806739807129,17.07554817199707,16.693744659423828,16.815597534179688,3090179.0
2002-09-23T04:00:00Z,16.774980545043945,16.95369529724121,16.409423828125,16.823720932006836,2354411.0
2002-09-24T04:00:00Z,16.5718936920166,17.01868438720703,16.376928329467773,16.498781204223633,3190506.0
2002-09-25T04:00:00Z,16.653127670288086,16.95369529724121,16.34443473815918,16.823720932006836,3056696.0
2002-09-26T04:00:00Z,16.945573806762695,17.384239196777344,16.896831512451172,17.311128616333008,3039462.0
2002-09-27T04:00:00Z,17.262388229370117,17.392364501953125,16.774980545043945,16.774980545043945,739092.0
2002-09-30T04:00:00Z,16.612510681152344,16.994314193725586,16.23883056640625,16.791227340698242,2894327.0
2002-10-01T04:00:00Z,16.937448501586914,17.53858757019043,16.709991455078125,17.506092071533203,4009490.0
2002-10-02T04:00:00Z,17.229894638061523,17.51421546936035,16.693744659423828,16.80747413635254,3379587.0
2002-10-03T04:00:00Z,16.823720932006836,16.888708114624023,16.133224487304688,16.133224487304688,4893841.0
2002-10-04T04:00:00Z,16.2469539642334,16.303817749023438,15.532088279724121,15.686433792114258,6431606.0
2002-10-07T04:00:00Z,15.540210723876953,15.783916473388672,15.10966682434082,15.190901756286621,7620998.0
2002-10-08T04:00:00Z,15.434605598449707,16.035743713378906,15.272135734558105,15.775792121887207,9535818.0
2002-10-09T04:00:00Z,15.47522258758545,15.564581871032715,15.06092643737793,15.10966682434082,5563874.0
2002-10-10T04:00:00Z,15.077173233032227,16.01137351989746,15.044678688049316,15.905768394470215,3856231.0
2002-10-11T04:00:00Z,16.409423828125,17.043054580688477,16.328187942504883,16.74248504638672,4509892.0
2002-10-14T04:00:00Z,16.5881404876709,17.002437591552734,16.5881404876709,16.864337921142578,2360689.0
2002-10-15T04:00:00Z,18.074735641479492,18.115352630615234,17.6848087310791,18.074735641479492,8202645.0
2002-10-16T04:00:00Z,17.790414810180664,17.98537826538086,17.660438537597656,17.749797821044922,1558200.0
2002-10-17T04:00:00Z,18.399675369262695,18.415922164916992,18.147846221923828,18.277822494506836,3501087.0
2002-10-18T04:00:00Z,18.03411865234375,18.53777313232422,17.952884674072266,18.26157569885254,2123475.0
2002-10-21T04:00:00Z,18.19658851623535,18.619009017944336,17.993501663208008,18.562145233154297,2262209.0
2002-10-22T04:00:00Z,18.26157569885254,18.489032745361328,18.21283531188965,18.391551971435547,2486743.0
2002-10-23T04:00:00Z,18.294069290161133,18.440292358398438,17.81478500366211,18.399675369262695,3397806.0
2002-10-24T04:00:00Z,18.440292358398438,18.627132415771484,18.001625061035156,18.066612243652344,2507424.0
2002-10-25T04:00:00Z,17.952884674072266,18.55402183532715,17.879772186279297,18.521526336669922,1323079.0
2002-10-28T05:00:00Z,18.846466064453125,18.846466064453125,18.32656478881836,18.47278594970703,4720885.0
2002-10-29T05:00:00Z,18.359058380126953,18.440292358398438,17.928512573242188,18.269699096679688,4215190.0
2002-10-30T05:00:00Z,18.359058380126953,18.562145233154297,18.237205505371094,18.47278594970703,2879678.0
2002-10-31T05:00:00Z,18.562145233154297,18.562145233154297,18.172218322753906,18.32656478881836,1211427.0
2002-11-01T05:00:00Z,18.21283531188965,18.635255813598633,18.050365447998047,18.586515426635742,1628982.0
2002-11-04T05:00:00Z,18.903331756591797,19.179529190063477,18.683996200561523,18.740861892700195,2811112.0
2002-11-05T05:00:00Z,18.627132415771484,18.87895965576172,18.60276222229004,18.805849075317383,2161144.0
2002-11-06T05:00:00Z,18.862712860107422,19.008935928344727,18.440292358398438,18.846466064453125,3861647.0
2002-11-07T05:00:00Z,18.53777313232422,18.619009017944336,18.139724731445312,18.164094924926758,6600745.0
2002-11-08T05:00:00Z,18.180341720581055,18.456539154052734,18.009748458862305,18.066612243652344,1975016.0
2002-11-11T05:00:00Z,17.969131469726562,18.09098243713379,17.749797821044922,17.87164878845215,2325359.0
2002-11-12T05:00:00Z,17.928512573242188,18.277822494506836,17.928512573242188,18.058488845825195,3575686.0
2002-11-13T05:00:00Z,17.887895584106445,18.570268630981445,17.69293212890625,17.969131469726562,2941844.0
2002-11-14T05:00:00Z,18.25345230102539,18.513404846191406,18.25345230102539,18.513404846191406,1733371.0
2002-11-15T05:00:00Z,18.37530517578125,18.692119598388672,18.220958709716797,18.683996200561523,3260673.0
2002-11-18T05:00:00Z,18.830219268798828,18.830219268798828,18.26157569885254,18.359058380126953,2133692.0
2002-11-19T05:00:00Z,18.294069290161133,18.53777313232422,18.172218322753906,18.3671817779541,1736941.0
2002-11-20T05:00:00Z,18.359058380126953,18.862712860107422,18.359058380126953,18.830219268798828,1210565.0
2002-11-21T05:00:00Z,19.073923110961914,19.317628860473633,19.017059326171875,19.27701187133789,2323389.0
2002-11-22T05:00:00Z,19.22014617919922,19.33387565612793,19.114540100097656,19.147035598754883,2845949.0
2002-11-25T05:00:00Z,19.171405792236328,19.301380157470703,18.911453247070312,19.114540100097656,3030968.0
2002-11-26T05:00:00Z,18.805849075317383,18.968318939208984,18.505279541015625,18.59463882446289,3413440.0
2002-11-27T05:00:00Z,18.781478881835938,19.195775985717773,18.724613189697266,19.171405792236328,931128.0
2002-11-29T05:00:00Z,19.10641860961914,19.187652587890625,19.008935928344727,19.008935928344727,531423.0
2002-12-02T05:00:00Z,19.252639770507812,19.39073944091797,18.82209587097168,19.008935928344727,2689120.0
2002-12-03T05:00:00Z,18.927701950073242,18.968318939208984,18.700244903564453,18.732738494873047,1062845.0
2002-12-04T05:00:00Z,18.562145233154297,18.87083625793457,18.53777313232422,18.732738494873047,692930.0
2002-12-05T05:00:00Z,18.76523208618164,18.76523208618164,18.3671817779541,18.407798767089844,987754.0
2002-12-06T05:00:00Z,18.123477935791016,18.675872802734375,17.98537826538086,18.55402183532715,1546259.0
2002-12-09T05:00:00Z,18.359058380126953,18.489032745361328,18.15597152709961,18.19658851623535,990093.0
2002-12-10T05:00:00Z,18.318439483642578,18.48090934753418,18.139724731445312,18.47278594970703,556904.0
2002-12-11T05:00:00Z,18.48090934753418,18.635255813598633,18.399675369262695,18.489032745361328,565029.0
2002-12-12T05:00:00Z,18.562145233154297,18.635255813598633,18.3671817779541,18.407798767089844,1037733.0
2002-12-13T05:00:00Z,18.19658851623535,18.42404556274414,18.13159942626953,18.19658851623535,948486.0
2002-12-16T05:00:00Z,18.277822494506836,18.748985290527344,18.277822494506836,18.71649169921875,1764392.0
2002-12-17T05:00:00Z,18.619009017944336,18.830219268798828,18.60276222229004,18.627132415771484,1374288.0
2002-12-18T05:00:00Z,18.399675369262695,18.505279541015625,18.229082107543945,18.277822494506836,1388076.0
2002-12-19T05:00:00Z,18.237205505371094,18.5458984375,18.03411865234375,18.115352630615234,1296489.0
2002-12-20T05:00:00Z,18.334686279296875,18.48090934753418,18.237205505371094,18.399675369262695,1749620.0
2002-12-23T05:00:00Z,18.342811584472656,18.521526336669922,18.25345230102539,18.359058380126953,765559.0
2002-12-24T05:00:00Z,18.359058380126953,18.359058380126953,18.164094924926758,18.19658851623535,879796.0
2002-12-26T05:00:00Z,18.359058380126953,18.505279541015625,18.107229232788086,18.139724731445312,735030.0
2002-12-27T05:00:00Z,18.115352630615234,18.164094924926758,17.757919311523438,17.80666160583496,520836.0
2002-12-30T05:00:00Z,17.831031799316406,18.058488845825195,17.749797821044922,17.93663787841797,2008007.0
2002-12-31T05:00:00Z,17.993501663208008,17.993501663208008,17.676685333251953,17.87164878845215,460025.0
2003-01-02T05:00:00Z,17.91226577758789,18.529651641845703,17.91226577758789,18.521526336669922,882750.0
2003-01-03T05:00:00Z,18.440292358398438,18.60276222229004,18.42404556274414,18.505279541015625,683451.0
2003-01-06T05:00:00Z,18.60276222229004,19.171405792236328,18.578392028808594,19.130788803100586,1277163.0
2003-01-07T05:00:00Z,19.090171813964844,19.1551570892334,18.862712860107422,18.919578552246094,740200.0
2003-01-08T05:00:00Z,18.724613189697266,18.952070236206055,18.683996200561523,18.724613189697266,489569.0
2003-01-09T05:00:00Z,18.683996200561523,19.1389102935791,18.683996200561523,19.09829330444336,829202.0
2003-01-10T05:00:00Z,18.846466064453125,19.236392974853516,18.846466064453125,19.090171813964844,728137.0
2003-01-13T05:00:00Z,19.252639770507812,19.4963436126709,19.025182723999023,19.147035598754883,2054170.0
2003-01-14T05:00:00Z,19.04955291748047,19.293258666992188,19.000812530517578,19.293258666992188,1443348.0
2003-01-15T05:00:00Z,19.33387565612793,19.33387565612793,18.94394874572754,19.008935928344727,4898518.0
2003-01-16T05:00:00Z,19.008935928344727,19.122665405273438,18.781478881835938,18.82209587097168,803597.0
2003-01-17T05:00:00Z,18.70836639404297,18.911453247070312,18.65150260925293,18.76523208618164,530930.0
2003-01-21T05:00:00Z,18.76523208618164,18.895206451416016,18.456539154052734,18.456539154052734,2112519.0
2003-01-22T05:00:00Z,18.318439483642578,18.440292358398438,18.15597152709961,18.164094924926758,2385555.0
2003-01-23T05:00:00Z,18.277822494506836,18.456539154052734,18.123477935791016,18.440292358398438,1340313.0
2003-01-24T05:00:00Z,18.245328903198242,18.245328903198242,17.668561935424805,17.733549118041992,3860293.0
2003-01-27T05:00:00Z,17.506092071533203,17.822908401489258,17.384239196777344,17.46547508239746,2973234.0
2003-01-28T05:00:00Z,17.546709060668945,17.733549118041992,17.53046226501465,17.717302322387695,4353185.0
2003-01-29T05:00:00Z,17.42485809326172,17.822908401489258,17.3436222076416,17.749797821044922,851729.0
2003-01-30T05:00:00Z,17.790414810180664,17.790414810180664,17.30300521850586,17.30300521850586,1813140.0
2003-01-31T05:00:00Z,17.384239196777344,17.668561935424805,17.238018035888672,17.64419174194336,1938333.0
2003-02-03T05:00:00Z,17.587326049804688,17.81478500366211,17.587326049804688,17.6848087310791,658339.0
2003-02-04T05:00:00Z,17.24614143371582,17.30300521850586,17.091794967651367,17.262388229370117,2820713.0
2003-02-05T05:00:00Z,17.408611297607422,17.546709060668945,17.099918365478516,17.099918365478516,2097009.0
2003-02-06T05:00:00Z,17.059301376342773,17.099918365478516,16.84809112548828,16.896831512451172,1260175.0
2003-02-07T05:00:00Z,16.929325103759766,17.108041763305664,16.693744659423828,16.783103942871094,1148154.0
2003-02-10T05:00:00Z,16.823720932006836,16.91307830810547,16.620634078979492,16.896831512451172,931375.0
2003-02-11T05:00:00Z,16.896831512451172,17.07554817199707,16.596263885498047,16.661251068115234,3490747.0
2003-02-12T05:00:00Z,16.75873374938965,16.823720932006836,16.450040817260742,16.450040817260742,1496773.0
2003-02-13T05:00:00Z,16.450040817260742,16.653127670288086,16.328187942504883,16.5718936920166,1472645.0
2003-02-14T05:00:00Z,16.555646896362305,16.961820602416992,16.490657806396484,16.945573806762695,2091100.0
2003-02-18T05:00:00Z,17.173030853271484,17.327375411987305,17.116165161132812,17.213647842407227,940607.0
2003-02-19T05:00:00Z,17.213647842407227,17.213647842407227,17.01868438720703,17.173030853271484,1223737.0
2003-02-20T05:00:00Z,17.25426483154297,17.25426483154297,16.961820602416992,17.010560989379883,692191.0
2003-02-21T05:00:00Z,16.937448501586914,17.311128616333008,16.823720932006836,17.262388229370117,1303260.0
2003-02-24T05:00:00Z,17.140535354614258,17.140535354614258,16.79935073852539,16.80747413635254,992309.0
2003-02-25T05:00:00Z,16.5881404876709,16.986190795898438,16.51502799987793,16.969942092895508,970767.0
2003-02-26T05:00:00Z,16.937448501586914,16.937448501586914,16.693744659423828,16.774980545043945,534254.0
2003-02-27T05:00:00Z,16.774980545043945,17.108041763305664,16.774980545043945,17.01868438720703,1912728.0
2003-02-28T05:00:00Z,17.099918365478516,17.262388229370117,16.97806739807129,17.099918365478516,3912487.0
2003-03-03T05:00:00Z,17.30300521850586,17.30300521850586,16.872461318969727,16.91307830810547,990340.0
2003-03-04T05:00:00Z,16.896831512451172,16.969942092895508,16.669374465942383,16.669374465942383,252109.0
2003-03-05T05:00:00Z,16.612510681152344,16.91307830810547,16.612510681152344,16.90495491027832,566260.0
2003-03-06T05:00:00Z,16.839967727661133,16.896831512451172,16.661251068115234,16.669374465942383,918080.0
2003-03-07T05:00:00Z,16.50690460205078,16.85621452331543,16.425670623779297,16.815597534179688,689606.0
2003-03-10T05:00:00Z,16.709991455078125,16.709991455078125,16.17384147644043,16.206335067749023,2397373.0
2003-03-11T05:00:00Z,16.18196678161621,16.360681533813477,15.905768394470215,15.938261985778809,3654347.0
2003-03-12T05:00:00Z,15.913890838623047,15.970754623413086,15.556458473205566,15.962632179260254,5844542.0
2003-03-13T05:00:00Z,16.409423828125,16.645004272460938,16.149471282958984,16.645004272460938,3621356.0
2003-03-14T05:00:00Z,16.73436164855957,16.888708114624023,16.555646896362305,16.718114852905273,1992866.0
2003-03-17T05:00:00Z,16.531274795532227,17.311128616333008,16.531274795532227,17.229894638061523,2146864.0
2003-03-18T05:00:00Z,17.41673469543457,17.41673469543457,17.156782150268555,17.327375411987305,1622458.0
2003-03-19T05:00:00Z,17.30300521850586,17.587326049804688,17.29488182067871,17.579204559326172,2116705.0
2003-03-20T05:00:00Z,17.47359848022461,17.717302322387695,17.173030853271484,17.603574752807617,1225337.0
2003-03-21T05:00:00Z,17.790414810180664,18.017871856689453,17.522340774536133,17.969131469726562,1205026.0
2003-03-24T05:00:00Z,17.46547508239746,17.587326049804688,17.30300521850586,17.3436222076416,940853.0
2003-03-25T05:00:00Z,17.408611297607422,17.59545135498047,17.270511627197266,17.47359848022461,1822619.0
2003-03-26T05:00:00Z,17.384239196777344,17.497968673706055,17.270511627197266,17.392364501953125,1738541.0
2003-03-27T05:00:00Z,17.181154251098633,17.432981491088867,17.116165161132812,17.286758422851562,287562.0
2003-03-28T05:00:00Z,17.140535354614258,17.327375411987305,17.140535354614258,17.270511627197266,902569.0
2003-03-31T05:00:00Z,16.896831512451172,17.140535354614258,16.864337921142578,16.864337921142578,820215.0
2003-04-01T05:00:00Z,16.97806739807129,17.3436222076416,16.90495491027832,17.311128616333008,624609.0
2003-04-02T05:00:00Z,17.668561935424805,17.904142379760742,17.619821548461914,17.76604461669922,1872351.0
2003-04-03T05:00:00Z,17.952884674072266,17.952884674072266,17.619821548461914,17.6848087310791,1878875.0
2003-04-04T05:00:00Z,17.80666160583496,17.91226577758789,17.733549118041992,17.863525390625,1319878.0
2003-04-07T04:00:00Z,18.440292358398438,18.456539154052734,17.847278594970703,17.928512573242188,7264747.0
2003-04-08T04:00:00Z,17.993501663208008,18.017871856689453,17.80666160583496,17.928512573242188,676558.0
2003-04-09T04:00:00Z,17.952884674072266,18.164094924926758,17.627944946289062,17.676685333251953,1120456.0
2003-04-10T04:00:00Z,17.749797821044922,17.822908401489258,17.63606834411621,17.822908401489258,781193.0
2003-04-11T04:00:00Z,18.009748458862305,18.13159942626953,17.749797821044922,17.81478500366211,1569279.0
2003-04-14T04:00:00Z,17.839155197143555,18.269699096679688,17.839155197143555,18.172218322753906,1383521.0
2003-04-15T04:00:00Z,18.277822494506836,18.529651641845703,18.147846221923828,18.48090934753418,944546.0
2003-04-16T04:00:00Z,18.740861892700195,18.740861892700195,18.19658851623535,18.229082107543945,2807296.0
2003-04-17T04:00:00Z,18.342811584472656,18.55402183532715,18.2047119140625,18.55402183532715,1000803.0
2003-04-21T04:00:00Z,18.521526336669922,18.610885620117188,18.415922164916992,18.489032745361328,604298.0
2003-04-22T04:00:00Z,18.415922164916992,19.065799713134766,18.342811584472656,19.057676315307617,2187364.0
2003-04-23T04:00:00Z,19.1389102935791,19.252639770507812,18.94394874572754,19.195775985717773,5352019.0
2003-04-24T04:00:00Z,19.171405792236328,19.171405792236328,18.692119598388672,18.797725677490234,2339762.0
2003-04-25T04:00:00Z,18.846466064453125,18.846466064453125,18.5458984375,18.59463882446289,1955320.0
2003-04-28T04:00:00Z,18.635255813598633,19.008935928344727,18.627132415771484,18.919578552246094,543487.0
2003-04-29T04:00:00Z,19.04955291748047,19.114540100097656,18.748985290527344,18.94394874572754,3207001.0
2003-04-30T04:00:00Z,18.830219268798828,19.073923110961914,18.805849075317383,18.98456573486328,1805262.0
2003-05-01T04:00:00Z,18.976442337036133,19.04955291748047,18.65150260925293,18.976442337036133,1844284.0
2003-05-02T04:00:00Z,18.846466064453125,19.471973419189453,18.846466064453125,19.27701187133789,13992654.0
2003-05-05T04:00:00Z,19.43947982788086,19.43947982788086,19.1389102935791,19.195775985717773,1478923.0
2003-05-06T04:00:00Z,19.252639770507812,19.4800968170166,19.179529190063477,19.341997146606445,2682103.0
2003-05-07T04:00:00Z,19.293258666992188,19.415109634399414,19.130788803100586,19.22014617919922,1212043.0
2003-05-08T04:00:00Z,18.846466064453125,19.21202278137207,18.846466064453125,19.000812530517578,9815379.0
2003-05-09T04:00:00Z,19.082046508789062,19.1551570892334,18.862712860107422,19.122665405273438,2299139.0
2003-05-12T04:00:00Z,19.025182723999023,19.415109634399414,18.99268913269043,19.341997146606445,729983.0
2003-05-13T04:00:00Z,19.32575035095215,19.447603225708008,19.236392974853516,19.285133361816406,2092331.0
2003-05-14T04:00:00Z,19.447603225708008,19.447603225708008,19.187652587890625,19.27701187133789,1343513.0
2003-05-15T04:00:00Z,19.39073944091797,19.4800968170166,19.26888656616211,19.471973419189453,2835609.0
2003-05-16T04:00:00Z,19.398862838745117,19.61007308959961,19.30950355529785,19.520715713500977,3372448.0
2003-05-19T04:00:00Z,19.4963436126709,19.4963436126709,18.976442337036133,18.99268913269043,3054480.0
2003-05-20T04:00:00Z,19.130788803100586,19.130788803100586,18.81397247314453,19.008935928344727,4160534.0
2003-05-21T04:00:00Z,18.895206451416016,19.122665405273438,18.854589462280273,19.04955291748047,3389066.0
2003-05-22T04:00:00Z,19.090171813964844,19.21202278137207,19.000812530517578,19.10641860961914,5012878.0
2003-05-23T04:00:00Z,19.171405792236328,19.203899383544922,19.025182723999023,19.179529190063477,1982895.0
2003-05-27T04:00:00Z,18.968318939208984,19.577579498291016,18.968318939208984,19.528837203979492,3223620.0
2003-05-28T04:00:00Z,19.699430465698242,19.88627052307129,19.618196487426758,19.764419555664062,13509117.0
2003-05-29T04:00:00Z,19.788789749145508,19.861900329589844,19.520715713500977,19.55320930480957,1374042.0
2003-05-30T04:00:00Z,19.675060272216797,19.983753204345703,19.618196487426758,19.95125961303711,2552848.0
2003-06-02T04:00:00Z,20.146223068237305,20.430543899536133,20.064987182617188,20.129976272583008,7480418.0
2003-06-03T04:00:00Z,20.064987182617188,20.28432273864746,20.04874038696289,20.243703842163086,2105749.0
2003-06-04T04:00:00Z,20.251827239990234,20.593013763427734,20.194963455200195,20.536148071289062,2220355.0
2003-06-05T04:00:00Z,20.38992691040039,20.73923683166504,20.38992691040039,20.66612434387207,3676012.0
2003-06-06T04:00:00Z,20.909828186035156,21.088546752929688,20.593013763427734,20.649877548217773,5206884.0
2003-06-09T04:00:00Z,20.308692932128906,20.471162796020508,20.146223068237305,20.21933364868164,4170259.0
2003-06-10T04:00:00Z,20.268075942993164,20.406173706054688,20.186840057373047,20.38992691040039,4221838.0
2003-06-11T04:00:00Z,20.39805030822754,20.73923683166504,20.373680114746094,20.698619842529297,2837455.0
2003-06-12T04:00:00Z,20.877334594726562,20.89358139038086,20.479284286499023,20.658002853393555,3424642.0
2003-06-13T04:00:00Z,20.69049644470215,20.77985382080078,20.479284286499023,20.584890365600586,1011390.0
2003-06-16T04:00:00Z,20.67424964904785,21.12104034423828,20.67424964904785,21.088546752929688,1191485.0
2003-06-17T04:00:00Z,21.324127197265625,21.324127197265625,20.999187469482422,21.080421447753906,2484897.0
2003-06-18T04:00:00Z,21.031681060791016,21.031681060791016,20.755483627319336,20.877334594726562,4554823.0
2003-06-19T04:00:00Z,20.812347412109375,20.89358139038086,20.373680114746094,20.381803512573242,4695157.0
2003-06-20T04:00:00Z,20.38992691040039,20.5199031829834,20.292444229125977,20.34930992126465,4349492.0
2003-06-23T04:00:00Z,20.308692932128906,20.308692932128906,19.94313621520996,20.032493591308594,2499053.0
2003-06-24T04:00:00Z,19.983753204345703,20.203086853027344,19.926889419555664,20.146223068237305,2102179.0
2003-06-25T04:00:00Z,20.073110580444336,20.357433319091797,20.00812339782715,20.016246795654297,3576794.0
2003-06-26T04:00:00Z,20.040616989135742,20.21933364868164,19.902517318725586,20.186840057373047,2812343.0
2003-06-27T04:00:00Z,20.268075942993164,20.268075942993164,19.959383010864258,20.016246795654297,605406.0
2003-06-30T04:00:00Z,20.024370193481445,20.129976272583008,19.902517318725586,19.94313621520996,1038472.0
2003-07-01T04:00:00Z,19.78066635131836,20.211210250854492,19.731924057006836,20.1787166595459,2531059.0
2003-07-02T04:00:00Z,20.308692932128906,20.430543899536133,20.22745704650879,20.430543899536133,853575.0
2003-07-03T04:00:00Z,20.406173706054688,20.479284286499023,20.268075942993164,20.33306312561035,678158.0
2003-07-07T04:00:00Z,20.593013763427734,20.796100616455078,20.422420501708984,20.682371139526367,735030.0
2003-07-08T04:00:00Z,20.633630752563477,20.909828186035156,20.60926055908203,20.820470809936523,1429807.0
2003-07-09T04:00:00Z,20.714866638183594,20.95857048034668,20.67424964904785,20.78797721862793,851237.0
2003-07-10T04:00:00Z,20.78797721862793,20.78797721862793,20.373680114746094,20.487409591674805,629903.0
2003-07-11T04:00:00Z,20.593013763427734,20.77985382080078,20.536148071289062,20.771730422973633,2405866.0
2003-07-14T04:00:00Z,21.161657333374023,21.34849739074707,20.34930992126465,21.161657333374023,2325482.0
2003-07-15T04:00:00Z,21.202274322509766,21.29163360595703,20.982940673828125,21.047929763793945,3559437.0
2003-07-16T04:00:00Z,21.137287139892578,21.202274322509766,20.804224014282227,20.942323684692383,1719338.0
2003-07-17T04:00:00Z,20.714866638183594,20.877334594726562,20.528026580810547,20.593013763427734,3673427.0
2003-07-18T04:00:00Z,20.66612434387207,20.89358139038086,20.61738395690918,20.8448429107666,1803046.0
2003-07-21T04:00:00Z,20.828594207763672,20.8448429107666,20.552396774291992,20.601137161254883,462241.0
2003-07-22T04:00:00Z,20.83671760559082,20.8610897064209,20.5036563873291,20.804224014282227,2533521.0
2003-07-23T04:00:00Z,20.852964401245117,20.877334594726562,20.601137161254883,20.73923683166504,875241.0
2003-07-24T04:00:00Z,20.820470809936523,20.991064071655273,20.649877548217773,20.649877548217773,988862.0
2003-07-25T04:00:00Z,20.755483627319336,21.137287139892578,20.67424964904785,21.137287139892578,899738.0
2003-07-28T04:00:00Z,21.242891311645508,21.242891311645508,20.95857048034668,21.05605125427246,2601965.0
2003-07-29T04:00:00Z,21.01543426513672,21.05605125427246,20.755483627319336,20.828594207763672,5167738.0
2003-07-30T04:00:00Z,20.95857048034668,20.95857048034668,20.763607025146484,20.83671760559082,3980808.0
2003-07-31T04:00:00Z,21.080421447753906,21.145410537719727,20.796100616455078,20.812347412109375,1882691.0
2003-08-01T04:00:00Z,20.8610897064209,20.8610897064209,20.38992691040039,20.406173706054688,7986482.0
2003-08-04T04:00:00Z,20.34930992126465,20.487409591674805,20.0,20.430543899536133,8349134.0
2003-08-05T04:00:00Z,20.593013763427734,20.593013763427734,20.097482681274414,20.097482681274414,3523122.0
2003-08-06T04:00:00Z,20.211210250854492,20.544273376464844,20.11372947692871,20.373680114746094,5904368.0
2003-08-07T04:00:00Z,20.357433319091797,20.5036563873291,20.1787166595459,20.471162796020508,1837144.0
2003-08-08T04:00:00Z,20.593013763427734,20.633630752563477,20.49553108215332,20.56864356994629,2422239.0
2003-08-11T04:00:00Z,20.633630752563477,20.69049644470215,20.414297103881836,20.528026580810547,967689.0
2003-08-12T04:00:00Z,20.67424964904785,20.78797721862793,20.601137161254883,20.771730422973633,2063156.0
2003-08-13T04:00:00Z,20.89358139038086,20.89358139038086,20.552396774291992,20.61738395690918,2877832.0
2003-08-14T04:00:00Z,20.60926055908203,20.8610897064209,20.536148071289062,20.812347412109375,2603442.0
2003-08-15T04:00:00Z,20.796100616455078,20.828594207763672,20.698619842529297,20.796100616455078,350466.0
2003-08-18T04:00:00Z,20.755483627319336,20.89358139038086,20.73923683166504,20.820470809936523,886197.0
2003-08-19T04:00:00Z,20.8448429107666,20.89358139038086,20.658002853393555,20.796100616455078,3427104.0
2003-08-20T04:00:00Z,20.67424964904785,20.852964401245117,20.67424964904785,20.747360229492188,2123967.0
2003-08-21T04:00:00Z,20.917953491210938,20.974817276000977,20.658002853393555,20.747360229492188,2815666.0
2003-08-22T04:00:00Z,20.796100616455078,20.869211196899414,20.34930992126465,20.34930992126465,8035229.0
2003-08-25T04:00:00Z,20.308692932128906,20.43866729736328,20.22745704650879,20.422420501708984,5579138.0
2003-08-26T04:00:00Z,20.357433319091797,20.544273376464844,20.194963455200195,20.463037490844727,4568980.0
2003-08-27T04:00:00Z,20.430543899536133,20.430543899536133,20.324939727783203,20.381803512573242,1329972.0
2003-08-28T04:00:00Z,20.34930992126465,20.51177978515625,20.235580444335938,20.471162796020508,2550755.0
2003-08-29T04:00:00Z,20.430543899536133,20.60926055908203,20.381803512573242,20.56864356994629,1859056.0
2003-09-02T04:00:00Z,20.625507354736328,20.95044708251953,20.56864356994629,20.934200286865234,4215806.0
2003-09-03T04:00:00Z,20.991064071655273,21.039804458618164,20.83671760559082,20.974817276000977,5717749.0
2003-09-04T04:00:00Z,20.999187469482422,20.999187469482422,20.812347412109375,20.885459899902344,4942711.0
2003-09-05T04:00:00Z,20.796100616455078,20.999187469482422,20.73923683166504,20.78797721862793,5862884.0
2003-09-08T04:00:00Z,20.90170669555664,21.05605125427246,20.714866638183594,20.991064071655273,4395409.0
2003-09-09T04:00:00Z,20.934200286865234,20.934200286865234,20.77985382080078,20.885459899902344,3319268.0
2003-09-10T04:00:00Z,20.747360229492188,20.89358139038086,20.51177978515625,20.544273376464844,4416705.0
2003-09-11T04:00:00Z,20.552396774291992,20.771730422973633,20.552396774291992,20.633630752563477,3574332.0
2003-09-12T04:00:00Z,20.593013763427734,20.73111343383789,20.51177978515625,20.66612434387207,7542091.0
2003-09-15T04:00:00Z,20.67424964904785,20.706741333007812,20.528026580810547,20.66612434387207,2608981.0
2003-09-16T04:00:00Z,20.625507354736328,20.95857048034668,20.625507354736328,20.909828186035156,6236862.0
2003-09-17T04:00:00Z,20.95857048034668,21.023557662963867,20.877334594726562,20.942323684692383,3344750.0
2003-09-18T04:00:00Z,20.999187469482422,21.478473663330078,20.966693878173828,21.44597816467285,13455692.0
2003-09-19T04:00:00Z,21.242891311645508,21.324127197265625,21.145410537719727,21.299755096435547,4959945.0
2003-09-22T04:00:00Z,21.039804458618164,21.080421447753906,20.89358139038086,20.991064071655273,4510384.0
2003-09-23T04:00:00Z,21.031681060791016,21.17790412902832,20.95857048034668,21.137287139892578,5882703.0
2003-09-24T04:00:00Z,21.242891311645508,21.242891311645508,20.755483627319336,20.771730422973633,5223872.0
2003-09-25T04:00:00Z,20.83671760559082,20.917953491210938,20.373680114746094,20.67424964904785,3598336.0
2003-09-26T04:00:00Z,20.61738395690918,20.73111343383789,20.552396774291992,20.56052017211914,1632675.0
2003-09-29T04:00:00Z,20.69049644470215,20.804224014282227,20.584890365600586,20.77985382080078,763097.0
2003-09-30T04:00:00Z,20.77985382080078,20.796100616455078,20.487409591674805,20.641754150390625,2792031.0
2003-10-01T04:00:00Z,20.714866638183594,21.194150924682617,20.714866638183594,21.161657333374023,2844102.0
2003-10-02T04:00:00Z,21.12104034423828,21.267261505126953,21.096668243408203,21.202274322509766,2233773.0
2003-10-03T04:00:00Z,21.44597816467285,21.6165714263916,21.28350830078125,21.364744186401367,1855979.0
2003-10-06T04:00:00Z,21.389114379882812,21.52721405029297,21.316003799438477,21.46222686767578,1690902.0
2003-10-07T04:00:00Z,21.324127197265625,21.600324630737305,21.275386810302734,21.592201232910156,836834.0
2003-10-08T04:00:00Z,21.600324630737305,21.665313720703125,21.486595153808594,21.559707641601562,1104576.0
2003-10-09T04:00:00Z,21.80341148376465,21.827781677246094,21.584077835083008,21.6165714263916,2746853.0
2003-10-10T04:00:00Z,21.608448028564453,21.705930709838867,21.592201232910156,21.6165714263916,2756209.0
2003-10-13T04:00:00Z,21.811534881591797,21.9740047454834,21.74654769897461,21.9577579498291,1916790.0
2003-10-14T04:00:00Z,21.9740047454834,22.103981018066406,21.876522064208984,22.08773422241211,3365677.0
2003-10-15T04:00:00Z,22.274574279785156,22.282697677612305,21.90901756286621,22.030868530273438,2196966.0
2003-10-16T04:00:00Z,22.030868530273438,22.14459800720215,21.941511154174805,22.055240631103516,7777089.0
2003-10-17T04:00:00Z,22.02274513244629,22.055240631103516,21.73842430114746,21.860275268554688,3809330.0
2003-10-20T04:00:00Z,21.860275268554688,21.933387756347656,21.714054107666016,21.86840057373047,1654218.0
2003-10-21T04:00:00Z,21.9740047454834,21.9740047454834,21.762794494628906,21.860275268554688,3411347.0
2003-10-22T04:00:00Z,21.56783103942871,21.714054107666016,21.44597816467285,21.551584243774414,10436664.0
2003-10-23T04:00:00Z,21.40536117553711,21.819658279418945,21.40536117553711,21.69780731201172,2904791.0
2003-10-24T04:00:00Z,21.56783103942871,21.68968391418457,21.4541015625,21.67343521118164,1061614.0
2003-10-27T05:00:00Z,21.68968391418457,21.96588134765625,21.57595443725586,21.67343521118164,5143364.0
2003-10-28T05:00:00Z,21.892770767211914,21.949634552001953,21.665313720703125,21.949634552001953,2153511.0
2003-10-29T05:00:00Z,21.811534881591797,22.047115325927734,21.811534881591797,21.982128143310547,2228479.0
2003-10-30T05:00:00Z,22.055240631103516,22.217708587646484,21.933387756347656,22.01462173461914,2496468.0
2003-10-31T05:00:00Z,22.136474609375,22.14459800720215,22.03899383544922,22.071487426757812,1426729.0
2003-11-03T05:00:00Z,22.136474609375,22.372055053710938,22.095857620239258,22.30706787109375,2652313.0
2003-11-04T05:00:00Z,22.250202178955078,22.2989444732666,22.160844802856445,22.19333839416504,1506744.0
2003-11-05T05:00:00Z,22.168968200683594,22.201461791992188,21.949634552001953,22.14459800720215,2736759.0
2003-11-06T05:00:00Z,22.177091598510742,22.250202178955078,21.9740047454834,22.250202178955078,2703645.0
2003-11-07T05:00:00Z,22.25832748413086,22.323314666748047,22.01462173461914,22.01462173461914,3147298.0
2003-11-10T05:00:00Z,22.07961082458496,22.07961082458496,21.933387756347656,22.03899383544922,3741255.0
2003-11-11T05:00:00Z,21.892770767211914,22.047115325927734,21.892770767211914,21.96588134765625,1074048.0
2003-11-12T05:00:00Z,22.055240631103516,22.14459800720215,21.990251541137695,22.136474609375,1362963.0
2003-11-13T05:00:00Z,22.136474609375,22.136474609375,21.990251541137695,22.06336212158203,1314462.0
2003-11-14T05:00:00Z,22.095857620239258,22.103981018066406,21.730300903320312,21.779041290283203,2110919.0
2003-11-17T05:00:00Z,21.559707641601562,21.74654769897461,21.543460845947266,21.722177505493164,5482751.0
2003-11-18T05:00:00Z,21.7952880859375,21.819658279418945,21.470348358154297,21.470348358154297,3695093.0
2003-11-19T05:00:00Z,21.52721405029297,21.640941619873047,21.372867584228516,21.6328182220459,932113.0
2003-11-20T05:00:00Z,21.543460845947266,21.705930709838867,21.413484573364258,21.44597816467285,2341731.0
2003-11-21T05:00:00Z,21.52721405029297,21.600324630737305,21.46222686767578,21.56783103942871,1743219.0
2003-11-24T05:00:00Z,21.770917892456055,21.811534881591797,21.68968391418457,21.770917892456055,1652494.0
2003-11-25T05:00:00Z,21.770917892456055,21.933387756347656,21.730300903320312,21.892770767211914,3932676.0
2003-11-26T05:00:00Z,22.055240631103516,22.055240631103516,21.827781677246094,22.02274513244629,1163664.0
2003-11-28T05:00:00Z,22.06336212158203,22.095857620239258,21.96588134765625,21.990251541137695,1084757.0
2003-12-01T05:00:00Z,22.112104415893555,22.25832748413086,22.07961082458496,22.242080688476562,1460828.0
2003-12-02T05:00:00Z,22.177091598510742,22.2989444732666,22.12835121154785,22.177091598510742,4227870.0
2003-12-03T05:00:00Z,22.331438064575195,22.331438064575195,22.12835121154785,22.136474609375,1876413.0
2003-12-04T05:00:00Z,22.168968200683594,22.250202178955078,22.103981018066406,22.19333839416504,857268.0
2003-12-05T05:00:00Z,22.160844802856445,22.160844802856445,21.982128143310547,22.01462173461914,1217951.0
2003-12-08T05:00:00Z,21.949634552001953,22.250202178955078,21.949634552001953,22.217708587646484,1122549.0
2003-12-09T05:00:00Z,22.201461791992188,22.250202178955078,21.982128143310547,22.02274513244629,4360448.0
2003-12-10T05:00:00Z,22.136474609375,22.136474609375,21.827781677246094,21.900894165039062,1097313.0
2003-12-11T05:00:00Z,22.01462173461914,22.217708587646484,21.941511154174805,22.152721405029297,3170317.0
2003-12-12T05:00:00Z,22.177091598510742,22.282697677612305,22.12835121154785,22.217708587646484,4799300.0
2003-12-15T05:00:00Z,22.664499282836914,22.664499282836914,22.103981018066406,22.160844802856445,3039585.0
2003-12-16T05:00:00Z,22.095857620239258,22.35580825805664,22.095857620239258,22.35580825805664,3179673.0
2003-12-17T05:00:00Z,22.339561462402344,22.339561462402344,22.152721405029297,22.274574279785156,1643385.0
2003-12-18T05:00:00Z,22.2989444732666,22.493907928466797,22.225833892822266,22.46953773498535,3725498.0
2003-12-19T05:00:00Z,22.380178451538086,22.445167541503906,22.30706787109375,22.40454864501953,1824465.0
2003-12-22T05:00:00Z,22.25832748413086,22.542648315429688,22.25832748413086,22.52640151977539,1723031.0
2003-12-23T05:00:00Z,22.542648315429688,22.63200569152832,22.502031326293945,22.558895111083984,1845146.0
2003-12-24T05:00:00Z,22.623882293701172,22.623882293701172,22.502031326293945,22.558895111083984,977660.0
2003-12-26T05:00:00Z,22.599512100219727,22.607635498046875,22.550771713256836,22.550771713256836,115099.0
2003-12-29T05:00:00Z,22.542648315429688,22.859464645385742,22.542648315429688,22.859464645385742,2195119.0
2003-12-30T05:00:00Z,22.908205032348633,22.908205032348633,22.770105361938477,22.908205032348633,4976194.0
2003-12-31T05:00:00Z,22.908205032348633,22.989439010620117,22.81072235107422,22.85133934020996,2224417.0
2004-01-02T05:00:00Z,22.891958236694336,23.09504508972168,22.729488372802734,22.818845748901367,2712016.0
2004-01-05T05:00:00Z,22.908205032348633,23.038179397583008,22.843217849731445,23.005685806274414,2381123.0
2004-01-06T05:00:00Z,22.97319221496582,23.038179397583008,22.74573516845703,22.997562408447266,1532595.0
2004-01-07T05:00:00Z,23.030057907104492,23.038179397583008,22.883834838867188,23.013809204101562,3991764.0
2004-01-08T05:00:00Z,23.09504508972168,23.19252586364746,22.97319221496582,23.09504508972168,1365918.0
2004-01-09T05:00:00Z,22.891958236694336,23.225019454956055,22.786352157592773,23.013809204101562,7660144.0
2004-01-12T05:00:00Z,23.111291885375977,23.111291885375977,22.997562408447266,23.111291885375977,1009420.0
2004-01-13T05:00:00Z,22.989439010620117,23.15190887451172,22.826969146728516,22.997562408447266,2653051.0
2004-01-14T05:00:00Z,23.19252586364746,23.208772659301758,23.013809204101562,23.176279067993164,2687150.0
2004-01-15T05:00:00Z,23.558082580566406,23.558082580566406,23.233144760131836,23.37124252319336,10516187.0
2004-01-16T05:00:00Z,23.639318466186523,23.639318466186523,23.395612716674805,23.444353103637695,1943380.0
2004-01-20T05:00:00Z,23.793664932250977,23.801786422729492,23.354995727539062,23.4118595123291,4649118.0
2004-01-21T05:00:00Z,23.460601806640625,23.801786422729492,23.37124252319336,23.76116943359375,4060207.0
2004-01-22T05:00:00Z,23.801786422729492,23.9317626953125,23.76116943359375,23.76116943359375,2896051.0
2004-01-23T05:00:00Z,23.92363929748535,23.92363929748535,23.58245277404785,23.647441864013672,5280128.0
2004-01-26T05:00:00Z,23.66368865966797,23.99675178527832,23.59869956970215,23.972379684448242,2827607.0
2004-01-27T05:00:00Z,23.866775512695312,23.98862648010254,23.76116943359375,23.809911727905273,1514746.0
2004-01-28T05:00:00Z,23.801786422729492,23.972379684448242,23.31437873840332,23.387489318847656,4766555.0
2004-01-29T05:00:00Z,23.43623161315918,23.59869956970215,23.290008544921875,23.58245277404785,9104968.0
2004-01-30T05:00:00Z,23.549959182739258,23.71242904663086,23.452478408813477,23.59869956970215,6237969.0
2004-02-02T05:00:00Z,23.614946365356445,23.915515899658203,23.60682487487793,23.736799240112305,1322833.0
2004-02-03T05:00:00Z,23.679935455322266,23.793664932250977,23.647441864013672,23.76116943359375,2215431.0
2004-02-04T05:00:00Z,23.590576171875,23.728675842285156,23.549959182739258,23.566205978393555,2571682.0
2004-02-05T05:00:00Z,23.679935455322266,23.679935455322266,23.476848602294922,23.558082580566406,5514265.0
2004-02-06T05:00:00Z,23.60682487487793,23.964256286621094,23.590576171875,23.956132888793945,4890024.0
2004-02-09T05:00:00Z,23.88302230834961,23.98050308227539,23.858652114868164,23.858652114868164,1441870.0
2004-02-10T05:00:00Z,23.82615852355957,23.972379684448242,23.809911727905273,23.9317626953125,5063103.0
2004-02-11T05:00:00Z,23.964256286621094,24.346059799194336,23.842405319213867,24.297319412231445,8243638.0
2004-02-12T05:00:00Z,24.370431900024414,24.370431900024414,24.183591842651367,24.256702423095703,2115966.0
2004-02-13T05:00:00Z,24.370431900024414,24.394800186157227,24.167343139648438,24.20796012878418,4069317.0
2004-02-17T05:00:00Z,24.370431900024414,24.50040626525879,24.305442810058594,24.386676788330078,3369863.0
2004-02-18T05:00:00Z,24.43541717529297,24.44354248046875,24.232330322265625,24.256702423095703,2637541.0
2004-02-19T05:00:00Z,24.4516658782959,24.4516658782959,24.20796012878418,24.248577117919922,2057617.0
2004-02-20T05:00:00Z,24.248577117919922,24.305442810058594,24.061737060546875,24.183591842651367,2356134.0
2004-02-23T05:00:00Z,24.370431900024414,24.370431900024414,24.118602752685547,24.183591842651367,1797999.0
2004-02-24T05:00:00Z,24.167343139648438,24.199838638305664,23.92363929748535,24.086109161376953,3772153.0
2004-02-25T05:00:00Z,23.972379684448242,24.20796012878418,23.972379684448242,24.191713333129883,3568423.0
2004-02-26T05:00:00Z,24.167343139648438,24.22420883178711,24.045490264892578,24.216083526611328,779469.0
2004-02-27T05:00:00Z,24.289196014404297,24.362306594848633,24.175466537475586,24.27294921875,933344.0
2004-03-01T05:00:00Z,24.297319412231445,24.508529663085938,24.297319412231445,24.44354248046875,1465506.0
2004-03-02T05:00:00Z,24.4516658782959,24.49228286743164,24.32168960571289,24.32168960571289,2629047.0
2004-03-03T05:00:00Z,24.32168960571289,24.532899856567383,24.289196014404297,24.467912673950195,1877398.0
2004-03-04T05:00:00Z,24.50040626525879,24.573516845703125,24.467912673950195,24.532899856567383,1431530.0
2004-03-05T05:00:00Z,24.476036071777344,24.865962982177734,24.476036071777344,24.744110107421875,3446185.0
2004-03-08T05:00:00Z,24.817222595214844,24.817222595214844,24.589763641357422,24.6141357421875,1069616.0
2004-03-09T05:00:00Z,24.638505935668945,24.638505935668945,24.32981300354004,24.4516658782959,3392759.0
2004-03-10T05:00:00Z,24.4516658782959,24.4516658782959,24.029245376586914,24.061737060546875,7620629.0
2004-03-11T05:00:00Z,23.92363929748535,24.142972946166992,23.647441864013672,23.671812057495117,5814629.0
2004-03-12T05:00:00Z,23.679935455322266,24.037368774414062,23.679935455322266,24.021120071411133,3145451.0
2004-03-15T05:00:00Z,23.964256286621094,23.964256286621094,23.590576171875,23.671812057495117,5031220.0
2004-03-16T05:00:00Z,23.964256286621094,23.972379684448242,23.70430564880371,23.891145706176758,4394301.0
2004-03-17T05:00:00Z,24.118602752685547,24.232330322265625,23.98862648010254,24.167343139648438,3327147.0
2004-03-18T05:00:00Z,24.167343139648438,24.240455627441406,23.972379684448242,24.175466537475586,3013734.0
2004-03-19T05:00:00Z,24.045490264892578,24.175466537475586,23.76116943359375,23.801786422729492,5646597.0
2004-03-22T05:00:00Z,23.476848602294922,23.614946365356445,23.354995727539062,23.49309539794922,5933543.0
2004-03-23T05:00:00Z,23.720552444458008,23.720552444458008,23.476848602294922,23.48497200012207,7117027.0
2004-03-24T05:00:00Z,23.395612716674805,23.509342193603516,23.225019454956055,23.306255340576172,7128475.0
2004-03-25T05:00:00Z,23.558082580566406,23.623071670532227,23.346872329711914,23.549959182739258,5957178.0
2004-03-26T05:00:00Z,23.517465591430664,23.671812057495117,23.452478408813477,23.53371238708496,1677730.0
2004-03-29T05:00:00Z,23.720552444458008,23.907392501831055,23.65556526184082,23.83428192138672,3786433.0
2004-03-30T05:00:00Z,23.88302230834961,23.99675178527832,23.82615852355957,23.99675178527832,2434056.0
2004-03-31T05:00:00Z,24.004873275756836,24.004873275756836,23.809911727905273,23.88302230834961,2710293.0
2004-04-01T05:00:00Z,24.086109161376953,24.199838638305664,23.93988609313965,24.134849548339844,3297480.0
2004-04-02T05:00:00Z,24.573516845703125,24.573516845703125,23.92363929748535,24.045490264892578,13601073.0
2004-04-05T04:00:00Z,23.98862648010254,24.15109634399414,23.964256286621094,24.1104793548584,3416517.0
2004-04-06T04:00:00Z,24.077985763549805,24.15921974182129,24.037368774414062,24.0942325592041,1717122.0
2004-04-07T04:00:00Z,24.167343139648438,24.167343139648438,23.956132888793945,24.029245376586914,2321543.0
2004-04-08T04:00:00Z,24.32981300354004,24.32981300354004,23.915515899658203,23.98862648010254,2650466.0
2004-04-12T04:00:00Z,24.077985763549805,24.20796012878418,23.98862648010254,24.134849548339844,3341303.0
2004-04-13T04:00:00Z,24.167343139648438,24.199838638305664,23.558082580566406,23.623071670532227,6383720.0
2004-04-14T04:00:00Z,23.233144760131836,23.623071670532227,23.160032272338867,23.338748931884766,13816252.0
2004-04-15T04:00:00Z,23.354995727539062,24.021120071411133,22.989439010620117,23.20064926147461,13422209.0
2004-04-16T04:00:00Z,23.24126625061035,23.54183578491211,23.24126625061035,23.452478408813477,9027908.0
2004-04-19T04:00:00Z,23.549959182739258,23.549959182739258,23.273761749267578,23.4118595123291,4930401.0
2004-04-20T04:00:00Z,23.517465591430664,23.517465591430664,22.965068817138672,22.98131561279297,8380648.0
2004-04-21T04:00:00Z,22.948822021484375,23.062551498413086,22.87571144104004,22.97319221496582,8799804.0
2004-04-22T04:00:00Z,22.908205032348633,23.444353103637695,22.908205032348633,23.37124252319336,7986728.0
2004-04-23T04:00:00Z,23.4118595123291,23.4118595123291,23.127538681030273,23.249391555786133,4552607.0
2004-04-26T04:00:00Z,23.273761749267578,23.37124252319336,23.127538681030273,23.20064926147461,1432022.0
2004-04-27T04:00:00Z,23.233144760131836,23.48497200012207,23.233144760131836,23.25751495361328,2971142.0
2004-04-28T04:00:00Z,23.20064926147461,23.20064926147461,22.867586135864258,22.92445182800293,8115860.0
2004-04-29T04:00:00Z,22.87571144104004,23.20064926147461,22.75385856628418,22.85133934020996,14606554.0
2004-04-30T04:00:00Z,22.989439010620117,23.02193260192871,22.75385856628418,22.843217849731445,5468594.0
2004-05-03T04:00:00Z,22.867586135864258,23.005685806274414,22.794475555419922,22.997562408447266,5359651.0
2004-05-04T04:00:00Z,23.15190887451172,23.281885147094727,22.91632843017578,23.070674896240234,8101334.0
2004-05-05T04:00:00Z,23.15190887451172,23.249391555786133,23.030057907104492,23.04630470275879,5486321.0
2004-05-06T04:00:00Z,22.948822021484375,22.97319221496582,22.68074607849121,22.794475555419922,5726735.0
2004-05-07T04:00:00Z,22.558895111083984,22.818845748901367,22.30706787109375,22.30706787109375,11324092.0
2004-05-10T04:00:00Z,22.055240631103516,22.168968200683594,21.78716468811035,22.120227813720703,13951292.0
2004-05-11T04:00:00Z,22.217708587646484,22.323314666748047,22.12835121154785,22.23395538330078,4216298.0
2004-05-12T04:00:00Z,22.160844802856445,22.493907928466797,21.9577579498291,22.48578453063965,9999044.0
2004-05-13T04:00:00Z,22.323314666748047,22.786352157592773,22.160844802856445,22.52640151977539,10664645.0
2004-05-14T04:00:00Z,22.502031326293945,22.6563777923584,22.380178451538086,22.542648315429688,6485647.0
2004-05-17T04:00:00Z,22.23395538330078,22.40454864501953,22.095857620239258,22.250202178955078,6915512.0
2004-05-18T04:00:00Z,22.502031326293945,22.502031326293945,22.30706787109375,22.42892074584961,3620863.0
2004-05-19T04:00:00Z,22.786352157592773,22.835092544555664,22.380178451538086,22.445167541503906,8265426.0
2004-05-20T04:00:00Z,22.420795440673828,22.58326530456543,22.420795440673828,22.52640151977539,2846441.0
2004-05-21T04:00:00Z,22.74573516845703,22.802600860595703,22.558895111083984,22.664499282836914,3536786.0
2004-05-24T04:00:00Z,22.74573516845703,22.802600860595703,22.599512100219727,22.69699478149414,1587744.0
2004-05-25T04:00:00Z,22.63200569152832,23.054426193237305,22.502031326293945,23.02193260192871,3633543.0
2004-05-26T04:00:00Z,22.989439010620117,23.208772659301758,22.965068817138672,23.160032272338867,5393873.0
2004-05-27T04:00:00Z,23.354995727539062,23.354995727539062,23.070674896240234,23.216896057128906,6701441.0
2004-05-28T04:00:00Z,23.233144760131836,23.273761749267578,23.14378547668457,23.233144760131836,4512477.0
2004-06-01T04:00:00Z,23.111291885375977,23.208772659301758,22.97319221496582,23.14378547668457,3648807.0
2004-06-02T04:00:00Z,23.273761749267578,23.31437873840332,23.08692169189453,23.25751495361328,2101440.0
2004-06-03T04:00:00Z,23.184402465820312,23.233144760131836,23.070674896240234,23.070674896240234,2813574.0
2004-06-04T04:00:00Z,23.43623161315918,23.43623161315918,23.208772659301758,23.26563835144043,4605910.0
2004-06-07T04:00:00Z,23.476848602294922,23.631193161010742,23.403736114501953,23.59869956970215,6020575.0
2004-06-08T04:00:00Z,23.58245277404785,23.59869956970215,23.460601806640625,23.566205978393555,2272795.0
2004-06-09T04:00:00Z,23.48497200012207,23.58245277404785,23.32250213623047,23.32250213623047,4848909.0
2004-06-10T04:00:00Z,23.43623161315918,23.444353103637695,23.354995727539062,23.43623161315918,1010405.0
2004-06-14T04:00:00Z,23.249391555786133,23.43623161315918,23.09504508972168,23.111291885375977,1945719.0
2004-06-15T04:00:00Z,23.31437873840332,23.395612716674805,23.15190887451172,23.20064926147461,4864297.0
2004-06-16T04:00:00Z,23.273761749267578,23.298131942749023,23.168155670166016,23.24126625061035,2513702.0
2004-06-17T04:00:00Z,23.15190887451172,23.281885147094727,23.09504508972168,23.25751495361328,3297849.0
2004-06-18T04:00:00Z,23.15190887451172,23.354995727539062,23.09504508972168,23.168155670166016,2829084.0
2004-06-21T04:00:00Z,23.31437873840332,23.31437873840332,23.062551498413086,23.09504508972168,4023154.0
2004-06-22T04:00:00Z,23.09504508972168,23.208772659301758,22.997562408447266,23.208772659301758,2394418.0
2004-06-23T04:00:00Z,23.15190887451172,23.298131942749023,23.054426193237305,23.26563835144043,4756338.0
2004-06-24T04:00:00Z,23.233144760131836,23.4118595123291,23.233144760131836,23.31437873840332,2836224.0
2004-06-25T04:00:00Z,23.273761749267578,23.43623161315918,23.216896057128906,23.233144760131836,2157820.0
2004-06-28T04:00:00Z,23.468725204467773,23.468725204467773,23.168155670166016,23.216896057128906,3467727.0
2004-06-29T04:00:00Z,23.111291885375977,23.216896057128906,23.062551498413086,23.119415283203125,3497763.0
2004-06-30T04:00:00Z,23.127538681030273,23.31437873840332,23.054426193237305,23.216896057128906,8074129.0
2004-07-01T04:00:00Z,23.15190887451172,23.281885147094727,22.932575225830078,23.054426193237305,5238767.0
2004-07-02T04:00:00Z,23.111291885375977,23.216896057128906,23.013809204101562,23.119415283203125,5676264.0
2004-07-06T04:00:00Z,22.908205032348633,23.054426193237305,22.87571144104004,22.956945419311523,1824834.0
2004-07-07T04:00:00Z,22.826969146728516,23.030057907104492,22.826969146728516,22.908205032348633,1870258.0
2004-07-08T04:00:00Z,22.786352157592773,22.932575225830078,22.737611770629883,22.737611770629883,1283194.0
2004-07-09T04:00:00Z,22.908205032348633,22.908205032348633,22.672624588012695,22.737611770629883,2438242.0
2004-07-12T04:00:00Z,22.664499282836914,22.91632843017578,22.648252487182617,22.843217849731445,3093995.0
2004-07-13T04:00:00Z,22.900081634521484,22.900081634521484,22.778228759765625,22.867586135864258,3818070.0
2004-07-14T04:00:00Z,22.74573516845703,22.932575225830078,22.672624588012695,22.761981964111328,1995205.0
2004-07-15T04:00:00Z,22.75385856628418,22.826969146728516,22.52640151977539,22.550771713256836,6291026.0
2004-07-16T04:00:00Z,22.778228759765625,22.826969146728516,22.510154724121094,22.558895111083984,4974471.0
2004-07-19T04:00:00Z,22.502031326293945,22.68074607849121,22.502031326293945,22.591388702392578,2046291.0
2004-07-20T04:00:00Z,22.58326530456543,22.729488372802734,22.40454864501953,22.70511817932129,5204791.0
2004-07-21T04:00:00Z,22.908205032348633,22.908205032348633,22.46141242980957,22.477659225463867,4900242.0
2004-07-22T04:00:00Z,22.380178451538086,22.57514190673828,22.18521499633789,22.502031326293945,4180845.0
2004-07-23T04:00:00Z,22.46141242980957,22.502031326293945,22.323314666748047,22.388301849365234,4901842.0
2004-07-26T04:00:00Z,22.502031326293945,22.502031326293945,22.29081916809082,22.396425247192383,1773009.0
2004-07-27T04:00:00Z,22.502031326293945,22.6563777923584,22.420795440673828,22.58326530456543,3324439.0
2004-07-28T04:00:00Z,22.58326530456543,22.70511817932129,22.388301849365234,22.6563777923584,1931316.0
2004-07-29T04:00:00Z,22.74573516845703,22.818845748901367,22.6563777923584,22.75385856628418,1825081.0
2004-07-30T04:00:00Z,22.70511817932129,22.737611770629883,22.63200569152832,22.721364974975586,2404882.0
2004-08-02T04:00:00Z,22.721364974975586,22.883834838867188,22.567018508911133,22.859464645385742,4006782.0
2004-08-03T04:00:00Z,22.81072235107422,22.843217849731445,22.688871383666992,22.721364974975586,4295698.0
2004-08-04T04:00:00Z,22.648252487182617,22.85133934020996,22.558895111083984,22.778228759765625,1936486.0
2004-08-05T04:00:00Z,22.70511817932129,22.778228759765625,22.36393165588379,22.40454864501953,2914393.0
2004-08-06T04:00:00Z,22.266450881958008,22.42892074584961,22.14459800720215,22.209585189819336,3781386.0
2004-08-09T04:00:00Z,22.136474609375,22.282697677612305,22.136474609375,22.18521499633789,3709003.0
2004-08-10T04:00:00Z,22.339561462402344,22.502031326293945,22.25832748413086,22.493907928466797,4293359.0
2004-08-11T04:00:00Z,22.339561462402344,22.567018508911133,22.339561462402344,22.558895111083984,3563991.0
2004-08-12T04:00:00Z,22.380178451538086,22.53452491760254,22.323314666748047,22.323314666748047,2020194.0
2004-08-13T04:00:00Z,22.502031326293945,22.502031326293945,22.242080688476562,22.347684860229492,3357306.0
2004-08-16T04:00:00Z,22.2989444732666,22.70511817932129,22.2989444732666,22.688871383666992,4307761.0
2004-08-17T04:00:00Z,22.802600860595703,22.908205032348633,22.778228759765625,22.818845748901367,6881782.0
2004-08-18T04:00:00Z,22.786352157592773,23.09504508972168,22.74573516845703,23.09504508972168,5658415.0
2004-08-19T04:00:00Z,23.030057907104492,23.09504508972168,22.91632843017578,22.997562408447266,2035335.0
2004-08-20T04:00:00Z,23.030057907104492,23.249391555786133,23.005685806274414,23.233144760131836,3160962.0
2004-08-23T04:00:00Z,23.273761749267578,23.281885147094727,23.119415283203125,23.15190887451172,2005668.0
2004-08-24T04:00:00Z,23.19252586364746,23.281885147094727,23.119415283203125,23.19252586364746,2055155.0
2004-08-25T04:00:00Z,23.19252586364746,23.4281063079834,23.15190887451172,23.395612716674805,5790624.0
2004-08-26T04:00:00Z,23.387489318847656,23.476848602294922,23.32250213623047,23.452478408813477,1099529.0
2004-08-27T04:00:00Z,23.517465591430664,23.517465591430664,23.387489318847656,23.476848602294922,1822865.0
2004-08-30T04:00:00Z,23.476848602294922,24.54914665222168,23.338748931884766,23.338748931884766,1135844.0
2004-08-31T04:00:00Z,23.354995727539062,23.501218795776367,23.281885147094727,23.460601806640625,2365120.0
2004-09-01T04:00:00Z,23.476848602294922,23.53371238708496,23.281885147094727,23.37124252319336,2914762.0
2004-09-02T04:00:00Z,23.395612716674805,23.66368865966797,23.31437873840332,23.631193161010742,3807483.0
2004-09-03T04:00:00Z,23.48497200012207,23.7692928314209,23.48497200012207,23.623071670532227,1966153.0
2004-09-07T04:00:00Z,23.83428192138672,23.964256286621094,23.785539627075195,23.907392501831055,2387525.0
2004-09-08T04:00:00Z,23.891145706176758,23.907392501831055,23.696182250976562,23.728675842285156,5874086.0
2004-09-09T04:00:00Z,23.728675842285156,23.777416229248047,23.590576171875,23.70430564880371,2029673.0
2004-09-10T04:00:00Z,23.76116943359375,23.850528717041016,23.639318466186523,23.81803321838379,1418604.0
2004-09-13T04:00:00Z,23.92363929748535,23.92363929748535,23.720552444458008,23.7530460357666,3666903.0
2004-09-14T04:00:00Z,23.76116943359375,23.83428192138672,23.728675842285156,23.785539627075195,1549460.0
2004-09-15T04:00:00Z,23.801786422729492,23.801786422729492,23.66368865966797,23.696182250976562,688375.0
2004-09-16T04:00:00Z,23.696182250976562,23.866775512695312,23.696182250976562,23.81803321838379,2137632.0
2004-09-17T04:00:00Z,23.793664932250977,23.809911727905273,23.696182250976562,23.744922637939453,1670467.0
2004-09-20T04:00:00Z,23.53371238708496,23.623071670532227,23.444353103637695,23.501218795776367,2917962.0
2004-09-21T04:00:00Z,23.501218795776367,23.71242904663086,23.48497200012207,23.696182250976562,3182504.0
2004-09-22T04:00:00Z,23.558082580566406,23.558082580566406,23.225019454956055,23.26563835144043,3718974.0
2004-09-23T04:00:00Z,23.273761749267578,23.298131942749023,23.02193260192871,23.030057907104492,7266101.0
2004-09-24T04:00:00Z,23.030057907104492,23.19252586364746,22.956945419311523,23.119415283203125,4492288.0
2004-09-27T04:00:00Z,23.119415283203125,23.15190887451172,22.965068817138672,23.005685806274414,5585539.0
2004-09-28T04:00:00Z,23.070674896240234,23.135662078857422,22.932575225830078,23.09504508972168,4892610.0
2004-09-29T04:00:00Z,23.233144760131836,23.233144760131836,22.98131561279297,23.176279067993164,2366967.0
2004-09-30T04:00:00Z,23.233144760131836,23.233144760131836,23.030057907104492,23.119415283203125,1899556.0
2004-10-01T04:00:00Z,23.160032272338867,23.517465591430664,23.15190887451172,23.509342193603516,4089382.0
2004-10-04T04:00:00Z,23.679935455322266,23.7692928314209,23.501218795776367,23.54183578491211,3421441.0
2004-10-05T04:00:00Z,23.476848602294922,23.517465591430664,23.36311912536621,23.4118595123291,1900418.0
2004-10-06T04:00:00Z,23.387489318847656,23.590576171875,23.346872329711914,23.58245277404785,2878324.0
2004-10-07T04:00:00Z,23.558082580566406,23.59869956970215,23.501218795776367,23.517465591430664,2554817.0
2004-10-08T04:00:00Z,23.517465591430664,23.59869956970215,23.36311912536621,23.43623161315918,1988065.0
2004-10-11T04:00:00Z,23.43623161315918,23.558082580566406,23.395612716674805,23.501218795776367,2353549.0
2004-10-12T04:00:00Z,23.273761749267578,23.558082580566406,23.216896057128906,23.48497200012207,5070612.0
2004-10-13T04:00:00Z,23.574329376220703,23.639318466186523,23.25751495361328,23.330625534057617,1306091.0
2004-10-14T04:00:00Z,23.273761749267578,23.330625534057617,22.672624588012695,22.761981964111328,9264629.0
2004-10-15T04:00:00Z,22.721364974975586,22.932575225830078,22.550771713256836,22.794475555419922,11955718.0
2004-10-18T04:00:00Z,22.664499282836914,22.948822021484375,22.664499282836914,22.891958236694336,2062541.0
2004-10-19T04:00:00Z,22.867586135864258,22.948822021484375,22.493907928466797,22.510154724121094,12337821.0
2004-10-20T04:00:00Z,22.339561462402344,22.412673950195312,22.095857620239258,22.396425247192383,11745587.0
2004-10-21T04:00:00Z,22.25832748413086,22.52640151977539,21.933387756347656,22.380178451538086,11411616.0
2004-10-22T04:00:00Z,22.380178451538086,22.493907928466797,22.23395538330078,22.25832748413086,3744210.0
2004-10-25T04:00:00Z,22.2989444732666,22.2989444732666,22.112104415893555,22.250202178955078,2012808.0
2004-10-26T04:00:00Z,22.502031326293945,22.802600860595703,22.217708587646484,22.74573516845703,4685063.0
2004-10-27T04:00:00Z,22.70511817932129,23.08692169189453,22.615760803222656,23.08692169189453,5124530.0
2004-10-28T04:00:00Z,22.908205032348633,23.32250213623047,22.908205032348633,23.208772659301758,4268985.0
2004-10-29T04:00:00Z,23.15190887451172,23.306255340576172,23.135662078857422,23.24126625061035,2393680.0
2004-11-01T05:00:00Z,23.31437873840332,23.387489318847656,23.273761749267578,23.31437873840332,2198812.0
2004-11-02T05:00:00Z,23.395612716674805,23.59869956970215,23.31437873840332,23.4118595123291,9541850.0
2004-11-03T05:00:00Z,24.10235595703125,24.10235595703125,23.49309539794922,23.549959182739258,5676018.0
2004-11-04T05:00:00Z,23.59869956970215,23.956132888793945,23.509342193603516,23.948009490966797,5615945.0
2004-11-05T05:00:00Z,23.83428192138672,24.167343139648438,23.7692928314209,23.899269104003906,6225536.0
2004-11-08T05:00:00Z,23.866775512695312,23.948009490966797,23.82615852355957,23.866775512695312,5472411.0
2004-11-09T05:00:00Z,23.88302230834961,24.004873275756836,23.82615852355957,23.842405319213867,1863242.0
2004-11-10T05:00:00Z,23.92363929748535,24.012998580932617,23.82615852355957,23.907392501831055,1787043.0
2004-11-11T05:00:00Z,23.964256286621094,24.15921974182129,23.956132888793945,24.134849548339844,2934458.0
2004-11-12T05:00:00Z,24.20796012878418,24.28107261657715,24.012998580932617,24.232330322265625,3727837.0
2004-11-15T05:00:00Z,24.28107261657715,24.354183197021484,24.20796012878418,24.305442810058594,3444215.0
2004-11-16T05:00:00Z,24.32168960571289,24.32168960571289,24.077985763549805,24.10235595703125,4068209.0
2004-11-17T05:00:00Z,24.167343139648438,24.370431900024414,24.1104793548584,24.15921974182129,5505648.0
2004-11-18T05:00:00Z,24.20796012878418,24.232330322265625,24.077985763549805,24.10235595703125,2839178.0
2004-11-19T05:00:00Z,24.22420883178711,24.22420883178711,23.736799240112305,23.793664932250977,11335540.0
2004-11-22T05:00:00Z,23.679935455322266,23.98050308227539,23.679935455322266,23.9317626953125,1874074.0
2004-11-23T05:00:00Z,23.88302230834961,24.05361557006836,23.858652114868164,23.98862648010254,1855117.0
2004-11-24T05:00:00Z,24.15921974182129,24.15921974182129,24.05361557006836,24.086109161376953,2208537.0
2004-11-26T05:00:00Z,24.134849548339844,24.167343139648438,24.086109161376953,24.10235595703125,697238.0
2004-11-29T05:00:00Z,24.086109161376953,24.15921974182129,23.850528717041016,23.98862648010254,6650847.0
2004-11-30T05:00:00Z,23.98862648010254,24.004873275756836,23.850528717041016,23.964256286621094,6280316.0
2004-12-01T05:00:00Z,24.086109161376953,24.43541717529297,24.069862365722656,24.43541717529297,6023160.0
2004-12-02T05:00:00Z,24.370431900024414,24.516653060913086,24.337936401367188,24.394800186157227,5328014.0
2004-12-03T05:00:00Z,24.4516658782959,24.459789276123047,24.256702423095703,24.386676788330078,5131424.0
2004-12-06T05:00:00Z,24.20796012878418,24.427295684814453,24.20796012878418,24.370431900024414,1969846.0
2004-12-07T05:00:00Z,24.49228286743164,24.49228286743164,24.15109634399414,24.167343139648438,3782863.0
2004-12-08T05:00:00Z,24.20796012878418,24.289196014404297,24.167343139648438,24.232330322265625,4392331.0
2004-12-09T05:00:00Z,24.10235595703125,24.630382537841797,24.0942325592041,24.362306594848633,1574326.0
2004-12-10T05:00:00Z,24.167343139648438,24.476036071777344,24.167343139648438,24.402923583984375,2434795.0
2004-12-13T05:00:00Z,24.4516658782959,24.71973991394043,24.411048889160156,24.565393447875977,3188044.0
2004-12-14T05:00:00Z,24.565393447875977,24.679122924804688,24.49228286743164,24.646629333496094,1869643.0
2004-12-15T05:00:00Z,24.6141357421875,24.784727096557617,24.6141357421875,24.77660369873047,2497576.0
2004-12-16T05:00:00Z,24.695369720458984,24.703493118286133,24.524776458740234,24.60601043701172,4048020.0
2004-12-17T05:00:00Z,24.411048889160156,24.476036071777344,24.32981300354004,24.37855339050293,3846013.0
2004-12-20T05:00:00Z,24.37855339050293,24.54914665222168,24.32981300354004,24.337936401367188,3572362.0
2004-12-21T05:00:00Z,24.086109161376953,24.654752731323242,24.086109161376953,24.654752731323242,2867984.0
2004-12-22T05:00:00Z,24.695369720458984,24.849716186523438,24.597888946533203,24.792850494384766,2557279.0
2004-12-23T05:00:00Z,24.857839584350586,24.914703369140625,24.809097290039062,24.84159278869629,1587251.0
2004-12-27T05:00:00Z,24.898456573486328,24.898456573486328,24.67099952697754,24.71161651611328,969659.0
2004-12-28T05:00:00Z,24.752233505249023,24.857839584350586,24.71161651611328,24.82534408569336,879426.0
2004-12-29T05:00:00Z,24.82534408569336,24.857839584350586,24.727863311767578,24.76848030090332,2946399.0
2004-12-30T05:00:00Z,24.77660369873047,24.89033317565918,24.77660369873047,24.800975799560547,1163787.0
2004-12-31T05:00:00Z,24.857839584350586,24.94719696044922,24.77660369873047,24.800975799560547,701424.0
2005-01-03T05:00:00Z,24.979690551757812,25.012184143066406,24.679122924804688,24.71161651611328,5011647.0
2005-01-04T05:00:00Z,24.817222595214844,24.857839584350586,24.427295684814453,24.476036071777344,7426746.0
2005-01-05T05:00:00Z,24.4516658782959,24.638505935668945,24.427295684814453,24.43541717529297,2943321.0
2005-01-06T05:00:00Z,24.50040626525879,24.630382537841797,24.476036071777344,24.557270050048828,3211925.0
2005-01-07T05:00:00Z,24.654752731323242,24.654752731323242,24.427295684814453,24.427295684814453,1519670.0
2005-01-10T05:00:00Z,24.370431900024414,24.565393447875977,24.32981300354004,24.4516658782959,3742117.0
2005-01-11T05:00:00Z,24.370431900024414,24.467912673950195,24.297319412231445,24.346059799194336,7431178.0
2005-01-12T05:00:00Z,24.411048889160156,24.411048889160156,24.134849548339844,24.313566207885742,4748336.0
2005-01-13T05:00:00Z,24.337936401367188,24.337936401367188,24.045490264892578,24.077985763549805,8480851.0
2005-01-14T05:00:00Z,24.086109161376953,24.20796012878418,24.061737060546875,24.15921974182129,6409202.0
2005-01-18T05:00:00Z,24.061737060546875,24.557270050048828,24.061737060546875,24.54102325439453,7196426.0
2005-01-19T05:00:00Z,24.573516845703125,24.573516845703125,24.289196014404297,24.297319412231445,4413504.0
2005-01-20T05:00:00Z,24.045490264892578,24.248577117919922,24.045490264892578,24.118602752685547,4996998.0
2005-01-21T05:00:00Z,24.167343139648438,24.20796012878418,23.972379684448242,23.99675178527832,5053132.0
2005-01-24T05:00:00Z,24.15109634399414,24.199838638305664,24.004873275756836,24.004873275756836,6601238.0
2005-01-25T05:00:00Z,24.118602752685547,24.427295684814453,24.012998580932617,24.021120071411133,3229529.0
2005-01-26T05:00:00Z,24.086109161376953,24.15921974182129,24.012998580932617,24.134849548339844,2403035.0
2005-01-27T05:00:00Z,24.086109161376953,24.167343139648438,23.93988609313965,24.012998580932617,1782365.0
2005-01-28T05:00:00Z,23.964256286621094,24.086109161376953,23.866775512695312,23.98050308227539,3086609.0
2005-01-31T05:00:00Z,24.004873275756836,24.28107261657715,24.004873275756836,24.26482582092285,4741320.0
2005-02-01T05:00:00Z,24.370431900024414,24.622257232666016,24.289196014404297,24.524776458740234,4151671.0
2005-02-02T05:00:00Z,24.573516845703125,24.573516845703125,24.427295684814453,24.524776458740234,10027111.0
2005-02-03T05:00:00Z,24.49228286743164,24.49228286743164,24.346059799194336,24.411048889160156,6478630.0
2005-02-04T05:00:00Z,24.49228286743164,24.752233505249023,24.476036071777344,24.703493118286133,5067412.0
2005-02-07T05:00:00Z,24.84159278869629,24.84159278869629,24.6141357421875,24.727863311767578,3950525.0
2005-02-08T05:00:00Z,24.695369720458984,24.744110107421875,24.630382537841797,24.630382537841797,4563933.0
2005-02-09T05:00:00Z,24.695369720458984,24.727863311767578,24.54914665222168,24.565393447875977,2699214.0
2005-02-10T05:00:00Z,24.735986709594727,24.735986709594727,24.573516845703125,24.638505935668945,8895206.0
2005-02-11T05:00:00Z,24.573516845703125,24.874086380004883,24.573516845703125,24.83346939086914,2650959.0
2005-02-14T05:00:00Z,24.857839584350586,24.898456573486328,24.727863311767578,24.792850494384766,6321185.0
2005-02-15T05:00:00Z,24.83346939086914,24.898456573486328,24.76848030090332,24.849716186523438,6984202.0
2005-02-16T05:00:00Z,24.695369720458984,24.784727096557617,24.638505935668945,24.679122924804688,3653854.0
2005-02-17T05:00:00Z,24.573516845703125,24.703493118286133,24.459789276123047,24.459789276123047,2258023.0
2005-02-18T05:00:00Z,24.532899856567383,24.532899856567383,24.199838638305664,24.199838638305664,10973257.0
2005-02-22T05:00:00Z,24.045490264892578,24.175466537475586,23.82615852355957,23.842405319213867,8719296.0
2005-02-23T05:00:00Z,23.842405319213867,24.10235595703125,23.842405319213867,24.061737060546875,10591524.0
2005-02-24T05:00:00Z,24.045490264892578,24.15109634399414,23.972379684448242,24.0942325592041,19070406.0
2005-02-25T05:00:00Z,24.061737060546875,24.370431900024414,24.061737060546875,24.337936401367188,13521920.0
2005-02-28T05:00:00Z,24.289196014404297,24.289196014404297,24.05361557006836,24.10235595703125,9929738.0
2005-03-01T05:00:00Z,24.248577117919922,24.427295684814453,24.167343139648438,24.337936401367188,6158693.0
2005-03-02T05:00:00Z,24.337936401367188,24.459789276123047,24.199838638305664,24.26482582092285,7729449.0
2005-03-03T05:00:00Z,24.289196014404297,24.411048889160156,24.10235595703125,24.22420883178711,6592990.0
2005-03-04T05:00:00Z,24.37855339050293,24.589763641357422,24.362306594848633,24.532899856567383,9135497.0
2005-03-07T05:00:00Z,24.532899856567383,24.687246322631836,24.532899856567383,24.532899856567383,3544418.0
2005-03-08T05:00:00Z,24.6141357421875,24.6141357421875,24.411048889160156,24.49228286743164,14748857.0
2005-03-09T05:00:00Z,24.573516845703125,24.573516845703125,24.191713333129883,24.191713333129883,8946046.0
2005-03-10T05:00:00Z,24.232330322265625,24.394800186157227,24.183591842651367,24.32981300354004,11290117.0
2005-03-11T05:00:00Z,24.289196014404297,24.362306594848633,24.021120071411133,24.118602752685547,15419629.0
2005-03-14T05:00:00Z,24.045490264892578,24.26482582092285,24.045490264892578,24.248577117919922,10302855.0
2005-03-15T05:00:00Z,24.305442810058594,24.370431900024414,24.061737060546875,24.086109161376953,11003540.0
2005-03-16T05:00:00Z,24.045490264892578,24.077985763549805,23.809911727905273,23.842405319213867,10547824.0
2005-03-17T05:00:00Z,23.842405319213867,23.891145706176758,23.71242904663086,23.777416229248047,9455680.0
2005-03-18T05:00:00Z,23.76116943359375,23.76116943359375,23.419984817504883,23.53371238708496,14370694.0
2005-03-21T05:00:00Z,23.476848602294922,24.191713333129883,23.281885147094727,23.32250213623047,11070629.0
2005-03-22T05:00:00Z,23.43623161315918,23.452478408813477,22.891958236694336,22.891958236694336,24746424.0
2005-03-23T05:00:00Z,22.794475555419922,23.078798294067383,22.794475555419922,22.940698623657227,15802470.0
2005-03-24T05:00:00Z,22.908205032348633,23.09504508972168,22.826969146728516,22.826969146728516,5773267.0
2005-03-28T05:00:00Z,22.91632843017578,23.111291885375977,22.908205032348633,22.989439010620117,3886390.0
2005-03-29T05:00:00Z,22.956945419311523,23.19252586364746,22.883834838867188,22.908205032348633,6737263.0
2005-03-30T05:00:00Z,22.908205032348633,23.19252586364746,22.883834838867188,23.19252586364746,6679406.0
2005-03-31T05:00:00Z,23.233144760131836,23.281885147094727,23.062551498413086,23.062551498413086,9881483.0
2005-04-01T05:00:00Z,23.233144760131836,23.36311912536621,22.68074607849121,22.74573516845703,14815085.0
2005-04-04T04:00:00Z,22.74573516845703,23.005685806274414,22.510154724121094,22.908205032348633,14883898.0
2005-04-05T04:00:00Z,22.956945419311523,23.127538681030273,22.932575225830078,22.97319221496582,10589554.0
2005-04-06T04:00:00Z,23.111291885375977,23.233144760131836,23.070674896240234,23.127538681030273,8935460.0
2005-04-07T04:00:00Z,23.127538681030273,23.330625534057617,23.078798294067383,23.216896057128906,13217616.0
2005-04-08T04:00:00Z,23.225019454956055,23.290008544921875,23.005685806274414,23.005685806274414,6165340.0
2005-04-11T04:00:00Z,23.15190887451172,23.184402465820312,22.989439010620117,23.054426193237305,7842209.0
2005-04-12T04:00:00Z,23.070674896240234,23.43623161315918,22.91632843017578,23.37124252319336,14569254.0
2005-04-13T04:00:00Z,23.37124252319336,23.379365921020508,22.98131561279297,23.030057907104492,3904486.0
2005-04-14T04:00:00Z,22.989439010620117,23.030057907104492,22.75385856628418,22.770105361938477,5226087.0
2005-04-15T04:00:00Z,22.826969146728516,22.92445182800293,22.46953773498535,22.52640151977539,13627662.0
2005-04-18T04:00:00Z,22.623882293701172,22.778228759765625,22.550771713256836,22.713241577148438,10240566.0
2005-04-19T04:00:00Z,22.948822021484375,22.948822021484375,22.721364974975586,22.74573516845703,8712403.0
2005-04-20T04:00:00Z,22.826969146728516,22.826969146728516,22.42892074584961,22.46141242980957,13415930.0
2005-04-21T04:00:00Z,22.58326530456543,22.6563777923584,22.250202178955078,22.591388702392578,14294003.0
2005-04-22T04:00:00Z,22.664499282836914,22.70511817932129,22.36393165588379,22.53452491760254,15870175.0
2005-04-25T04:00:00Z,22.737611770629883,22.843217849731445,22.623882293701172,22.818845748901367,3569038.0
2005-04-26T04:00:00Z,22.786352157592773,22.92445182800293,22.664499282836914,22.688871383666992,12282179.0
2005-04-27T04:00:00Z,22.502031326293945,23.054426193237305,22.502031326293945,23.005685806274414,7104717.0
2005-04-28T04:00:00Z,22.989439010620117,23.030057907104492,22.75385856628418,22.75385856628418,9885792.0
2005-04-29T04:00:00Z,22.87571144104004,23.127538681030273,22.648252487182617,23.103168487548828,13999424.0
2005-05-02T04:00:00Z,23.306255340576172,23.31437873840332,22.989439010620117,23.160032272338867,9578534.0
2005-05-03T04:00:00Z,23.19252586364746,23.354995727539062,23.070674896240234,23.184402465820312,17944656.0
2005-05-04T04:00:00Z,23.19252586364746,23.66368865966797,23.168155670166016,23.631193161010742,15000843.0
2005-05-05T04:00:00Z,23.720552444458008,23.720552444458008,23.338748931884766,23.525588989257812,13850473.0
2005-05-06T04:00:00Z,23.720552444458008,23.720552444458008,23.346872329711914,23.354995727539062,13104241.0
2005-05-09T04:00:00Z,23.460601806640625,23.58245277404785,23.346872329711914,23.558082580566406,4848170.0
2005-05-10T04:00:00Z,23.330625534057617,23.43623161315918,23.20064926147461,23.249391555786133,14970191.0
2005-05-11T04:00:00Z,23.31437873840332,23.43623161315918,23.135662078857422,23.354995727539062,11012034.0
2005-05-12T04:00:00Z,23.476848602294922,23.517465591430664,23.119415283203125,23.135662078857422,16620716.0
2005-05-13T04:00:00Z,23.135662078857422,23.20064926147461,22.778228759765625,22.932575225830078,12172005.0
2005-05-16T04:00:00Z,22.989439010620117,23.338748931884766,22.948822021484375,23.338748931884766,10449713.0
2005-05-17T04:00:00Z,23.290008544921875,23.517465591430664,23.160032272338867,23.48497200012207,10526650.0
2005-05-18T04:00:00Z,23.696182250976562,23.81803321838379,23.59869956970215,23.76116943359375,23050967.0
2005-05-19T04:00:00Z,23.785539627075195,23.809911727905273,23.639318466186523,23.785539627075195,4378421.0
2005-05-20T04:00:00Z,23.720552444458008,23.785539627075195,23.639318466186523,23.76116943359375,5941914.0
2005-05-23T04:00:00Z,23.639318466186523,23.858652114868164,23.639318466186523,23.793664932250977,5491368.0
2005-05-24T04:00:00Z,23.842405319213867,23.842405319213867,23.59869956970215,23.71242904663086,11176865.0
2005-05-25T04:00:00Z,23.76116943359375,23.76116943359375,23.549959182739258,23.631193161010742,4678416.0
2005-05-26T04:00:00Z,23.71242904663086,23.866775512695312,23.639318466186523,23.785539627075195,7317803.0
2005-05-27T04:00:00Z,23.785539627075195,23.866775512695312,23.777416229248047,23.82615852355957,4881777.0
2005-05-31T04:00:00Z,23.87489891052246,23.87489891052246,23.728675842285156,23.785539627075195,4031279.0
2005-06-01T04:00:00Z,23.801786422729492,24.134849548339844,23.744922637939453,23.972379684448242,18682764.0
2005-06-02T04:00:00Z,23.88302230834961,23.956132888793945,23.83428192138672,23.907392501831055,4226639.0
2005-06-03T04:00:00Z,23.9317626953125,23.948009490966797,23.71242904663086,23.785539627075195,4204604.0
2005-06-06T04:00:00Z,23.736799240112305,23.858652114868164,23.671812057495117,23.842405319213867,3995580.0
2005-06-07T04:00:00Z,23.92363929748535,24.045490264892578,23.801786422729492,23.82615852355957,5202452.0
2005-06-08T04:00:00Z,23.809911727905273,23.972379684448242,23.809911727905273,23.842405319213867,6171249.0
2005-06-09T04:00:00Z,23.793664932250977,23.98050308227539,23.7692928314209,23.915515899658203,4126435.0
2005-06-10T04:00:00Z,23.87489891052246,23.956132888793945,23.744922637939453,23.842405319213867,8842765.0
2005-06-13T04:00:00Z,23.801786422729492,23.99675178527832,23.76116943359375,23.842405319213867,6442931.0
2005-06-14T04:00:00Z,23.801786422729492,23.972379684448242,23.801786422729492,23.907392501831055,3297972.0
2005-06-15T04:00:00Z,24.029245376586914,24.045490264892578,23.850528717041016,23.964256286621094,7133276.0
2005-06-16T04:00:00Z,23.88302230834961,24.10235595703125,23.88302230834961,24.086109161376953,5908677.0
2005-06-17T04:00:00Z,24.061737060546875,24.086109161376953,23.956132888793945,24.069862365722656,7549108.0
2005-06-20T04:00:00Z,24.045490264892578,24.0942325592041,23.88302230834961,24.012998580932617,2831177.0
2005-06-21T04:00:00Z,24.05361557006836,24.134849548339844,23.948009490966797,24.10235595703125,3163178.0
2005-06-22T04:00:00Z,24.191713333129883,24.22420883178711,24.061737060546875,24.069862365722656,3711465.0
2005-06-23T04:00:00Z,24.077985763549805,24.126726150512695,23.81803321838379,23.850528717041016,4814195.0
2005-06-24T04:00:00Z,23.88302230834961,23.899269104003906,23.7692928314209,23.809911727905273,4695034.0
2005-06-27T04:00:00Z,23.842405319213867,23.842405319213867,23.720552444458008,23.801786422729492,2754978.0
2005-06-28T04:00:00Z,23.858652114868164,24.012998580932617,23.83428192138672,23.98050308227539,5373931.0
2005-06-29T04:00:00Z,24.045490264892578,24.142972946166992,24.021120071411133,24.0942325592041,3537032.0
2005-06-30T04:00:00Z,24.248577117919922,24.248577117919922,23.915515899658203,23.93988609313965,4857526.0
2005-07-01T04:00:00Z,24.0942325592041,24.0942325592041,23.915515899658203,23.964256286621094,4179122.0
2005-07-05T04:00:00Z,24.004873275756836,24.183591842651367,23.891145706176758,24.15921974182129,3199123.0
2005-07-06T04:00:00Z,24.126726150512695,24.183591842651367,23.98050308227539,23.98050308227539,5527929.0
2005-07-07T04:00:00Z,23.88302230834961,24.045490264892578,23.696182250976562,24.029245376586914,7762071.0
2005-07-08T04:00:00Z,23.98050308227539,24.289196014404297,23.972379684448242,24.27294921875,2798679.0
2005-07-11T04:00:00Z,24.370431900024414,24.49228286743164,24.216083526611328,24.37855339050293,3586765.0
2005-07-12T04:00:00Z,24.411048889160156,24.484159469604492,24.297319412231445,24.37855339050293,6681376.0
2005-07-13T04:00:00Z,24.386676788330078,24.524776458740234,24.370431900024414,24.484159469604492,2753008.0
2005-07-14T04:00:00Z,24.654752731323242,24.695369720458984,24.54102325439453,24.60601043701172,3672319.0
2005-07-15T04:00:00Z,24.679122924804688,24.687246322631836,24.50040626525879,24.67099952697754,11394136.0
2005-07-18T04:00:00Z,24.581640243530273,24.638505935668945,24.402923583984375,24.411048889160156,6636937.0
2005-07-19T04:00:00Z,24.476036071777344,24.524776458740234,24.394800186157227,24.402923583984375,4621174.0
2005-07-20T04:00:00Z,24.370431900024414,24.565393447875977,24.313566207885742,24.49228286743164,10014308.0
2005-07-21T04:00:00Z,24.4516658782959,24.524776458740234,24.32168960571289,24.362306594848633,7327404.0
2005-07-22T04:00:00Z,24.411048889160156,24.508529663085938,24.32168960571289,24.49228286743164,5558581.0
2005-07-25T04:00:00Z,24.4516658782959,24.573516845703125,24.386676788330078,24.394800186157227,2830438.0
2005-07-26T04:00:00Z,24.394800186157227,24.476036071777344,24.370431900024414,24.427295684814453,5911754.0
2005-07-27T04:00:00Z,24.484159469604492,24.484159469604492,24.354183197021484,24.459789276123047,5182141.0
2005-07-28T04:00:00Z,24.484159469604492,24.581640243530273,24.43541717529297,24.532899856567383,8298540.0
2005-07-29T04:00:00Z,24.49228286743164,24.573516845703125,24.305442810058594,24.313566207885742,5599327.0
2005-08-01T04:00:00Z,24.467912673950195,24.467912673950195,24.28107261657715,24.313566207885742,5210946.0
2005-08-02T04:00:00Z,24.297319412231445,24.49228286743164,24.297319412231445,24.49228286743164,2315019.0
2005-08-03T04:00:00Z,24.49228286743164,24.532899856567383,24.362306594848633,24.524776458740234,4249043.0
2005-08-04T04:00:00Z,24.370431900024414,24.44354248046875,24.32168960571289,24.354183197021484,6744526.0
2005-08-05T04:00:00Z,24.297319412231445,24.297319412231445,24.05361557006836,24.077985763549805,6716582.0
2005-08-08T04:00:00Z,24.077985763549805,24.175466537475586,23.948009490966797,23.98050308227539,6635582.0
2005-08-09T04:00:00Z,24.045490264892578,24.175466537475586,24.004873275756836,24.134849548339844,7031718.0
2005-08-10T04:00:00Z,24.15921974182129,24.386676788330078,24.037368774414062,24.1104793548584,5165522.0
2005-08-11T04:00:00Z,24.183591842651367,24.232330322265625,23.98862648010254,24.199838638305664,4689864.0
2005-08-12T04:00:00Z,24.15921974182129,24.20796012878418,24.012998580932617,24.134849548339844,3932676.0
2005-08-15T04:00:00Z,24.1104793548584,24.297319412231445,24.029245376586914,24.248577117919922,5816721.0
2005-08-16T04:00:00Z,24.248577117919922,24.354183197021484,24.086109161376953,24.086109161376953,14594121.0
2005-08-17T04:00:00Z,24.1104793548584,24.232330322265625,24.045490264892578,24.142972946166992,11855392.0
2005-08-18T04:00:00Z,24.077985763549805,24.191713333129883,24.012998580932617,24.126726150512695,13065219.0
2005-08-19T04:00:00Z,24.134849548339844,24.248577117919922,24.134849548339844,24.167343139648438,6882644.0
2005-08-22T04:00:00Z,24.167343139648438,24.337936401367188,24.126726150512695,24.232330322265625,6522577.0
2005-08-23T04:00:00Z,24.232330322265625,24.232330322265625,24.045490264892578,24.077985763549805,8087916.0
2005-08-24T04:00:00Z,24.004873275756836,24.15921974182129,23.801786422729492,23.801786422729492,13036906.0
2005-08-25T04:00:00Z,23.801786422729492,23.964256286621094,23.76116943359375,23.92363929748535,8257302.0
2005-08-26T04:00:00Z,23.92363929748535,23.92363929748535,23.671812057495117,23.671812057495117,16319983.0
2005-08-29T04:00:00Z,23.671812057495117,23.891145706176758,23.54183578491211,23.858652114868164,11118884.0
2005-08-30T04:00:00Z,23.720552444458008,23.801786422729492,23.574329376220703,23.647441864013672,20823227.0
2005-08-31T04:00:00Z,23.31437873840332,23.915515899658203,23.31437873840332,23.915515899658203,14215465.0
2005-09-01T04:00:00Z,23.99675178527832,24.061737060546875,23.728675842285156,23.972379684448242,19850860.0
2005-09-02T04:00:00Z,24.004873275756836,24.086109161376953,23.907392501831055,23.956132888793945,7385877.0
2005-09-06T04:00:00Z,24.045490264892578,24.248577117919922,24.029245376586914,24.248577117919922,10429032.0
2005-09-07T04:00:00Z,24.27294921875,24.289196014404297,24.118602752685547,24.191713333129883,10585738.0
2005-09-08T04:00:00Z,24.086109161376953,24.175466537475586,24.05361557006836,24.05361557006836,7680578.0
2005-09-09T04:00:00Z,24.086109161376953,24.305442810058594,24.077985763549805,24.26482582092285,8127062.0
2005-09-12T04:00:00Z,24.32981300354004,24.337936401367188,24.248577117919922,24.337936401367188,8269119.0
2005-09-13T04:00:00Z,24.289196014404297,24.297319412231445,24.134849548339844,24.134849548339844,5414307.0
2005-09-14T04:00:00Z,24.134849548339844,24.26482582092285,24.086109161376953,24.1104793548584,8381264.0
2005-09-15T04:00:00Z,24.20796012878418,24.20796012878418,24.029245376586914,24.126726150512695,5711101.0
2005-09-16T04:00:00Z,24.134849548339844,24.337936401367188,24.045490264892578,24.32981300354004,12791813.0
2005-09-19T04:00:00Z,24.370431900024414,24.370431900024414,24.069862365722656,24.1104793548584,6953919.0
2005-09-20T04:00:00Z,24.029245376586914,24.354183197021484,23.972379684448242,23.98050308227539,23278456.0
2005-09-21T04:00:00Z,23.98862648010254,23.98862648010254,23.574329376220703,23.58245277404785,17675437.0
2005-09-22T04:00:00Z,23.574329376220703,23.76116943359375,23.395612716674805,23.76116943359375,15650934.0
2005-09-23T04:00:00Z,23.720552444458008,23.866775512695312,23.623071670532227,23.842405319213867,4365865.0
2005-09-26T04:00:00Z,23.88302230834961,24.086109161376953,23.688058853149414,23.71242904663086,7957430.0
2005-09-27T04:00:00Z,23.639318466186523,23.891145706176758,23.631193161010742,23.793664932250977,7322973.0
2005-09-28T04:00:00Z,23.793664932250977,23.858652114868164,23.59869956970215,23.59869956970215,7652019.0
2005-09-29T04:00:00Z,23.639318466186523,24.045490264892578,23.590576171875,24.037368774414062,8617862.0
2005-09-30T04:00:00Z,24.086109161376953,24.240455627441406,23.907392501831055,23.98050308227539,6617856.0
2005-10-03T04:00:00Z,24.086109161376953,24.386676788330078,23.842405319213867,23.92363929748535,4219006.0
2005-10-04T04:00:00Z,24.32981300354004,24.32981300354004,23.623071670532227,23.623071670532227,11310428.0
2005-10-05T04:00:00Z,23.720552444458008,23.809911727905273,23.525588989257812,23.525588989257812,12952828.0
2005-10-06T04:00:00Z,23.639318466186523,23.785539627075195,23.468725204467773,23.590576171875,12219645.0
2005-10-07T04:00:00Z,23.590576171875,23.777416229248047,23.58245277404785,23.671812057495117,6118439.0
2005-10-10T04:00:00Z,23.76116943359375,23.76116943359375,23.419984817504883,23.419984817504883,5314473.0
2005-10-11T04:00:00Z,23.525588989257812,23.590576171875,23.31437873840332,23.346872329711914,10020586.0
2005-10-12T04:00:00Z,23.395612716674805,23.509342193603516,23.135662078857422,23.24126625061035,12442948.0
2005-10-13T04:00:00Z,23.273761749267578,23.37124252319336,23.09504508972168,23.354995727539062,21803841.0
2005-10-14T04:00:00Z,23.4118595123291,23.623071670532227,23.4118595123291,23.614946365356445,11216133.0
2005-10-17T04:00:00Z,23.639318466186523,23.744922637939453,23.48497200012207,23.639318466186523,9411611.0
2005-10-18T04:00:00Z,23.614946365356445,23.7530460357666,23.452478408813477,23.452478408813477,6495987.0
2005-10-19T04:00:00Z,23.501218795776367,23.98050308227539,23.379365921020508,23.92363929748535,19473189.0
2005-10-20T04:00:00Z,24.004873275756836,24.05361557006836,23.614946365356445,23.71242904663086,16381902.0
2005-10-21T04:00:00Z,24.086109161376953,24.086109161376953,23.720552444458008,23.850528717041016,8709325.0
2005-10-24T04:00:00Z,23.964256286621094,24.32168960571289,23.907392501831055,24.32168960571289,9280263.0
2005-10-25T04:00:00Z,24.289196014404297,24.32168960571289,24.045490264892578,24.183591842651367,12154279.0
2005-10-26T04:00:00Z,24.20796012878418,24.43541717529297,24.10235595703125,24.346059799194336,15936157.0
2005-10-27T04:00:00Z,24.248577117919922,24.402923583984375,24.20796012878418,24.20796012878418,17731940.0
2005-10-28T04:00:00Z,24.370431900024414,24.622257232666016,24.26482582092285,24.622257232666016,20482363.0
2005-10-31T05:00:00Z,24.630382537841797,24.809097290039062,24.630382537841797,24.71161651611328,11654000.0
2005-11-01T05:00:00Z,24.71973991394043,24.71973991394043,24.532899856567383,24.622257232666016,10145533.0
2005-11-02T05:00:00Z,24.573516845703125,24.898456573486328,24.565393447875977,24.82534408569336,12949258.0
2005-11-03T05:00:00Z,25.06092643737793,25.06092643737793,24.735986709594727,24.84159278869629,10983844.0
2005-11-04T05:00:00Z,24.93907356262207,24.93907356262207,24.752233505249023,24.88220977783203,8035845.0
2005-11-07T05:00:00Z,25.020309448242188,25.10966682434082,24.930950164794922,25.093420028686523,9374188.0
2005-11-08T05:00:00Z,24.89033317565918,25.182777404785156,24.89033317565918,25.020309448242188,7569419.0
2005-11-09T05:00:00Z,25.06092643737793,25.199024200439453,24.963443756103516,25.085296630859375,10027726.0
2005-11-10T05:00:00Z,25.182777404785156,25.613323211669922,25.101543426513672,25.588951110839844,18624907.0
2005-11-11T05:00:00Z,25.613323211669922,25.73517417907715,25.5483341217041,25.67831039428711,10650120.0
2005-11-14T05:00:00Z,25.702680587768555,25.72705078125,25.588951110839844,25.694557189941406,6888922.0
2005-11-15T05:00:00Z,25.710803985595703,25.913890838623047,25.361494064331055,25.45897674560547,16973767.0
2005-11-16T05:00:00Z,25.45085334777832,25.580829620361328,25.255889892578125,25.320877075195312,21732197.0
2005-11-17T05:00:00Z,25.39398956298828,25.67018699645996,25.320877075195312,25.62144660949707,11009325.0
2005-11-18T05:00:00Z,25.79203987121582,26.482534408569336,25.572704315185547,25.751422882080078,9416658.0
2005-11-21T05:00:00Z,25.79203987121582,25.938262939453125,25.710803985595703,25.873273849487305,7275456.0
2005-11-22T05:00:00Z,25.913890838623047,26.149471282958984,25.767669677734375,26.100730895996094,15687372.0
2005-11-23T05:00:00Z,26.11697769165039,26.441917419433594,26.06011390686035,26.303817749023438,11811322.0
2005-11-25T05:00:00Z,26.360681533813477,26.409423828125,26.28757095336914,26.360681533813477,2176654.0
2005-11-28T05:00:00Z,26.441917419433594,26.441917419433594,26.190088272094727,26.23883056640625,19170609.0
2005-11-29T05:00:00Z,26.320064544677734,26.376928329467773,26.035743713378906,26.222583770751953,18621953.0
2005-11-30T05:00:00Z,26.23883056640625,26.23883056640625,25.824533462524414,25.8895206451416,25968807.0
2005-12-01T05:00:00Z,26.035743713378906,26.16571807861328,25.995126724243164,26.027620315551758,12589068.0
2005-12-02T05:00:00Z,26.092607498168945,26.108854293823242,25.987001419067383,26.084484100341797,7858335.0
2005-12-05T05:00:00Z,25.995126724243164,26.051990509033203,25.800161361694336,26.035743713378906,15691188.0
2005-12-06T05:00:00Z,26.157594680786133,26.222583770751953,25.938262939453125,25.954509735107422,8581793.0
2005-12-07T05:00:00Z,25.930137634277344,26.00324821472168,25.629568099975586,25.743297576904297,9688955.0
2005-12-08T05:00:00Z,25.751422882080078,25.89764404296875,25.629568099975586,25.72705078125,9374557.0
2005-12-09T05:00:00Z,26.157594680786133,26.157594680786133,25.702680587768555,25.913890838623047,9121833.0
2005-12-12T05:00:00Z,25.922014236450195,25.978879928588867,25.710803985595703,25.800161361694336,6234400.0
2005-12-13T05:00:00Z,25.79203987121582,26.206335067749023,25.759544372558594,26.133224487304688,19211602.0
2005-12-14T05:00:00Z,26.108854293823242,26.279447555541992,26.06011390686035,26.2307071685791,11667664.0
2005-12-15T05:00:00Z,26.2469539642334,26.2469539642334,26.051990509033203,26.084484100341797,11066936.0
2005-12-16T05:00:00Z,26.07636070251465,26.11697769165039,25.930137634277344,25.978879928588867,7611765.0
2005-12-19T05:00:00Z,25.930137634277344,25.995126724243164,25.73517417907715,25.751422882080078,7940196.0
2005-12-20T05:00:00Z,25.759544372558594,25.922014236450195,25.751422882080078,25.865150451660156,5430680.0
2005-12-21T05:00:00Z,25.9057674407959,26.100730895996094,25.865150451660156,25.938262939453125,7313863.0
2005-12-22T05:00:00Z,25.995126724243164,26.11697769165039,25.913890838623047,26.11697769165039,6719783.0
2005-12-23T05:00:00Z,26.141347885131836,26.18196678161621,26.07636070251465,26.149471282958984,3939692.0
2005-12-27T05:00:00Z,26.28757095336914,26.28757095336914,25.922014236450195,25.94638442993164,8312820.0
2005-12-28T05:00:00Z,25.938262939453125,26.043867111206055,25.873273849487305,25.8895206451416,5012386.0
2005-12-29T05:00:00Z,25.962631225585938,25.987001419067383,25.824533462524414,25.865150451660156,4117326.0
2005-12-30T05:00:00Z,25.72705078125,25.832656860351562,25.653940200805664,25.72705078125,6315399.0
2006-01-03T05:00:00Z,25.72705078125,26.206335067749023,25.645816802978516,26.157594680786133,17719999.0
2006-01-04T05:00:00Z,26.157594680786133,26.255077362060547,26.035743713378906,26.133224487304688,19258380.0
2006-01-05T05:00:00Z,26.149471282958984,26.23883056640625,26.12510108947754,26.222583770751953,6362054.0
2006-01-06T05:00:00Z,26.2469539642334,26.40130043029785,26.16571807861328,26.376928329467773,9402870.0
2006-01-09T05:00:00Z,26.385053634643555,26.490657806396484,26.34443473815918,26.450040817260742,8239329.0
2006-01-10T05:00:00Z,26.51502799987793,26.523151397705078,26.28757095336914,26.474411010742188,8345072.0
2006-01-11T05:00:00Z,26.303817749023438,26.62875747680664,26.303817749023438,26.620634078979492,9195078.0
2006-01-12T05:00:00Z,26.51502799987793,26.555646896362305,26.39317512512207,26.433794021606445,7183747.0
2006-01-13T05:00:00Z,26.75873374938965,26.75873374938965,26.34443473815918,26.41754722595215,7528550.0
2006-01-17T05:00:00Z,26.263200759887695,26.263200759887695,26.092607498168945,26.141347885131836,7335529.0
2006-01-18T05:00:00Z,25.995126724243164,26.279447555541992,25.970754623413086,26.0682373046875,10850896.0
2006-01-19T05:00:00Z,26.17384147644043,26.17384147644043,25.94638442993164,25.987001419067383,7725879.0
2006-01-20T05:00:00Z,25.978879928588867,25.978879928588867,25.426483154296875,25.442729949951172,26976750.0
2006-01-23T05:00:00Z,25.345247268676758,25.67831039428711,25.312753677368164,25.50771713256836,13649574.0
2006-01-24T05:00:00Z,25.588951110839844,25.751422882080078,25.580829620361328,25.62144660949707,16959733.0
2006-01-25T05:00:00Z,25.67018699645996,25.743297576904297,25.572704315185547,25.67018699645996,8817284.0
2006-01-26T05:00:00Z,25.9057674407959,26.198213577270508,25.832656860351562,26.108854293823242,14626496.0
2006-01-27T05:00:00Z,26.07636070251465,26.368806838989258,25.987001419067383,26.133224487304688,12404418.0
2006-01-30T05:00:00Z,26.108854293823242,26.133224487304688,26.051990509033203,26.051990509033203,7284073.0
2006-01-31T05:00:00Z,26.0682373046875,26.12510108947754,25.922014236450195,25.954509735107422,16142719.0
2006-02-01T05:00:00Z,25.913890838623047,26.06011390686035,25.816408157348633,25.938262939453125,13474526.0
2006-02-02T05:00:00Z,25.922014236450195,25.954509735107422,25.71892738342285,25.759544372558594,17747327.0
2006-02-03T05:00:00Z,25.832656860351562,25.84890365600586,25.491470336914062,25.653940200805664,15270063.0
2006-02-06T05:00:00Z,25.629568099975586,25.743297576904297,25.629568099975586,25.72705078125,9126634.0
2006-02-07T05:00:00Z,25.686433792114258,25.783916473388672,25.5483341217041,25.55645751953125,9067177.0
2006-02-08T05:00:00Z,25.523963928222656,25.751422882080078,25.523963928222656,25.71892738342285,11276452.0
2006-02-09T05:00:00Z,25.72705078125,25.970754623413086,25.71892738342285,25.783916473388672,7923701.0
2006-02-10T05:00:00Z,25.751422882080078,25.94638442993164,25.629568099975586,25.930137634277344,6550151.0
2006-02-13T05:00:00Z,25.873273849487305,25.9057674407959,25.71892738342285,25.832656860351562,18027749.0
2006-02-14T05:00:00Z,25.873273849487305,26.2469539642334,25.84890365600586,26.141347885131836,18669346.0
2006-02-15T05:00:00Z,26.17384147644043,26.320064544677734,26.07636070251465,26.29569435119629,16644351.0
2006-02-16T05:00:00Z,26.28757095336914,26.450040817260742,26.2469539642334,26.450040817260742,9676768.0
2006-02-17T05:00:00Z,26.441917419433594,26.498781204223633,26.255077362060547,26.34443473815918,9473161.0
2006-02-21T05:00:00Z,26.29569435119629,26.41754722595215,26.2307071685791,26.263200759887695,14553744.0
2006-02-22T05:00:00Z,26.555646896362305,26.791227340698242,26.328187942504883,26.75873374938965,22394968.0
2006-02-23T05:00:00Z,26.766855239868164,26.839967727661133,26.539398193359375,26.661251068115234,9125895.0
2006-02-24T05:00:00Z,26.669374465942383,26.79935073852539,26.596263885498047,26.718114852905273,9338858.0
2006-02-27T05:00:00Z,26.726238250732422,26.839967727661133,26.726238250732422,26.766855239868164,11734508.0
2006-02-28T05:00:00Z,26.68562126159668,26.709991455078125,26.433794021606445,26.50690460205078,15690203.0
2006-03-01T05:00:00Z,26.5881404876709,26.645004272460938,26.51502799987793,26.645004272460938,6728277.0
2006-03-02T05:00:00Z,26.531274795532227,26.531274795532227,26.368806838989258,26.482534408569336,17965706.0
2006-03-03T05:00:00Z,26.409423828125,26.5718936920166,26.33631134033203,26.41754722595215,13546047.0
2006-03-06T05:00:00Z,26.41754722595215,26.490657806396484,26.255077362060547,26.33631134033203,17043687.0
2006-03-07T05:00:00Z,26.2469539642334,26.441917419433594,26.2307071685791,26.425670623779297,26680694.0
2006-03-08T05:00:00Z,26.450040817260742,26.498781204223633,26.271324157714844,26.441917419433594,10367236.0
2006-03-09T05:00:00Z,26.441917419433594,26.523151397705078,26.263200759887695,26.279447555541992,7940196.0
2006-03-10T05:00:00Z,26.360681533813477,26.56376838684082,26.279447555541992,26.51502799987793,9605493.0
2006-03-13T05:00:00Z,26.5881404876709,26.653127670288086,26.450040817260742,26.523151397705078,12916268.0
2006-03-14T05:00:00Z,26.539398193359375,26.831844329833984,26.531274795532227,26.831844329833984,17439577.0
2006-03-15T05:00:00Z,26.783103942871094,26.91307830810547,26.68562126159668,26.864337921142578,23877830.0
2006-03-16T05:00:00Z,26.945573806762695,27.067424774169922,26.929325103759766,26.95369529724121,14009888.0
2006-03-17T05:00:00Z,26.831844329833984,26.888708114624023,26.791227340698242,26.888708114624023,8742685.0
2006-03-20T05:00:00Z,26.85621452331543,26.945573806762695,26.75873374938965,26.90495491027832,9054374.0
2006-03-21T05:00:00Z,26.880584716796875,26.896831512451172,26.604387283325195,26.63688087463379,10612574.0
2006-03-22T05:00:00Z,26.596263885498047,26.872461318969727,26.5881404876709,26.84809112548828,8927212.0
2006-03-23T05:00:00Z,26.766855239868164,26.783103942871094,26.63688087463379,26.718114852905273,10013077.0
2006-03-24T05:00:00Z,26.661251068115234,26.79935073852539,26.5881404876709,26.709991455078125,12086450.0
2006-03-27T05:00:00Z,26.693744659423828,26.74248504638672,26.612510681152344,26.693744659423828,8242530.0
2006-03-28T05:00:00Z,26.693744659423828,26.774980545043945,26.425670623779297,26.474411010742188,13887403.0
2006-03-29T05:00:00Z,26.620634078979492,26.653127670288086,26.41754722595215,26.596263885498047,6550767.0
2006-03-30T05:00:00Z,26.498781204223633,26.669374465942383,26.385053634643555,26.433794021606445,10008276.0
2006-03-31T05:00:00Z,26.450040817260742,26.56376838684082,26.40130043029785,26.441917419433594,9100291.0
2006-04-03T04:00:00Z,26.441917419433594,26.693744659423828,26.41754722595215,26.482534408569336,17761607.0
2006-04-04T04:00:00Z,26.482534408569336,26.80747413635254,26.41754722595215,26.766855239868164,5489768.0
2006-04-05T04:00:00Z,26.783103942871094,26.888708114624023,26.718114852905273,26.815597534179688,10001506.0
2006-04-06T04:00:00Z,27.010560989379883,27.010560989379883,26.612510681152344,26.718114852905273,14073654.0
2006-04-07T04:00:00Z,26.823720932006836,26.84809112548828,26.425670623779297,26.46628761291504,15008229.0
2006-04-10T04:00:00Z,26.531274795532227,26.653127670288086,26.450040817260742,26.51502799987793,8589795.0
2006-04-11T04:00:00Z,26.62875747680664,26.62875747680664,26.23883056640625,26.28757095336914,11979107.0
2006-04-12T04:00:00Z,26.29569435119629,26.425670623779297,26.279447555541992,26.34443473815918,8625986.0
2006-04-13T04:00:00Z,26.311941146850586,26.41754722595215,26.263200759887695,26.385053634643555,6869965.0
2006-04-17T04:00:00Z,26.433794021606445,26.490657806396484,26.28757095336914,26.360681533813477,7458260.0
2006-04-18T04:00:00Z,26.46628761291504,26.872461318969727,26.409423828125,26.84809112548828,16304226.0
2006-04-19T04:00:00Z,26.90495491027832,26.945573806762695,26.774980545043945,26.880584716796875,11333325.0
2006-04-20T04:00:00Z,26.888708114624023,27.059301376342773,26.823720932006836,26.937448501586914,5373561.0
2006-04-21T04:00:00Z,27.099918365478516,27.099918365478516,26.580015182495117,26.90495491027832,6024760.0
2006-04-24T04:00:00Z,27.164907455444336,27.164907455444336,26.596263885498047,26.91307830810547,6810631.0
2006-04-25T04:00:00Z,26.91307830810547,26.91307830810547,26.669374465942383,26.750608444213867,8725328.0
2006-04-26T04:00:00Z,26.653127670288086,26.91307830810547,26.653127670288086,26.90495491027832,6675959.0
2006-04-27T04:00:00Z,26.831844329833984,27.376117706298828,26.791227340698242,27.327375411987305,21775528.0
2006-04-28T04:00:00Z,27.213647842407227,27.69293212890625,27.213647842407227,27.587326049804688,16492446.0
2006-05-01T04:00:00Z,27.611698150634766,27.64419174194336,27.091794967651367,27.156782150268555,16759696.0
2006-05-02T04:00:00Z,27.29488182067871,27.3436222076416,27.205524444580078,27.327375411987305,4896426.0
2006-05-03T04:00:00Z,27.335500717163086,27.376117706298828,27.197399139404297,27.30300521850586,5726120.0
2006-05-04T04:00:00Z,27.311128616333008,27.46547508239746,27.311128616333008,27.35987091064453,10429278.0
2006-05-05T04:00:00Z,27.46547508239746,27.782291412353516,27.46547508239746,27.749797821044922,14808930.0
2006-05-08T04:00:00Z,27.790414810180664,27.798538208007812,27.603574752807617,27.63606834411621,10281189.0
2006-05-09T04:00:00Z,27.59545135498047,27.717302322387695,27.59545135498047,27.6848087310791,12726324.0
2006-05-10T04:00:00Z,27.660438537597656,27.749797821044922,27.506092071533203,27.7010555267334,10461900.0
2006-05-11T04:00:00Z,27.6848087310791,27.6848087310791,27.156782150268555,27.24614143371582,10598048.0
2006-05-12T04:00:00Z,26.80747413635254,27.24614143371582,26.80747413635254,26.969942092895508,10406628.0
2006-05-15T04:00:00Z,26.921201705932617,27.181154251098633,26.921201705932617,27.156782150268555,6753635.0
2006-05-16T04:00:00Z,27.181154251098633,27.25426483154297,27.010560989379883,27.12428855895996,9561546.0
2006-05-17T04:00:00Z,26.945573806762695,26.986190795898438,26.498781204223633,26.580015182495117,13422578.0
2006-05-18T04:00:00Z,26.604387283325195,26.701868057250977,26.33631134033203,26.34443473815918,8360460.0
2006-05-19T04:00:00Z,26.498781204223633,26.604387283325195,26.320064544677734,26.482534408569336,12222599.0
2006-05-22T04:00:00Z,26.425670623779297,26.539398193359375,26.198213577270508,26.41754722595215,12672653.0
2006-05-23T04:00:00Z,26.51502799987793,26.612510681152344,26.271324157714844,26.28757095336914,9384775.0
2006-05-24T04:00:00Z,26.23883056640625,26.482534408569336,26.07636070251465,26.303817749023438,13323113.0
2006-05-25T04:00:00Z,26.441917419433594,26.555646896362305,26.360681533813477,26.539398193359375,6981001.0
2006-05-26T04:00:00Z,26.67749786376953,26.766855239868164,26.5718936920166,26.75873374938965,4869713.0
2006-05-30T04:00:00Z,26.791227340698242,26.791227340698242,26.352558135986328,26.360681533813477,9413457.0
2006-05-31T04:00:00Z,26.450040817260742,26.580015182495117,26.29569435119629,26.547521591186523,6483062.0
2006-06-01T04:00:00Z,26.531274795532227,26.896831512451172,26.531274795532227,26.85621452331543,4518016.0
2006-06-02T04:00:00Z,26.726238250732422,27.067424774169922,26.726238250732422,27.010560989379883,12643847.0
2006-06-05T04:00:00Z,26.880584716796875,26.961820602416992,26.547521591186523,26.5718936920166,8061819.0
2006-06-06T04:00:00Z,26.645004272460938,26.709991455078125,26.2469539642334,26.50690460205078,23200411.0
2006-06-07T04:00:00Z,26.474411010742188,26.823720932006836,26.45816421508789,26.596263885498047,10925987.0
2006-06-08T04:00:00Z,26.523151397705078,26.726238250732422,26.271324157714844,26.645004272460938,28709259.0
2006-06-09T04:00:00Z,26.604387283325195,26.75873374938965,26.51502799987793,26.555646896362305,11772669.0
2006-06-12T04:00:00Z,26.56376838684082,26.620634078979492,26.255077362060547,26.263200759887695,9561177.0
2006-06-13T04:00:00Z,26.198213577270508,26.360681533813477,25.67831039428711,25.751422882080078,24357797.0
2006-06-14T04:00:00Z,25.79203987121582,25.881397247314453,25.32900047302246,25.597076416015625,18993099.0
2006-06-15T04:00:00Z,25.832656860351562,26.222583770751953,25.72705078125,26.16571807861328,15685648.0
2006-06-16T04:00:00Z,26.035743713378906,26.035743713378906,25.767669677734375,25.84890365600586,10174461.0
2006-06-19T04:00:00Z,25.84890365600586,26.01137351989746,25.613323211669922,25.67018699645996,7099054.0
2006-06-20T04:00:00Z,25.686433792114258,25.922014236450195,25.67831039428711,25.743297576904297,22578140.0
2006-06-21T04:00:00Z,25.79203987121582,26.051990509033203,25.743297576904297,25.954509735107422,15107817.0
2006-06-22T04:00:00Z,25.865150451660156,25.94638442993164,25.77579116821289,25.857027053833008,3410732.0
2006-06-23T04:00:00Z,25.751422882080078,25.84890365600586,25.62144660949707,25.686433792114258,5009308.0
2006-06-26T04:00:00Z,25.72705078125,25.913890838623047,25.67018699645996,25.913890838623047,5158506.0
2006-06-27T04:00:00Z,25.873273849487305,25.94638442993164,25.645816802978516,25.662063598632812,4800038.0
2006-06-28T04:00:00Z,25.79203987121582,25.808286666870117,25.629568099975586,25.800161361694336,5785946.0
2006-06-29T04:00:00Z,25.930137634277344,26.368806838989258,25.873273849487305,26.34443473815918,11568569.0
2006-06-30T04:00:00Z,26.425670623779297,26.46628761291504,26.222583770751953,26.271324157714844,7769333.0
2006-07-03T04:00:00Z,26.303817749023438,26.5881404876709,26.303817749023438,26.580015182495117,4077195.0
2006-07-05T04:00:00Z,26.360681533813477,26.41754722595215,26.222583770751953,26.328187942504883,5988692.0
2006-07-06T04:00:00Z,26.303817749023438,26.490657806396484,26.303817749023438,26.409423828125,4241411.0
2006-07-07T04:00:00Z,26.279447555541992,26.51502799987793,26.255077362060547,26.279447555541992,3649669.0
2006-07-10T04:00:00Z,26.33631134033203,26.498781204223633,26.33631134033203,26.45816421508789,3758735.0
2006-07-11T04:00:00Z,26.34443473815918,26.490657806396484,26.18196678161621,26.46628761291504,5804534.0
2006-07-12T04:00:00Z,26.547521591186523,26.547521591186523,26.149471282958984,26.206335067749023,6619579.0
2006-07-13T04:00:00Z,26.07636070251465,26.11697769165039,25.783916473388672,25.79203987121582,11400168.0
2006-07-14T04:00:00Z,25.767669677734375,25.865150451660156,25.580829620361328,25.686433792114258,9368033.0
2006-07-17T04:00:00Z,25.613323211669922,25.79203987121582,25.540210723876953,25.73517417907715,6106622.0
2006-07-18T04:00:00Z,25.84078025817871,25.873273849487305,25.580829620361328,25.79203987121582,8530461.0
2006-07-19T04:00:00Z,25.865150451660156,26.490657806396484,25.857027053833008,26.474411010742188,40039875.0
2006-07-20T04:00:00Z,26.482534408569336,26.56376838684082,26.34443473815918,26.368806838989258,15552085.0
2006-07-21T04:00:00Z,26.368806838989258,26.450040817260742,26.133224487304688,26.222583770751953,16533069.0
2006-07-24T04:00:00Z,26.33631134033203,26.5881404876709,26.263200759887695,26.56376838684082,11416417.0
2006-07-25T04:00:00Z,26.56376838684082,26.701868057250977,26.425670623779297,26.62875747680664,8844489.0
2006-07-26T04:00:00Z,26.62875747680664,26.701868057250977,26.498781204223633,26.596263885498047,5503678.0
2006-07-27T04:00:00Z,26.726238250732422,26.774980545043945,26.433794021606445,26.441917419433594,9565486.0
2006-07-28T04:00:00Z,26.645004272460938,27.010560989379883,26.63688087463379,26.91307830810547,14383373.0
2006-07-31T04:00:00Z,26.969942092895508,26.97806739807129,26.80747413635254,26.872461318969727,8948878.0
2006-08-01T04:00:00Z,26.766855239868164,26.864337921142578,26.63688087463379,26.791227340698242,7718493.0
2006-08-02T04:00:00Z,26.831844329833984,26.90495491027832,26.709991455078125,26.839967727661133,7259699.0
2006-08-03T04:00:00Z,26.726238250732422,27.010560989379883,26.726238250732422,26.95369529724121,7380461.0
2006-08-04T04:00:00Z,27.229894638061523,27.457351684570312,26.91307830810547,27.010560989379883,19989840.0
2006-08-07T04:00:00Z,27.010560989379883,27.02680778503418,26.872461318969727,26.95369529724121,4076580.0
2006-08-08T04:00:00Z,27.034931182861328,27.099918365478516,26.718114852905273,26.75873374938965,10953069.0
2006-08-09T04:00:00Z,26.945573806762695,27.010560989379883,26.41754722595215,26.441917419433594,10111680.0
2006-08-10T04:00:00Z,26.409423828125,26.62875747680664,26.328187942504883,26.5718936920166,12115379.0
2006-08-11T04:00:00Z,26.50690460205078,26.555646896362305,26.376928329467773,26.490657806396484,6336819.0
2006-08-14T04:00:00Z,26.62875747680664,26.766855239868164,26.474411010742188,26.523151397705078,6748958.0
2006-08-15T04:00:00Z,26.84809112548828,27.30300521850586,26.79935073852539,26.969942092895508,10760910.0
2006-08-16T04:00:00Z,27.132413864135742,27.164907455444336,26.994314193725586,27.116165161132812,5888119.0
2006-08-17T04:00:00Z,27.091794967651367,27.229894638061523,27.02680778503418,27.205524444580078,6555814.0
2006-08-18T04:00:00Z,27.229894638061523,27.24614143371582,27.116165161132812,27.24614143371582,7479802.0
2006-08-21T04:00:00Z,27.213647842407227,27.213647842407227,27.07554817199707,27.140535354614258,4727532.0
2006-08-22T04:00:00Z,27.132413864135742,27.205524444580078,27.034931182861328,27.132413864135742,6325617.0
2006-08-23T04:00:00Z,27.116165161132812,27.164907455444336,26.994314193725586,27.051177978515625,4746121.0
2006-08-24T04:00:00Z,27.140535354614258,27.18927764892578,27.08367156982422,27.140535354614258,4821458.0
2006-08-25T04:00:00Z,27.059301376342773,27.08367156982422,26.969942092895508,26.994314193725586,4463729.0
2006-08-28T04:00:00Z,26.969942092895508,27.24614143371582,26.961820602416992,27.18927764892578,11596882.0
2006-08-29T04:00:00Z,27.132413864135742,27.132413864135742,26.921201705932617,27.07554817199707,17294196.0
2006-08-30T04:00:00Z,27.12428855895996,27.229894638061523,27.116165161132812,27.156782150268555,4856418.0
2006-08-31T04:00:00Z,27.156782150268555,27.205524444580078,27.108041763305664,27.18927764892578,4162627.0
2006-09-01T04:00:00Z,27.286758422851562,27.286758422851562,27.140535354614258,27.229894638061523,3034169.0
2006-09-05T04:00:00Z,27.25426483154297,27.41673469543457,27.213647842407227,27.327375411987305,9705573.0
2006-09-06T04:00:00Z,27.213647842407227,27.53858757019043,27.173030853271484,27.238018035888672,6858886.0
2006-09-07T04:00:00Z,27.132413864135742,27.197399139404297,27.002437591552734,27.02680778503418,8959341.0
2006-09-08T04:00:00Z,27.034931182861328,27.205524444580078,26.896831512451172,27.181154251098633,6832419.0
2006-09-11T04:00:00Z,27.132413864135742,27.238018035888672,27.099918365478516,27.197399139404297,4257044.0
2006-09-12T04:00:00Z,27.229894638061523,27.587326049804688,27.213647842407227,27.546709060668945,7997561.0
2006-09-13T04:00:00Z,27.587326049804688,27.80666160583496,27.457351684570312,27.749797821044922,8542032.0
2006-09-14T04:00:00Z,27.652315139770508,27.81478500366211,27.627944946289062,27.81478500366211,3825456.0
2006-09-15T04:00:00Z,28.42404556274414,28.43216896057129,27.70918083190918,27.74167251586914,7382923.0
2006-09-18T04:00:00Z,27.676685333251953,27.798538208007812,27.611698150634766,27.70918083190918,9313623.0
2006-09-19T04:00:00Z,28.066612243652344,28.066612243652344,27.603574752807617,27.757919311523438,7713815.0
2006-09-20T04:00:00Z,27.85540199279785,27.993501663208008,27.81478500366211,27.944759368896484,9690678.0
2006-09-21T04:00:00Z,27.944759368896484,28.017871856689453,27.7010555267334,27.749797821044922,6461027.0
2006-09-22T04:00:00Z,27.749797821044922,27.847278594970703,27.6848087310791,27.798538208007812,7961369.0
2006-09-25T04:00:00Z,27.952884674072266,28.147846221923828,27.822908401489258,28.08285903930664,7118627.0
2006-09-26T04:00:00Z,28.099105834960938,28.237205505371094,27.98537826538086,28.237205505371094,7658913.0
2006-09-27T04:00:00Z,28.15597152709961,28.229082107543945,28.03411865234375,28.107229232788086,6000140.0
2006-09-28T04:00:00Z,28.03411865234375,28.237205505371094,28.03411865234375,28.2047119140625,3996811.0
2006-09-29T04:00:00Z,27.879772186279297,28.391551971435547,27.879772186279297,28.123477935791016,6330171.0
2006-10-02T04:00:00Z,28.08285903930664,28.164094924926758,27.952884674072266,28.058488845825195,4536481.0
2006-10-03T04:00:00Z,28.074735641479492,28.399675369262695,28.050365447998047,28.334686279296875,8250778.0
2006-10-04T04:00:00Z,28.619009017944336,28.675872802734375,28.26157569885254,28.675872802734375,14697525.0
2006-10-05T04:00:00Z,28.732738494873047,28.952070236206055,28.55402183532715,28.659626007080078,10687542.0
2006-10-06T04:00:00Z,28.570268630981445,28.60276222229004,28.489032745361328,28.562145233154297,6333126.0
2006-10-09T04:00:00Z,28.55402183532715,28.683996200561523,28.456539154052734,28.64337921142578,4485395.0
2006-10-10T04:00:00Z,28.692119598388672,28.732738494873047,28.562145233154297,28.64337921142578,6821710.0
2006-10-11T04:00:00Z,28.237205505371094,28.64337921142578,28.237205505371094,28.570268630981445,7388216.0
2006-10-12T04:00:00Z,28.627132415771484,28.77335548400879,28.627132415771484,28.724613189697266,6476045.0
2006-10-13T04:00:00Z,28.64337921142578,28.830219268798828,28.64337921142578,28.830219268798828,4953544.0
2006-10-16T04:00:00Z,28.732738494873047,28.757108688354492,28.635255813598633,28.675872802734375,6320200.0
2006-10-17T04:00:00Z,28.65150260925293,28.748985290527344,28.529651641845703,28.675872802734375,6891754.0
2006-10-18T04:00:00Z,28.797725677490234,28.911453247070312,28.586515426635742,28.757108688354492,7018177.0
2006-10-19T04:00:00Z,28.70836639404297,28.70836639404297,28.440292358398438,28.570268630981445,8025012.0
2006-10-20T04:00:00Z,28.570268630981445,28.578392028808594,28.415922164916992,28.53777313232422,8718681.0
2006-10-23T04:00:00Z,28.448415756225586,28.76523208618164,28.43216896057129,28.724613189697266,4841769.0
2006-10-24T04:00:00Z,28.667749404907227,28.724613189697266,28.578392028808594,28.71649169921875,3734362.0
2006-10-25T04:00:00Z,28.748985290527344,28.838342666625977,28.627132415771484,28.838342666625977,5660261.0
2006-10-26T04:00:00Z,28.887083053588867,29.04955291748047,28.757108688354492,29.04142951965332,11989201.0
2006-10-27T04:00:00Z,29.000812530517578,29.000812530517578,28.740861892700195,28.82209587097168,5312134.0
2006-10-30T05:00:00Z,28.781478881835938,28.919578552246094,28.732738494873047,28.830219268798828,9933801.0
2006-10-31T05:00:00Z,28.911453247070312,28.98456573486328,28.781478881835938,28.781478881835938,9728224.0
2006-11-01T05:00:00Z,28.911453247070312,28.960195541381836,28.5458984375,28.60276222229004,11319784.0
2006-11-02T05:00:00Z,28.578392028808594,28.627132415771484,28.43216896057129,28.521526336669922,4528357.0
2006-11-03T05:00:00Z,28.610885620117188,28.675872802734375,28.3834285736084,28.521526336669922,4709191.0
2006-11-06T05:00:00Z,28.59463882446289,28.895206451416016,28.53777313232422,28.854589462280273,9460727.0
2006-11-07T05:00:00Z,28.87895965576172,29.025182723999023,28.862712860107422,28.919578552246094,4722239.0
2006-11-08T05:00:00Z,28.797725677490234,29.090171813964844,28.797725677490234,29.04142951965332,3910518.0
2006-11-09T05:00:00Z,29.04142951965332,29.04142951965332,28.797725677490234,28.846466064453125,4959084.0
2006-11-10T05:00:00Z,28.927701950073242,29.082046508789062,28.87895965576172,29.082046508789062,6402431.0
2006-11-13T05:00:00Z,28.952070236206055,29.171405792236328,28.952070236206055,29.04955291748047,4200541.0
2006-11-14T05:00:00Z,28.98456573486328,29.252639770507812,28.87083625793457,29.22014617919922,7786321.0
2006-11-15T05:00:00Z,29.171405792236328,29.252639770507812,29.122665405273438,29.179529190063477,4036203.0
2006-11-16T05:00:00Z,29.374492645263672,29.463851928710938,29.26076316833496,29.463851928710938,11170217.0
2006-11-17T05:00:00Z,29.398862838745117,29.398862838745117,29.244516372680664,29.244516372680664,12754637.0
2006-11-20T05:00:00Z,29.32575035095215,29.48822021484375,29.293258666992188,29.43135643005371,13273750.0
2006-11-21T05:00:00Z,29.447603225708008,29.447603225708008,29.317628860473633,29.38261604309082,4275632.0
2006-11-22T05:00:00Z,29.38261604309082,29.48822021484375,29.301380157470703,29.415109634399414,2484035.0
2006-11-24T05:00:00Z,29.244516372680664,29.366369247436523,29.203899383544922,29.26888656616211,2504100.0
2006-11-27T05:00:00Z,29.27701187133789,29.27701187133789,28.805849075317383,28.81397247314453,9614110.0
2006-11-28T05:00:00Z,28.87083625793457,28.919578552246094,28.675872802734375,28.862712860107422,8988270.0
2006-11-29T05:00:00Z,28.960195541381836,29.130788803100586,28.87895965576172,29.04142951965332,5148781.0
2006-11-30T05:00:00Z,28.952070236206055,29.130788803100586,28.846466064453125,28.98456573486328,4428276.0
2006-12-01T05:00:00Z,28.968318939208984,29.057676315307617,28.619009017944336,28.81397247314453,10386439.0
2006-12-04T05:00:00Z,28.919578552246094,29.26888656616211,28.903331756591797,29.22014617919922,8233544.0
2006-12-05T05:00:00Z,29.244516372680664,29.374492645263672,29.1389102935791,29.358245849609375,10037943.0
2006-12-06T05:00:00Z,29.341997146606445,29.43947982788086,29.32575035095215,29.398862838745117,3267566.0
2006-12-07T05:00:00Z,29.455726623535156,29.577579498291016,29.27701187133789,29.32575035095215,5468471.0
2006-12-08T05:00:00Z,29.26076316833496,29.4800968170166,29.22014617919922,29.415109634399414,6413387.0
2006-12-11T05:00:00Z,29.4800968170166,29.634443283081055,29.463851928710938,29.577579498291016,10900874.0
2006-12-12T05:00:00Z,29.48822021484375,29.65069007873535,29.447603225708008,29.60194969177246,7699043.0
2006-12-13T05:00:00Z,29.65069007873535,29.756296157836914,29.585702896118164,29.634443283081055,4945666.0
2006-12-14T05:00:00Z,29.642566680908203,29.88627052307129,29.593826293945312,29.88627052307129,7145586.0
2006-12-15T05:00:00Z,29.8375301361084,29.853776931762695,29.675060272216797,29.731924057006836,8292755.0
2006-12-18T05:00:00Z,29.8212833404541,29.94313621520996,29.78066635131836,29.87814712524414,6471367.0
2006-12-19T05:00:00Z,29.78066635131836,29.926889419555664,29.707555770874023,29.853776931762695,13315481.0
2006-12-20T05:00:00Z,29.88627052307129,29.959383010864258,29.764419555664062,29.95125961303711,5199498.0
2006-12-21T05:00:00Z,29.975629806518555,30.00812339782715,29.796913146972656,29.8212833404541,6326109.0
2006-12-22T05:00:00Z,29.813159942626953,29.8212833404541,29.593826293945312,29.675060272216797,4097137.0
2006-12-26T05:00:00Z,29.731924057006836,29.94313621520996,29.71567726135254,29.94313621520996,5110497.0
2006-12-27T05:00:00Z,30.032493591308594,30.17059326171875,30.016246795654297,30.154346466064453,5211439.0
2006-12-28T05:00:00Z,30.089357376098633,30.17059326171875,29.967506408691406,30.016246795654297,8430380.0
2006-12-29T05:00:00Z,29.983753204345703,30.05686378479004,29.82940673828125,29.845653533935547,4283265.0
2007-01-03T05:00:00Z,30.024370193481445,30.211210250854492,29.764419555664062,29.99187660217285,9365079.0
2007-01-04T05:00:00Z,29.975629806518555,29.99187660217285,29.764419555664062,29.89439582824707,6646292.0
2007-01-05T05:00:00Z,29.813159942626953,29.87814712524414,29.60194969177246,29.6588134765625,7977372.0
2007-01-08T05:00:00Z,29.66693687438965,29.813159942626953,29.471973419189453,29.788789749145508,4427415.0
2007-01-09T05:00:00Z,29.788789749145508,29.902517318725586,29.577579498291016,29.740049362182617,5997309.0
2007-01-10T05:00:00Z,29.593826293945312,29.861900329589844,29.585702896118164,29.8375301361084,3614216.0
2007-01-11T05:00:00Z,29.845653533935547,30.024370193481445,29.8212833404541,30.024370193481445,4623513.0
2007-01-12T05:00:00Z,29.910642623901367,30.089357376098633,29.910642623901367,30.05686378479004,8028582.0
2007-01-16T05:00:00Z,30.05686378479004,30.138099670410156,30.016246795654297,30.138099670410156,5315827.0
2007-01-17T05:00:00Z,30.097482681274414,30.186840057373047,29.99187660217285,30.05686378479004,4927693.0
2007-01-18T05:00:00Z,30.11372947692871,30.138099670410156,29.918764114379883,29.935012817382812,5029004.0
2007-01-19T05:00:00Z,29.975629806518555,30.04874038696289,29.910642623901367,30.024370193481445,4202880.0
2007-01-22T05:00:00Z,30.05686378479004,30.089357376098633,29.918764114379883,30.0,5728582.0
2007-01-23T05:00:00Z,29.902517318725586,30.040616989135742,29.853776931762695,29.983753204345703,7704706.0
2007-01-24T05:00:00Z,29.975629806518555,30.292444229125977,29.94313621520996,30.292444229125977,5148904.0
2007-01-25T05:00:00Z,30.300569534301758,30.316816329956055,29.813159942626953,29.853776931762695,15347739.0
2007-01-26T05:00:00Z,29.870023727416992,29.99187660217285,29.691307067871094,29.910642623901367,9816486.0
2007-01-29T05:00:00Z,29.89439582824707,29.95125961303711,29.72380256652832,29.764419555664062,13643419.0
2007-01-30T05:00:00Z,29.78066635131836,29.926889419555664,29.748172760009766,29.87814712524414,7687718.0
2007-01-31T05:00:00Z,29.87814712524414,30.194963455200195,29.788789749145508,30.12185287475586,15289143.0
2007-02-01T05:00:00Z,30.203086853027344,30.33306312561035,30.1787166595459,30.316816329956055,18404066.0
2007-02-02T05:00:00Z,30.324939727783203,30.414297103881836,30.292444229125977,30.373680114746094,7704460.0
2007-02-05T05:00:00Z,30.39805030822754,30.422420501708984,30.243703842163086,30.365556716918945,5309672.0
2007-02-06T05:00:00Z,30.39805030822754,30.528026580810547,30.357433319091797,30.5036563873291,9894778.0
2007-02-07T05:00:00Z,30.528026580810547,30.66612434387207,30.5036563873291,30.61738395690918,5616561.0
2007-02-08T05:00:00Z,30.536148071289062,30.552396774291992,30.357433319091797,30.5199031829834,6929176.0
2007-02-09T05:00:00Z,30.471162796020508,30.625507354736328,30.016246795654297,30.194963455200195,21979751.0
2007-02-12T05:00:00Z,30.243703842163086,30.27619743347168,30.040616989135742,30.12185287475586,11936268.0
2007-02-13T05:00:00Z,30.1624698638916,30.406173706054688,30.138099670410156,30.3411865234375,12937195.0
2007-02-14T05:00:00Z,30.39805030822754,30.714866638183594,30.381803512573242,30.633630752563477,12212751.0
2007-02-15T05:00:00Z,30.66612434387207,30.73111343383789,30.584890365600586,30.682371139526367,12006928.0
2007-02-16T05:00:00Z,30.593013763427734,30.682371139526367,30.552396774291992,30.67424964904785,6764837.0
2007-02-20T05:00:00Z,30.625507354736328,30.8610897064209,29.95125961303711,30.83671760559082,6508666.0
2007-02-21T05:00:00Z,30.706741333007812,30.78797721862793,30.641754150390625,30.706741333007812,5231258.0
2007-02-22T05:00:00Z,30.77985382080078,30.828594207763672,30.56052017211914,30.584890365600586,11642552.0
2007-02-23T05:00:00Z,30.601137161254883,30.61738395690918,30.21933364868164,30.300569534301758,20234563.0
2007-02-26T05:00:00Z,30.43866729736328,30.479284286499023,29.959383010864258,30.081235885620117,21959686.0
2007-02-27T05:00:00Z,29.71567726135254,29.88627052307129,28.3671817779541,28.675872802734375,37054454.0
2007-02-28T05:00:00Z,29.008935928344727,29.39073944091797,28.87083625793457,29.203899383544922,26681186.0
2007-03-01T05:00:00Z,28.838342666625977,29.285133361816406,28.59463882446289,29.171405792236328,32203945.0
2007-03-02T05:00:00Z,29.1389102935791,29.236392974853516,28.838342666625977,28.838342666625977,15158657.0
2007-03-05T05:00:00Z,28.570268630981445,28.911453247070312,28.050365447998047,28.3834285736084,21501508.0
2007-03-06T05:00:00Z,28.683996200561523,29.065799713134766,28.610885620117188,28.976442337036133,23815665.0
2007-03-07T05:00:00Z,28.952070236206055,29.065799713134766,28.77335548400879,28.805849075317383,14010257.0
2007-03-08T05:00:00Z,29.39073944091797,29.39073944091797,28.98456573486328,29.065799713134766,24346841.0
2007-03-09T05:00:00Z,29.252639770507812,29.293258666992188,29.000812530517578,29.1389102935791,11761343.0
2007-03-12T04:00:00Z,29.04142951965332,29.244516372680664,28.93582534790039,29.1389102935791,17742649.0
2007-03-13T04:00:00Z,28.903331756591797,28.93582534790039,28.107229232788086,28.269699096679688,55831266.0
2007-03-14T04:00:00Z,28.269699096679688,28.464662551879883,27.76604461669922,28.334686279296875,49895631.0
2007-03-15T04:00:00Z,28.3671817779541,28.81397247314453,28.350933074951172,28.675872802734375,38821062.0
2007-03-16T04:00:00Z,28.64337921142578,28.683996200561523,28.25345230102539,28.448415756225586,23623136.0
2007-03-19T04:00:00Z,28.635255813598633,28.757108688354492,28.464662551879883,28.635255813598633,19648360.0
2007-03-20T04:00:00Z,28.65150260925293,28.94394874572754,28.627132415771484,28.895206451416016,17005896.0
2007-03-21T04:00:00Z,28.919578552246094,29.71567726135254,28.87083625793457,29.55320930480957,41179658.0
2007-03-22T04:00:00Z,29.618196487426758,29.65069007873535,29.317628860473633,29.374492645263672,20898072.0
2007-03-23T04:00:00Z,29.32575035095215,29.520715713500977,29.293258666992188,29.406986236572266,15015984.0
2007-03-26T04:00:00Z,29.366369247436523,29.48822021484375,29.04955291748047,29.26076316833496,20591183.0
2007-03-27T04:00:00Z,29.22014617919922,29.236392974853516,29.04142951965332,29.082046508789062,7700028.0
2007-03-28T04:00:00Z,28.919578552246094,29.065799713134766,28.619009017944336,28.71649169921875,21499784.0
2007-03-29T04:00:00Z,28.927701950073242,29.082046508789062,28.70836639404297,28.862712860107422,17217135.0
2007-03-30T04:00:00Z,28.968318939208984,29.090171813964844,28.610885620117188,28.94394874572754,14556206.0
2007-04-02T04:00:00Z,28.919578552246094,28.919578552246094,28.529651641845703,28.675872802734375,14561130.0
2007-04-03T04:00:00Z,28.927701950073242,29.122665405273438,28.87083625793457,29.033306121826172,16612222.0
2007-04-04T04:00:00Z,29.025182723999023,29.1389102935791,28.94394874572754,29.033306121826172,14399623.0
2007-04-05T04:00:00Z,29.025182723999023,29.114540100097656,28.927701950073242,29.04955291748047,6649862.0
2007-04-09T04:00:00Z,29.122665405273438,29.130788803100586,28.976442337036133,29.04142951965332,7637370.0
2007-04-10T04:00:00Z,29.04142951965332,29.179529190063477,29.04142951965332,29.171405792236328,11994372.0
2007-04-11T04:00:00Z,29.16328239440918,29.16328239440918,28.838342666625977,28.927701950073242,13683427.0
2007-04-12T04:00:00Z,28.87895965576172,28.94394874572754,28.700244903564453,28.87895965576172,12340406.0
2007-04-13T04:00:00Z,28.919578552246094,29.090171813964844,28.895206451416016,29.000812530517578,19034461.0
2007-04-16T04:00:00Z,29.26076316833496,29.71567726135254,29.26076316833496,29.707555770874023,39918991.0
2007-04-17T04:00:00Z,29.707555770874023,29.845653533935547,29.60194969177246,29.699430465698242,15461483.0
2007-04-18T04:00:00Z,29.813159942626953,30.146223068237305,29.740049362182617,30.040616989135742,31112540.0
2007-04-19T04:00:00Z,29.935012817382812,30.073110580444336,29.77254295349121,30.0,17748558.0
2007-04-20T04:00:00Z,30.1787166595459,30.251827239990234,30.040616989135742,30.154346466064453,20996552.0
2007-04-23T04:00:00Z,30.154346466064453,30.27619743347168,30.040616989135742,30.073110580444336,11672834.0
2007-04-24T04:00:00Z,30.097482681274414,30.12185287475586,29.78066635131836,29.983753204345703,15632223.0
2007-04-25T04:00:00Z,30.073110580444336,30.406173706054688,30.024370193481445,30.38992691040039,19044801.0
2007-04-26T04:00:00Z,30.3411865234375,30.406173706054688,30.17059326171875,30.3411865234375,9484363.0
2007-04-27T04:00:00Z,30.22745704650879,30.33306312561035,30.11372947692871,30.300569534301758,11863393.0
2007-04-30T04:00:00Z,30.292444229125977,30.381803512573242,30.032493591308594,30.064987182617188,18614690.0
2007-05-01T04:00:00Z,30.05686378479004,30.21933364868164,29.870023727416992,30.12185287475586,14056789.0
2007-05-02T04:00:00Z,30.1787166595459,30.357433319091797,30.064987182617188,30.251827239990234,10986183.0
2007-05-03T04:00:00Z,30.430543899536133,30.536148071289062,30.292444229125977,30.536148071289062,12545244.0
2007-05-04T04:00:00Z,30.601137161254883,30.66612434387207,30.51177978515625,30.641754150390625,10915031.0
2007-05-07T04:00:00Z,30.66612434387207,30.755483627319336,30.601137161254883,30.682371139526367,5842449.0
2007-05-08T04:00:00Z,30.60926055908203,30.641754150390625,30.479284286499023,30.61738395690918,7468477.0
2007-05-09T04:00:00Z,30.641754150390625,30.812347412109375,30.544273376464844,30.77985382080078,14572824.0
2007-05-10T04:00:00Z,30.633630752563477,30.747360229492188,30.3411865234375,30.3411865234375,15886547.0
2007-05-11T04:00:00Z,30.471162796020508,30.66612434387207,30.471162796020508,30.66612434387207,16812136.0
2007-05-14T04:00:00Z,30.69049644470215,30.706741333007812,30.357433319091797,30.5199031829834,37213869.0
2007-05-15T04:00:00Z,30.552396774291992,30.714866638183594,30.381803512573242,30.44679069519043,20241333.0
2007-05-16T04:00:00Z,30.593013763427734,30.796100616455078,30.49553108215332,30.796100616455078,19635558.0
2007-05-17T04:00:00Z,30.69049644470215,30.714866638183594,30.576766967773438,30.641754150390625,7514024.0
2007-05-18T04:00:00Z,30.78797721862793,30.78797721862793,30.641754150390625,30.72298812866211,12362071.0
2007-05-21T04:00:00Z,30.73923683166504,30.820470809936523,30.641754150390625,30.755483627319336,16396428.0
2007-05-22T04:00:00Z,30.78797721862793,30.869211196899414,30.658002853393555,30.77985382080078,15239165.0
2007-05-23T04:00:00Z,30.73111343383789,30.95044708251953,30.714866638183594,30.755483627319336,20107400.0
2007-05-24T04:00:00Z,30.812347412109375,30.869211196899414,30.373680114746094,30.479284286499023,24805266.0
2007-05-25T04:00:00Z,30.463037490844727,30.576766967773438,30.38992691040039,30.536148071289062,11255895.0
2007-05-29T04:00:00Z,30.601137161254883,30.682371139526367,30.5036563873291,30.66612434387207,9929985.0
2007-05-30T04:00:00Z,30.479284286499023,30.877334594726562,30.479284286499023,30.877334594726562,16626748.0
2007-05-31T04:00:00Z,30.95857048034668,30.991064071655273,30.706741333007812,30.78797721862793,13721342.0
2007-06-01T04:00:00Z,30.83671760559082,30.942323684692383,30.771730422973633,30.885459899902344,8891390.0
2007-06-04T04:00:00Z,30.78797721862793,30.8448429107666,30.747360229492188,30.8448429107666,12312831.0
2007-06-05T04:00:00Z,30.61738395690918,30.771730422973633,30.576766967773438,30.658002853393555,17915974.0
2007-06-06T04:00:00Z,30.544273376464844,30.544273376464844,30.324939727783203,30.39805030822754,18752069.0
2007-06-07T04:00:00Z,30.28432273864746,30.430543899536133,29.805036544799805,29.88627052307129,31728533.0
2007-06-08T04:00:00Z,29.918764114379883,30.243703842163086,29.82940673828125,30.235580444335938,22664803.0
2007-06-11T04:00:00Z,30.21933364868164,30.44679069519043,30.064987182617188,30.373680114746094,24159975.0
2007-06-12T04:00:00Z,30.17059326171875,30.422420501708984,29.89439582824707,29.959383010864258,25845214.0
2007-06-13T04:00:00Z,30.064987182617188,30.544273376464844,30.064987182617188,30.528026580810547,15413228.0
2007-06-14T04:00:00Z,30.44679069519043,30.641754150390625,30.422420501708984,30.479284286499023,23017607.0
2007-06-15T04:00:00Z,30.633630752563477,30.633630752563477,30.39805030822754,30.422420501708984,11822770.0
2007-06-18T04:00:00Z,30.51177978515625,30.593013763427734,30.3411865234375,30.414297103881836,9990181.0
2007-06-19T04:00:00Z,30.300569534301758,30.544273376464844,30.259950637817383,30.544273376464844,10070934.0
2007-06-20T04:00:00Z,30.536148071289062,30.60926055908203,29.89439582824707,30.00812339782715,25588058.0
2007-06-21T04:00:00Z,29.975629806518555,30.097482681274414,29.65069007873535,30.05686378479004,47156286.0
2007-06-22T04:00:00Z,29.967506408691406,29.967506408691406,29.48822021484375,29.675060272216797,47396331.0
2007-06-25T04:00:00Z,29.520715713500977,29.813159942626953,29.236392974853516,29.43947982788086,40562066.0
2007-06-26T04:00:00Z,29.463851928710938,29.60194969177246,29.16328239440918,29.16328239440918,36617449.0
2007-06-27T04:00:00Z,29.16328239440918,29.60194969177246,29.082046508789062,29.60194969177246,36680599.0
2007-06-28T04:00:00Z,29.60194969177246,29.764419555664062,29.374492645263672,29.55320930480957,32559827.0
2007-06-29T04:00:00Z,29.585702896118164,29.731924057006836,29.082046508789062,29.39073944091797,37310133.0
2007-07-02T04:00:00Z,29.805036544799805,29.82940673828125,29.398862838745117,29.642566680908203,18315064.0
2007-07-03T04:00:00Z,29.748172760009766,29.926889419555664,29.748172760009766,29.902517318725586,18100132.0
2007-07-05T04:00:00Z,29.65069007873535,29.853776931762695,29.585702896118164,29.65069007873535,24871247.0
2007-07-06T04:00:00Z,29.65069007873535,29.805036544799805,29.528837203979492,29.796913146972656,16083138.0
2007-07-09T04:00:00Z,29.77254295349121,29.813159942626953,29.618196487426758,29.675060272216797,19663255.0
2007-07-10T04:00:00Z,29.471973419189453,29.50446891784668,28.919578552246094,29.04955291748047,52127187.0
2007-07-11T04:00:00Z,28.93582534790039,29.252639770507812,28.87083625793457,29.147035598754883,55021761.0
2007-07-12T04:00:00Z,29.285133361816406,29.788789749145508,29.26076316833496,29.683183670043945,40793370.0
2007-07-13T04:00:00Z,29.77254295349121,29.89439582824707,29.634443283081055,29.796913146972656,26303516.0
2007-07-16T04:00:00Z,29.72380256652832,30.0,29.6588134765625,29.691307067871094,29971649.0
2007-07-17T04:00:00Z,29.691307067871094,29.935012817382812,29.691307067871094,29.788789749145508,34954984.0
2007-07-18T04:00:00Z,29.48822021484375,30.04874038696289,29.057676315307617,29.406986236572266,62410223.0
2007-07-19T04:00:00Z,29.4963436126709,29.65069007873535,29.187652587890625,29.30950355529785,40433180.0
2007-07-20T04:00:00Z,29.341997146606445,29.374492645263672,28.659626007080078,28.797725677490234,86443405.0
2007-07-23T04:00:00Z,28.757108688354492,29.065799713134766,28.659626007080078,28.781478881835938,44589774.0
2007-07-24T04:00:00Z,28.350933074951172,28.570268630981445,27.847278594970703,28.058488845825195,94807681.0
2007-07-25T04:00:00Z,28.220958709716797,28.415922164916992,27.822908401489258,28.188465118408203,91805026.0
2007-07-26T04:00:00Z,27.7010555267334,27.87164878845215,27.08367156982422,27.522340774536133,105488206.0
2007-07-27T04:00:00Z,27.441104888916016,27.790414810180664,27.08367156982422,27.091794967651367,95817101.0
2007-07-30T04:00:00Z,27.384239196777344,27.63606834411621,26.80747413635254,27.603574752807617,103138720.0
2007-07-31T04:00:00Z,27.85540199279785,28.001625061035156,26.726238250732422,26.726238250732422,121875278.0
2007-08-01T04:00:00Z,26.880584716796875,27.197399139404297,26.409423828125,27.02680778503418,123089167.0
2007-08-02T04:00:00Z,27.335500717163086,27.53858757019043,26.961820602416992,27.205524444580078,81025282.0
2007-08-03T04:00:00Z,26.969942092895508,27.221771240234375,26.01137351989746,26.043867111206055,165871095.0
2007-08-06T04:00:00Z,26.149471282958984,27.41673469543457,25.962631225585938,27.376117706298828,141115193.0
2007-08-07T04:00:00Z,27.238018035888672,27.952884674072266,27.108041763305664,27.57107925415039,122980347.0
2007-08-08T04:00:00Z,27.774166107177734,28.586515426635742,27.63606834411621,28.229082107543945,134714239.0
2007-08-09T04:00:00Z,27.41673469543457,27.97725486755371,26.921201705932617,27.213647842407227,124364360.0
2007-08-10T04:00:00Z,26.774980545043945,27.53858757019043,26.68562126159668,27.091794967651367,94954662.0
2007-08-13T04:00:00Z,27.725425720214844,27.725425720214844,26.555646896362305,26.84809112548828,70957671.0
2007-08-14T04:00:00Z,27.02680778503418,27.051177978515625,26.255077362060547,26.376928329467773,87599807.0
2007-08-15T04:00:00Z,26.157594680786133,26.896831512451172,25.962631225585938,26.141347885131836,100465603.0
2007-08-16T04:00:00Z,25.94638442993164,27.205524444580078,25.597076416015625,26.929325103759766,201536366.0
2007-08-17T04:00:00Z,28.740861892700195,28.748985290527344,27.31925392150879,28.0259952545166,217975263.0
2007-08-20T04:00:00Z,28.107229232788086,28.13159942626953,27.278635025024414,27.652315139770508,108917403.0
2007-08-21T04:00:00Z,27.481721878051758,28.08285903930664,27.481721878051758,27.847278594970703,58665521.0
2007-08-22T04:00:00Z,28.017871856689453,28.26157569885254,27.668561935424805,27.92038917541504,86213085.0
2007-08-23T04:00:00Z,28.229082107543945,28.269699096679688,27.782291412353516,27.96100616455078,63120017.0
2007-08-24T04:00:00Z,27.896018981933594,28.19658851623535,27.7010555267334,28.058488845825195,43523236.0
2007-08-27T04:00:00Z,27.993501663208008,28.017871856689453,27.69293212890625,27.733549118041992,24216232.0
2007-08-28T04:00:00Z,27.457351684570312,27.481721878051758,26.815597534179688,26.90495491027832,76694378.0
2007-08-29T04:00:00Z,27.051177978515625,27.376117706298828,26.693744659423828,27.229894638061523,61839654.0
2007-08-30T04:00:00Z,26.90495491027832,27.286758422851562,26.880584716796875,27.059301376342773,58436186.0
2007-08-31T04:00:00Z,27.611698150634766,27.619821548461914,27.156782150268555,27.41673469543457,68156531.0
2007-09-04T04:00:00Z,27.489845275878906,27.944759368896484,27.3436222076416,27.627944946289062,45012131.0
2007-09-05T04:00:00Z,27.579204559326172,27.59545135498047,27.132413864135742,27.29488182067871,55575588.0
2007-09-06T04:00:00Z,27.286758422851562,27.554832458496094,26.921201705932617,27.091794967651367,39227662.0
2007-09-07T04:00:00Z,26.80747413635254,27.08367156982422,26.653127670288086,26.815597534179688,92815307.0
2007-09-10T04:00:00Z,26.880584716796875,27.043054580688477,26.441917419433594,26.726238250732422,73733576.0
2007-09-11T04:00:00Z,26.864337921142578,27.205524444580078,26.839967727661133,27.002437591552734,62354089.0
2007-09-12T04:00:00Z,27.051177978515625,27.205524444580078,26.872461318969727,27.059301376342773,40071266.0
2007-09-13T04:00:00Z,27.229894638061523,27.53858757019043,27.205524444580078,27.506092071533203,67115967.0
2007-09-14T04:00:00Z,27.205524444580078,27.603574752807617,27.173030853271484,27.603574752807617,37334014.0
2007-09-17T04:00:00Z,27.376117706298828,27.376117706298828,27.108041763305664,27.3436222076416,50504853.0
2007-09-18T04:00:00Z,27.522340774536133,28.513404846191406,27.25426483154297,28.37530517578125,170892836.0
2007-09-19T04:00:00Z,28.692119598388672,28.976442337036133,28.47278594970703,28.55402183532715,92064397.0
2007-09-20T04:00:00Z,28.635255813598633,28.667749404907227,28.066612243652344,28.2047119140625,79679183.0
2007-09-21T04:00:00Z,28.30219268798828,28.30219268798828,27.790414810180664,28.107229232788086,66584544.0
2007-09-24T04:00:00Z,28.147846221923828,28.147846221923828,27.603574752807617,27.717302322387695,60979432.0
2007-09-25T04:00:00Z,27.57107925415039,27.676685333251953,27.35987091064453,27.660438537597656,44182190.0
2007-09-26T04:00:00Z,27.733549118041992,27.91226577758789,27.51421546936035,27.668561935424805,65135164.0
2007-09-27T04:00:00Z,27.790414810180664,28.009748458862305,27.70918083190918,27.993501663208008,44072139.0
2007-09-28T04:00:00Z,27.798538208007812,28.058488845825195,27.749797821044922,27.879772186279297,37877378.0
2007-10-01T04:00:00Z,27.725425720214844,28.47278594970703,27.7010555267334,28.407798767089844,61713354.0
2007-10-02T04:00:00Z,28.55402183532715,28.781478881835938,28.47278594970703,28.732738494873047,36303175.0
2007-10-03T04:00:00Z,28.570268630981445,28.838342666625977,28.529651641845703,28.667749404907227,52086564.0
2007-10-04T04:00:00Z,28.76523208618164,28.87895965576172,28.64337921142578,28.838342666625977,37413783.0
2007-10-05T04:00:00Z,28.919578552246094,29.22014617919922,28.87895965576172,29.1551570892334,48745754.0
2007-10-08T04:00:00Z,29.114540100097656,29.114540100097656,28.635255813598633,28.757108688354492,25838567.0
2007-10-09T04:00:00Z,28.895206451416016,29.10641860961914,28.692119598388672,29.000812530517578,39621212.0
2007-10-10T04:00:00Z,28.94394874572754,29.033306121826172,28.683996200561523,28.838342666625977,40195843.0
2007-10-11T04:00:00Z,29.16328239440918,29.16328239440918,28.60276222229004,28.683996200561523,77485418.0
2007-10-12T04:00:00Z,28.578392028808594,28.87895965576172,28.578392028808594,28.87083625793457,41217081.0
2007-10-15T04:00:00Z,28.757108688354492,28.76523208618164,27.98537826538086,28.285945892333984,94871077.0
2007-10-16T04:00:00Z,28.099105834960938,28.13159942626953,27.619821548461914,27.757919311523438,83487897.0
2007-10-17T04:00:00Z,27.98537826538086,28.09098243713379,27.238018035888672,27.74167251586914,91551809.0
2007-10-18T04:00:00Z,27.173030853271484,27.47359848022461,27.132413864135742,27.392364501953125,88868475.0
2007-10-19T04:00:00Z,27.24614143371582,27.400487899780273,26.441917419433594,26.482534408569336,110383770.0
2007-10-22T04:00:00Z,26.214460372924805,26.969942092895508,26.214460372924805,26.80747413635254,80609696.0
2007-10-23T04:00:00Z,27.108041763305664,27.108041763305664,26.653127670288086,26.95369529724121,60804137.0
2007-10-24T04:00:00Z,26.888708114624023,26.921201705932617,26.07636070251465,26.750608444213867,128715083.0
2007-10-25T04:00:00Z,26.783103942871094,26.986190795898438,26.141347885131836,26.726238250732422,96815442.0
2007-10-26T04:00:00Z,27.229894638061523,27.376117706298828,26.612510681152344,27.376117706298828,97460117.0
2007-10-29T04:00:00Z,27.384239196777344,27.457351684570312,27.12428855895996,27.457351684570312,46984685.0
2007-10-30T04:00:00Z,27.327375411987305,27.327375411987305,27.010560989379883,27.034931182861328,35125231.0
2007-10-31T04:00:00Z,27.140535354614258,27.53046226501465,26.888708114624023,27.400487899780273,104572465.0
2007-11-01T04:00:00Z,26.604387283325195,27.173030853271484,25.995126724243164,25.995126724243164,112372574.0
2007-11-02T04:00:00Z,26.051990509033203,26.108854293823242,25.17465591430664,25.865150451660156,196502191.0
2007-11-05T05:00:00Z,25.150283813476562,25.637693405151367,24.94719696044922,25.402111053466797,124899599.0
2007-11-06T05:00:00Z,25.50771713256836,25.832656860351562,25.142160415649414,25.832656860351562,101354877.0
2007-11-07T05:00:00Z,25.345247268676758,25.45085334777832,24.419170379638672,24.419170379638672,125349037.0
2007-11-08T05:00:00Z,24.77660369873047,24.792850494384766,23.793664932250977,24.67099952697754,146019004.0
2007-11-09T05:00:00Z,24.167343139648438,25.182777404785156,23.92363929748535,24.484159469604492,165222358.0
2007-11-12T05:00:00Z,24.66287612915039,25.32900047302246,24.516653060913086,24.573516845703125,134098862.0
2007-11-13T05:00:00Z,25.125913619995117,25.873273849487305,24.99593734741211,25.72705078125,161815812.0
2007-11-14T05:00:00Z,26.271324157714844,26.39317512512207,25.613323211669922,25.629568099975586,118725765.0
2007-11-15T05:00:00Z,25.377742767333984,25.613323211669922,24.679122924804688,24.979690551757812,134429139.0
2007-11-16T05:00:00Z,24.979690551757812,25.101543426513672,24.459789276123047,24.784727096557617,100659855.0
2007-11-19T05:00:00Z,24.459789276123047,24.532899856567383,23.83428192138672,24.118602752685547,168176266.0
2007-11-20T05:00:00Z,23.679935455322266,24.248577117919922,23.111291885375977,23.590576171875,179939948.0
2007-11-21T05:00:00Z,23.26563835144043,23.623071670532227,22.948822021484375,23.225019454956055,134808533.0
2007-11-23T05:00:00Z,23.43623161315918,23.93988609313965,23.43623161315918,23.777416229248047,88425684.0
2007-11-26T05:00:00Z,23.88302230834961,23.88302230834961,22.826969146728516,22.98131561279297,127731884.0
2007-11-27T05:00:00Z,23.233144760131836,23.53371238708496,22.940698623657227,23.395612716674805,122877928.0
2007-11-28T05:00:00Z,23.964256286621094,24.792850494384766,23.87489891052246,24.792850494384766,205239337.0
2007-11-29T05:00:00Z,24.6141357421875,24.77660369873047,24.191713333129883,24.573516845703125,107091214.0
2007-11-30T05:00:00Z,25.475223541259766,25.73517417907715,25.036556243896484,25.182777404785156,144984226.0
2007-12-03T05:00:00Z,25.05280303955078,25.16653060913086,24.784727096557617,24.979690551757812,72568927.0
2007-12-04T05:00:00Z,24.573516845703125,24.695369720458984,24.411048889160156,24.516653060913086,75393703.0
2007-12-05T05:00:00Z,24.898456573486328,25.101543426513672,24.60601043701172,24.88220977783203,107066841.0
2007-12-06T05:00:00Z,24.922826766967773,25.686433792114258,24.857839584350586,25.686433792114258,122098951.0
2007-12-07T05:00:00Z,25.73517417907715,25.79203987121582,25.345247268676758,25.345247268676758,100382387.0
2007-12-10T05:00:00Z,25.62144660949707,26.0682373046875,25.418359756469727,25.881397247314453,97746201.0
2007-12-11T05:00:00Z,25.930137634277344,26.108854293823242,24.565393447875977,24.573516845703125,168317584.0
2007-12-12T05:00:00Z,25.402111053466797,25.467100143432617,23.92363929748535,24.386676788330078,175881956.0
2007-12-13T05:00:00Z,24.118602752685547,24.402923583984375,23.696182250976562,24.37855339050293,167576892.0
2007-12-14T05:00:00Z,24.05361557006836,24.467912673950195,23.83428192138672,23.842405319213867,86534622.0
2007-12-17T05:00:00Z,23.720552444458008,24.045490264892578,23.574329376220703,23.590576171875,85712684.0
2007-12-18T05:00:00Z,23.93988609313965,23.972379684448242,23.208772659301758,23.60682487487793,103492386.0
2007-12-19T05:00:00Z,23.736799240112305,24.118602752685547,23.49309539794922,23.744922637939453,135631334.0
2007-12-20T05:00:00Z,23.956132888793945,24.10235595703125,23.233144760131836,23.574329376220703,120949197.0
2007-12-21T05:00:00Z,23.679935455322266,23.842405319213867,23.4281063079834,23.793664932250977,76997942.0
2007-12-24T05:00:00Z,23.899269104003906,24.26482582092285,23.88302230834961,24.22420883178711,53981935.0
2007-12-26T05:00:00Z,24.183591842651367,24.191713333129883,23.891145706176758,24.05361557006836,29007653.0
2007-12-27T05:00:00Z,23.98862648010254,23.98862648010254,23.549959182739258,23.566205978393555,44473322.0
2007-12-28T05:00:00Z,23.801786422729492,23.801786422729492,23.338748931884766,23.509342193603516,39842546.0
2007-12-31T05:00:00Z,23.43623161315918,23.82615852355957,23.26563835144043,23.501218795776367,61056985.0
2008-01-02T05:00:00Z,23.623071670532227,23.696182250976562,23.013809204101562,23.038179397583008,80446096.0
2008-01-03T05:00:00Z,23.135662078857422,23.25751495361328,22.87571144104004,22.891958236694336,55290488.0
2008-01-04T05:00:00Z,22.672624588012695,22.688871383666992,22.201461791992188,22.242080688476562,93318540.0
2008-01-07T05:00:00Z,22.40454864501953,22.607635498046875,21.990251541137695,22.2989444732666,112017799.0
2008-01-08T05:00:00Z,22.453290939331055,22.599512100219727,21.486595153808594,21.486595153808594,148535168.0
2008-01-09T05:00:00Z,21.608448028564453,21.982128143310547,21.047929763793945,21.892770767211914,164102394.0
2008-01-10T05:00:00Z,21.67343521118164,22.761981964111328,21.470348358154297,22.266450881958008,275365714.0
2008-01-11T05:00:00Z,22.152721405029297,22.835092544555664,21.933387756347656,22.339561462402344,224602351.0
2008-01-14T05:00:00Z,22.615760803222656,22.664499282836914,22.25832748413086,22.648252487182617,108263988.0
2008-01-15T05:00:00Z,22.225833892822266,22.25832748413086,21.714054107666016,21.714054107666016,141844191.0
2008-01-16T05:00:00Z,21.84402847290039,22.502031326293945,21.6328182220459,22.07961082458496,176283632.0
2008-01-17T05:00:00Z,22.120227813720703,22.12835121154785,20.942323684692383,20.95857048034668,208394513.0
2008-01-18T05:00:00Z,21.12104034423828,21.28350830078125,20.28432273864746,20.714866638183594,220297790.0
2008-01-22T05:00:00Z,19.66693687438965,21.657188415527344,19.585702896118164,21.161657333374023,314363301.0
2008-01-23T05:00:00Z,20.601137161254883,22.664499282836914,20.479284286499023,22.664499282836914,301912352.0
2008-01-24T05:00:00Z,22.664499282836914,22.883834838867188,22.372055053710938,22.672624588012695,197313666.0
2008-01-25T05:00:00Z,23.062551498413086,23.078798294067383,21.933387756347656,22.07961082458496,166188693.0
2008-01-28T05:00:00Z,22.201461791992188,23.549959182739258,21.876522064208984,22.867586135864258,113301609.0
2008-01-29T05:00:00Z,23.038179397583008,23.233144760131836,22.64012908935547,23.216896057128906,124376916.0
2008-01-30T05:00:00Z,22.989439010620117,23.81803321838379,22.74573516845703,22.74573516845703,263688448.0
2008-01-31T05:00:00Z,22.396425247192383,24.313566207885742,22.30706787109375,23.671812057495117,223878523.0
2008-02-01T05:00:00Z,23.558082580566406,24.1104793548584,23.468725204467773,24.1104793548584,162903277.0
2008-02-04T05:00:00Z,23.850528717041016,23.956132888793945,23.298131942749023,23.4118595123291,93362610.0
2008-02-05T05:00:00Z,22.891958236694336,23.005685806274414,22.30706787109375,22.46141242980957,154453447.0
2008-02-06T05:00:00Z,22.57514190673828,22.69699478149414,22.055240631103516,22.201461791992188,129122052.0
2008-02-07T05:00:00Z,21.990251541137695,22.69699478149414,21.933387756347656,22.40454864501953,159071913.0
2008-02-08T05:00:00Z,22.323314666748047,22.388301849365234,21.722177505493164,22.030868530273438,128474177.0
2008-02-11T05:00:00Z,21.990251541137695,21.990251541137695,21.34849739074707,21.543460845947266,134895811.0
2008-02-12T05:00:00Z,21.7952880859375,22.177091598510742,21.559707641601562,22.136474609375,189322753.0
2008-02-13T05:00:00Z,22.06336212158203,22.120227813720703,21.57595443725586,22.055240631103516,106347813.0
2008-02-14T05:00:00Z,21.96588134765625,22.112104415893555,21.4541015625,21.4541015625,128028801.0
2008-02-15T05:00:00Z,21.494720458984375,21.7952880859375,21.259138107299805,21.7952880859375,125203287.0
2008-02-19T05:00:00Z,22.06336212158203,22.136474609375,21.421607971191406,21.762794494628906,117432107.0
2008-02-20T05:00:00Z,21.34849739074707,22.01462173461914,21.275386810302734,22.01462173461914,145489059.0
2008-02-21T05:00:00Z,21.982128143310547,22.152721405029297,21.535337448120117,21.62469482421875,93068155.0
2008-02-22T05:00:00Z,21.681560516357422,22.095857620239258,21.194150924682617,22.095857620239258,137697075.0
2008-02-25T05:00:00Z,21.84402847290039,22.29081916809082,21.543460845947266,22.095857620239258,184562476.0
2008-02-26T05:00:00Z,22.006498336791992,22.623882293701172,21.941511154174805,22.29081916809082,127558805.0
2008-02-27T05:00:00Z,22.047115325927734,22.672624588012695,21.933387756347656,22.388301849365234,121404790.0
2008-02-28T05:00:00Z,22.18521499633789,22.201461791992188,21.68968391418457,21.68968391418457,109396139.0
2008-02-29T05:00:00Z,21.40536117553711,21.429731369018555,20.804224014282227,20.982940673828125,172356126.0
2008-03-03T05:00:00Z,20.852964401245117,20.885459899902344,20.406173706054688,20.698619842529297,136199687.0
2008-03-04T05:00:00Z,20.3411865234375,20.641754150390625,19.967506408691406,20.584890365600586,200666418.0
2008-03-05T05:00:00Z,20.649877548217773,20.885459899902344,20.1624698638916,20.422420501708984,225038495.0
2008-03-06T05:00:00Z,20.089357376098633,20.22745704650879,19.577579498291016,19.71567726135254,172225394.0
2008-03-07T05:00:00Z,19.39073944091797,20.186840057373047,19.33387565612793,19.756296157836914,245347286.0
2008-03-10T04:00:00Z,19.805036544799805,19.910642623901367,19.090171813964844,19.195775985717773,208597874.0
2008-03-11T04:00:00Z,20.064987182617188,20.576766967773438,19.520715713500977,20.454914093017578,280335753.0
2008-03-12T04:00:00Z,20.5036563873291,21.047929763793945,19.94313621520996,20.11372947692871,210871654.0
2008-03-13T04:00:00Z,19.585702896118164,20.926076889038086,19.04142951965332,20.064987182617188,258767525.0
2008-03-14T04:00:00Z,20.259950637817383,20.38992691040039,19.10641860961914,19.4963436126709,313442513.0
2008-03-17T04:00:00Z,18.107229232788086,19.33387565612793,18.107229232788086,19.04955291748047,261292799.0
2008-03-18T04:00:00Z,20.024370193481445,20.747360229492188,19.66693687438965,20.649877548217773,343693354.0
2008-03-19T04:00:00Z,20.917953491210938,21.202274322509766,20.10560417175293,20.10560417175293,266921300.0
2008-03-20T04:00:00Z,20.259950637817383,21.551584243774414,20.243703842163086,21.380990982055664,274151455.0
2008-03-24T04:00:00Z,21.6165714263916,22.23395538330078,21.56783103942871,21.657188415527344,182639531.0
2008-03-25T04:00:00Z,21.608448028564453,21.811534881591797,21.169780731201172,21.592201232910156,156227318.0
2008-03-26T04:00:00Z,21.267261505126953,21.34849739074707,20.73111343383789,20.812347412109375,158215752.0
2008-03-27T04:00:00Z,21.01543426513672,21.047929763793945,20.406173706054688,20.487409591674805,151309473.0
2008-03-28T04:00:00Z,20.536148071289062,20.649877548217773,19.94313621520996,20.024370193481445,109083465.0
2008-03-31T04:00:00Z,19.959383010864258,20.552396774291992,19.82940673828125,20.203086853027344,108253278.0
2008-04-01T04:00:00Z,20.926076889038086,21.705930709838867,20.869211196899414,21.62469482421875,206127626.0
2008-04-02T04:00:00Z,21.770917892456055,22.071487426757812,21.44597816467285,21.608448028564453,157608254.0
2008-04-03T04:00:00Z,21.364744186401367,21.811534881591797,21.267261505126953,21.705930709838867,121409591.0
2008-04-04T04:00:00Z,21.665313720703125,21.714054107666016,21.259138107299805,21.413484573364258,109628675.0
2008-04-07T04:00:00Z,21.73842430114746,21.91714096069336,21.46222686767578,21.543460845947266,121394696.0
2008-04-08T04:00:00Z,21.34849739074707,21.51909065246582,21.096668243408203,21.299755096435547,110939936.0
2008-04-09T04:00:00Z,21.364744186401367,21.364744186401367,20.78797721862793,20.942323684692383,120887401.0
2008-04-10T04:00:00Z,20.755483627319336,21.104793548583984,20.56864356994629,20.812347412109375,135427111.0
2008-04-11T04:00:00Z,20.406173706054688,20.877334594726562,20.357433319091797,20.414297103881836,113534638.0
2008-04-14T04:00:00Z,20.28432273864746,20.308692932128906,19.8212833404541,19.935012817382812,122993519.0
2008-04-15T04:00:00Z,20.12185287475586,20.33306312561035,19.796913146972656,20.138099670410156,115135922.0
2008-04-16T04:00:00Z,20.536148071289062,20.78797721862793,20.39805030822754,20.682371139526367,138142820.0
2008-04-17T04:00:00Z,20.528026580810547,21.153533935546875,20.49553108215332,21.039804458618164,155159918.0
2008-04-18T04:00:00Z,21.714054107666016,21.84402847290039,21.34849739074707,21.502843856811523,155040388.0
2008-04-21T04:00:00Z,21.275386810302734,21.28350830078125,20.966693878173828,21.169780731201172,80684295.0
2008-04-22T04:00:00Z,21.01543426513672,21.072298049926758,20.755483627319336,20.877334594726562,103538795.0
2008-04-23T04:00:00Z,20.926076889038086,21.06417465209961,20.593013763427734,20.73923683166504,100855461.0
2008-04-24T04:00:00Z,20.820470809936523,21.6328182220459,20.812347412109375,21.486595153808594,151581647.0
2008-04-25T04:00:00Z,21.722177505493164,21.949634552001953,21.259138107299805,21.892770767211914,102556949.0
2008-04-28T04:00:00Z,21.90901756286621,22.06336212158203,21.68968391418457,21.949634552001953,94327960.0
2008-04-29T04:00:00Z,21.852153778076172,21.9740047454834,21.608448028564453,21.681560516357422,79175827.0
2008-04-30T04:00:00Z,21.705930709838867,21.9740047454834,21.46222686767578,21.6165714263916,106284786.0
2008-05-01T04:00:00Z,21.559707641601562,22.437042236328125,21.486595153808594,22.35580825805664,125902987.0
2008-05-02T04:00:00Z,22.794475555419922,22.883834838867188,22.266450881958008,22.510154724121094,121243775.0
2008-05-05T04:00:00Z,22.339561462402344,22.396425247192383,22.03899383544922,22.120227813720703,78741654.0
2008-05-06T04:00:00Z,21.811534881591797,22.372055053710938,21.05605125427246,22.35580825805664,124571291.0
2008-05-07T04:00:00Z,22.380178451538086,22.380178451538086,21.46222686767578,21.551584243774414,118989199.0
2008-05-08T04:00:00Z,21.640941619873047,21.640941619873047,21.031681060791016,21.112916946411133,166583229.0
2008-05-09T04:00:00Z,20.982940673828125,21.46222686767578,20.934200286865234,21.112916946411133,142069218.0
2008-05-12T04:00:00Z,21.137287139892578,21.429731369018555,21.05605125427246,21.364744186401367,83396557.0
2008-05-13T04:00:00Z,21.437854766845703,21.4541015625,21.031681060791016,21.169780731201172,92714119.0
2008-05-14T04:00:00Z,21.275386810302734,21.421607971191406,21.161657333374023,21.316003799438477,80104494.0
2008-05-15T04:00:00Z,21.299755096435547,21.608448028564453,21.12104034423828,21.52721405029297,90097013.0
2008-05-16T04:00:00Z,21.592201232910156,21.592201232910156,21.137287139892578,21.437854766845703,64561765.0
2008-05-19T04:00:00Z,21.316003799438477,21.56783103942871,21.06417465209961,21.23476791381836,85711945.0
2008-05-20T04:00:00Z,21.01543426513672,21.023557662963867,20.61738395690918,20.73923683166504,97189420.0
2008-05-21T04:00:00Z,20.682371139526367,20.812347412109375,20.097482681274414,20.211210250854492,133429075.0
2008-05-22T04:00:00Z,20.073110580444336,20.528026580810547,20.073110580444336,20.324939727783203,81729044.0
2008-05-23T04:00:00Z,20.235580444335938,20.243703842163086,19.926889419555664,20.024370193481445,89026043.0
2008-05-27T04:00:00Z,19.926889419555664,20.22745704650879,19.918764114379883,20.129976272583008,83667623.0
2008-05-28T04:00:00Z,20.292444229125977,20.308692932128906,19.731924057006836,20.016246795654297,139054252.0
2008-05-29T04:00:00Z,19.967506408691406,20.463037490844727,19.967506408691406,20.373680114746094,96678678.0
2008-05-30T04:00:00Z,20.487409591674805,20.51177978515625,19.94313621520996,20.11372947692871,79018259.0
2008-06-02T04:00:00Z,20.064987182617188,20.064987182617188,19.618196487426758,19.813159942626953,104662574.0
2008-06-03T04:00:00Z,19.975629806518555,20.032493591308594,19.447603225708008,19.748172760009766,151496831.0
2008-06-04T04:00:00Z,19.634443283081055,19.983753204345703,19.39073944091797,19.626319885253906,169059385.0
2008-06-05T04:00:00Z,19.707555770874023,20.016246795654297,19.6588134765625,20.016246795654297,138013073.0
2008-06-06T04:00:00Z,19.764419555664062,19.77254295349121,18.94394874572754,18.952070236206055,192620233.0
2008-06-09T04:00:00Z,19.057676315307617,19.171405792236328,18.3671817779541,18.692119598388672,210144379.0
2008-06-10T04:00:00Z,18.464662551879883,18.99268913269043,18.391551971435547,18.748985290527344,217348930.0
2008-06-11T04:00:00Z,18.82209587097168,18.854589462280273,18.139724731445312,18.2047119140625,214532033.0
2008-06-12T04:00:00Z,18.350933074951172,18.830219268798828,18.26157569885254,18.700244903564453,245193165.0
2008-06-13T04:00:00Z,18.805849075317383,18.99268913269043,18.42404556274414,18.99268913269043,157429513.0
2008-06-16T04:00:00Z,18.81397247314453,19.293258666992188,18.692119598388672,19.171405792236328,152712567.0
2008-06-17T04:00:00Z,19.366369247436523,19.374492645263672,18.53777313232422,18.610885620117188,150943989.0
2008-06-18T04:00:00Z,18.269699096679688,18.76523208618164,18.09098243713379,18.30219268798828,185416667.0
2008-06-19T04:00:00Z,18.342811584472656,18.53777313232422,17.93663787841797,18.497156143188477,204997568.0
2008-06-20T04:00:00Z,18.03411865234375,18.277822494506836,17.757919311523438,18.017871856689453,222510144.0
2008-06-23T04:00:00Z,17.92038917541504,17.952884674072266,17.327375411987305,17.449228286743164,150520894.0
2008-06-24T04:00:00Z,17.408611297607422,17.847278594970703,17.173030853271484,17.652315139770508,249743926.0
2008-06-25T04:00:00Z,17.757919311523438,18.245328903198242,17.603574752807617,17.611698150634766,270571830.0
2008-06-26T04:00:00Z,17.24614143371582,17.400487899780273,16.90495491027832,16.97806739807129,177928986.0
2008-06-27T04:00:00Z,16.945573806762695,17.108041763305664,16.531274795532227,16.709991455078125,179566216.0
2008-06-30T04:00:00Z,16.726238250732422,16.75873374938965,16.29569435119629,16.45816421508789,180520980.0
2008-07-01T04:00:00Z,16.190088272094727,16.580015182495117,15.89764404296875,16.50690460205078,292065583.0
2008-07-02T04:00:00Z,16.596263885498047,16.839967727661133,16.2469539642334,16.255077362060547,180299400.0
2008-07-03T04:00:00Z,16.450040817260742,16.555646896362305,16.07636070251465,16.198213577270508,102694575.0
2008-07-07T04:00:00Z,16.360681533813477,16.531274795532227,15.499593734741211,15.662062644958496,234991745.0
2008-07-08T04:00:00Z,15.783916473388672,16.68562126159668,15.580828666687012,16.67749786376953,305913840.0
2008-07-09T04:00:00Z,16.67749786376953,16.75873374938965,15.702680587768555,15.72705078125,277344669.0
2008-07-10T04:00:00Z,15.580828666687012,15.954508781433105,15.393988609313965,15.613323211669922,287294227.0
2008-07-11T04:00:00Z,15.174654960632324,15.670186996459961,14.85783863067627,15.174654960632324,383739753.0
2008-07-14T04:00:00Z,15.597076416015625,15.75954532623291,14.394801139831543,14.394801139831543,291271342.0
2008-07-15T04:00:00Z,14.264824867248535,14.80097484588623,13.62307071685791,13.948010444641113,577518234.0
2008-07-16T04:00:00Z,14.419171333312988,15.775792121887207,14.216083526611328,15.775792121887207,448019742.0
2008-07-17T04:00:00Z,16.41754722595215,16.969942092895508,15.848902702331543,16.45816421508789,649620981.0
2008-07-18T04:00:00Z,16.95369529724121,17.132413864135742,16.409423828125,16.791227340698242,316816931.0
2008-07-21T04:00:00Z,17.213647842407227,17.449228286743164,16.74248504638672,16.85621452331543,260827481.0
2008-07-22T04:00:00Z,16.40130043029785,18.269699096679688,16.16571807861328,18.269699096679688,407857505.0
2008-07-23T04:00:00Z,17.839155197143555,18.757108688354492,17.757919311523438,18.245328903198242,438753143.0
2008-07-24T04:00:00Z,18.3671817779541,18.3671817779541,16.969942092895508,17.01868438720703,335380780.0
2008-07-25T04:00:00Z,17.08367156982422,17.408611297607422,16.63688087463379,16.95369529724121,241407348.0
2008-07-28T04:00:00Z,16.872461318969727,17.221771240234375,16.084484100341797,16.157594680786133,209227038.0
2008-07-29T04:00:00Z,16.271324157714844,17.46547508239746,16.043867111206055,17.46547508239746,307696205.0
2008-07-30T04:00:00Z,17.76604461669922,17.969131469726562,17.116165161132812,17.733549118041992,334457776.0
2008-07-31T04:00:00Z,17.384239196777344,17.87164878845215,17.311128616333008,17.57107925415039,208456555.0
2008-08-01T04:00:00Z,17.579204559326172,17.725425720214844,17.091794967651367,17.57107925415039,233089604.0
2008-08-04T04:00:00Z,17.408611297607422,17.676685333251953,17.091794967651367,17.42485809326172,173696931.0
2008-08-05T04:00:00Z,17.7010555267334,18.31031608581543,17.57107925415039,18.31031608581543,222832666.0
2008-08-06T04:00:00Z,18.017871856689453,18.25345230102539,17.798538208007812,18.123477935791016,174735772.0
2008-08-07T04:00:00Z,17.757919311523438,17.93663787841797,17.067424774169922,17.229894638061523,232640658.0
2008-08-08T04:00:00Z,17.108041763305664,17.97725486755371,17.08367156982422,17.822908401489258,217414542.0
2008-08-11T04:00:00Z,17.76604461669922,18.489032745361328,17.627944946289062,18.123477935791016,198637484.0
2008-08-12T04:00:00Z,17.863525390625,17.879772186279297,17.059301376342773,17.205524444580078,235358583.0
2008-08-13T04:00:00Z,17.002437591552734,17.043054580688477,16.441917419433594,16.709991455078125,282142492.0
2008-08-14T04:00:00Z,16.620634078979492,17.270511627197266,16.555646896362305,17.229894638061523,159833779.0
2008-08-15T04:00:00Z,17.286758422851562,17.579204559326172,17.132413864135742,17.351747512817383,164707308.0
2008-08-18T04:00:00Z,17.286758422851562,17.286758422851562,16.612510681152344,16.68562126159668,199085937.0
2008-08-19T04:00:00Z,16.450040817260742,16.51502799987793,16.01949691772461,16.198213577270508,214356492.0
2008-08-20T04:00:00Z,16.222583770751953,16.531274795532227,15.930137634277344,16.531274795532227,210530790.0
2008-08-21T04:00:00Z,16.133224487304688,16.41754722595215,16.06011390686035,16.2307071685791,162472673.0
2008-08-22T04:00:00Z,16.620634078979492,16.91307830810547,16.450040817260742,16.84809112548828,181439675.0
2008-08-25T04:00:00Z,16.620634078979492,16.62875747680664,16.2469539642334,16.255077362060547,118690804.0
2008-08-26T04:00:00Z,16.271324157714844,16.51502799987793,16.092607498168945,16.385053634643555,130458179.0
2008-08-27T04:00:00Z,16.39317512512207,16.726238250732422,16.263200759887695,16.701868057250977,109374842.0
2008-08-28T04:00:00Z,16.880584716796875,17.42485809326172,16.815597534179688,17.376117706298828,190652725.0
2008-08-29T04:00:00Z,17.197399139404297,17.497968673706055,17.14866065979004,17.400487899780273,171501320.0
2008-09-02T04:00:00Z,17.839155197143555,17.969131469726562,17.327375411987305,17.64419174194336,200156538.0
2008-09-03T04:00:00Z,17.562957763671875,17.93663787841797,17.384239196777344,17.92038917541504,178467795.0
2008-09-04T04:00:00Z,17.660438537597656,17.81478500366211,17.034931182861328,17.043054580688477,226208068.0
2008-09-05T04:00:00Z,16.783103942871094,17.660438537597656,16.75873374938965,17.660438537597656,294009947.0
2008-09-08T04:00:00Z,19.065799713134766,19.090171813964844,17.749797821044922,18.42404556274414,518173693.0
2008-09-09T04:00:00Z,18.050365447998047,18.440292358398438,17.18927764892578,17.24614143371582,407839902.0
2008-09-10T04:00:00Z,17.36799430847168,17.790414810180664,16.766855239868164,17.034931182861328,310143310.0
2008-09-11T04:00:00Z,16.490657806396484,17.47359848022461,16.385053634643555,17.42485809326172,411572786.0
2008-09-12T04:00:00Z,16.986190795898438,17.481721878051758,16.880584716796875,17.181154251098633,313952147.0
2008-09-15T04:00:00Z,16.035743713378906,16.84809112548828,15.50771713256836,15.50771713256836,555804994.0
2008-09-16T04:00:00Z,14.776603698730469,16.669374465942383,14.622258186340332,16.669374465942383,594428727.0
2008-09-17T04:00:00Z,15.840780258178711,15.97887897491455,14.711617469787598,15.069049835205078,625337783.0
2008-09-18T04:00:00Z,15.296506881713867,16.62875747680664,13.939886093139648,16.255077362060547,1050592272.0
2008-09-19T04:00:00Z,19.6588134765625,19.902517318725586,17.270511627197266,18.180341720581055,519107037.0
2008-09-22T04:00:00Z,18.066612243652344,18.08285903930664,15.800162315368652,16.693744659423828,231788560.0
2008-09-23T04:00:00Z,16.68562126159668,17.02680778503418,16.2469539642334,16.645004272460938,213533692.0
2008-09-24T04:00:00Z,16.79935073852539,16.815597534179688,16.206335067749023,16.45816421508789,168258373.0
2008-09-25T04:00:00Z,16.547521591186523,17.043054580688477,16.40130043029785,16.91307830810547,196826560.0
2008-09-26T04:00:00Z,16.12510108947754,17.376117706298828,16.01949691772461,17.376117706298828,252887038.0
2008-09-29T04:00:00Z,16.693744659423828,16.79935073852539,14.93907356262207,15.085296630859375,422434145.0
2008-09-30T04:00:00Z,15.353370666503906,16.368806838989258,15.16653060913086,16.157594680786133,212701043.0
2008-10-01T04:00:00Z,16.133224487304688,16.791227340698242,15.913890838623047,16.791227340698242,235842858.0
2008-10-02T04:00:00Z,16.645004272460938,16.815597534179688,15.913890838623047,15.954508781433105,213501932.0
2008-10-03T04:00:00Z,16.40130043029785,16.774980545043945,15.255889892578125,15.255889892578125,322736194.0
2008-10-06T04:00:00Z,14.638504981994629,15.036556243896484,13.996750831604004,14.459789276123047,420354002.0
2008-10-07T04:00:00Z,14.711617469787598,14.744110107421875,12.932575225830078,12.932575225830078,436457082.0
2008-10-08T04:00:00Z,12.3964262008667,13.54183578491211,12.258326530456543,12.412672996520996,486205977.0
2008-10-09T04:00:00Z,13.06255054473877,13.135662078857422,11.112915992736816,11.121040344238281,485969133.0
2008-10-10T04:00:00Z,10.73111343383789,12.266449928283691,10.38992691040039,12.266449928283691,648326092.0
2008-10-13T04:00:00Z,12.981315612792969,13.273760795593262,12.071487426757812,13.225020408630371,274509061.0
2008-10-14T04:00:00Z,14.159219741821289,14.516653060913086,13.493095397949219,14.077984809875488,410632918.0
2008-10-15T04:00:00Z,13.468725204467773,13.671812057495117,12.550771713256836,12.550771713256836,256192889.0
2008-10-16T04:00:00Z,12.900080680847168,13.06255054473877,11.852152824401855,12.835092544555664,383211531.0
2008-10-17T04:00:00Z,12.56701946258545,13.298131942749023,12.453289985656738,12.469536781311035,292251095.0
2008-10-20T04:00:00Z,12.794475555419922,13.086920738220215,12.388301849365234,13.086920738220215,170736746.0
2008-10-21T04:00:00Z,12.696993827819824,13.176279067993164,12.680747032165527,12.688871383666992,162976768.0
2008-10-22T04:00:00Z,12.437043190002441,12.575141906738281,11.502842903137207,11.892769813537598,218857767.0
2008-10-23T04:00:00Z,11.941511154174805,12.063363075256348,11.047928810119629,11.770917892456055,248715672.0
2008-10-24T04:00:00Z,10.722989082336426,11.616572380065918,10.69861888885498,11.00731086730957,252223775.0
2008-10-27T04:00:00Z,11.186027526855469,11.559707641601562,10.666125297546387,10.706742286682129,183470456.0
2008-10-28T04:00:00Z,11.31600284576416,12.485783576965332,10.56052017211914,12.388301849365234,241738610.0
2008-10-29T04:00:00Z,12.103981018066406,12.575141906738281,11.62469482421875,11.62469482421875,214718037.0
2008-10-30T04:00:00Z,12.18521499633789,12.298944473266602,11.779041290283203,12.030868530273438,197687644.0
2008-10-31T04:00:00Z,11.868399620056152,12.640130043029785,11.868399620056152,12.61575984954834,173640182.0
2008-11-03T05:00:00Z,12.583266258239746,12.794475555419922,12.534524917602539,12.688871383666992,82914744.0
2008-11-04T05:00:00Z,12.92445182800293,13.428107261657715,12.867587089538574,13.40373706817627,138595705.0
2008-11-05T05:00:00Z,13.184403419494629,13.273760795593262,12.144598007202148,12.177091598510742,147492634.0
2008-11-06T05:00:00Z,12.030868530273438,12.298944473266602,11.332249641418457,11.340373992919922,201705259.0
2008-11-07T05:00:00Z,11.551584243774414,11.722176551818848,11.26726245880127,11.551584243774414,140329076.0
2008-11-10T05:00:00Z,11.835906028747559,11.941511154174805,10.974817276000977,11.210397720336914,140162645.0
2008-11-11T05:00:00Z,10.991064071655273,11.17790412902832,10.641755104064941,10.820470809936523,214783280.0
2008-11-12T05:00:00Z,10.633630752563477,10.83671760559082,10.129976272583008,10.154346466064453,233086157.0
2008-11-13T05:00:00Z,10.30869197845459,10.982940673828125,9.504467964172363,10.893582344055176,322958390.0
2008-11-14T05:00:00Z,10.658001899719238,10.942322731018066,10.203086853027344,10.341185569763184,235483653.0
2008-11-17T05:00:00Z,10.162469863891602,10.25182819366455,9.626319885253906,9.683183670043945,227032345.0
2008-11-18T05:00:00Z,9.723801612854004,9.837530136108398,9.147034645080566,9.545084953308105,265910772.0
2008-11-19T05:00:00Z,9.488221168518066,9.55320930480957,8.480910301208496,8.5458984375,254938500.0
2008-11-20T05:00:00Z,8.399675369262695,8.59463882446289,7.5060930252075195,7.6279449462890625,493582622.0
2008-11-21T05:00:00Z,7.985377788543701,8.001625061035156,7.043054103851318,7.863525867462158,442404166.0
2008-11-24T05:00:00Z,8.29407024383545,9.415109634399414,8.188465118408203,9.057677268981934,378163323.0
2008-11-25T05:00:00Z,9.626319885253906,9.764418601989746,9.114541053771973,9.585702896118164,288533475.0
2008-11-26T05:00:00Z,9.317627906799316,10.073110580444336,9.260764122009277,10.032493591308594,168369286.0
2008-11-28T05:00:00Z,10.048741340637207,10.373680114746094,9.935011863708496,10.284321784973145,67060941.0
2008-12-01T05:00:00Z,9.886271476745605,9.91064167022705,8.554020881652832,8.570267677307129,205318859.0
2008-12-02T05:00:00Z,8.846466064453125,9.333874702453613,8.480910301208496,9.26888656616211,241340997.0
2008-12-03T05:00:00Z,8.895207405090332,9.86190128326416,8.846466064453125,9.74817180633545,257054343.0
2008-12-04T05:00:00Z,9.512591361999512,10.194963455200195,9.415109634399414,9.642566680908203,219393375.0
2008-12-05T05:00:00Z,9.406986236572266,10.471161842346191,9.390739440917969,10.406173706054688,275159275.0
2008-12-08T05:00:00Z,10.83671760559082,11.226645469665527,10.714865684509277,11.104792594909668,248535576.0
2008-12-09T05:00:00Z,10.909829139709473,11.202275276184082,10.56052017211914,10.658001899719238,237956855.0
2008-12-10T05:00:00Z,10.739235877990723,10.796100616455078,10.243703842163086,10.471161842346191,191223909.0
2008-12-11T05:00:00Z,10.30869197845459,10.38992691040039,9.618197441101074,9.666936874389648,190928716.0
2008-12-12T05:00:00Z,9.317627906799316,9.886271476745605,9.203899383544922,9.853776931762695,164449290.0
2008-12-15T05:00:00Z,9.82940673828125,9.86190128326416,9.309503555297852,9.447604179382324,136861718.0
2008-12-16T05:00:00Z,10.503656387329102,10.519903182983398,9.61007308959961,10.503656387329102,274174721.0
2008-12-17T05:00:00Z,10.30869197845459,10.706742286682129,10.194963455200195,10.406173706054688,185359425.0
2008-12-18T05:00:00Z,10.454915046691895,10.601137161254883,9.991876602172852,10.105605125427246,182620327.0
2008-12-19T05:00:00Z,9.959383010864258,10.194963455200195,9.788789749145508,9.935011863708496,162598605.0
2008-12-22T05:00:00Z,9.959383010864258,10.008123397827148,9.43947982788086,9.585702896118164,148061603.0
2008-12-23T05:00:00Z,9.634444236755371,9.723801612854004,9.333874702453613,9.358244895935059,73468296.0
2008-12-24T05:00:00Z,9.431357383728027,9.5775785446167,9.341998100280762,9.561331748962402,22234938.0
2008-12-26T05:00:00Z,9.658814430236816,9.675061225891113,9.455726623535156,9.569456100463867,37218054.0
2008-12-29T05:00:00Z,9.593826293945312,9.601949691772461,9.309503555297852,9.488221168518066,47453450.0
2008-12-30T05:00:00Z,9.536961555480957,9.902518272399902,9.504467964172363,9.853776931762695,72357934.0
2008-12-31T05:00:00Z,9.878148078918457,10.259950637817383,9.805036544799805,10.17059326171875,109208165.0
2009-01-02T05:00:00Z,10.178715705871582,10.406173706054688,9.9187650680542,10.284321784973145,117919090.0
2009-01-05T05:00:00Z,10.235581398010254,10.349309921264648,10.056863784790039,10.113728523254395,127885266.0
2009-01-06T05:00:00Z,10.235581398010254,10.414297103881836,10.162469863891602,10.276198387145996,153337176.0
2009-01-07T05:00:00Z,10.040616989135742,10.113728523254395,9.723801612854004,9.740049362182617,131015946.0
2009-01-08T05:00:00Z,9.683183670043945,9.845653533935547,9.593826293945312,9.699431419372559,132274643.0
2009-01-09T05:00:00Z,9.78066635131836,9.837530136108398,9.374491691589355,9.390739440917969,125745788.0
2009-01-12T05:00:00Z,9.358244895935059,9.38261604309082,8.76523208618164,8.895207405090332,179488048.0
2009-01-13T05:00:00Z,8.76523208618164,9.122665405273438,8.675872802734375,9.017059326171875,253377222.0
2009-01-14T05:00:00Z,8.716490745544434,8.73273754119873,8.432168960571289,8.497157096862793,201367472.0
2009-01-15T05:00:00Z,8.472785949707031,8.480910301208496,7.790413856506348,8.107230186462402,326492960.0
2009-01-16T05:00:00Z,8.326563835144043,8.415922164916992,7.5060930252075195,7.863525867462158,250760855.0
2009-01-20T05:00:00Z,7.424858093261719,7.51421594619751,6.555645942687988,6.5637688636779785,300320300.0
2009-01-21T05:00:00Z,6.953695774078369,7.546710014343262,6.669373989105225,7.530463218688965,389759343.0
2009-01-22T05:00:00Z,7.229894161224365,7.441104888916016,6.872460842132568,7.067424774169922,289483314.0
2009-01-23T05:00:00Z,6.750608921051025,7.38424015045166,6.726239204406738,7.303006172180176,284052758.0
2009-01-26T05:00:00Z,7.449227809906006,7.636067867279053,7.067424774169922,7.173029899597168,248432049.0
2009-01-27T05:00:00Z,7.319252967834473,7.457352161407471,7.197400093078613,7.424858093261719,166844939.0
2009-01-28T05:00:00Z,8.074735641479492,8.537774085998535,7.952884197235107,8.37530517578125,385065663.0
2009-01-29T05:00:00Z,8.058488845825195,8.131600379943848,7.676685810089111,7.7173027992248535,203495871.0
2009-01-30T05:00:00Z,7.8229079246521,7.896018981933594,7.37611722946167,7.5060930252075195,282654711.0
2009-02-02T05:00:00Z,7.311129093170166,7.579204082489014,7.238018035888672,7.5060930252075195,148428194.0
2009-02-03T05:00:00Z,7.6279449462890625,7.644192218780518,7.20552396774292,7.3679938316345215,226112665.0
2009-02-04T05:00:00Z,7.441104888916016,7.603573799133301,7.229894161224365,7.286758899688721,261722787.0
2009-02-05T05:00:00Z,7.197400093078613,7.587327003479004,6.937448978424072,7.400486946105957,474387516.0
2009-02-06T05:00:00Z,7.603573799133301,8.03411865234375,7.546710014343262,7.952884197235107,326797509.0
2009-02-09T05:00:00Z,8.025995254516602,8.196587562561035,7.9041428565979,8.042242050170898,208984531.0
2009-02-10T05:00:00Z,7.944759845733643,8.025995254516602,7.148660182952881,7.221770763397217,399645012.0
2009-02-11T05:00:00Z,7.343623161315918,7.587327003479004,7.311129093170166,7.571080207824707,225005627.0
2009-02-12T05:00:00Z,7.327375888824463,7.51421594619751,7.026806831359863,7.473598957061768,282216229.0
2009-02-13T05:00:00Z,7.311129093170166,7.432981014251709,7.164906978607178,7.189277172088623,209027739.0
2009-02-17T05:00:00Z,6.7343621253967285,6.823720932006836,6.4744110107421875,6.4744110107421875,274266185.0
2009-02-18T05:00:00Z,6.669373989105225,6.6856207847595215,6.271324157714844,6.4744110107421875,269314979.0
2009-02-19T05:00:00Z,6.5962629318237305,6.628756999969482,6.0926079750061035,6.133224964141846,257146298.0
2009-02-20T05:00:00Z,5.832655906677246,6.19821310043335,5.564581871032715,6.043867111206055,503483309.0
2009-02-23T05:00:00Z,6.2632012367248535,6.311942100524902,5.832655906677246,5.832655906677246,262755965.0
2009-02-24T05:00:00Z,5.913890838623047,6.539399147033691,5.840779781341553,6.539399147033691,327940739.0
2009-02-25T05:00:00Z,6.4419169425964355,6.799349784851074,6.116978168487549,6.498781204223633,400245986.0
2009-02-26T05:00:00Z,6.807474136352539,6.953695774078369,6.539399147033691,6.604386806488037,388346771.0
2009-02-27T05:00:00Z,6.133224964141846,6.482534885406494,6.1251020431518555,6.173841953277588,308811984.0
2009-03-02T05:00:00Z,5.938261985778809,6.043867111206055,5.71892786026001,5.783915996551514,230782341.0
2009-03-03T05:00:00Z,5.930138111114502,5.970755100250244,5.556457996368408,5.670186996459961,234076127.0
2009-03-04T05:00:00Z,5.873273849487305,5.881396770477295,5.4427289962768555,5.597075939178467,285063778.0
2009-03-05T05:00:00Z,5.4427289962768555,5.458975791931152,4.947196960449219,5.069049835205078,346455471.0
2009-03-06T05:00:00Z,5.142160892486572,5.264012813568115,4.776604175567627,5.020308971405029,265816601.0
2009-03-09T04:00:00Z,4.914702892303467,5.239643096923828,4.8497161865234375,5.085297107696533,300571670.0
2009-03-10T04:00:00Z,5.41023588180542,5.873273849487305,5.361495018005371,5.840779781341553,435885036.0
2009-03-11T04:00:00Z,6.068236827850342,6.222582817077637,5.857027053833008,5.995125770568848,511086088.0
2009-03-12T04:00:00Z,5.970755100250244,6.6856207847595215,5.89764404296875,6.6125102043151855,476439962.0
2009-03-13T04:00:00Z,6.7343621253967285,6.823720932006836,6.368805885314941,6.653128147125244,341559661.0
2009-03-16T04:00:00Z,6.815597057342529,7.051177978515625,6.498781204223633,6.523151874542236,353656206.0
2009-03-17T04:00:00Z,6.51502799987793,6.969943046569824,6.393176078796387,6.945572853088379,276164140.0
2009-03-18T04:00:00Z,6.864337921142578,7.676685810089111,6.791226863861084,7.644192218780518,509248328.0
2009-03-19T04:00:00Z,7.863525867462158,7.879773139953613,7.018683910369873,7.034931182861328,508014866.0
2009-03-20T04:00:00Z,6.961820125579834,6.994314193725586,6.571893215179443,6.6125102043151855,375016395.0
2009-03-23T04:00:00Z,7.189277172088623,7.814785003662109,7.034931182861328,7.701056003570557,457828227.0
2009-03-24T04:00:00Z,7.489846229553223,7.855401992797852,7.270512104034424,7.327375888824463,368470429.0
2009-03-25T04:00:00Z,7.497969150543213,7.7660441398620605,7.059300899505615,7.571080207824707,440502517.0
2009-03-26T04:00:00Z,7.709179878234863,7.757919788360596,7.408610820770264,7.6604390144348145,306281294.0
2009-03-27T04:00:00Z,7.457352161407471,7.709179878234863,7.408610820770264,7.424858093261719,245167807.0
2009-03-30T04:00:00Z,7.010560989379883,7.124289035797119,6.718114852905273,6.783102989196777,273044294.0
2009-03-31T04:00:00Z,6.961820125579834,7.278635025024414,6.8562140464782715,7.156783103942871,300060805.0
2009-04-01T04:00:00Z,6.953695774078369,7.408610820770264,6.937448978424072,7.359869956970215,214623004.0
2009-04-02T04:00:00Z,7.790413856506348,7.814785003662109,7.457352161407471,7.562956809997559,293319479.0
2009-04-03T04:00:00Z,7.489846229553223,7.896018981933594,7.449227809906006,7.871648788452148,224946170.0
2009-04-06T04:00:00Z,7.611698150634766,7.7660441398620605,7.5385870933532715,7.6604390144348145,222197593.0
2009-04-07T04:00:00Z,7.424858093261719,7.644192218780518,7.416734218597412,7.432981014251709,212819958.0
2009-04-08T04:00:00Z,7.546710014343262,7.6279449462890625,7.319252967834473,7.473598957061768,154755288.0
2009-04-09T04:00:00Z,8.147847175598145,8.675872802734375,8.03411865234375,8.635255813598633,384778225.0
2009-04-13T04:00:00Z,8.464662551879883,9.147034645080566,8.407798767089844,9.000811576843262,307171184.0
2009-04-14T04:00:00Z,8.862712860107422,9.041430473327637,8.350934028625488,8.407798767089844,393041928.0
2009-04-15T04:00:00Z,8.29407024383545,8.878959655761719,8.172218322753906,8.813972473144531,237804457.0
2009-04-16T04:00:00Z,8.976442337036133,9.057677268981934,8.602762222290039,8.911454200744629,267621000.0
2009-04-17T04:00:00Z,8.870837211608887,9.203899383544922,8.708367347717285,9.025182723999023,281153137.0
2009-04-20T04:00:00Z,8.602762222290039,8.65150260925293,7.99350118637085,8.017871856689453,325535488.0
2009-04-21T04:00:00Z,7.676685810089111,8.619009017944336,7.644192218780518,8.610884666442871,356329199.0
2009-04-22T04:00:00Z,8.326563835144043,8.82209587097168,8.277823448181152,8.302192687988281,299510302.0
2009-04-23T04:00:00Z,8.424044609069824,8.748985290527344,8.302192687988281,8.692119598388672,208109536.0
2009-04-24T04:00:00Z,8.740860939025879,9.057677268981934,8.578392028808594,8.887084007263184,288261916.0
2009-04-27T04:00:00Z,8.635255813598633,8.870837211608887,8.554020881652832,8.740860939025879,157074123.0
2009-04-28T04:00:00Z,8.399675369262695,8.65150260925293,8.37530517578125,8.472785949707031,166197310.0
2009-04-29T04:00:00Z,8.586515426635742,8.919577598571777,8.570267677307129,8.838342666625977,192158977.0
2009-04-30T04:00:00Z,8.99268913269043,9.057677268981934,8.643379211425781,8.716490745544434,215537513.0
2009-05-01T04:00:00Z,8.724614143371582,8.85459041595459,8.570267677307129,8.65150260925293,137526705.0
2009-05-04T04:00:00Z,8.76523208618164,9.536961555480957,8.757107734680176,9.528838157653809,260737864.0
2009-05-05T04:00:00Z,9.350122451782227,9.561331748962402,9.293257713317871,9.390739440917969,200012388.0
2009-05-06T04:00:00Z,9.675061225891113,10.203086853027344,9.626319885253906,10.13809871673584,330286040.0
2009-05-07T04:00:00Z,10.61738395690918,10.61738395690918,9.69130802154541,9.845653533935547,350441326.0
2009-05-08T04:00:00Z,10.0,10.625508308410645,9.9187650680542,10.576766967773438,368943749.0
2009-05-11T04:00:00Z,10.243703842163086,10.365555763244629,9.9187650680542,9.959383010864258,254006756.0
2009-05-12T04:00:00Z,10.032493591308594,10.056863784790039,9.43947982788086,9.74817180633545,254245447.0
2009-05-13T04:00:00Z,9.47197437286377,9.545084953308105,9.203899383544922,9.252639770507812,237690343.0
2009-05-14T04:00:00Z,9.171404838562012,9.650690078735352,9.16328239440918,9.561331748962402,214387267.0
2009-05-15T04:00:00Z,9.593826293945312,9.675061225891113,9.285134315490723,9.366369247436523,188082520.0
2009-05-18T04:00:00Z,9.634444236755371,10.048741340637207,9.561331748962402,9.983753204345703,168822171.0
2009-05-19T04:00:00Z,9.983753204345703,10.146223068237305,9.764418601989746,9.78066635131836,194454423.0
2009-05-20T04:00:00Z,10.008123397827148,10.048741340637207,9.455726623535156,9.52071475982666,338297881.0
2009-05-21T04:00:00Z,9.38261604309082,9.642566680908203,9.358244895935059,9.536961555480957,267674180.0
2009-05-22T04:00:00Z,9.626319885253906,9.650690078735352,9.431357383728027,9.47197437286377,118089215.0
2009-05-26T04:00:00Z,9.358244895935059,9.821284294128418,9.350122451782227,9.78066635131836,185271163.0
2009-05-27T04:00:00Z,9.870023727416992,9.902518272399902,9.455726623535156,9.488221168518066,211276284.0
2009-05-28T04:00:00Z,9.561331748962402,9.788789749145508,9.398862838745117,9.756296157836914,228614303.0
2009-05-29T04:00:00Z,9.837530136108398,10.032493591308594,9.650690078735352,9.935011863708496,231964224.0
2009-06-01T04:00:00Z,10.064988136291504,10.227457046508789,9.943136215209961,10.040616989135742,236336489.0
2009-06-02T04:00:00Z,9.902518272399902,10.032493591308594,9.821284294128418,9.878148078918457,237238566.0
2009-06-03T04:00:00Z,9.813159942626953,9.902518272399902,9.650690078735352,9.74817180633545,172765434.0
2009-06-04T04:00:00Z,9.837530136108398,10.113728523254395,9.813159942626953,10.097481727600098,200735723.0
2009-06-05T04:00:00Z,10.268074989318848,10.292445182800293,9.935011863708496,10.008123397827148,188049530.0
2009-06-08T04:00:00Z,9.91064167022705,10.178715705871582,9.902518272399902,10.0812349319458,114387228.0
2009-06-09T04:00:00Z,10.13809871673584,10.186840057373047,10.032493591308594,10.154346466064453,114763791.0
2009-06-10T04:00:00Z,10.211210250854492,10.21933364868164,9.878148078918457,10.0,193137006.0
2009-06-11T04:00:00Z,10.0,10.227457046508789,9.983753204345703,10.0812349319458,192736070.0
2009-06-12T04:00:00Z,10.073110580444336,10.154346466064453,10.048741340637207,10.146223068237305,101101415.0
2009-06-15T04:00:00Z,10.048741340637207,10.073110580444336,9.845653533935547,9.886271476745605,117569979.0
2009-06-16T04:00:00Z,9.91064167022705,9.935011863708496,9.675061225891113,9.715678215026855,139644394.0
2009-06-17T04:00:00Z,9.650690078735352,9.666936874389648,9.350122451782227,9.431357383728027,255798230.0
2009-06-18T04:00:00Z,9.463850975036621,9.707554817199707,9.455726623535156,9.658814430236816,149106352.0
2009-06-19T04:00:00Z,9.731925010681152,9.837530136108398,9.593826293945312,9.78066635131836,218644804.0
2009-06-22T04:00:00Z,9.650690078735352,9.715678215026855,9.203899383544922,9.21202278137207,163965753.0
2009-06-23T04:00:00Z,9.285134315490723,9.415109634399414,9.179529190063477,9.317627906799316,172708561.0
2009-06-24T04:00:00Z,9.447604179382324,9.585702896118164,9.358244895935059,9.431357383728027,133115662.0
2009-06-25T04:00:00Z,9.398862838745117,9.634444236755371,9.341998100280762,9.634444236755371,156577784.0
2009-06-26T04:00:00Z,9.585702896118164,9.723801612854004,9.536961555480957,9.683183670043945,90023153.0
2009-06-29T04:00:00Z,9.707554817199707,9.82940673828125,9.601949691772461,9.805036544799805,137113950.0
2009-06-30T04:00:00Z,9.813159942626953,9.837530136108398,9.634444236755371,9.707554817199707,124690329.0
2009-07-01T04:00:00Z,9.723801612854004,9.772542953491211,9.642566680908203,9.650690078735352,71842391.0
2009-07-02T04:00:00Z,9.55320930480957,9.561331748962402,9.293257713317871,9.317627906799316,125072185.0
2009-07-06T04:00:00Z,9.228269577026367,9.341998100280762,9.138911247253418,9.325751304626465,107628053.0
2009-07-07T04:00:00Z,9.333874702453613,9.358244895935059,9.147034645080566,9.179529190063477,119638920.0
2009-07-08T04:00:00Z,9.195775985717773,9.220146179199219,8.797724723815918,9.025182723999023,248119375.0
2009-07-09T04:00:00Z,9.155158042907715,9.236392974853516,9.065799713134766,9.138911247253418,160788419.0
2009-07-10T04:00:00Z,9.07392406463623,9.098294258117676,8.952071189880371,9.017059326171875,117735302.0
2009-07-13T04:00:00Z,9.220146179199219,9.601949691772461,9.16328239440918,9.593826293945312,278149374.0
2009-07-14T04:00:00Z,9.601949691772461,9.618197441101074,9.43947982788086,9.55320930480957,195259127.0
2009-07-15T04:00:00Z,9.707554817199707,10.073110580444336,9.69130802154541,9.959383010864258,222874027.0
2009-07-16T04:00:00Z,9.870023727416992,10.024370193481445,9.764418601989746,9.926889419555664,147851963.0
2009-07-17T04:00:00Z,9.951258659362793,9.991876602172852,9.788789749145508,9.86190128326416,173246139.0
2009-07-20T04:00:00Z,9.935011863708496,10.008123397827148,9.870023727416992,9.943136215209961,135604252.0
2009-07-21T04:00:00Z,9.951258659362793,9.983753204345703,9.756296157836914,9.853776931762695,156874455.0
2009-07-22T04:00:00Z,9.675061225891113,9.943136215209961,9.658814430236816,9.86190128326416,123101477.0
2009-07-23T04:00:00Z,9.878148078918457,10.203086853027344,9.821284294128418,10.146223068237305,156626901.0
2009-07-24T04:00:00Z,10.056863784790039,10.146223068237305,9.959383010864258,10.08935832977295,89317544.0
2009-07-27T04:00:00Z,10.121851921081543,10.276198387145996,10.0812349319458,10.25182819366455,113482936.0
2009-07-28T04:00:00Z,10.162469863891602,10.268074989318848,10.129976272583008,10.227457046508789,73711911.0
2009-07-29T04:00:00Z,10.162469863891602,10.276198387145996,10.129976272583008,10.227457046508789,124764312.0
2009-07-30T04:00:00Z,10.324938774108887,10.584890365600586,10.324938774108887,10.463038444519043,161803625.0
2009-07-31T04:00:00Z,10.463038444519043,10.576766967773438,10.398050308227539,10.568642616271973,161635840.0
2009-08-03T04:00:00Z,10.763607025146484,10.852965354919434,10.690496444702148,10.83671760559082,141779933.0
2009-08-04T04:00:00Z,10.779853820800781,11.112915992736816,10.739235877990723,11.056052207946777,123182969.0
2009-08-05T04:00:00Z,11.121040344238281,11.494720458984375,11.06417465209961,11.437854766845703,205272204.0
2009-08-06T04:00:00Z,11.616572380065918,11.65718936920166,11.259139060974121,11.356620788574219,290627775.0
2009-08-07T04:00:00Z,11.519089698791504,11.860276222229004,11.4541015625,11.65718936920166,233042703.0
2009-08-10T04:00:00Z,11.640941619873047,11.738424301147461,11.470349311828613,11.608448028564453,117157348.0
2009-08-11T04:00:00Z,11.535337448120117,11.543460845947266,11.161657333374023,11.17790412902832,157646661.0
2009-08-12T04:00:00Z,11.14540958404541,11.494720458984375,11.137287139892578,11.40536117553711,128570318.0
2009-08-13T04:00:00Z,11.584077835083008,11.649065971374512,11.372867584228516,11.640941619873047,166225254.0
2009-08-14T04:00:00Z,11.632819175720215,11.640941619873047,11.372867584228516,11.567831039428711,133410610.0
2009-08-17T04:00:00Z,11.226645469665527,11.242892265319824,11.06417465209961,11.080422401428223,141513667.0
2009-08-18T04:00:00Z,11.186027526855469,11.356620788574219,11.169780731201172,11.307880401611328,99642556.0
2009-08-19T04:00:00Z,11.129162788391113,11.372867584228516,11.104792594909668,11.299756050109863,96251028.0
2009-08-20T04:00:00Z,11.332249641418457,11.616572380065918,11.324127197265625,11.592201232910156,111257534.0
2009-08-21T04:00:00Z,11.722176551818848,11.8765230178833,11.65718936920166,11.819659233093262,134382361.0
2009-08-24T04:00:00Z,11.990251541137695,12.071487426757812,11.697807312011719,11.730300903320312,152575803.0
2009-08-25T04:00:00Z,11.819659233093262,11.990251541137695,11.819659233093262,11.8765230178833,116332824.0
2009-08-26T04:00:00Z,11.811534881591797,11.925264358520508,11.70592975616455,11.844029426574707,113992570.0
2009-08-27T04:00:00Z,11.835906028747559,11.990251541137695,11.70592975616455,11.96588134765625,100287847.0
2009-08-28T04:00:00Z,12.079609870910645,12.103981018066406,11.844029426574707,11.982128143310547,99309571.0
2009-08-31T04:00:00Z,11.76279354095459,11.949633598327637,11.74654769897461,11.941511154174805,101467637.0
2009-09-01T04:00:00Z,11.852152824401855,11.982128143310547,11.275385856628418,11.299756050109863,234730773.0
2009-09-02T04:00:00Z,11.202275276184082,11.372867584228516,11.161657333374023,11.202275276184082,129933281.0
2009-09-03T04:00:00Z,11.324127197265625,11.462225914001465,11.242892265319824,11.421607971191406,97488183.0
2009-09-04T04:00:00Z,11.494720458984375,11.551584243774414,11.389115333557129,11.551584243774414,89279383.0
2009-09-08T04:00:00Z,11.722176551818848,11.738424301147461,11.535337448120117,11.600324630737305,99369767.0
2009-09-09T04:00:00Z,11.632819175720215,11.819659233093262,11.600324630737305,11.779041290283203,111341365.0
2009-09-10T04:00:00Z,11.738424301147461,11.900894165039062,11.600324630737305,11.8765230178833,114235569.0
2009-09-11T04:00:00Z,11.91714096069336,11.925264358520508,11.7952880859375,11.803412437438965,80452005.0
2009-09-14T04:00:00Z,11.649065971374512,11.990251541137695,11.640941619873047,11.957757949829102,88924363.0
2009-09-15T04:00:00Z,11.990251541137695,12.103981018066406,11.835906028747559,11.982128143310547,129108388.0
2009-09-16T04:00:00Z,12.0552396774292,12.3964262008667,12.022746086120605,12.3964262008667,153591131.0
2009-09-17T04:00:00Z,12.388301849365234,12.534524917602539,12.266449928283691,12.35580825805664,137935027.0
2009-09-18T04:00:00Z,12.372055053710938,12.388301849365234,12.22583293914795,12.298944473266602,112413566.0
2009-09-21T04:00:00Z,12.18521499633789,12.250203132629395,12.144598007202148,12.18521499633789,103587296.0
2009-09-22T04:00:00Z,12.363931655883789,12.477660179138184,12.290820121765137,12.461413383483887,105834240.0
2009-09-23T04:00:00Z,12.485783576965332,12.542648315429688,12.193339347839355,12.209586143493652,134086798.0
2009-09-24T04:00:00Z,12.282696723937988,12.315191268920898,11.892769813537598,11.96588134765625,163284149.0
2009-09-25T04:00:00Z,11.900894165039062,12.006499290466309,11.76279354095459,11.852152824401855,143733037.0
2009-09-28T04:00:00Z,11.91714096069336,12.266449928283691,11.900894165039062,12.250203132629395,96599401.0
2009-09-29T04:00:00Z,12.298944473266602,12.388301849365234,12.168968200683594,12.193339347839355,127167716.0
2009-09-30T04:00:00Z,12.266449928283691,12.307066917419434,11.998374938964844,12.136473655700684,180006914.0
2009-10-01T04:00:00Z,12.071487426757812,12.095856666564941,11.592201232910156,11.600324630737305,157511128.0
2009-10-02T04:00:00Z,11.40536117553711,11.74654769897461,11.34849739074707,11.608448028564453,158977372.0
2009-10-05T04:00:00Z,11.754671096801758,11.998374938964844,11.722176551818848,11.974004745483398,121768797.0
2009-10-06T04:00:00Z,12.136473655700684,12.258326530456543,11.949633598327637,12.128351211547852,157014296.0
2009-10-07T04:00:00Z,12.071487426757812,12.266449928283691,12.04711627960205,12.258326530456543,120700289.0
2009-10-08T04:00:00Z,12.347684860229492,12.420796394348145,12.233956336975098,12.274574279785156,112612372.0
2009-10-09T04:00:00Z,12.242079734802246,12.388301849365234,12.217708587646484,12.380179405212402,73837719.0
2009-10-12T04:00:00Z,12.437043190002441,12.49390697479248,12.363931655883789,12.477660179138184,91643272.0
2009-10-13T04:00:00Z,12.3964262008667,12.437043190002441,12.250203132629395,12.35580825805664,91537160.0
2009-10-14T04:00:00Z,12.623883247375488,12.802599906921387,12.534524917602539,12.778228759765625,164466893.0
2009-10-15T04:00:00Z,12.640130043029785,12.688871383666992,12.550771713256836,12.66450023651123,103035685.0
2009-10-16T04:00:00Z,12.428919792175293,12.461413383483887,12.331438064575195,12.363931655883789,138771615.0
2009-10-19T04:00:00Z,12.412672996520996,12.485783576965332,12.307066917419434,12.420796394348145,114214273.0
2009-10-20T04:00:00Z,12.3964262008667,12.469536781311035,12.250203132629395,12.32331371307373,131393863.0
2009-10-21T04:00:00Z,12.290820121765137,12.49390697479248,12.079609870910645,12.08773422241211,105829686.0
2009-10-22T04:00:00Z,12.144598007202148,12.469536781311035,12.095856666564941,12.44516658782959,148468694.0
2009-10-23T04:00:00Z,12.469536781311035,12.510153770446777,12.18521499633789,12.266449928283691,108821016.0
2009-10-26T04:00:00Z,12.258326530456543,12.298944473266602,11.884647369384766,11.949633598327637,149608600.0
2009-10-27T04:00:00Z,11.957757949829102,12.006499290466309,11.787164688110352,11.860276222229004,125341405.0
2009-10-28T04:00:00Z,11.811534881591797,11.860276222229004,11.462225914001465,11.494720458984375,145026326.0
2009-10-29T04:00:00Z,11.697807312011719,11.990251541137695,11.608448028564453,11.974004745483398,147296659.0
2009-10-30T04:00:00Z,11.868399620056152,11.868399620056152,11.34849739074707,11.413484573364258,168815032.0
2009-11-02T05:00:00Z,11.502842903137207,11.70592975616455,11.194150924682617,11.510967254638672,209353831.0
2009-11-03T05:00:00Z,11.31600284576416,11.592201232910156,11.307880401611328,11.543460845947266,135013126.0
2009-11-04T05:00:00Z,11.714054107666016,11.74654769897461,11.364744186401367,11.380990982055664,156933912.0
2009-11-05T05:00:00Z,11.478472709655762,11.689682960510254,11.397237777709961,11.673436164855957,128854925.0
2009-11-06T05:00:00Z,11.478472709655762,11.681559562683105,11.462225914001465,11.62469482421875,91056947.0
2009-11-09T05:00:00Z,11.787164688110352,12.0552396774292,11.714054107666016,12.038992881774902,123283911.0
2009-11-10T05:00:00Z,11.982128143310547,12.079609870910645,11.884647369384766,11.998374938964844,86729120.0
2009-11-11T05:00:00Z,12.120226860046387,12.290820121765137,12.079609870910645,12.160844802856445,123428800.0
2009-11-12T05:00:00Z,12.136473655700684,12.217708587646484,11.909016609191895,11.93338680267334,112801454.0
2009-11-13T05:00:00Z,11.949633598327637,11.998374938964844,11.811534881591797,11.909016609191895,92111052.0
2009-11-16T05:00:00Z,12.0552396774292,12.201461791992188,11.982128143310547,12.038992881774902,150075519.0
2009-11-17T05:00:00Z,12.01462173461914,12.095856666564941,11.96588134765625,12.071487426757812,70430557.0
2009-11-18T05:00:00Z,12.08773422241211,12.177091598510742,12.038992881774902,12.168968200683594,90591013.0
2009-11-19T05:00:00Z,12.095856666564941,12.103981018066406,11.884647369384766,11.93338680267334,95800113.0
2009-11-20T05:00:00Z,11.835906028747559,11.93338680267334,11.811534881591797,11.860276222229004,65219734.0
2009-11-23T05:00:00Z,11.990251541137695,12.112104415893555,11.96588134765625,12.030868530273438,91208237.0
2009-11-24T05:00:00Z,11.998374938964844,12.038992881774902,11.8765230178833,11.941511154174805,75278974.0
2009-11-25T05:00:00Z,12.006499290466309,12.01462173461914,11.892769813537598,11.91714096069336,54272328.0
2009-11-27T05:00:00Z,11.575955390930176,11.779041290283203,11.535337448120117,11.600324630737305,93325557.0
2009-11-30T05:00:00Z,11.65718936920166,11.93338680267334,11.649065971374512,11.909016609191895,124414954.0
2009-12-01T05:00:00Z,11.990251541137695,12.022746086120605,11.852152824401855,11.91714096069336,106757244.0
2009-12-02T05:00:00Z,11.892769813537598,11.96588134765625,11.844029426574707,11.909016609191895,76497910.0
2009-12-03T05:00:00Z,12.006499290466309,12.136473655700684,11.640941619873047,11.665312767028809,205411431.0
2009-12-04T05:00:00Z,11.884647369384766,11.93338680267334,11.681559562683105,11.884647369384766,240718603.0
2009-12-07T05:00:00Z,11.835906028747559,11.909016609191895,11.649065971374512,11.689682960510254,99919162.0
2009-12-08T05:00:00Z,11.616572380065918,11.673436164855957,11.551584243774414,11.584077835083008,133715775.0
2009-12-09T05:00:00Z,11.608448028564453,11.689682960510254,11.519089698791504,11.62469482421875,90631636.0
2009-12-10T05:00:00Z,11.65718936920166,11.714054107666016,11.551584243774414,11.608448028564453,86215178.0
2009-12-11T05:00:00Z,11.616572380065918,11.697807312011719,11.519089698791504,11.689682960510254,81270989.0
2009-12-14T05:00:00Z,11.722176551818848,11.76279354095459,11.608448028564453,11.754671096801758,72967894.0
2009-12-15T05:00:00Z,11.681559562683105,11.730300903320312,11.519089698791504,11.567831039428711,105373600.0
2009-12-16T05:00:00Z,11.640941619873047,11.714054107666016,11.592201232910156,11.640941619873047,112051283.0
2009-12-17T05:00:00Z,11.543460845947266,11.575955390930176,11.421607971191406,11.421607971191406,113375592.0
2009-12-18T05:00:00Z,11.462225914001465,11.567831039428711,11.380990982055664,11.551584243774414,116291955.0
2009-12-21T05:00:00Z,11.608448028564453,11.722176551818848,11.600324630737305,11.722176551818848,71633860.0
2009-12-22T05:00:00Z,11.714054107666016,11.754671096801758,11.689682960510254,11.74654769897461,32138456.0
2009-12-23T05:00:00Z,11.76279354095459,11.779041290283203,11.673436164855957,11.697807312011719,47493211.0
2009-12-24T05:00:00Z,11.738424301147461,11.803412437438965,11.730300903320312,11.803412437438965,22487785.0
2009-12-28T05:00:00Z,11.819659233093262,11.852152824401855,11.714054107666016,11.76279354095459,36303913.0
2009-12-29T05:00:00Z,11.7952880859375,11.803412437438965,11.714054107666016,11.714054107666016,32447806.0
2009-12-30T05:00:00Z,11.665312767028809,11.730300903320312,11.616572380065918,11.722176551818848,35503394.0
2009-12-31T05:00:00Z,11.738424301147461,11.7952880859375,11.681559562683105,11.697807312011719,40923487.0
2010-01-04T05:00:00Z,11.7952880859375,11.96588134765625,11.770917892456055,11.93338680267334,92942347.0
2010-01-05T05:00:00Z,11.91714096069336,12.152721405029297,11.900894165039062,12.152721405029297,96770018.0
2010-01-06T05:00:00Z,12.144598007202148,12.22583293914795,12.0552396774292,12.177091598510742,75492798.0
2010-01-07T05:00:00Z,12.201461791992188,12.510153770446777,12.177091598510742,12.437043190002441,117869112.0
2010-01-08T05:00:00Z,12.372055053710938,12.437043190002441,12.266449928283691,12.363931655883789,111866140.0
2010-01-11T05:00:00Z,12.485783576965332,12.49390697479248,12.298944473266602,12.372055053710938,72747299.0
2010-01-12T05:00:00Z,12.274574279785156,12.331438064575195,12.112104415893555,12.193339347839355,137613736.0
2010-01-13T05:00:00Z,12.193339347839355,12.372055053710938,12.095856666564941,12.331438064575195,100839458.0
2010-01-14T05:00:00Z,12.290820121765137,12.428919792175293,12.258326530456543,12.388301849365234,70844542.0
2010-01-15T05:00:00Z,12.315191268920898,12.32331371307373,12.120226860046387,12.136473655700684,118059301.0
2010-01-19T05:00:00Z,12.08773422241211,12.298944473266602,12.022746086120605,12.290820121765137,100437782.0
2010-01-20T05:00:00Z,12.209586143493652,12.339561462402344,12.128351211547852,12.258326530456543,99359426.0
2010-01-21T05:00:00Z,12.250203132629395,12.331438064575195,11.779041290283203,11.909016609191895,310007531.0
2010-01-22T05:00:00Z,11.868399620056152,11.925264358520508,11.4541015625,11.519089698791504,260932239.0
2010-01-25T05:00:00Z,11.681559562683105,11.730300903320312,11.470349311828613,11.584077835083008,179396215.0
2010-01-26T05:00:00Z,11.510967254638672,11.697807312011719,11.364744186401367,11.380990982055664,151799780.0
2010-01-27T05:00:00Z,11.413484573364258,11.681559562683105,11.364744186401367,11.65718936920166,254674696.0
2010-01-28T05:00:00Z,11.74654769897461,11.803412437438965,11.4541015625,11.600324630737305,275452007.0
2010-01-29T05:00:00Z,11.681559562683105,11.835906028747559,11.48659610748291,11.519089698791504,222839929.0
2010-02-01T05:00:00Z,11.592201232910156,11.74654769897461,11.592201232910156,11.714054107666016,155187738.0
2010-02-02T05:00:00Z,11.722176551818848,11.860276222229004,11.673436164855957,11.827781677246094,135155306.0
2010-02-03T05:00:00Z,11.76279354095459,11.844029426574707,11.665312767028809,11.697807312011719,131388692.0
2010-02-04T05:00:00Z,11.592201232910156,11.608448028564453,11.186027526855469,11.194150924682617,266891017.0
2010-02-05T05:00:00Z,11.259139060974121,11.356620788574219,10.974817276000977,11.324127197265625,315216015.0
2010-02-08T05:00:00Z,11.34849739074707,11.34849739074707,11.080422401428223,11.09666919708252,132199183.0
2010-02-09T05:00:00Z,11.23476791381836,11.291632652282715,11.047928810119629,11.210397720336914,190172389.0
2010-02-10T05:00:00Z,11.226645469665527,11.421607971191406,11.153533935546875,11.299756050109863,155220729.0
2010-02-11T05:00:00Z,11.299756050109863,11.380990982055664,11.031682014465332,11.324127197265625,92212240.0
2010-02-12T05:00:00Z,11.194150924682617,11.332249641418457,11.121040344238281,11.332249641418457,125390768.0
2010-02-16T05:00:00Z,11.413484573364258,11.584077835083008,11.340373992919922,11.567831039428711,134800901.0
2010-02-17T05:00:00Z,11.65718936920166,11.65718936920166,11.551584243774414,11.608448028564453,81067751.0
2010-02-18T05:00:00Z,11.559707641601562,11.714054107666016,11.551584243774414,11.681559562683105,73617370.0
2010-02-19T05:00:00Z,11.608448028564453,11.787164688110352,11.600324630737305,11.74654769897461,72633555.0
2010-02-22T05:00:00Z,11.787164688110352,11.96588134765625,11.770917892456055,11.900894165039062,86110666.0
2010-02-23T05:00:00Z,11.844029426574707,11.93338680267334,11.640941619873047,11.681559562683105,144519031.0
2010-02-24T05:00:00Z,11.689682960510254,11.900894165039062,11.689682960510254,11.884647369384766,87297473.0
2010-02-25T05:00:00Z,11.722176551818848,11.868399620056152,11.649065971374512,11.852152824401855,130407585.0
2010-02-26T05:00:00Z,11.852152824401855,11.96588134765625,11.787164688110352,11.925264358520508,129857821.0
2010-03-01T05:00:00Z,11.96588134765625,11.990251541137695,11.884647369384766,11.957757949829102,65465319.0
2010-03-02T05:00:00Z,11.990251541137695,12.112104415893555,11.982128143310547,11.998374938964844,71151554.0
2010-03-03T05:00:00Z,12.01462173461914,12.095856666564941,11.974004745483398,12.006499290466309,69710915.0
2010-03-04T05:00:00Z,12.038992881774902,12.136473655700684,12.022746086120605,12.128351211547852,65092695.0
2010-03-05T05:00:00Z,12.193339347839355,12.388301849365234,12.177091598510742,12.363931655883789,99635663.0
2010-03-08T05:00:00Z,12.388301849365234,12.437043190002441,12.363931655883789,12.388301849365234,66161942.0
2010-03-09T05:00:00Z,12.32331371307373,12.510153770446777,12.282696723937988,12.428919792175293,110608058.0
2010-03-10T05:00:00Z,12.510153770446777,12.640130043029785,12.485783576965332,12.56701946258545,123834045.0
2010-03-11T05:00:00Z,12.534524917602539,12.680747032165527,12.518278121948242,12.672623634338379,75285990.0
2010-03-12T05:00:00Z,12.778228759765625,12.778228759765625,12.56701946258545,12.623883247375488,125183468.0
2010-03-15T04:00:00Z,12.550771713256836,12.648253440856934,12.485783576965332,12.623883247375488,86475904.0
2010-03-16T04:00:00Z,12.66450023651123,12.78635311126709,12.63200569152832,12.778228759765625,92828356.0
2010-03-17T04:00:00Z,12.851340293884277,12.973193168640137,12.835092544555664,12.932575225830078,113668817.0
2010-03-18T04:00:00Z,12.908205032348633,12.92445182800293,12.778228759765625,12.859463691711426,91978843.0
2010-03-19T04:00:00Z,12.745735168457031,12.891958236694336,12.696993827819824,12.745735168457031,110142617.0
2010-03-22T04:00:00Z,12.61575984954834,12.818845748901367,12.607636451721191,12.810723304748535,78909193.0
2010-03-23T04:00:00Z,12.843216896057129,12.92445182800293,12.770106315612793,12.916328430175781,79992227.0
2010-03-24T04:00:00Z,12.835092544555664,12.989439010620117,12.835092544555664,12.92445182800293,86346279.0
2010-03-25T04:00:00Z,13.013810157775879,13.257513999938965,12.965068817138672,12.981315612792969,150906813.0
2010-03-26T04:00:00Z,13.038180351257324,13.160032272338867,12.92445182800293,12.997563362121582,218970526.0
2010-03-29T04:00:00Z,13.070673942565918,13.111291885375977,12.932575225830078,13.013810157775879,76076908.0
2010-03-30T04:00:00Z,13.021932601928711,13.06255054473877,12.900080680847168,12.932575225830078,59183033.0
2010-03-31T04:00:00Z,12.851340293884277,13.005685806274414,12.843216896057129,12.95694637298584,72467985.0
2010-04-01T04:00:00Z,13.06255054473877,13.103167533874512,12.973193168640137,13.06255054473877,59488321.0
2010-04-05T04:00:00Z,13.135662078857422,13.208772659301758,13.103167533874512,13.192525863647461,55300582.0
2010-04-06T04:00:00Z,13.184403419494629,13.363119125366211,13.160032272338867,13.330625534057617,63364125.0
2010-04-07T04:00:00Z,13.363119125366211,13.411860466003418,13.200650215148926,13.281885147094727,91544300.0
2010-04-08T04:00:00Z,13.23314380645752,13.428107261657715,13.176279067993164,13.387490272521973,86447591.0
2010-04-09T04:00:00Z,13.436230659484863,13.468725204467773,13.354995727539062,13.436230659484863,64967625.0
2010-04-12T04:00:00Z,13.476847648620605,13.549959182739258,13.460600852966309,13.493095397949219,56718325.0
2010-04-13T04:00:00Z,13.476847648620605,13.57433032989502,13.411860466003418,13.501218795776367,85280479.0
2010-04-14T04:00:00Z,13.671812057495117,13.858652114868164,13.65556526184082,13.8505277633667,155369926.0
2010-04-15T04:00:00Z,13.88302230834961,13.907391548156738,13.753046035766602,13.79366397857666,101626682.0
2010-04-16T04:00:00Z,13.736799240112305,13.753046035766602,13.054427146911621,13.290007591247559,468533372.0
2010-04-19T04:00:00Z,13.135662078857422,13.444354057312012,13.119415283203125,13.419983863830566,319699563.0
2010-04-20T04:00:00Z,13.525588989257812,13.598699569702148,13.444354057312012,13.598699569702148,151176894.0
2010-04-21T04:00:00Z,13.606823921203613,13.728675842285156,13.363119125366211,13.517464637756348,210131946.0
2010-04-22T04:00:00Z,13.37124252319336,13.631194114685059,13.31437873840332,13.590577125549316,123733596.0
2010-04-23T04:00:00Z,13.614947319030762,13.688057899475098,13.54183578491211,13.631194114685059,109054906.0
2010-04-26T04:00:00Z,13.62307071685791,13.62307071685791,13.387490272521973,13.419983863830566,128910443.0
2010-04-27T04:00:00Z,13.273760795593262,13.419983863830566,12.932575225830078,12.965068817138672,289883143.0
2010-04-28T04:00:00Z,13.143786430358887,13.241267204284668,13.030056953430176,13.151908874511719,194917032.0
2010-04-29T04:00:00Z,13.322502136230469,13.525588989257812,13.257513999938965,13.452478408813477,153177515.0
2010-04-30T04:00:00Z,13.387490272521973,13.428107261657715,13.103167533874512,13.127538681030273,206146707.0
2010-05-03T04:00:00Z,13.241267204284668,13.411860466003418,13.200650215148926,13.379365921020508,110817944.0
2010-05-04T04:00:00Z,13.184403419494629,13.225020408630371,12.932575225830078,13.013810157775879,195182313.0
2010-05-05T04:00:00Z,12.802599906921387,13.160032272338867,12.75385856628418,12.940698623657227,227201362.0
2010-05-06T04:00:00Z,12.883833885192871,13.030056953430176,11.827781677246094,12.3964262008667,385070710.0
2010-05-07T04:00:00Z,12.404548645019531,12.623883247375488,12.079609870910645,12.258326530456543,434082852.0
2010-05-10T04:00:00Z,12.891958236694336,13.013810157775879,12.729488372802734,12.940698623657227,220172844.0
2010-05-11T04:00:00Z,12.745735168457031,13.103167533874512,12.737611770629883,12.891958236694336,149938016.0
2010-05-12T04:00:00Z,12.973193168640137,13.046303749084473,12.867587089538574,13.038180351257324,108045855.0
2010-05-13T04:00:00Z,12.997563362121582,13.030056953430176,12.802599906921387,12.802599906921387,117497842.0
2010-05-14T04:00:00Z,12.656376838684082,12.66450023651123,12.339561462402344,12.469536781311035,185612150.0
2010-05-17T04:00:00Z,12.469536781311035,12.583266258239746,12.177091598510742,12.477660179138184,215164644.0
2010-05-18T04:00:00Z,12.623883247375488,12.63200569152832,12.030868530273438,12.120226860046387,245298293.0
2010-05-19T04:00:00Z,12.006499290466309,12.258326530456543,11.892769813537598,12.136473655700684,282446426.0
2010-05-20T04:00:00Z,11.909016609191895,11.949633598327637,11.551584243774414,11.575955390930176,264759910.0
2010-05-21T04:00:00Z,11.332249641418457,12.136473655700684,11.332249641418457,11.982128143310547,256736868.0
2010-05-24T04:00:00Z,12.038992881774902,12.038992881774902,11.62469482421875,11.640941619873047,132667948.0
2010-05-25T04:00:00Z,11.31600284576416,11.754671096801758,11.242892265319824,11.74654769897461,202843441.0
2010-05-26T04:00:00Z,11.93338680267334,11.957757949829102,11.600324630737305,11.665312767028809,153920670.0
2010-05-27T04:00:00Z,11.91714096069336,12.201461791992188,11.852152824401855,12.193339347839355,150171413.0
2010-05-28T04:00:00Z,12.160844802856445,12.168968200683594,11.884647369384766,11.925264358520508,156946837.0
2010-06-01T04:00:00Z,11.7952880859375,11.96588134765625,11.65718936920166,11.673436164855957,102271849.0
2010-06-02T04:00:00Z,11.7952880859375,12.038992881774902,11.681559562683105,12.038992881774902,97060780.0
2010-06-03T04:00:00Z,12.08773422241211,12.112104415893555,11.844029426574707,11.974004745483398,126116689.0
2010-06-04T04:00:00Z,11.730300903320312,11.7952880859375,11.437854766845703,11.494720458984375,146914680.0
2010-06-07T04:00:00Z,11.543460845947266,11.600324630737305,11.226645469665527,11.26726245880127,128171597.0
2010-06-08T04:00:00Z,11.332249641418457,11.510967254638672,11.129162788391113,11.502842903137207,180966602.0
2010-06-09T04:00:00Z,11.584077835083008,11.673436164855957,11.332249641418457,11.380990982055664,153438734.0
2010-06-10T04:00:00Z,11.551584243774414,11.779041290283203,11.470349311828613,11.754671096801758,138725329.0
2010-06-11T04:00:00Z,11.640941619873047,11.827781677246094,11.608448028564453,11.787164688110352,66406172.0
2010-06-14T04:00:00Z,11.884647369384766,11.941511154174805,11.722176551818848,11.738424301147461,111620925.0
2010-06-15T04:00:00Z,11.811534881591797,12.038992881774902,11.738424301147461,12.01462173461914,124529437.0
2010-06-16T04:00:00Z,11.941511154174805,12.08773422241211,11.892769813537598,12.022746086120605,76874719.0
2010-06-17T04:00:00Z,12.0552396774292,12.071487426757812,11.8765230178833,12.006499290466309,88713985.0
2010-06-18T04:00:00Z,12.038992881774902,12.071487426757812,11.957757949829102,12.04711627960205,82191162.0
2010-06-21T04:00:00Z,12.18521499633789,12.22583293914795,11.96588134765625,12.030868530273438,105541262.0
2010-06-22T04:00:00Z,12.038992881774902,12.095856666564941,11.827781677246094,11.844029426574707,102404305.0
2010-06-23T04:00:00Z,11.852152824401855,11.909016609191895,11.714054107666016,11.787164688110352,147406957.0
2010-06-24T04:00:00Z,11.714054107666016,11.819659233093262,11.527214050292969,11.575955390930176,180425454.0
2010-06-25T04:00:00Z,11.722176551818848,11.91714096069336,11.559707641601562,11.892769813537598,174342222.0
2010-06-28T04:00:00Z,11.900894165039062,11.93338680267334,11.74654769897461,11.779041290283203,97958795.0
2010-06-29T04:00:00Z,11.616572380065918,11.632819175720215,11.26726245880127,11.356620788574219,190216582.0
2010-06-30T04:00:00Z,11.340373992919922,11.470349311828613,11.169780731201172,11.218522071838379,152587990.0
2010-07-01T04:00:00Z,11.202275276184082,11.291632652282715,10.844841957092285,11.112915992736816,164533121.0
2010-07-02T04:00:00Z,11.194150924682617,11.210397720336914,10.893582344055176,10.982940673828125,82338882.0
2010-07-06T04:00:00Z,11.226645469665527,11.283509254455566,10.92607593536377,11.047928810119629,131649787.0
2010-07-07T04:00:00Z,11.121040344238281,11.559707641601562,11.104792594909668,11.535337448120117,135275082.0
2010-07-08T04:00:00Z,11.673436164855957,11.689682960510254,11.445979118347168,11.62469482421875,99375306.0
2010-07-09T04:00:00Z,11.584077835083008,11.811534881591797,11.575955390930176,11.787164688110352,99814035.0
2010-07-12T04:00:00Z,11.770917892456055,11.827781677246094,11.65718936920166,11.803412437438965,67070912.0
2010-07-13T04:00:00Z,11.957757949829102,12.160844802856445,11.949633598327637,12.095856666564941,103837681.0
2010-07-14T04:00:00Z,12.038992881774902,12.04711627960205,11.8765230178833,12.006499290466309,95201847.0
2010-07-15T04:00:00Z,12.022746086120605,12.04711627960205,11.722176551818848,11.982128143310547,118284082.0
2010-07-16T04:00:00Z,11.835906028747559,11.860276222229004,11.445979118347168,11.478472709655762,174393677.0
2010-07-19T04:00:00Z,11.494720458984375,11.543460845947266,11.283509254455566,11.470349311828613,87813508.0
2010-07-20T04:00:00Z,11.259139060974121,11.608448028564453,11.242892265319824,11.592201232910156,113625609.0
2010-07-21T04:00:00Z,11.803412437438965,11.803412437438965,11.372867584228516,11.40536117553711,126180578.0
2010-07-22T04:00:00Z,11.551584243774414,11.787164688110352,11.551584243774414,11.738424301147461,103468874.0
2010-07-23T04:00:00Z,11.714054107666016,11.860276222229004,11.608448028564453,11.827781677246094,85939803.0
2010-07-26T04:00:00Z,11.844029426574707,12.01462173461914,11.779041290283203,11.990251541137695,97582109.0
2010-07-27T04:00:00Z,12.144598007202148,12.201461791992188,11.998374938964844,12.022746086120605,114958905.0
2010-07-28T04:00:00Z,11.990251541137695,12.063363075256348,11.8765230178833,11.91714096069336,60830850.0
2010-07-29T04:00:00Z,12.022746086120605,12.079609870910645,11.811534881591797,11.957757949829102,86025234.0
2010-07-30T04:00:00Z,11.803412437438965,12.030868530273438,11.803412437438965,11.949633598327637,72789892.0
2010-08-02T04:00:00Z,12.120226860046387,12.258326530456543,12.071487426757812,12.250203132629395,120011913.0
2010-08-03T04:00:00Z,12.18521499633789,12.217708587646484,12.095856666564941,12.112104415893555,81845251.0
2010-08-04T04:00:00Z,12.160844802856445,12.201461791992188,12.08773422241211,12.160844802856445,82030516.0
2010-08-05T04:00:00Z,12.071487426757812,12.136473655700684,12.038992881774902,12.112104415893555,50578959.0
2010-08-06T04:00:00Z,11.990251541137695,12.0552396774292,11.844029426574707,12.006499290466309,101926554.0
2010-08-09T04:00:00Z,12.063363075256348,12.103981018066406,11.949633598327637,12.071487426757812,49583449.0
2010-08-10T04:00:00Z,11.957757949829102,12.063363075256348,11.884647369384766,11.96588134765625,81174971.0
2010-08-11T04:00:00Z,11.779041290283203,11.787164688110352,11.527214050292969,11.543460845947266,117411918.0
2010-08-12T04:00:00Z,11.421607971191406,11.535337448120117,11.380990982055664,11.462225914001465,88825636.0
2010-08-13T04:00:00Z,11.4541015625,11.567831039428711,11.429732322692871,11.429732322692871,64041298.0
2010-08-16T04:00:00Z,11.397237777709961,11.445979118347168,11.340373992919922,11.397237777709961,68304497.0
2010-08-17T04:00:00Z,11.519089698791504,11.600324630737305,11.421607971191406,11.48659610748291,79810039.0
2010-08-18T04:00:00Z,11.478472709655762,11.616572380065918,11.437854766845703,11.535337448120117,68372325.0
2010-08-19T04:00:00Z,11.462225914001465,11.510967254638672,11.242892265319824,11.26726245880127,124471211.0
2010-08-20T04:00:00Z,11.226645469665527,11.259139060974121,11.129162788391113,11.23476791381836,81137426.0
2010-08-23T04:00:00Z,11.291632652282715,11.307880401611328,11.153533935546875,11.161657333374023,66239371.0
2010-08-24T04:00:00Z,11.023557662963867,11.080422401428223,10.942322731018066,10.974817276000977,116123431.0
2010-08-25T04:00:00Z,10.893582344055176,11.047928810119629,10.796100616455078,11.00731086730957,90747843.0
2010-08-26T04:00:00Z,11.06417465209961,11.137287139892578,10.885458946228027,10.917952537536621,88256545.0
2010-08-27T04:00:00Z,10.966693878173828,11.161657333374023,10.844841957092285,11.153533935546875,107590139.0
2010-08-30T04:00:00Z,11.104792594909668,11.129162788391113,10.909829139709473,10.917952537536621,78521797.0
2010-08-31T04:00:00Z,10.909829139709473,11.056052207946777,10.828595161437988,11.015435218811035,131233463.0
2010-09-01T04:00:00Z,11.153533935546875,11.4541015625,11.14540958404541,11.437854766845703,163002496.0
2010-09-02T04:00:00Z,11.429732322692871,11.551584243774414,11.421607971191406,11.551584243774414,82205072.0
2010-09-03T04:00:00Z,11.70592975616455,11.7952880859375,11.65718936920166,11.7952880859375,108976122.0
2010-09-07T04:00:00Z,11.681559562683105,11.689682960510254,11.510967254638672,11.527214050292969,69632992.0
2010-09-08T04:00:00Z,11.567831039428711,11.722176551818848,11.559707641601562,11.640941619873047,63465559.0
2010-09-09T04:00:00Z,11.819659233093262,11.884647369384766,11.714054107666016,11.787164688110352,100214233.0
2010-09-10T04:00:00Z,11.7952880859375,11.844029426574707,11.754671096801758,11.803412437438965,48934712.0
2010-09-13T04:00:00Z,11.982128143310547,12.08773422241211,11.982128143310547,12.0552396774292,93892679.0
2010-09-14T04:00:00Z,12.01462173461914,12.038992881774902,11.884647369384766,11.949633598327637,81324661.0
2010-09-15T04:00:00Z,11.860276222229004,12.006499290466309,11.819659233093262,11.990251541137695,91766372.0
2010-09-16T04:00:00Z,11.949633598327637,11.96588134765625,11.8765230178833,11.957757949829102,65492647.0
2010-09-17T04:00:00Z,11.974004745483398,11.998374938964844,11.852152824401855,11.868399620056152,80925078.0
2010-09-20T04:00:00Z,11.884647369384766,12.128351211547852,11.868399620056152,12.095856666564941,64263001.0
2010-09-21T04:00:00Z,12.128351211547852,12.160844802856445,11.941511154174805,11.982128143310547,103705472.0
2010-09-22T04:00:00Z,11.900894165039062,12.01462173461914,11.76279354095459,11.787164688110352,114854147.0
2010-09-23T04:00:00Z,11.673436164855957,11.770917892456055,11.535337448120117,11.559707641601562,127349658.0
2010-09-24T04:00:00Z,11.697807312011719,11.868399620056152,11.689682960510254,11.868399620056152,94600257.0
2010-09-27T04:00:00Z,11.868399620056152,11.868399620056152,11.714054107666016,11.738424301147461,76726384.0
2010-09-28T04:00:00Z,11.779041290283203,11.7952880859375,11.62469482421875,11.76279354095459,101337767.0
2010-09-29T04:00:00Z,11.722176551818848,11.779041290283203,11.616572380065918,11.673436164855957,82229692.0
2010-09-30T04:00:00Z,11.74654769897461,11.884647369384766,11.649065971374512,11.65718936920166,132373000.0
2010-10-01T04:00:00Z,11.770917892456055,11.819659233093262,11.649065971374512,11.779041290283203,162650799.0
2010-10-04T04:00:00Z,11.76279354095459,11.852152824401855,11.640941619873047,11.697807312011719,105309096.0
2010-10-05T04:00:00Z,11.803412437438965,12.01462173461914,11.714054107666016,11.96588134765625,163731125.0
2010-10-06T04:00:00Z,11.990251541137695,12.022746086120605,11.91714096069336,11.957757949829102,79712666.0
2010-10-07T04:00:00Z,12.01462173461914,12.0552396774292,11.844029426574707,11.909016609191895,88379153.0
2010-10-08T04:00:00Z,11.925264358520508,11.96588134765625,11.8765230178833,11.941511154174805,76830034.0
2010-10-11T04:00:00Z,11.949633598327637,11.96588134765625,11.8765230178833,11.925264358520508,50798200.0
2010-10-12T04:00:00Z,11.860276222229004,12.079609870910645,11.835906028747559,12.063363075256348,81038084.0
2010-10-13T04:00:00Z,12.136473655700684,12.18521499633789,12.038992881774902,12.071487426757812,138693077.0
2010-10-14T04:00:00Z,11.957757949829102,11.982128143310547,11.74654769897461,11.860276222229004,208325454.0
2010-10-15T04:00:00Z,11.900894165039062,11.957757949829102,11.575955390930176,11.65718936920166,163544136.0
2010-10-18T04:00:00Z,11.616572380065918,11.93338680267334,11.616572380065918,11.91714096069336,96393824.0
2010-10-19T04:00:00Z,11.827781677246094,11.998374938964844,11.70592975616455,11.754671096801758,180636325.0
2010-10-20T04:00:00Z,11.76279354095459,11.93338680267334,11.65718936920166,11.868399620056152,118915708.0
2010-10-21T04:00:00Z,11.91714096069336,12.006499290466309,11.770917892456055,11.868399620056152,90587936.0
2010-10-22T04:00:00Z,11.892769813537598,11.93338680267334,11.827781677246094,11.860276222229004,50796353.0
2010-10-25T04:00:00Z,11.96588134765625,11.982128143310547,11.803412437438965,11.819659233093262,56338931.0
2010-10-26T04:00:00Z,11.770917892456055,11.860276222229004,11.74654769897461,11.835906028747559,58349523.0
2010-10-27T04:00:00Z,11.7952880859375,11.884647369384766,11.754671096801758,11.844029426574707,77185177.0
2010-10-28T04:00:00Z,11.909016609191895,11.941511154174805,11.770917892456055,11.844029426574707,71284256.0
2010-10-29T04:00:00Z,11.811534881591797,11.852152824401855,11.76279354095459,11.827781677246094,49026545.0
2010-11-01T04:00:00Z,11.852152824401855,11.93338680267334,11.714054107666016,11.827781677246094,80929756.0
2010-11-02T04:00:00Z,11.900894165039062,11.909016609191895,11.827781677246094,11.860276222229004,67197828.0
2010-11-03T04:00:00Z,11.868399620056152,11.982128143310547,11.779041290283203,11.974004745483398,133181275.0
2010-11-04T04:00:00Z,12.095856666564941,12.3964262008667,12.08773422241211,12.372055053710938,204934664.0
2010-11-05T04:00:00Z,12.404548645019531,12.737611770629883,12.372055053710938,12.656376838684082,203857416.0
2010-11-08T05:00:00Z,12.640130043029785,12.648253440856934,12.44516658782959,12.558895111083984,110754301.0
2010-11-09T05:00:00Z,12.599513053894043,12.607636451721191,12.242079734802246,12.32331371307373,150410720.0
2010-11-10T05:00:00Z,12.32331371307373,12.469536781311035,12.217708587646484,12.461413383483887,149972115.0
2010-11-11T05:00:00Z,12.339561462402344,12.3964262008667,12.274574279785156,12.339561462402344,73585118.0
2010-11-12T05:00:00Z,12.274574279785156,12.315191268920898,12.103981018066406,12.136473655700684,109245218.0
2010-11-15T05:00:00Z,12.217708587646484,12.347684860229492,12.177091598510742,12.193339347839355,88027456.0
2010-11-16T05:00:00Z,12.128351211547852,12.144598007202148,11.892769813537598,11.990251541137695,166446464.0
2010-11-17T05:00:00Z,11.982128143310547,12.01462173461914,11.8765230178833,11.909016609191895,111420026.0
2010-11-18T05:00:00Z,12.0552396774292,12.152721405029297,12.022746086120605,12.071487426757812,105170116.0
2010-11-19T05:00:00Z,12.006499290466309,12.071487426757812,11.957757949829102,12.071487426757812,53682925.0
2010-11-22T05:00:00Z,11.990251541137695,11.998374938964844,11.811534881591797,11.892769813537598,119643844.0
2010-11-23T05:00:00Z,11.76279354095459,11.803412437438965,11.697807312011719,11.70592975616455,104476201.0
2010-11-24T05:00:00Z,11.787164688110352,11.892769813537598,11.754671096801758,11.884647369384766,72325066.0
2010-11-26T05:00:00Z,11.779041290283203,11.844029426574707,11.714054107666016,11.714054107666016,39044858.0
2010-11-29T05:00:00Z,11.689682960510254,11.860276222229004,11.665312767028809,11.811534881591797,101123080.0
2010-11-30T05:00:00Z,11.714054107666016,11.835906028747559,11.697807312011719,11.74654769897461,94421024.0
2010-12-01T05:00:00Z,11.91714096069336,11.990251541137695,11.884647369384766,11.982128143310547,102218916.0
2010-12-02T05:00:00Z,12.038992881774902,12.307066917419434,12.022746086120605,12.290820121765137,139900073.0
2010-12-03T05:00:00Z,12.209586143493652,12.35580825805664,12.144598007202148,12.331438064575195,111832288.0
2010-12-06T05:00:00Z,12.298944473266602,12.35580825805664,12.250203132629395,12.315191268920898,64905337.0
2010-12-07T05:00:00Z,12.485783576965332,12.485783576965332,12.298944473266602,12.331438064575195,131973540.0
2010-12-08T05:00:00Z,12.339561462402344,12.534524917602539,12.32331371307373,12.534524917602539,119732230.0
2010-12-09T05:00:00Z,12.61575984954834,12.713240623474121,12.550771713256836,12.688871383666992,95687230.0
2010-12-10T05:00:00Z,12.729488372802734,12.810723304748535,12.648253440856934,12.802599906921387,69683833.0
2010-12-13T05:00:00Z,12.859463691711426,12.883833885192871,12.75385856628418,12.794475555419922,62184704.0
2010-12-14T05:00:00Z,12.794475555419922,12.843216896057129,12.63200569152832,12.680747032165527,85879730.0
2010-12-15T05:00:00Z,12.623883247375488,12.729488372802734,12.550771713256836,12.575141906738281,101531526.0
2010-12-16T05:00:00Z,12.607636451721191,12.680747032165527,12.526400566101074,12.591388702392578,108179541.0
2010-12-17T05:00:00Z,12.56701946258545,12.623883247375488,12.502031326293945,12.61575984954834,76205917.0
2010-12-20T05:00:00Z,12.640130043029785,12.672623634338379,12.583266258239746,12.623883247375488,49879628.0
2010-12-21T05:00:00Z,12.672623634338379,12.851340293884277,12.672623634338379,12.843216896057129,59296901.0
2010-12-22T05:00:00Z,12.891958236694336,13.013810157775879,12.867587089538574,12.989439010620117,87852408.0
2010-12-23T05:00:00Z,12.965068817138672,12.973193168640137,12.843216896057129,12.891958236694336,36235347.0
2010-12-27T05:00:00Z,12.826970100402832,13.005685806274414,12.818845748901367,13.005685806274414,29735790.0
2010-12-28T05:00:00Z,13.005685806274414,13.046303749084473,12.973193168640137,13.005685806274414,42018708.0
2010-12-29T05:00:00Z,13.021932601928711,13.030056953430176,12.965068817138672,12.981315612792969,31035357.0
2010-12-30T05:00:00Z,12.981315612792969,12.981315612792969,12.891958236694336,12.940698623657227,45377614.0
2010-12-31T05:00:00Z,12.908205032348633,12.973193168640137,12.891958236694336,12.95694637298584,27080400.0
2011-01-03T05:00:00Z,13.135662078857422,13.273760795593262,13.103167533874512,13.241267204284668,113566767.0
2011-01-04T05:00:00Z,13.290007591247559,13.306255340576172,13.111291885375977,13.225020408630371,65761128.0
2011-01-05T05:00:00Z,13.176279067993164,13.40373706817627,13.160032272338867,13.379365921020508,119644460.0
2011-01-06T05:00:00Z,13.387490272521973,13.411860466003418,13.281885147094727,13.290007591247559,82408064.0
2011-01-07T05:00:00Z,13.338748931884766,13.354995727539062,13.013810157775879,13.176279067993164,219266212.0
2011-01-10T05:00:00Z,13.103167533874512,13.184403419494629,13.021932601928711,13.143786430358887,107038774.0
2011-01-11T05:00:00Z,13.225020408630371,13.290007591247559,13.135662078857422,13.192525863647461,61620659.0
2011-01-12T05:00:00Z,13.346872329711914,13.419983863830566,13.322502136230469,13.411860466003418,100785048.0
2011-01-13T05:00:00Z,13.436230659484863,13.452478408813477,13.322502136230469,13.37124252319336,74704466.0
2011-01-14T05:00:00Z,13.363119125366211,13.614947319030762,13.346872329711914,13.582452774047852,113359713.0
2011-01-18T05:00:00Z,13.549959182739258,13.566205978393555,13.436230659484863,13.501218795776367,75478150.0
2011-01-19T05:00:00Z,13.395612716674805,13.444354057312012,13.160032272338867,13.200650215148926,144544020.0
2011-01-20T05:00:00Z,13.200650215148926,13.31437873840332,13.151908874511719,13.26563835144043,115484911.0
2011-01-21T05:00:00Z,13.354995727539062,13.436230659484863,13.306255340576172,13.37124252319336,93333928.0
2011-01-24T05:00:00Z,13.395612716674805,13.419983863830566,13.306255340576172,13.354995727539062,54863208.0
2011-01-25T05:00:00Z,13.290007591247559,13.37124252319336,13.168155670166016,13.330625534057617,84937892.0
2011-01-26T05:00:00Z,13.37124252319336,13.40373706817627,13.306255340576172,13.322502136230469,68221281.0
2011-01-27T05:00:00Z,13.322502136230469,13.444354057312012,13.306255340576172,13.436230659484863,88248544.0
2011-01-28T05:00:00Z,13.444354057312012,13.54183578491211,13.184403419494629,13.200650215148926,139244565.0
2011-01-31T05:00:00Z,13.225020408630371,13.346872329711914,13.225020408630371,13.322502136230469,77839208.0
2011-02-01T05:00:00Z,13.40373706817627,13.639318466186523,13.395612716674805,13.598699569702148,78635911.0
2011-02-02T05:00:00Z,13.558082580566406,13.598699569702148,13.476847648620605,13.493095397949219,57381711.0
2011-02-03T05:00:00Z,13.493095397949219,13.525588989257812,13.37124252319336,13.501218795776367,63619065.0
2011-02-04T05:00:00Z,13.48497200012207,13.501218795776367,13.387490272521973,13.493095397949219,76650431.0
2011-02-07T05:00:00Z,13.54183578491211,13.720552444458008,13.533712387084961,13.688057899475098,61790537.0
2011-02-08T05:00:00Z,13.696182250976562,13.809910774230957,13.65556526184082,13.785539627075195,59912524.0
2011-02-09T05:00:00Z,13.696182250976562,13.761170387268066,13.590577125549316,13.688057899475098,68776339.0
2011-02-10T05:00:00Z,13.62307071685791,13.71242904663086,13.598699569702148,13.688057899475098,53665322.0
2011-02-11T05:00:00Z,13.639318466186523,13.915515899658203,13.606823921203613,13.874897956848145,90898394.0
2011-02-14T05:00:00Z,13.866774559020996,13.907391548156738,13.818034172058105,13.88302230834961,43128085.0
2011-02-15T05:00:00Z,13.858652114868164,13.9317626953125,13.818034172058105,13.866774559020996,60650508.0
2011-02-16T05:00:00Z,13.915515899658203,13.956132888793945,13.858652114868164,13.939886093139648,44080140.0
2011-02-17T05:00:00Z,13.891144752502441,13.956132888793945,13.858652114868164,13.923639297485352,43641043.0
2011-02-18T05:00:00Z,13.939886093139648,13.972379684448242,13.891144752502441,13.956132888793945,39684855.0
2011-02-22T05:00:00Z,13.736799240112305,13.809910774230957,13.493095397949219,13.525588989257812,125808569.0
2011-02-23T05:00:00Z,13.517464637756348,13.62307071685791,13.298131942749023,13.468725204467773,142391001.0
2011-02-24T05:00:00Z,13.436230659484863,13.493095397949219,13.273760795593262,13.436230659484863,98899648.0
2011-02-25T05:00:00Z,13.533712387084961,13.65556526184082,13.517464637756348,13.62307071685791,61174545.0
2011-02-28T05:00:00Z,13.71242904663086,13.761170387268066,13.631194114685059,13.688057899475098,68170072.0
2011-03-01T05:00:00Z,13.728675842285156,13.728675842285156,13.395612716674805,13.395612716674805,130762113.0
2011-03-02T05:00:00Z,13.379365921020508,13.436230659484863,13.26563835144043,13.31437873840332,82293212.0
2011-03-03T05:00:00Z,13.460600852966309,13.614947319030762,13.452478408813477,13.590577125549316,103454963.0
2011-03-04T05:00:00Z,13.566205978393555,13.566205978393555,13.322502136230469,13.419983863830566,129134485.0
2011-03-07T05:00:00Z,13.452478408813477,13.517464637756348,13.273760795593262,13.330625534057617,85241580.0
2011-03-08T05:00:00Z,13.387490272521973,13.647440910339355,13.387490272521973,13.62307071685791,98070200.0
2011-03-09T05:00:00Z,13.614947319030762,13.688057899475098,13.517464637756348,13.62307071685791,87131903.0
2011-03-10T05:00:00Z,13.460600852966309,13.468725204467773,13.31437873840332,13.346872329711914,114185344.0
2011-03-11T05:00:00Z,13.26563835144043,13.476847648620605,13.26563835144043,13.436230659484863,107898504.0
2011-03-14T04:00:00Z,13.330625534057617,13.37124252319336,13.200650215148926,13.31437873840332,86120391.0
2011-03-15T04:00:00Z,12.973193168640137,13.225020408630371,12.92445182800293,13.160032272338867,127169809.0
2011-03-16T04:00:00Z,13.176279067993164,13.192525863647461,12.826970100402832,12.916328430175781,214034093.0
2011-03-17T04:00:00Z,13.09504508972168,13.111291885375977,12.916328430175781,13.070673942565918,120224753.0
2011-03-18T04:00:00Z,13.208772659301758,13.322502136230469,13.160032272338867,13.216897010803223,207386693.0
2011-03-21T04:00:00Z,13.363119125366211,13.37124252319336,13.208772659301758,13.281885147094727,95996704.0
2011-03-22T04:00:00Z,13.281885147094727,13.290007591247559,13.200650215148926,13.208772659301758,56765349.0
2011-03-23T04:00:00Z,13.168155670166016,13.216897010803223,13.013810157775879,13.176279067993164,79906795.0
2011-03-24T04:00:00Z,13.208772659301758,13.249390602111816,13.086920738220215,13.241267204284668,76789780.0
2011-03-25T04:00:00Z,13.257513999938965,13.322502136230469,13.208772659301758,13.273760795593262,55517238.0
2011-03-28T04:00:00Z,13.281885147094727,13.322502136230469,13.225020408630371,13.23314380645752,39245265.0
2011-03-29T04:00:00Z,13.208772659301758,13.26563835144043,13.127538681030273,13.257513999938965,46897284.0
2011-03-30T04:00:00Z,13.322502136230469,13.411860466003418,13.281885147094727,13.363119125366211,75779991.0
2011-03-31T04:00:00Z,13.281885147094727,13.346872329711914,13.26563835144043,13.31437873840332,60843037.0
2011-04-01T04:00:00Z,13.40373706817627,13.48497200012207,13.37124252319336,13.428107261657715,80709407.0
2011-04-04T04:00:00Z,13.428107261657715,13.48497200012207,13.354995727539062,13.411860466003418,47174874.0
2011-04-05T04:00:00Z,13.379365921020508,13.444354057312012,13.346872329711914,13.40373706817627,47211312.0
2011-04-06T04:00:00Z,13.460600852966309,13.57433032989502,13.419983863830566,13.558082580566406,81798227.0
2011-04-07T04:00:00Z,13.549959182739258,13.606823921203613,13.452478408813477,13.493095397949219,60873442.0
2011-04-08T04:00:00Z,13.558082580566406,13.582452774047852,13.338748931884766,13.37124252319336,73274290.0
2011-04-11T04:00:00Z,13.387490272521973,13.468725204467773,13.338748931884766,13.37124252319336,49493463.0
2011-04-12T04:00:00Z,13.290007591247559,13.40373706817627,13.23314380645752,13.322502136230469,78789416.0
2011-04-13T04:00:00Z,13.428107261657715,13.428107261657715,13.176279067993164,13.225020408630371,94654914.0
2011-04-14T04:00:00Z,13.119415283203125,13.143786430358887,13.038180351257324,13.103167533874512,72457522.0
2011-04-15T04:00:00Z,13.160032272338867,13.200650215148926,13.078798294067383,13.111291885375977,64317165.0
2011-04-18T04:00:00Z,12.965068817138672,12.981315612792969,12.851340293884277,12.932575225830078,102992477.0
2011-04-19T04:00:00Z,12.997563362121582,13.005685806274414,12.883833885192871,12.973193168640137,72236188.0
2011-04-20T04:00:00Z,13.070673942565918,13.078798294067383,12.95694637298584,13.005685806274414,78296032.0
2011-04-21T04:00:00Z,13.070673942565918,13.103167533874512,12.989439010620117,13.078798294067383,54159938.0
2011-04-25T04:00:00Z,13.054427146911621,13.111291885375977,13.046303749084473,13.06255054473877,37023310.0
2011-04-26T04:00:00Z,13.111291885375977,13.168155670166016,13.070673942565918,13.143786430358887,61796200.0
2011-04-27T04:00:00Z,13.176279067993164,13.257513999938965,13.078798294067383,13.225020408630371,69756092.0
2011-04-28T04:00:00Z,13.208772659301758,13.354995727539062,13.200650215148926,13.330625534057617,53786206.0
2011-04-29T04:00:00Z,13.322502136230469,13.322502136230469,13.249390602111816,13.306255340576172,30507750.0
2011-05-02T04:00:00Z,13.354995727539062,13.37124252319336,13.23314380645752,13.249390602111816,51127862.0
2011-05-03T04:00:00Z,13.216897010803223,13.338748931884766,13.208772659301758,13.306255340576172,85342891.0
2011-05-04T04:00:00Z,13.31437873840332,13.322502136230469,13.160032272338867,13.192525863647461,112329858.0
2011-05-05T04:00:00Z,13.127538681030273,13.160032272338867,12.981315612792969,13.021932601928711,103157800.0
2011-05-06T04:00:00Z,13.160032272338867,13.216897010803223,13.046303749084473,13.086920738220215,102177678.0
2011-05-09T04:00:00Z,13.046303749084473,13.086920738220215,12.989439010620117,13.054427146911621,47858203.0
2011-05-10T04:00:00Z,13.078798294067383,13.200650215148926,13.070673942565918,13.176279067993164,69163243.0
2011-05-11T04:00:00Z,13.143786430358887,13.160032272338867,12.981315612792969,12.997563362121582,97156183.0
2011-05-12T04:00:00Z,12.965068817138672,13.013810157775879,12.851340293884277,12.997563362121582,78830655.0
2011-05-13T04:00:00Z,12.997563362121582,13.021932601928711,12.794475555419922,12.810723304748535,82158787.0
2011-05-16T04:00:00Z,12.75385856628418,12.940698623657227,12.729488372802734,12.794475555419922,89906208.0
2011-05-17T04:00:00Z,12.745735168457031,12.900080680847168,12.737611770629883,12.891958236694336,98470152.0
2011-05-18T04:00:00Z,12.883833885192871,12.95694637298584,12.835092544555664,12.948822021484375,60153554.0
2011-05-19T04:00:00Z,12.997563362121582,13.005685806274414,12.900080680847168,12.948822021484375,64194311.0
2011-05-20T04:00:00Z,12.908205032348633,12.965068817138672,12.75385856628418,12.770106315612793,89394728.0
2011-05-23T04:00:00Z,12.61575984954834,12.680747032165527,12.591388702392578,12.591388702392578,93564986.0
2011-05-24T04:00:00Z,12.63200569152832,12.648253440856934,12.502031326293945,12.575141906738281,79566054.0
2011-05-25T04:00:00Z,12.510153770446777,12.656376838684082,12.510153770446777,12.583266258239746,85723147.0
2011-05-26T04:00:00Z,12.550771713256836,12.696993827819824,12.526400566101074,12.648253440856934,84613647.0
2011-05-27T04:00:00Z,12.688871383666992,12.794475555419922,12.680747032165527,12.737611770629883,61971741.0
2011-05-31T04:00:00Z,12.875711441040039,12.908205032348633,12.778228759765625,12.867587089538574,80145486.0
2011-06-01T04:00:00Z,12.818845748901367,12.826970100402832,12.420796394348145,12.437043190002441,148857321.0
2011-06-02T04:00:00Z,12.453289985656738,12.534524917602539,12.35580825805664,12.44516658782959,165873188.0
2011-06-03T04:00:00Z,12.307066917419434,12.502031326293945,12.290820121765137,12.363931655883789,119706995.0
2011-06-06T04:00:00Z,12.307066917419434,12.331438064575195,12.095856666564941,12.128351211547852,145434772.0
2011-06-07T04:00:00Z,12.217708587646484,12.258326530456543,12.08773422241211,12.103981018066406,97768974.0
2011-06-08T04:00:00Z,12.071487426757812,12.144598007202148,11.96588134765625,11.990251541137695,102198851.0
2011-06-09T04:00:00Z,12.01462173461914,12.177091598510742,11.982128143310547,12.128351211547852,73352336.0
2011-06-10T04:00:00Z,12.071487426757812,12.152721405029297,11.8765230178833,12.04711627960205,181570161.0
2011-06-13T04:00:00Z,12.095856666564941,12.201461791992188,12.022746086120605,12.168968200683594,117670798.0
2011-06-14T04:00:00Z,12.282696723937988,12.339561462402344,12.201461791992188,12.233956336975098,104946689.0
2011-06-15T04:00:00Z,12.103981018066406,12.152721405029297,11.884647369384766,11.96588134765625,188730642.0
2011-06-16T04:00:00Z,11.957757949829102,12.112104415893555,11.900894165039062,12.030868530273438,165893253.0
2011-06-17T04:00:00Z,12.120226860046387,12.144598007202148,12.038992881774902,12.095856666564941,100420179.0
2011-06-20T04:00:00Z,12.038992881774902,12.160844802856445,11.998374938964844,12.08773422241211,66083650.0
2011-06-21T04:00:00Z,12.160844802856445,12.282696723937988,12.08773422241211,12.258326530456543,95554282.0
2011-06-22T04:00:00Z,12.209586143493652,12.339561462402344,12.168968200683594,12.18521499633789,106150238.0
2011-06-23T04:00:00Z,12.038992881774902,12.095856666564941,11.91714096069336,12.063363075256348,127233698.0
2011-06-24T04:00:00Z,12.071487426757812,12.095856666564941,11.925264358520508,11.990251541137695,91530513.0
2011-06-27T04:00:00Z,11.974004745483398,12.152721405029297,11.974004745483398,12.112104415893555,61283489.0
2011-06-28T04:00:00Z,12.168968200683594,12.168968200683594,12.08773422241211,12.168968200683594,58644594.0
2011-06-29T04:00:00Z,12.282696723937988,12.437043190002441,12.250203132629395,12.420796394348145,111616001.0
2011-06-30T04:00:00Z,12.461413383483887,12.518278121948242,12.35580825805664,12.469536781311035,92703779.0
2011-07-01T04:00:00Z,12.44516658782959,12.721364974975586,12.44516658782959,12.696993827819824,77715000.0
2011-07-05T04:00:00Z,12.66450023651123,12.672623634338379,12.526400566101074,12.583266258239746,100972036.0
2011-07-06T04:00:00Z,12.49390697479248,12.526400566101074,12.420796394348145,12.518278121948242,66252174.0
2011-07-07T04:00:00Z,12.672623634338379,12.75385856628418,12.656376838684082,12.721364974975586,55920391.0
2011-07-08T04:00:00Z,12.526400566101074,12.558895111083984,12.469536781311035,12.558895111083984,76580879.0
2011-07-11T04:00:00Z,12.388301849365234,12.3964262008667,12.160844802856445,12.217708587646484,107713485.0
2011-07-12T04:00:00Z,12.168968200683594,12.339561462402344,12.152721405029297,12.168968200683594,79766707.0
2011-07-13T04:00:00Z,12.242079734802246,12.35580825805664,12.160844802856445,12.177091598510742,105923365.0
2011-07-14T04:00:00Z,12.282696723937988,12.290820121765137,12.079609870910645,12.08773422241211,150775588.0
2011-07-15T04:00:00Z,12.18521499633789,12.18521499633789,11.96588134765625,12.063363075256348,132402790.0
2011-07-18T04:00:00Z,11.998374938964844,12.01462173461914,11.76279354095459,11.900894165039062,137133277.0
2011-07-19T04:00:00Z,11.941511154174805,12.079609870910645,11.900894165039062,12.04711627960205,134575505.0
2011-07-20T04:00:00Z,12.112104415893555,12.242079734802246,12.103981018066406,12.18521499633789,118538406.0
2011-07-21T04:00:00Z,12.315191268920898,12.518278121948242,12.307066917419434,12.477660179138184,189235844.0
2011-07-22T04:00:00Z,12.502031326293945,12.510153770446777,12.388301849365234,12.44516658782959,60323309.0
2011-07-25T04:00:00Z,12.32331371307373,12.3964262008667,12.250203132629395,12.35580825805664,78466525.0
2011-07-26T04:00:00Z,12.331438064575195,12.404548645019531,12.274574279785156,12.339561462402344,113040637.0
2011-07-27T04:00:00Z,12.282696723937988,12.282696723937988,12.030868530273438,12.04711627960205,151973351.0
2011-07-28T04:00:00Z,12.071487426757812,12.193339347839355,12.022746086120605,12.0552396774292,80068056.0
2011-07-29T04:00:00Z,11.925264358520508,12.144598007202148,11.884647369384766,12.022746086120605,98119563.0
2011-08-01T04:00:00Z,12.209586143493652,12.209586143493652,11.8765230178833,11.982128143310547,91890703.0
2011-08-02T04:00:00Z,11.900894165039062,11.941511154174805,11.649065971374512,11.65718936920166,142203889.0
2011-08-03T04:00:00Z,11.673436164855957,11.730300903320312,11.478472709655762,11.714054107666016,150485442.0
2011-08-04T04:00:00Z,11.575955390930176,11.608448028564453,11.09666919708252,11.121040344238281,228842654.0
2011-08-05T04:00:00Z,11.23476791381836,11.299756050109863,10.69861888885498,10.909829139709473,220311208.0
2011-08-08T04:00:00Z,10.552395820617676,10.796100616455078,9.78066635131836,9.878148078918457,320107763.0
2011-08-09T04:00:00Z,10.178715705871582,10.641755104064941,9.78066635131836,10.641755104064941,203780725.0
2011-08-10T04:00:00Z,10.38992691040039,10.398050308227539,9.86190128326416,9.902518272399902,333138883.0
2011-08-11T04:00:00Z,10.048741340637207,10.658001899719238,9.943136215209961,10.454915046691895,342125552.0
2011-08-12T04:00:00Z,10.666125297546387,10.820470809936523,10.30869197845459,10.381802558898926,167083138.0
2011-08-15T04:00:00Z,10.511778831481934,10.722989082336426,10.511778831481934,10.714865684509277,140239829.0
2011-08-16T04:00:00Z,10.552395820617676,10.682372093200684,10.414297103881836,10.503656387329102,128292974.0
2011-08-17T04:00:00Z,10.584890365600586,10.706742286682129,10.47928524017334,10.568642616271973,117996766.0
2011-08-18T04:00:00Z,10.203086853027344,10.211210250854492,9.943136215209961,10.056863784790039,208364107.0
2011-08-19T04:00:00Z,9.886271476745605,10.203086853027344,9.82940673828125,9.853776931762695,155535619.0
2011-08-22T04:00:00Z,10.113728523254395,10.121851921081543,9.707554817199707,9.731925010681152,127443091.0
2011-08-23T04:00:00Z,9.740049362182617,10.048741340637207,9.593826293945312,10.048741340637207,170500517.0
2011-08-24T04:00:00Z,10.048741340637207,10.341185569763184,10.0,10.316816329956055,161958977.0
2011-08-25T04:00:00Z,10.690496444702148,10.828595161437988,10.146223068237305,10.284321784973145,234626754.0
2011-08-26T04:00:00Z,10.178715705871582,10.463038444519043,10.0,10.373680114746094,121201429.0
2011-08-29T04:00:00Z,10.56052017211914,10.820470809936523,10.552395820617676,10.804224014282227,119732353.0
2011-08-30T04:00:00Z,10.73111343383789,10.820470809936523,10.576766967773438,10.73111343383789,107048376.0
2011-08-31T04:00:00Z,10.828595161437988,10.950447082519531,10.763607025146484,10.86921215057373,107177384.0
2011-09-01T04:00:00Z,10.861088752746582,10.901705741882324,10.609260559082031,10.625508308410645,123459575.0
2011-09-02T04:00:00Z,10.30869197845459,10.365555763244629,10.162469863891602,10.186840057373047,131594516.0
2011-09-06T04:00:00Z,9.82940673828125,10.032493591308594,9.821284294128418,10.008123397827148,138630665.0
2011-09-07T04:00:00Z,10.21933364868164,10.503656387329102,9.837530136108398,10.487408638000488,141058813.0
2011-09-08T04:00:00Z,10.341185569763184,10.463038444519043,10.227457046508789,10.259950637817383,104926993.0
2011-09-09T04:00:00Z,10.13809871673584,10.203086853027344,9.894394874572754,9.935011863708496,158558709.0
2011-09-12T04:00:00Z,9.764418601989746,10.064988136291504,9.74817180633545,10.048741340637207,144663304.0
2011-09-13T04:00:00Z,10.113728523254395,10.227457046508789,10.0,10.113728523254395,121317389.0
2011-09-14T04:00:00Z,10.21933364868164,10.357433319091797,9.983753204345703,10.235581398010254,124639242.0
2011-09-15T04:00:00Z,10.349309921264648,10.503656387329102,10.292445182800293,10.495532035827637,128471592.0
2011-09-16T04:00:00Z,10.503656387329102,10.593013763427734,10.316816329956055,10.487408638000488,97875333.0
2011-09-19T04:00:00Z,10.268074989318848,10.292445182800293,10.113728523254395,10.203086853027344,127818546.0
2011-09-20T04:00:00Z,10.25182819366455,10.341185569763184,10.17059326171875,10.17059326171875,68153453.0
2011-09-21T04:00:00Z,10.194963455200195,10.21933364868164,9.666936874389648,9.666936874389648,147554800.0
2011-09-22T04:00:00Z,9.43947982788086,9.512591361999512,9.21202278137207,9.390739440917969,251432981.0
2011-09-23T04:00:00Z,9.325751304626465,9.528838157653809,9.309503555297852,9.488221168518066,146697901.0
2011-09-26T04:00:00Z,9.618197441101074,9.926889419555664,9.536961555480957,9.91064167022705,136811863.0
2011-09-27T04:00:00Z,10.13809871673584,10.235581398010254,9.870023727416992,9.959383010864258,173008556.0
2011-09-28T04:00:00Z,9.975629806518555,10.032493591308594,9.658814430236816,9.675061225891113,126402158.0
2011-09-29T04:00:00Z,9.926889419555664,10.008123397827148,9.675061225891113,9.943136215209961,126952784.0
2011-09-30T04:00:00Z,9.764418601989746,9.837530136108398,9.585702896118164,9.593826293945312,118365943.0
2011-10-03T04:00:00Z,9.52071475982666,9.699431419372559,9.147034645080566,9.16328239440918,197426303.0
2011-10-04T04:00:00Z,9.041430473327637,9.561331748962402,8.895207405090332,9.528838157653809,275785977.0
2011-10-05T04:00:00Z,9.504467964172363,9.723801612854004,9.317627906799316,9.666936874389648,148534060.0
2011-10-06T04:00:00Z,9.618197441101074,9.983753204345703,9.488221168518066,9.967506408691406,171494180.0
2011-10-07T04:00:00Z,10.024370193481445,10.024370193481445,9.593826293945312,9.61007308959961,189703501.0
2011-10-10T04:00:00Z,9.845653533935547,10.105605125427246,9.837530136108398,10.105605125427246,121636587.0
2011-10-11T04:00:00Z,9.975629806518555,10.178715705871582,9.935011863708496,10.097481727600098,118209237.0
2011-10-12T04:00:00Z,10.211210250854492,10.52802562713623,10.194963455200195,10.357433319091797,156456284.0
2011-10-13T04:00:00Z,10.203086853027344,10.227457046508789,9.975629806518555,10.113728523254395,143400298.0
2011-10-14T04:00:00Z,10.259950637817383,10.316816329956055,10.064988136291504,10.235581398010254,149084564.0
2011-10-17T04:00:00Z,10.154346466064453,10.178715705871582,9.894394874572754,9.9187650680542,108158491.0
2011-10-18T04:00:00Z,10.0,10.519903182983398,9.926889419555664,10.38992691040039,226470024.0
2011-10-19T04:00:00Z,10.398050308227539,10.568642616271973,10.203086853027344,10.243703842163086,163000772.0
2011-10-20T04:00:00Z,10.243703842163086,10.438668251037598,10.113728523254395,10.398050308227539,152230261.0
2011-10-21T04:00:00Z,10.544273376464844,10.682372093200684,10.495532035827637,10.666125297546387,210757910.0
2011-10-24T04:00:00Z,10.69861888885498,10.92607593536377,10.682372093200684,10.901705741882324,125120194.0
2011-10-25T04:00:00Z,10.763607025146484,10.771730422973633,10.503656387329102,10.576766967773438,169801678.0
2011-10-26T04:00:00Z,10.747360229492188,10.828595161437988,10.544273376464844,10.763607025146484,167673895.0
2011-10-27T04:00:00Z,11.283509254455566,11.510967254638672,11.112915992736816,11.40536117553711,286446930.0
2011-10-28T04:00:00Z,11.340373992919922,11.4541015625,11.251014709472656,11.413484573364258,167421540.0
2011-10-31T04:00:00Z,11.137287139892578,11.210397720336914,10.950447082519531,10.966693878173828,135847497.0
2011-11-01T04:00:00Z,10.430543899536133,10.722989082336426,10.4224214553833,10.44679069519043,263955821.0
2011-11-02T04:00:00Z,10.706742286682129,10.78797721862793,10.568642616271973,10.75548267364502,141886414.0
2011-11-03T04:00:00Z,10.893582344055176,10.982940673828125,10.56052017211914,10.942322731018066,137635648.0
2011-11-04T04:00:00Z,10.812348365783691,10.828595161437988,10.658001899719238,10.796100616455078,114088957.0
2011-11-07T05:00:00Z,10.763607025146484,10.861088752746582,10.658001899719238,10.852965354919434,101449664.0
2011-11-08T05:00:00Z,10.958569526672363,11.088545799255371,10.812348365783691,11.056052207946777,140400105.0
2011-11-09T05:00:00Z,10.739235877990723,10.763607025146484,10.4224214553833,10.454915046691895,144136559.0
2011-11-10T05:00:00Z,10.633630752563477,10.641755104064941,10.4224214553833,10.503656387329102,175243190.0
2011-11-11T05:00:00Z,10.682372093200684,10.804224014282227,10.674248695373535,10.75548267364502,113960564.0
2011-11-14T05:00:00Z,10.666125297546387,10.682372093200684,10.463038444519043,10.536149024963379,77723247.0
2011-11-15T05:00:00Z,10.454915046691895,10.666125297546387,10.4224214553833,10.584890365600586,110939567.0
2011-11-16T05:00:00Z,10.463038444519043,10.56052017211914,10.300568580627441,10.324938774108887,112264861.0
2011-11-17T05:00:00Z,10.316816329956055,10.357433319091797,10.048741340637207,10.121851921081543,178507556.0
2011-11-18T05:00:00Z,10.17059326171875,10.211210250854492,10.08935832977295,10.154346466064453,104695565.0
2011-11-21T05:00:00Z,9.959383010864258,9.983753204345703,9.82940673828125,9.902518272399902,120345391.0
2011-11-22T05:00:00Z,9.91064167022705,9.951258659362793,9.796913146972656,9.813159942626953,81508942.0
2011-11-23T05:00:00Z,9.707554817199707,9.707554817199707,9.528838157653809,9.545084953308105,101619666.0
2011-11-25T05:00:00Z,9.545084953308105,9.723801612854004,9.528838157653809,9.569456100463867,39104069.0
2011-11-28T05:00:00Z,9.943136215209961,9.951258659362793,9.74817180633545,9.853776931762695,84348120.0
2011-11-29T05:00:00Z,9.845653533935547,9.9187650680542,9.772542953491211,9.805036544799805,78328776.0
2011-11-30T05:00:00Z,10.162469863891602,10.454915046691895,10.113728523254395,10.406173706054688,168795212.0
2011-12-01T05:00:00Z,10.349309921264648,10.38992691040039,10.227457046508789,10.349309921264648,84288047.0
2011-12-02T05:00:00Z,10.454915046691895,10.682372093200684,10.454915046691895,10.487408638000488,157736524.0
2011-12-05T05:00:00Z,10.682372093200684,10.828595161437988,10.609260559082031,10.69861888885498,124016480.0
2011-12-06T05:00:00Z,10.641755104064941,10.771730422973633,10.576766967773438,10.706742286682129,69770618.0
2011-12-07T05:00:00Z,10.61738395690918,10.86921215057373,10.544273376464844,10.83671760559082,112741751.0
2011-12-08T05:00:00Z,10.722989082336426,10.722989082336426,10.381802558898926,10.414297103881836,150280849.0
2011-12-09T05:00:00Z,10.519903182983398,10.69861888885498,10.495532035827637,10.641755104064941,120871398.0
2011-12-12T05:00:00Z,10.487408638000488,10.495532035827637,10.300568580627441,10.38992691040039,120333328.0
2011-12-13T05:00:00Z,10.47928524017334,10.519903182983398,10.113728523254395,10.243703842163086,149126787.0
2011-12-14T05:00:00Z,10.129976272583008,10.324938774108887,10.113728523254395,10.203086853027344,117957251.0
2011-12-15T05:00:00Z,10.357433319091797,10.373680114746094,10.194963455200195,10.211210250854492,75845726.0
2011-12-16T05:00:00Z,10.235581398010254,10.333063125610352,10.154346466064453,10.186840057373047,122441784.0
2011-12-19T05:00:00Z,10.211210250854492,10.227457046508789,9.9187650680542,9.959383010864258,81936099.0
2011-12-20T05:00:00Z,10.146223068237305,10.381802558898926,10.13809871673584,10.333063125610352,126622630.0
2011-12-21T05:00:00Z,10.333063125610352,10.414297103881836,10.243703842163086,10.38992691040039,98054074.0
2011-12-22T05:00:00Z,10.463038444519043,10.633630752563477,10.4224214553833,10.609260559082031,79959605.0
2011-12-23T05:00:00Z,10.658001899719238,10.69861888885498,10.584890365600586,10.682372093200684,37730396.0
2011-12-27T05:00:00Z,10.641755104064941,10.73111343383789,10.61738395690918,10.625508308410645,33277869.0
2011-12-28T05:00:00Z,10.633630752563477,10.633630752563477,10.44679069519043,10.454915046691895,52844368.0
2011-12-29T05:00:00Z,10.487408638000488,10.625508308410645,10.47928524017334,10.61738395690918,46397867.0
2011-12-30T05:00:00Z,10.584890365600586,10.61738395690918,10.552395820617676,10.56052017211914,34132060.0
2012-01-03T05:00:00Z,10.78797721862793,10.942322731018066,10.779853820800781,10.83671760559082,103362023.0
2012-01-04T05:00:00Z,10.75548267364502,10.844841957092285,10.682372093200684,10.804224014282227,69833891.0
2012-01-05T05:00:00Z,10.706742286682129,11.00731086730957,10.658001899719238,10.950447082519531,89935260.0
2012-01-06T05:00:00Z,10.958569526672363,10.958569526672363,10.812348365783691,10.885458946228027,83878617.0
2012-01-09T05:00:00Z,10.92607593536377,10.991064071655273,10.86921215057373,10.942322731018066,69189586.0
2012-01-10T05:00:00Z,11.112915992736816,11.17790412902832,11.06417465209961,11.137287139892578,86035082.0
2012-01-11T05:00:00Z,11.088545799255371,11.275385856628418,11.047928810119629,11.26726245880127,80938989.0
2012-01-12T05:00:00Z,11.31600284576416,11.372867584228516,11.169780731201172,11.307880401611328,94107119.0
2012-01-13T05:00:00Z,11.080422401428223,11.23476791381836,11.031682014465332,11.226645469665527,95008949.0
2012-01-17T05:00:00Z,11.23476791381836,11.34849739074707,11.09666919708252,11.137287139892578,89019642.0
2012-01-18T05:00:00Z,11.112915992736816,11.324127197265625,11.06417465209961,11.307880401611328,118473902.0
2012-01-19T05:00:00Z,11.421607971191406,11.4541015625,11.364744186401367,11.413484573364258,131377244.0
2012-01-20T05:00:00Z,11.372867584228516,11.502842903137207,11.340373992919922,11.48659610748291,114827311.0
2012-01-23T05:00:00Z,11.494720458984375,11.608448028564453,11.4541015625,11.527214050292969,99325943.0
2012-01-24T05:00:00Z,11.413484573364258,11.527214050292969,11.356620788574219,11.510967254638672,80650073.0
2012-01-25T05:00:00Z,11.445979118347168,11.567831039428711,11.40536117553711,11.535337448120117,103761975.0
2012-01-26T05:00:00Z,11.592201232910156,11.649065971374512,11.372867584228516,11.437854766845703,104215475.0
2012-01-27T05:00:00Z,11.372867584228516,11.519089698791504,11.356620788574219,11.478472709655762,103542364.0
2012-01-30T05:00:00Z,11.34849739074707,11.397237777709961,11.275385856628418,11.372867584228516,71714490.0
2012-01-31T05:00:00Z,11.445979118347168,11.462225914001465,11.340373992919922,11.421607971191406,82584343.0
2012-02-01T05:00:00Z,11.519089698791504,11.681559562683105,11.519089698791504,11.600324630737305,87912357.0
2012-02-02T05:00:00Z,11.640941619873047,11.70592975616455,11.575955390930176,11.65718936920166,65660186.0
2012-02-03T05:00:00Z,11.852152824401855,11.974004745483398,11.835906028747559,11.974004745483398,106830735.0
2012-02-06T05:00:00Z,11.900894165039062,11.925264358520508,11.844029426574707,11.91714096069336,55279655.0
2012-02-07T05:00:00Z,11.868399620056152,11.949633598327637,11.819659233093262,11.909016609191895,56189611.0
2012-02-08T05:00:00Z,11.925264358520508,11.998374938964844,11.884647369384766,11.998374938964844,66141999.0
2012-02-09T05:00:00Z,12.04711627960205,12.071487426757812,11.884647369384766,11.949633598327637,95860801.0
2012-02-10T05:00:00Z,11.819659233093262,11.852152824401855,11.770917892456055,11.835906028747559,79561623.0
2012-02-13T05:00:00Z,11.96588134765625,11.982128143310547,11.909016609191895,11.941511154174805,57901562.0
2012-02-14T05:00:00Z,11.884647369384766,11.892769813537598,11.714054107666016,11.827781677246094,99205059.0
2012-02-15T05:00:00Z,11.860276222229004,11.91714096069336,11.722176551818848,11.754671096801758,93529534.0
2012-02-16T05:00:00Z,11.730300903320312,11.941511154174805,11.689682960510254,11.941511154174805,96074380.0
2012-02-17T05:00:00Z,11.974004745483398,12.030868530273438,11.949633598327637,12.01462173461914,75672648.0
2012-02-21T05:00:00Z,12.022746086120605,12.079609870910645,11.957757949829102,12.006499290466309,78483021.0
2012-02-22T05:00:00Z,11.949633598327637,11.990251541137695,11.844029426574707,11.852152824401855,91890457.0
2012-02-23T05:00:00Z,11.852152824401855,11.957757949829102,11.811534881591797,11.957757949829102,63968915.0
2012-02-24T05:00:00Z,11.982128143310547,11.998374938964844,11.884647369384766,11.91714096069336,63090473.0
2012-02-27T05:00:00Z,11.811534881591797,12.038992881774902,11.76279354095459,12.006499290466309,76146583.0
2012-02-28T05:00:00Z,12.030868530273438,12.071487426757812,11.949633598327637,12.038992881774902,64479411.0
2012-02-29T05:00:00Z,12.04711627960205,12.152721405029297,11.957757949829102,11.990251541137695,115620690.0
2012-03-01T05:00:00Z,12.022746086120605,12.160844802856445,12.01462173461914,12.120226860046387,81546487.0
2012-03-02T05:00:00Z,12.120226860046387,12.152721405029297,12.063363075256348,12.079609870910645,58846847.0
2012-03-05T05:00:00Z,12.04711627960205,12.04711627960205,11.96588134765625,12.030868530273438,63542127.0
2012-03-06T05:00:00Z,11.844029426574707,11.8765230178833,11.697807312011719,11.738424301147461,115379168.0
2012-03-07T05:00:00Z,11.787164688110352,11.900894165039062,11.76279354095459,11.884647369384766,82887662.0
2012-03-08T05:00:00Z,11.96588134765625,12.022746086120605,11.900894165039062,11.998374938964844,84296787.0
2012-03-09T05:00:00Z,12.038992881774902,12.160844802856445,12.01462173461914,12.095856666564941,91179308.0
2012-03-12T04:00:00Z,12.095856666564941,12.103981018066406,11.974004745483398,12.063363075256348,69292990.0
2012-03-13T04:00:00Z,12.160844802856445,12.542648315429688,12.144598007202148,12.526400566101074,226592263.0
2012-03-14T04:00:00Z,12.550771713256836,12.591388702392578,12.412672996520996,12.542648315429688,160538280.0
2012-03-15T04:00:00Z,12.591388702392578,12.78635311126709,12.485783576965332,12.761981964111328,162857361.0
2012-03-16T04:00:00Z,12.778228759765625,12.802599906921387,12.696993827819824,12.770106315612793,102174477.0
2012-03-19T04:00:00Z,12.770106315612793,12.973193168640137,12.721364974975586,12.835092544555664,139045389.0
2012-03-20T04:00:00Z,12.75385856628418,12.932575225830078,12.729488372802734,12.900080680847168,108827047.0
2012-03-21T04:00:00Z,12.948822021484375,12.95694637298584,12.810723304748535,12.843216896057129,93343529.0
2012-03-22T04:00:00Z,12.721364974975586,12.761981964111328,12.61575984954834,12.672623634338379,130459287.0
2012-03-23T04:00:00Z,12.648253440856934,12.794475555419922,12.56701946258545,12.778228759765625,90967946.0
2012-03-26T04:00:00Z,12.900080680847168,12.981315612792969,12.851340293884277,12.981315612792969,95005010.0
2012-03-27T04:00:00Z,12.965068817138672,13.005685806274414,12.843216896057129,12.859463691711426,104557816.0
2012-03-28T04:00:00Z,12.859463691711426,12.92445182800293,12.745735168457031,12.891958236694336,129709978.0
2012-03-29T04:00:00Z,12.794475555419922,12.826970100402832,12.648253440856934,12.761981964111328,126585577.0
2012-03-30T04:00:00Z,12.843216896057129,12.851340293884277,12.713240623474121,12.835092544555664,73690122.0
2012-04-02T04:00:00Z,12.778228759765625,12.989439010620117,12.75385856628418,12.932575225830078,110200843.0
2012-04-03T04:00:00Z,12.900080680847168,12.92445182800293,12.745735168457031,12.859463691711426,129060871.0
2012-04-04T04:00:00Z,12.713240623474121,12.745735168457031,12.599513053894043,12.656376838684082,104199472.0
2012-04-05T04:00:00Z,12.591388702392578,12.705118179321289,12.56701946258545,12.623883247375488,71652078.0
2012-04-09T04:00:00Z,12.380179405212402,12.49390697479248,12.347684860229492,12.428919792175293,109181083.0
2012-04-10T04:00:00Z,12.412672996520996,12.469536781311035,12.144598007202148,12.160844802856445,145531651.0
2012-04-11T04:00:00Z,12.331438064575195,12.404548645019531,12.298944473266602,12.35580825805664,91447666.0
2012-04-12T04:00:00Z,12.388301849365234,12.599513053894043,12.347684860229492,12.583266258239746,107650211.0
2012-04-13T04:00:00Z,12.558895111083984,12.558895111083984,12.266449928283691,12.290820121765137,114048334.0
2012-04-16T04:00:00Z,12.404548645019531,12.461413383483887,12.274574279785156,12.380179405212402,138138881.0
2012-04-17T04:00:00Z,12.49390697479248,12.591388702392578,12.428919792175293,12.542648315429688,81803766.0
2012-04-18T04:00:00Z,12.461413383483887,12.56701946258545,12.44516658782959,12.461413383483887,65399829.0
2012-04-19T04:00:00Z,12.534524917602539,12.534524917602539,12.315191268920898,12.404548645019531,131280980.0
2012-04-20T04:00:00Z,12.461413383483887,12.461413383483887,12.331438064575195,12.339561462402344,68882944.0
2012-04-23T04:00:00Z,12.144598007202148,12.258326530456543,12.120226860046387,12.250203132629395,91121944.0
2012-04-24T04:00:00Z,12.258326530456543,12.388301849365234,12.258326530456543,12.388301849365234,76151999.0
2012-04-25T04:00:00Z,12.477660179138184,12.526400566101074,12.380179405212402,12.49390697479248,91385378.0
2012-04-26T04:00:00Z,12.453289985656738,12.63200569152832,12.44516658782959,12.599513053894043,58432862.0
2012-04-27T04:00:00Z,12.656376838684082,12.66450023651123,12.518278121948242,12.607636451721191,59668663.0
2012-04-30T04:00:00Z,12.558895111083984,12.583266258239746,12.453289985656738,12.534524917602539,71007527.0
2012-05-01T04:00:00Z,12.534524917602539,12.761981964111328,12.518278121948242,12.66450023651123,103766530.0
2012-05-02T04:00:00Z,12.575141906738281,12.599513053894043,12.469536781311035,12.56701946258545,69602094.0
2012-05-03T04:00:00Z,12.575141906738281,12.583266258239746,12.412672996520996,12.461413383483887,104392985.0
2012-05-04T04:00:00Z,12.363931655883789,12.404548645019531,12.217708587646484,12.266449928283691,95088718.0
2012-05-07T04:00:00Z,12.18521499633789,12.380179405212402,12.18521499633789,12.339561462402344,101873252.0
2012-05-08T04:00:00Z,12.250203132629395,12.315191268920898,12.144598007202148,12.258326530456543,100957018.0
2012-05-09T04:00:00Z,12.103981018066406,12.209586143493652,12.022746086120605,12.120226860046387,116092656.0
2012-05-10T04:00:00Z,12.274574279785156,12.298944473266602,12.144598007202148,12.168968200683594,79928091.0
2012-05-11T04:00:00Z,11.909016609191895,12.144598007202148,11.892769813537598,12.030868530273438,123047067.0
2012-05-14T04:00:00Z,11.860276222229004,11.91714096069336,11.779041290283203,11.787164688110352,112880977.0
2012-05-15T04:00:00Z,11.7952880859375,11.868399620056152,11.697807312011719,11.722176551818848,122145975.0
2012-05-16T04:00:00Z,11.803412437438965,11.860276222229004,11.543460845947266,11.551584243774414,143225373.0
2012-05-17T04:00:00Z,11.535337448120117,11.551584243774414,11.307880401611328,11.31600284576416,190024423.0
2012-05-18T04:00:00Z,11.356620788574219,11.356620788574219,11.14540958404541,11.186027526855469,151363760.0
2012-05-21T04:00:00Z,11.23476791381836,11.364744186401367,11.129162788391113,11.291632652282715,106559053.0
2012-05-22T04:00:00Z,11.364744186401367,11.567831039428711,11.299756050109863,11.380990982055664,121446767.0
2012-05-23T04:00:00Z,11.275385856628418,11.445979118347168,11.169780731201172,11.421607971191406,137010300.0
2012-05-24T04:00:00Z,11.478472709655762,11.494720458984375,11.307880401611328,11.429732322692871,99869922.0
2012-05-25T04:00:00Z,11.413484573364258,11.48659610748291,11.356620788574219,11.389115333557129,51386864.0
2012-05-29T04:00:00Z,11.502842903137207,11.559707641601562,11.445979118347168,11.551584243774414,90323886.0
2012-05-30T04:00:00Z,11.421607971191406,11.437854766845703,11.283509254455566,11.283509254455566,104857811.0
2012-05-31T04:00:00Z,11.307880401611328,11.478472709655762,11.194150924682617,11.380990982055664,110352133.0
2012-06-01T04:00:00Z,11.161657333374023,11.17790412902832,10.950447082519531,10.958569526672363,124009217.0
2012-06-04T04:00:00Z,11.00731086730957,11.00731086730957,10.804224014282227,10.852965354919434,97012771.0
2012-06-05T04:00:00Z,10.828595161437988,11.056052207946777,10.820470809936523,11.031682014465332,123895103.0
2012-06-06T04:00:00Z,11.14540958404541,11.364744186401367,11.09666919708252,11.356620788574219,120034933.0
2012-06-07T04:00:00Z,11.527214050292969,11.567831039428711,11.31600284576416,11.34849739074707,114277300.0
2012-06-08T04:00:00Z,11.307880401611328,11.48659610748291,11.226645469665527,11.48659610748291,74612757.0
2012-06-11T04:00:00Z,11.632819175720215,11.640941619873047,11.259139060974121,11.275385856628418,126832761.0
2012-06-12T04:00:00Z,11.299756050109863,11.4541015625,11.202275276184082,11.445979118347168,105210246.0
2012-06-13T04:00:00Z,11.389115333557129,11.559707641601562,11.34849739074707,11.40536117553711,118488551.0
2012-06-14T04:00:00Z,11.429732322692871,11.600324630737305,11.397237777709961,11.543460845947266,127557943.0
2012-06-15T04:00:00Z,11.551584243774414,11.65718936920166,11.470349311828613,11.649065971374512,104497005.0
2012-06-18T04:00:00Z,11.575955390930176,11.681559562683105,11.527214050292969,11.584077835083008,83680426.0
2012-06-19T04:00:00Z,11.65718936920166,11.835906028747559,11.649065971374512,11.779041290283203,79604585.0
2012-06-20T04:00:00Z,11.803412437438965,11.884647369384766,11.689682960510254,11.803412437438965,108411585.0
2012-06-21T04:00:00Z,11.827781677246094,11.884647369384766,11.519089698791504,11.543460845947266,88837454.0
2012-06-22T04:00:00Z,11.62469482421875,11.689682960510254,11.584077835083008,11.649065971374512,55259836.0
2012-06-25T04:00:00Z,11.478472709655762,11.48659610748291,11.34849739074707,11.40536117553711,62777553.0
2012-06-26T04:00:00Z,11.4541015625,11.527214050292969,11.364744186401367,11.462225914001465,65826371.0
2012-06-27T04:00:00Z,11.519089698791504,11.640941619873047,11.4541015625,11.600324630737305,69296314.0
2012-06-28T04:00:00Z,11.478472709655762,11.600324630737305,11.389115333557129,11.592201232910156,85956791.0
2012-06-29T04:00:00Z,11.8765230178833,11.900894165039062,11.787164688110352,11.892769813537598,76394260.0
2012-07-02T04:00:00Z,11.949633598327637,11.982128143310547,11.819659233093262,11.96588134765625,75570598.0
2012-07-03T04:00:00Z,11.941511154174805,12.063363075256348,11.91714096069336,12.030868530273438,39736188.0
2012-07-05T04:00:00Z,11.974004745483398,11.974004745483398,11.835906028747559,11.852152824401855,54074506.0
2012-07-06T04:00:00Z,11.697807312011719,11.7952880859375,11.689682960510254,11.754671096801758,55147815.0
2012-07-09T04:00:00Z,11.722176551818848,11.779041290283203,11.673436164855957,11.738424301147461,45911499.0
2012-07-10T04:00:00Z,11.827781677246094,11.860276222229004,11.600324630737305,11.649065971374512,79133604.0
2012-07-11T04:00:00Z,11.65718936920166,11.787164688110352,11.640941619873047,11.74654769897461,97988216.0
2012-07-12T04:00:00Z,11.640941619873047,11.697807312011719,11.575955390930176,11.62469482421875,66861519.0
2012-07-13T04:00:00Z,11.681559562683105,11.96588134765625,11.681559562683105,11.949633598327637,95969252.0
2012-07-16T04:00:00Z,11.957757949829102,11.974004745483398,11.868399620056152,11.925264358520508,61542737.0
2012-07-17T04:00:00Z,12.006499290466309,12.006499290466309,11.803412437438965,11.990251541137695,77759685.0
2012-07-18T04:00:00Z,11.949633598327637,12.006499290466309,11.892769813537598,11.93338680267334,68192230.0
2012-07-19T04:00:00Z,11.949633598327637,11.982128143310547,11.811534881591797,11.860276222229004,61045906.0
2012-07-20T04:00:00Z,11.770917892456055,11.779041290283203,11.665312767028809,11.681559562683105,69130498.0
2012-07-23T04:00:00Z,11.462225914001465,11.616572380065918,11.445979118347168,11.584077835083008,72823006.0
2012-07-24T04:00:00Z,11.616572380065918,11.616572380065918,11.445979118347168,11.551584243774414,55617072.0
2012-07-25T04:00:00Z,11.616572380065918,11.65718936920166,11.527214050292969,11.592201232910156,55276209.0
2012-07-26T04:00:00Z,11.770917892456055,11.803412437438965,11.697807312011719,11.770917892456055,69291513.0
2012-07-27T04:00:00Z,11.852152824401855,12.063363075256348,11.7952880859375,11.990251541137695,85430785.0
2012-07-30T04:00:00Z,11.96588134765625,12.038992881774902,11.93338680267334,11.96588134765625,45241343.0
2012-07-31T04:00:00Z,11.925264358520508,11.96588134765625,11.884647369384766,11.909016609191895,57458525.0
2012-08-01T04:00:00Z,11.957757949829102,11.998374938964844,11.852152824401855,11.852152824401855,99654866.0
2012-08-02T04:00:00Z,11.74654769897461,11.844029426574707,11.649065971374512,11.76279354095459,78094271.0
2012-08-03T04:00:00Z,11.941511154174805,12.103981018066406,11.925264358520508,12.038992881774902,98849054.0
2012-08-06T04:00:00Z,12.112104415893555,12.177091598510742,12.071487426757812,12.08773422241211,50850271.0
2012-08-07T04:00:00Z,12.120226860046387,12.233956336975098,12.112104415893555,12.136473655700684,43945346.0
2012-08-08T04:00:00Z,12.08773422241211,12.18521499633789,12.079609870910645,12.136473655700684,32388964.0
2012-08-09T04:00:00Z,12.120226860046387,12.193339347839355,12.095856666564941,12.128351211547852,32552810.0
2012-08-10T04:00:00Z,12.08773422241211,12.160844802856445,12.0552396774292,12.136473655700684,21702038.0
2012-08-13T04:00:00Z,12.112104415893555,12.160844802856445,12.063363075256348,12.144598007202148,20176829.0
2012-08-14T04:00:00Z,12.217708587646484,12.233956336975098,12.103981018066406,12.128351211547852,28338974.0
2012-08-15T04:00:00Z,12.136473655700684,12.209586143493652,12.112104415893555,12.168968200683594,24638834.0
2012-08-16T04:00:00Z,12.209586143493652,12.282696723937988,12.136473655700684,12.250203132629395,40100933.0
2012-08-17T04:00:00Z,12.290820121765137,12.298944473266602,12.250203132629395,12.290820121765137,29729389.0
2012-08-20T04:00:00Z,12.282696723937988,12.331438064575195,12.258326530456543,12.32331371307373,31691726.0
2012-08-21T04:00:00Z,12.372055053710938,12.49390697479248,12.315191268920898,12.363931655883789,50864181.0
2012-08-22T04:00:00Z,12.32331371307373,12.3964262008667,12.274574279785156,12.347684860229492,57712973.0
2012-08-23T04:00:00Z,12.32331371307373,12.339561462402344,12.209586143493652,12.22583293914795,50210028.0
2012-08-24T04:00:00Z,12.177091598510742,12.331438064575195,12.160844802856445,12.290820121765137,33998620.0
2012-08-27T04:00:00Z,12.331438064575195,12.339561462402344,12.250203132629395,12.282696723937988,22600791.0
2012-08-28T04:00:00Z,12.242079734802246,12.339561462402344,12.22583293914795,12.266449928283691,27816907.0
2012-08-29T04:00:00Z,12.290820121765137,12.32331371307373,12.250203132629395,12.290820121765137,22826310.0
2012-08-30T04:00:00Z,12.233956336975098,12.266449928283691,12.160844802856445,12.22583293914795,31546837.0
2012-08-31T04:00:00Z,12.298944473266602,12.347684860229492,12.22583293914795,12.315191268920898,64889457.0
2012-09-04T04:00:00Z,12.290820121765137,12.347684860229492,12.242079734802246,12.315191268920898,36182168.0
2012-09-05T04:00:00Z,12.315191268920898,12.35580825805664,12.274574279785156,12.315191268920898,32883211.0
2012-09-06T04:00:00Z,12.380179405212402,12.61575984954834,12.380179405212402,12.607636451721191,64472271.0
2012-09-07T04:00:00Z,12.648253440856934,12.761981964111328,12.648253440856934,12.737611770629883,57754827.0
2012-09-10T04:00:00Z,12.721364974975586,12.761981964111328,12.623883247375488,12.63200569152832,52705757.0
2012-09-11T04:00:00Z,12.63200569152832,12.745735168457031,12.607636451721191,12.737611770629883,70453823.0
2012-09-12T04:00:00Z,12.802599906921387,12.851340293884277,12.75385856628418,12.78635311126709,62693107.0
2012-09-13T04:00:00Z,12.778228759765625,13.160032272338867,12.737611770629883,13.119415283203125,172620053.0
2012-09-14T04:00:00Z,13.225020408630371,13.354995727539062,13.184403419494629,13.225020408630371,150418352.0
2012-09-17T04:00:00Z,13.176279067993164,13.225020408630371,13.070673942565918,13.103167533874512,60313214.0
2012-09-18T04:00:00Z,13.054427146911621,13.086920738220215,12.997563362121582,13.038180351257324,81750341.0
2012-09-19T04:00:00Z,13.070673942565918,13.119415283203125,13.005685806274414,13.030056953430176,80701652.0
2012-09-20T04:00:00Z,12.908205032348633,12.965068817138672,12.843216896057129,12.95694637298584,81109728.0
2012-09-21T04:00:00Z,13.013810157775879,13.013810157775879,12.851340293884277,12.859463691711426,42195603.0
2012-09-24T04:00:00Z,12.770106315612793,12.92445182800293,12.770106315612793,12.867587089538574,46410423.0
2012-09-25T04:00:00Z,12.900080680847168,12.940698623657227,12.66450023651123,12.672623634338379,88561833.0
2012-09-26T04:00:00Z,12.63200569152832,12.656376838684082,12.550771713256836,12.591388702392578,64955438.0
2012-09-27T04:00:00Z,12.66450023651123,12.770106315612793,12.623883247375488,12.705118179321289,57130095.0
2012-09-28T04:00:00Z,12.656376838684082,12.737611770629883,12.607636451721191,12.66450023651123,56713893.0
2012-10-01T04:00:00Z,12.75385856628418,12.875711441040039,12.688871383666992,12.721364974975586,66024193.0
2012-10-02T04:00:00Z,12.802599906921387,12.802599906921387,12.688871383666992,12.745735168457031,54014310.0
2012-10-03T04:00:00Z,12.802599906921387,12.908205032348633,12.721364974975586,12.859463691711426,68035400.0
2012-10-04T04:00:00Z,12.932575225830078,13.070673942565918,12.908205032348633,13.054427146911621,95948941.0
2012-10-05T04:00:00Z,13.143786430358887,13.184403419494629,13.005685806274414,13.046303749084473,76084786.0
2012-10-08T04:00:00Z,12.981315612792969,13.06255054473877,12.965068817138672,13.038180351257324,36612525.0
2012-10-09T04:00:00Z,13.046303749084473,13.09504508972168,12.916328430175781,12.95694637298584,90105261.0
2012-10-10T04:00:00Z,12.948822021484375,13.005685806274414,12.875711441040039,12.948822021484375,76931837.0
2012-10-11T04:00:00Z,13.078798294067383,13.103167533874512,12.997563362121582,13.021932601928711,75143933.0
2012-10-12T04:00:00Z,12.908205032348633,12.989439010620117,12.802599906921387,12.843216896057129,91271141.0
2012-10-15T04:00:00Z,12.891958236694336,13.005685806274414,12.835092544555664,12.989439010620117,68673674.0
2012-10-16T04:00:00Z,13.054427146911621,13.127538681030273,13.030056953430176,13.070673942565918,94636818.0
2012-10-17T04:00:00Z,13.119415283203125,13.249390602111816,13.103167533874512,13.241267204284668,70444591.0
2012-10-18T04:00:00Z,13.208772659301758,13.31437873840332,13.192525863647461,13.26563835144043,63453495.0
2012-10-19T04:00:00Z,13.23314380645752,13.23314380645752,13.021932601928711,13.086920738220215,75531821.0
2012-10-22T04:00:00Z,13.070673942565918,13.119415283203125,12.965068817138672,13.086920738220215,129434726.0
2012-10-23T04:00:00Z,12.916328430175781,12.92445182800293,12.818845748901367,12.867587089538574,79617756.0
2012-10-24T04:00:00Z,12.948822021484375,12.973193168640137,12.851340293884277,12.867587089538574,64741983.0
2012-10-25T04:00:00Z,12.989439010620117,13.013810157775879,12.810723304748535,12.900080680847168,65027206.0
2012-10-26T04:00:00Z,12.883833885192871,12.908205032348633,12.745735168457031,12.835092544555664,69489581.0
2012-10-31T04:00:00Z,12.883833885192871,12.92445182800293,12.826970100402832,12.916328430175781,53059793.0
2012-11-01T04:00:00Z,12.932575225830078,13.078798294067383,12.908205032348633,13.078798294067383,72143001.0
2012-11-02T04:00:00Z,13.151908874511719,13.160032272338867,12.973193168640137,12.997563362121582,65960673.0
2012-11-05T05:00:00Z,12.95694637298584,12.997563362121582,12.835092544555664,12.973193168640137,54580447.0
2012-11-06T05:00:00Z,13.013810157775879,13.160032272338867,13.005685806274414,13.119415283203125,49350790.0
2012-11-07T05:00:00Z,12.932575225830078,12.948822021484375,12.656376838684082,12.680747032165527,143868817.0
2012-11-08T05:00:00Z,12.737611770629883,12.843216896057129,12.56701946258545,12.575141906738281,114104714.0
2012-11-09T05:00:00Z,12.518278121948242,12.729488372802734,12.502031326293945,12.591388702392578,95030861.0
2012-11-12T05:00:00Z,12.648253440856934,12.648253440856934,12.56701946258545,12.61575984954834,41658271.0
2012-11-13T05:00:00Z,12.518278121948242,12.696993827819824,12.49390697479248,12.526400566101074,63960298.0
2012-11-14T05:00:00Z,12.550771713256836,12.591388702392578,12.266449928283691,12.307066917419434,84265766.0
2012-11-15T05:00:00Z,12.307066917419434,12.428919792175293,12.274574279785156,12.331438064575195,85757861.0
2012-11-16T05:00:00Z,12.363931655883789,12.428919792175293,12.233956336975098,12.412672996520996,77888940.0
2012-11-19T05:00:00Z,12.591388702392578,12.66450023651123,12.583266258239746,12.648253440856934,64199481.0
2012-11-20T05:00:00Z,12.61575984954834,12.75385856628418,12.575141906738281,12.713240623474121,49879012.0
2012-11-21T05:00:00Z,12.721364974975586,12.737611770629883,12.640130043029785,12.713240623474121,32286422.0
2012-11-23T05:00:00Z,12.810723304748535,12.875711441040039,12.778228759765625,12.867587089538574,25337304.0
2012-11-26T05:00:00Z,12.802599906921387,12.826970100402832,12.737611770629883,12.818845748901367,37321089.0
2012-11-27T05:00:00Z,12.794475555419922,12.843216896057129,12.688871383666992,12.705118179321289,61359564.0
2012-11-28T05:00:00Z,12.63200569152832,12.770106315612793,12.534524917602539,12.75385856628418,58569995.0
2012-11-29T05:00:00Z,12.818845748901367,12.867587089538574,12.75385856628418,12.818845748901367,48775790.0
2012-11-30T05:00:00Z,12.810723304748535,12.859463691711426,12.75385856628418,12.802599906921387,36530910.0
2012-12-03T05:00:00Z,12.843216896057129,12.883833885192871,12.745735168457031,12.75385856628418,62742593.0
2012-12-04T05:00:00Z,12.75385856628418,12.78635311126709,12.656376838684082,12.721364974975586,48549409.0
2012-12-05T05:00:00Z,12.761981964111328,12.940698623657227,12.729488372802734,12.875711441040039,57255164.0
2012-12-06T05:00:00Z,12.883833885192871,12.92445182800293,12.843216896057129,12.916328430175781,42609219.0
2012-12-07T05:00:00Z,12.989439010620117,13.021932601928711,12.932575225830078,13.021932601928711,44538688.0
2012-12-10T05:00:00Z,12.981315612792969,13.030056953430176,12.940698623657227,12.989439010620117,59304164.0
2012-12-11T05:00:00Z,13.046303749084473,13.111291885375977,13.005685806274414,13.054427146911621,58723378.0
2012-12-12T05:00:00Z,13.111291885375977,13.225020408630371,13.078798294067383,13.111291885375977,68531370.0
2012-12-13T05:00:00Z,13.111291885375977,13.135662078857422,13.005685806274414,13.046303749084473,50848055.0
2012-12-14T05:00:00Z,13.030056953430176,13.054427146911621,12.981315612792969,12.997563362121582,43026404.0
2012-12-17T05:00:00Z,13.078798294067383,13.273760795593262,13.070673942565918,13.26563835144043,85069486.0
2012-12-18T05:00:00Z,13.338748931884766,13.476847648620605,13.290007591247559,13.460600852966309,86535115.0
2012-12-19T05:00:00Z,13.493095397949219,13.509342193603516,13.37124252319336,13.379365921020508,90697864.0
2012-12-20T05:00:00Z,13.395612716674805,13.566205978393555,13.387490272521973,13.566205978393555,76288517.0
2012-12-21T05:00:00Z,13.249390602111816,13.379365921020508,13.23314380645752,13.322502136230469,72313987.0
2012-12-24T05:00:00Z,13.257513999938965,13.330625534057617,13.249390602111816,13.298131942749023,29586100.0
2012-12-26T05:00:00Z,13.322502136230469,13.346872329711914,13.249390602111816,13.298131942749023,36545928.0
2012-12-27T05:00:00Z,13.322502136230469,13.346872329711914,13.070673942565918,13.249390602111816,54714996.0
2012-12-28T05:00:00Z,13.160032272338867,13.249390602111816,13.127538681030273,13.143786430358887,39480386.0
2012-12-31T05:00:00Z,13.127538681030273,13.330625534057617,13.09504508972168,13.31437873840332,73574162.0
2013-01-02T05:00:00Z,13.647440910339355,13.71242904663086,13.598699569702148,13.704304695129395,86126792.0
2013-01-03T05:00:00Z,13.704304695129395,13.728675842285156,13.631194114685059,13.688057899475098,59026942.0
2013-01-04T05:00:00Z,13.71242904663086,13.874897956848145,13.679935455322266,13.8505277633667,54822954.0
2013-01-07T05:00:00Z,13.826157569885254,13.834280967712402,13.736799240112305,13.818034172058105,44491664.0
2013-01-08T05:00:00Z,13.79366397857666,13.801787376403809,13.71242904663086,13.777417182922363,51457154.0
2013-01-09T05:00:00Z,13.809910774230957,13.88302230834961,13.71242904663086,13.761170387268066,59736737.0
2013-01-10T05:00:00Z,13.874897956848145,13.948010444641113,13.809910774230957,13.9317626953125,75427432.0
2013-01-11T05:00:00Z,13.899269104003906,13.907391548156738,13.809910774230957,13.899269104003906,52621188.0
2013-01-14T05:00:00Z,13.88302230834961,13.899269104003906,13.777417182922363,13.858652114868164,47142130.0
2013-01-15T05:00:00Z,13.79366397857666,13.9317626953125,13.769292831420898,13.915515899658203,51769213.0
2013-01-16T05:00:00Z,13.907391548156738,13.948010444641113,13.842405319213867,13.923639297485352,71678176.0
2013-01-17T05:00:00Z,13.9317626953125,13.96425724029541,13.874897956848145,13.915515899658203,69721255.0
2013-01-18T05:00:00Z,13.907391548156738,13.948010444641113,13.834280967712402,13.9317626953125,70050794.0
2013-01-22T05:00:00Z,13.907391548156738,14.061738014221191,13.907391548156738,14.061738014221191,52164733.0
2013-01-23T05:00:00Z,14.053614616394043,14.069862365722656,13.980504035949707,14.053614616394043,46065374.0
2013-01-24T05:00:00Z,14.094231605529785,14.207961082458496,14.061738014221191,14.126726150512695,82546675.0
2013-01-25T05:00:00Z,14.1917142868042,14.199837684631348,14.10235595703125,14.1917142868042,56354565.0
2013-01-28T05:00:00Z,14.207961082458496,14.216083526611328,14.077984809875488,14.134849548339844,38270928.0
2013-01-29T05:00:00Z,14.10235595703125,14.207961082458496,14.086109161376953,14.1917142868042,46096888.0
2013-01-30T05:00:00Z,14.159219741821289,14.18359088897705,14.094231605529785,14.126726150512695,39875044.0
2013-01-31T05:00:00Z,14.10235595703125,14.142972946166992,14.053614616394043,14.118602752685547,43701239.0
2013-02-01T05:00:00Z,14.1917142868042,14.346059799194336,14.1917142868042,14.305442810058594,71294104.0
2013-02-04T05:00:00Z,14.207961082458496,14.24045467376709,14.110479354858398,14.142972946166992,61435148.0
2013-02-05T05:00:00Z,14.216083526611328,14.329813003540039,14.1917142868042,14.281071662902832,58311731.0
2013-02-06T05:00:00Z,14.199837684631348,14.313566207885742,14.18359088897705,14.305442810058594,36912889.0
2013-02-07T05:00:00Z,14.337937355041504,14.3541841506958,14.151097297668457,14.264824867248535,62169070.0
2013-02-08T05:00:00Z,14.289196014404297,14.313566207885742,14.256702423095703,14.297319412231445,54945808.0
2013-02-11T05:00:00Z,14.297319412231445,14.386676788330078,14.27294921875,14.362306594848633,34986990.0
2013-02-12T05:00:00Z,14.378554344177246,14.49228286743164,14.329813003540039,14.476036071777344,68228421.0
2013-02-13T05:00:00Z,14.508529663085938,14.516653060913086,14.386676788330078,14.443541526794434,49634536.0
2013-02-14T05:00:00Z,14.386676788330078,14.500406265258789,14.370430946350098,14.49228286743164,38606376.0
2013-02-15T05:00:00Z,14.52477741241455,14.532899856567383,14.378554344177246,14.427294731140137,78615969.0
2013-02-19T05:00:00Z,14.476036071777344,14.573516845703125,14.459789276123047,14.565394401550293,54735061.0
2013-02-20T05:00:00Z,14.557271003723145,14.565394401550293,14.337937355041504,14.346059799194336,67902699.0
2013-02-21T05:00:00Z,14.32168960571289,14.32168960571289,14.175466537475586,14.232331275939941,64595863.0
2013-02-22T05:00:00Z,14.329813003540039,14.41104793548584,14.305442810058594,14.41104793548584,53303285.0
2013-02-25T05:00:00Z,14.500406265258789,14.500406265258789,14.0129976272583,14.02112102508545,88097007.0
2013-02-26T05:00:00Z,14.10235595703125,14.134849548339844,13.939886093139648,14.094231605529785,91502446.0
2013-02-27T05:00:00Z,14.069862365722656,14.346059799194336,14.061738014221191,14.313566207885742,77002374.0
2013-02-28T05:00:00Z,14.313566207885742,14.41104793548584,14.256702423095703,14.289196014404297,76742387.0
2013-03-01T05:00:00Z,14.18359088897705,14.370430946350098,14.10235595703125,14.329813003540039,63689232.0
2013-03-04T05:00:00Z,14.289196014404297,14.459789276123047,14.27294921875,14.451664924621582,44648986.0
2013-03-05T05:00:00Z,14.541024208068848,14.66287612915039,14.516653060913086,14.573516845703125,81640166.0
2013-03-06T05:00:00Z,14.679122924804688,14.727864265441895,14.606011390686035,14.670998573303223,81642628.0
2013-03-07T05:00:00Z,14.703493118286133,14.792851448059082,14.703493118286133,14.776603698730469,58971794.0
2013-03-08T05:00:00Z,14.865962982177734,14.882209777832031,14.71973991394043,14.817221641540527,75238474.0
2013-03-11T04:00:00Z,14.825345039367676,14.955321311950684,14.784728050231934,14.930950164794922,60897570.0
2013-03-12T04:00:00Z,14.914703369140625,14.930950164794922,14.809098243713379,14.849716186523438,40250869.0
2013-03-13T04:00:00Z,14.865962982177734,14.906579971313477,14.817221641540527,14.89033317565918,29836732.0
2013-03-14T04:00:00Z,14.947196960449219,15.012185096740723,14.922826766967773,14.987814903259277,82792382.0
2013-03-15T04:00:00Z,14.93907356262207,15.004061698913574,14.865962982177734,14.987814903259277,61508885.0
2013-03-18T04:00:00Z,14.792851448059082,14.906579971313477,14.760356903076172,14.841591835021973,50767302.0
2013-03-19T04:00:00Z,14.906579971313477,14.922826766967773,14.670998573303223,14.760356903076172,80060793.0
2013-03-20T04:00:00Z,14.841591835021973,14.89033317565918,14.817221641540527,14.85783863067627,77461167.0
2013-03-21T04:00:00Z,14.776603698730469,14.83346939086914,14.679122924804688,14.679122924804688,70564736.0
2013-03-22T04:00:00Z,14.760356903076172,14.792851448059082,14.687246322631836,14.768481254577637,54333878.0
2013-03-25T04:00:00Z,14.825345039367676,14.865962982177734,14.646629333496094,14.727864265441895,61043567.0
2013-03-26T04:00:00Z,14.784728050231934,14.83346939086914,14.727864265441895,14.825345039367676,59791763.0
2013-03-27T04:00:00Z,14.71973991394043,14.768481254577637,14.670998573303223,14.75223445892334,39216336.0
2013-03-28T04:00:00Z,14.744110107421875,14.80097484588623,14.711617469787598,14.792851448059082,31685325.0
2013-04-01T04:00:00Z,14.784728050231934,14.841591835021973,14.670998573303223,14.71973991394043,27318475.0
2013-04-02T04:00:00Z,14.760356903076172,14.825345039367676,14.75223445892334,14.809098243713379,49287270.0
2013-04-03T04:00:00Z,14.817221641540527,14.817221641540527,14.508529663085938,14.565394401550293,109156340.0
2013-04-04T04:00:00Z,14.573516845703125,14.703493118286133,14.573516845703125,14.695369720458984,68118247.0
2013-04-05T04:00:00Z,14.459789276123047,14.670998573303223,14.435418128967285,14.646629333496094,73523198.0
2013-04-08T04:00:00Z,14.63038158416748,14.80097484588623,14.573516845703125,14.792851448059082,51458508.0
2013-04-09T04:00:00Z,14.83346939086914,14.930950164794922,14.776603698730469,14.83346939086914,62398898.0
2013-04-10T04:00:00Z,14.89033317565918,15.052803039550781,14.89033317565918,15.036556243896484,82560708.0
2013-04-11T04:00:00Z,15.044678688049316,15.150283813476562,14.995938301086426,15.069049835205078,60166233.0
2013-04-12T04:00:00Z,14.97156810760498,15.044678688049316,14.922826766967773,15.004061698913574,56836255.0
2013-04-15T04:00:00Z,14.979690551757812,15.052803039550781,14.670998573303223,14.687246322631836,88256176.0
2013-04-16T04:00:00Z,14.83346939086914,14.930950164794922,14.735986709594727,14.914703369140625,55160987.0
2013-04-17T04:00:00Z,14.776603698730469,14.792851448059082,14.516653060913086,14.638504981994629,97644397.0
2013-04-18T04:00:00Z,14.63038158416748,14.638504981994629,14.419171333312988,14.484159469604492,75975843.0
2013-04-19T04:00:00Z,14.532899856567383,14.695369720458984,14.516653060913086,14.687246322631836,66982034.0
2013-04-22T04:00:00Z,14.71973991394043,14.727864265441895,14.557271003723145,14.703493118286133,53919154.0
2013-04-23T04:00:00Z,14.817221641540527,14.979690551757812,14.80097484588623,14.97156810760498,92145028.0
2013-04-24T04:00:00Z,14.987814903259277,15.085296630859375,14.97156810760498,15.06092643737793,46441322.0
2013-04-25T04:00:00Z,15.117790222167969,15.239643096923828,15.085296630859375,15.150283813476562,44356254.0
2013-04-26T04:00:00Z,15.125913619995117,15.158408164978027,15.020309448242188,15.085296630859375,29434318.0
2013-04-29T04:00:00Z,15.150283813476562,15.174654960632324,15.085296630859375,15.150283813476562,36910920.0
2013-04-30T04:00:00Z,15.14216136932373,15.19902515411377,15.077173233032227,15.190901756286621,50558770.0
2013-05-01T04:00:00Z,15.16653060913086,15.182778358459473,15.012185096740723,15.020309448242188,49923082.0
2013-05-02T04:00:00Z,15.069049835205078,15.174654960632324,15.044678688049316,15.150283813476562,54011356.0
2013-05-03T04:00:00Z,15.304630279541016,15.385865211486816,15.288382530212402,15.312753677368164,50393078.0
2013-05-06T04:00:00Z,15.353370666503906,15.491470336914062,15.345248222351074,15.47522258758545,29340516.0
2013-05-07T04:00:00Z,15.532088279724121,15.605198860168457,15.442728996276855,15.556458473205566,48645304.0
2013-05-08T04:00:00Z,15.556458473205566,15.702680587768555,15.50771713256836,15.686433792114258,77939657.0
2013-05-09T04:00:00Z,15.694557189941406,15.694557189941406,15.532088279724121,15.572705268859863,46510750.0
2013-05-10T04:00:00Z,15.58895206451416,15.637693405151367,15.540210723876953,15.637693405151367,65637289.0
2013-05-13T04:00:00Z,15.613323211669922,15.718928337097168,15.572705268859863,15.686433792114258,38763821.0
2013-05-14T04:00:00Z,15.718928337097168,16.051990509033203,15.702680587768555,15.954508781433105,42067209.0
2013-05-15T04:00:00Z,15.954508781433105,16.141347885131836,15.913890838623047,16.100730895996094,58081658.0
2013-05-16T04:00:00Z,16.0682373046875,16.157594680786133,15.954508781433105,15.995125770568848,46165208.0
2013-05-17T04:00:00Z,16.0682373046875,16.214460372924805,16.06011390686035,16.206335067749023,59018818.0
2013-05-20T04:00:00Z,16.190088272094727,16.320064544677734,16.17384147644043,16.23883056640625,40420254.0
2013-05-21T04:00:00Z,16.271324157714844,16.360681533813477,16.2307071685791,16.279447555541992,44609840.0
2013-05-22T04:00:00Z,16.311941146850586,16.531274795532227,16.043867111206055,16.108854293823242,118123067.0
2013-05-23T04:00:00Z,15.881397247314453,16.092607498168945,15.832655906677246,16.01137351989746,73706248.0
2013-05-24T04:00:00Z,15.930137634277344,16.035743713378906,15.857027053833008,16.027620315551758,62105304.0
2013-05-28T04:00:00Z,16.2469539642334,16.33631134033203,16.11697769165039,16.190088272094727,58804501.0
2013-05-29T04:00:00Z,16.100730895996094,16.271324157714844,16.0682373046875,16.190088272094727,59443390.0
2013-05-30T04:00:00Z,16.214460372924805,16.441917419433594,16.18196678161621,16.385053634643555,68429074.0
2013-05-31T04:00:00Z,16.34443473815918,16.409423828125,16.108854293823242,16.11697769165039,73854091.0
2013-06-03T04:00:00Z,16.18196678161621,16.198213577270508,15.881397247314453,16.133224487304688,123404549.0
2013-06-04T04:00:00Z,16.157594680786133,16.2469539642334,15.946385383605957,15.9870023727417,77242788.0
2013-06-05T04:00:00Z,15.954508781433105,16.01949691772461,15.670186996459961,15.72705078125,108448023.0
2013-06-06T04:00:00Z,15.710803985595703,15.954508781433105,15.613323211669922,15.946385383605957,87829880.0
2013-06-07T04:00:00Z,16.035743713378906,16.2469539642334,15.9870023727417,16.222583770751953,65529331.0
2013-06-10T04:00:00Z,16.303817749023438,16.320064544677734,16.17384147644043,16.2307071685791,81226304.0
2013-06-11T04:00:00Z,16.0682373046875,16.133224487304688,15.938261985778809,15.962632179260254,86971873.0
2013-06-12T04:00:00Z,16.0682373046875,16.07636070251465,15.75954532623291,15.792038917541504,79029954.0
2013-06-13T04:00:00Z,15.783916473388672,16.108854293823242,15.743297576904297,16.092607498168945,85934756.0
2013-06-14T04:00:00Z,16.0682373046875,16.108854293823242,15.857027053833008,15.881397247314453,54618855.0
2013-06-17T04:00:00Z,16.00324821472168,16.108854293823242,15.946385383605957,16.035743713378906,56877616.0
2013-06-18T04:00:00Z,16.051990509033203,16.18196678161621,16.035743713378906,16.141347885131836,42143039.0
2013-06-19T04:00:00Z,16.149471282958984,16.16571807861328,15.905768394470215,15.922015190124512,75429279.0
2013-06-20T04:00:00Z,15.775792121887207,15.832655906677246,15.515840530395508,15.580828666687012,126575852.0
2013-06-21T04:00:00Z,15.6458158493042,15.653940200805664,15.345248222351074,15.532088279724121,105462601.0
2013-06-24T04:00:00Z,15.33712387084961,15.41835880279541,15.093420028686523,15.255889892578125,96897057.0
2013-06-25T04:00:00Z,15.410236358642578,15.613323211669922,15.36961841583252,15.540210723876953,80205190.0
2013-06-26T04:00:00Z,15.686433792114258,15.751421928405762,15.597076416015625,15.694557189941406,82233016.0
2013-06-27T04:00:00Z,15.800162315368652,15.922015190124512,15.775792121887207,15.89764404296875,52961682.0
2013-06-28T04:00:00Z,15.840780258178711,15.873273849487305,15.710803985595703,15.800162315368652,63374219.0
2013-07-01T04:00:00Z,15.913890838623047,16.2469539642334,15.840780258178711,15.848902702331543,73513720.0
2013-07-02T04:00:00Z,15.857027053833008,16.027620315551758,15.792038917541504,15.865150451660156,74272877.0
2013-07-03T04:00:00Z,15.75954532623291,15.857027053833008,15.710803985595703,15.81640911102295,30829533.0
2013-07-05T04:00:00Z,15.995125770568848,16.100730895996094,15.889520645141602,16.100730895996094,46578332.0
2013-07-08T04:00:00Z,16.206335067749023,16.279447555541992,16.16571807861328,16.222583770751953,58673522.0
2013-07-09T04:00:00Z,16.320064544677734,16.368806838989258,16.206335067749023,16.360681533813477,93151001.0
2013-07-10T04:00:00Z,16.311941146850586,16.34443473815918,16.17384147644043,16.263200759887695,71055905.0
2013-07-11T04:00:00Z,16.482534408569336,16.482534408569336,16.29569435119629,16.41754722595215,74407918.0
2013-07-12T04:00:00Z,16.45816421508789,16.539398193359375,16.41754722595215,16.531274795532227,53045513.0
2013-07-15T04:00:00Z,16.63688087463379,16.645004272460938,16.50690460205078,16.604387283325195,32258971.0
2013-07-16T04:00:00Z,16.604387283325195,16.653127670288086,16.46628761291504,16.539398193359375,44604916.0
2013-07-17T04:00:00Z,16.5718936920166,16.661251068115234,16.531274795532227,16.612510681152344,46074484.0
2013-07-18T04:00:00Z,16.661251068115234,16.839967727661133,16.653127670288086,16.831844329833984,57946248.0
2013-07-19T04:00:00Z,16.823720932006836,16.839967727661133,16.73436164855957,16.839967727661133,40687012.0
2013-07-22T04:00:00Z,16.84809112548828,16.95369529724121,16.823720932006836,16.95369529724121,32787439.0
2013-07-23T04:00:00Z,17.002437591552734,17.002437591552734,16.872461318969727,16.888708114624023,37173861.0
2013-07-24T04:00:00Z,16.95369529724121,16.95369529724121,16.73436164855957,16.766855239868164,45179670.0
2013-07-25T04:00:00Z,16.726238250732422,16.791227340698242,16.62875747680664,16.783103942871094,46240669.0
2013-07-26T04:00:00Z,16.701868057250977,16.766855239868164,16.596263885498047,16.766855239868164,37870484.0
2013-07-29T04:00:00Z,16.73436164855957,16.73436164855957,16.580015182495117,16.645004272460938,35602736.0
2013-07-30T04:00:00Z,16.693744659423828,16.74248504638672,16.5881404876709,16.63688087463379,29564312.0
2013-07-31T04:00:00Z,16.645004272460938,16.79935073852539,16.620634078979492,16.645004272460938,56247221.0
2013-08-01T04:00:00Z,16.79935073852539,16.929325103759766,16.783103942871094,16.91307830810547,41956665.0
2013-08-02T04:00:00Z,16.896831512451172,16.921201705932617,16.84809112548828,16.90495491027832,38756558.0
2013-08-05T04:00:00Z,16.888708114624023,16.929325103759766,16.839967727661133,16.872461318969727,25892854.0
2013-08-06T04:00:00Z,16.839967727661133,16.85621452331543,16.701868057250977,16.718114852905273,31125712.0
2013-08-07T04:00:00Z,16.645004272460938,16.653127670288086,16.523151397705078,16.604387283325195,47522016.0
2013-08-08T04:00:00Z,16.693744659423828,16.74248504638672,16.523151397705078,16.645004272460938,53167013.0
2013-08-09T04:00:00Z,16.604387283325195,16.68562126159668,16.555646896362305,16.5881404876709,25617110.0
2013-08-12T04:00:00Z,16.51502799987793,16.5718936920166,16.46628761291504,16.523151397705078,33403185.0
2013-08-13T04:00:00Z,16.56376838684082,16.653127670288086,16.441917419433594,16.604387283325195,37451082.0
2013-08-14T04:00:00Z,16.580015182495117,16.661251068115234,16.531274795532227,16.539398193359375,37419446.0
2013-08-15T04:00:00Z,16.41754722595215,16.41754722595215,16.23883056640625,16.29569435119629,76359915.0
2013-08-16T04:00:00Z,16.263200759887695,16.376928329467773,16.2307071685791,16.263200759887695,40227972.0
2013-08-19T04:00:00Z,16.2307071685791,16.2469539642334,16.043867111206055,16.051990509033203,47041926.0
2013-08-20T04:00:00Z,16.084484100341797,16.2469539642334,16.01949691772461,16.206335067749023,52458696.0
2013-08-21T04:00:00Z,16.133224487304688,16.271324157714844,16.01949691772461,16.092607498168945,57591843.0
2013-08-22T04:00:00Z,16.157594680786133,16.303817749023438,16.141347885131836,16.279447555541992,39774718.0
2013-08-23T04:00:00Z,16.311941146850586,16.328187942504883,16.214460372924805,16.29569435119629,31125096.0
2013-08-26T04:00:00Z,16.320064544677734,16.360681533813477,16.190088272094727,16.190088272094727,36845430.0
2013-08-27T04:00:00Z,15.995125770568848,16.051990509033203,15.767668724060059,15.800162315368652,89691891.0
2013-08-28T04:00:00Z,15.75954532623291,15.930137634277344,15.718928337097168,15.824533462524414,63150423.0
2013-08-29T04:00:00Z,15.792038917541504,15.970754623413086,15.775792121887207,15.865150451660156,33458334.0
2013-08-30T04:00:00Z,15.873273849487305,15.905768394470215,15.743297576904297,15.792038917541504,32457777.0
2013-09-03T04:00:00Z,15.97887897491455,16.0682373046875,15.832655906677246,15.922015190124512,52539203.0
2013-09-04T04:00:00Z,15.938261985778809,16.11697769165039,15.89764404296875,16.043867111206055,38645768.0
2013-09-05T04:00:00Z,16.07636070251465,16.18196678161621,16.043867111206055,16.084484100341797,37273449.0
2013-09-06T04:00:00Z,16.17384147644043,16.18196678161621,15.905768394470215,16.084484100341797,48118067.0
2013-09-09T04:00:00Z,16.149471282958984,16.271324157714844,16.108854293823242,16.271324157714844,40325837.0
2013-09-10T04:00:00Z,16.40130043029785,16.490657806396484,16.39317512512207,16.46628761291504,45371583.0
2013-09-11T04:00:00Z,16.433794021606445,16.490657806396484,16.39317512512207,16.482534408569336,39921576.0
2013-09-12T04:00:00Z,16.46628761291504,16.490657806396484,16.34443473815918,16.360681533813477,42265400.0
2013-09-13T04:00:00Z,16.385053634643555,16.433794021606445,16.33631134033203,16.409423828125,36197555.0
2013-09-16T04:00:00Z,16.604387283325195,16.661251068115234,16.555646896362305,16.5881404876709,48338416.0
2013-09-17T04:00:00Z,16.612510681152344,16.669374465942383,16.580015182495117,16.669374465942383,42906382.0
2013-09-18T04:00:00Z,16.63688087463379,16.91307830810547,16.5881404876709,16.815597534179688,62847843.0
2013-09-19T04:00:00Z,16.888708114624023,16.90495491027832,16.718114852905273,16.750608444213867,49697070.0
2013-09-20T04:00:00Z,16.726238250732422,16.73436164855957,16.5718936920166,16.596263885498047,54032652.0
2013-09-23T04:00:00Z,16.498781204223633,16.51502799987793,16.33631134033203,16.360681533813477,62269273.0
2013-09-24T04:00:00Z,16.34443473815918,16.40130043029785,16.23883056640625,16.255077362060547,49559198.0
2013-09-25T04:00:00Z,16.279447555541992,16.39317512512207,16.198213577270508,16.34443473815918,48181217.0
2013-09-26T04:00:00Z,16.368806838989258,16.450040817260742,16.271324157714844,16.34443473815918,35533800.0
2013-09-27T04:00:00Z,16.2469539642334,16.328187942504883,16.214460372924805,16.28757095336914,60591420.0
2013-09-30T04:00:00Z,16.092607498168945,16.255077362060547,16.07636070251465,16.17384147644043,49069260.0
2013-10-01T04:00:00Z,16.198213577270508,16.320064544677734,16.18196678161621,16.28757095336914,50421391.0
2013-10-02T04:00:00Z,16.17384147644043,16.29569435119629,16.133224487304688,16.279447555541992,46893960.0
2013-10-03T04:00:00Z,16.23883056640625,16.263200759887695,16.027620315551758,16.157594680786133,57469112.0
2013-10-04T04:00:00Z,16.16571807861328,16.29569435119629,16.149471282958984,16.28757095336914,36588767.0
2013-10-07T04:00:00Z,16.149471282958984,16.206335067749023,16.084484100341797,16.100730895996094,35878480.0
2013-10-08T04:00:00Z,16.100730895996094,16.12510108947754,15.873273849487305,15.89764404296875,90449818.0
2013-10-09T04:00:00Z,15.938261985778809,16.01949691772461,15.824533462524414,15.954508781433105,96983596.0
2013-10-10T04:00:00Z,16.16571807861328,16.41754722595215,16.157594680786133,16.409423828125,94071174.0
2013-10-11T04:00:00Z,16.368806838989258,16.51502799987793,16.320064544677734,16.498781204223633,47829520.0
2013-10-14T04:00:00Z,16.39317512512207,16.604387283325195,16.368806838989258,16.580015182495117,45458737.0
2013-10-15T04:00:00Z,16.580015182495117,16.62875747680664,16.425670623779297,16.45816421508789,57169733.0
2013-10-16T04:00:00Z,16.5718936920166,16.823720932006836,16.56376838684082,16.80747413635254,92827371.0
2013-10-17T04:00:00Z,16.693744659423828,16.97806739807129,16.693744659423828,16.95369529724121,65763713.0
2013-10-18T04:00:00Z,17.002437591552734,17.02680778503418,16.880584716796875,16.986190795898438,51511564.0
2013-10-21T04:00:00Z,16.994314193725586,17.02680778503418,16.937448501586914,16.95369529724121,35925381.0
2013-10-22T04:00:00Z,17.02680778503418,17.091794967651367,16.961820602416992,16.986190795898438,38892953.0
2013-10-23T04:00:00Z,16.90495491027832,16.929325103759766,16.80747413635254,16.84809112548828,44094297.0
2013-10-24T04:00:00Z,16.90495491027832,16.90495491027832,16.791227340698242,16.872461318969727,34263777.0
2013-10-25T04:00:00Z,16.888708114624023,16.945573806762695,16.84809112548828,16.945573806762695,34527334.0
2013-10-28T04:00:00Z,16.937448501586914,16.945573806762695,16.872461318969727,16.90495491027832,26414798.0
2013-10-29T04:00:00Z,16.937448501586914,16.969942092895508,16.896831512451172,16.95369529724121,27109328.0
2013-10-30T04:00:00Z,16.97806739807129,17.002437591552734,16.831844329833984,16.888708114624023,43636119.0
2013-10-31T04:00:00Z,16.864337921142578,16.880584716796875,16.701868057250977,16.709991455078125,60161063.0
2013-11-01T04:00:00Z,16.709991455078125,16.774980545043945,16.661251068115234,16.750608444213867,41068991.0
2013-11-04T05:00:00Z,16.774980545043945,16.791227340698242,16.709991455078125,16.75873374938965,23064878.0
2013-11-05T05:00:00Z,16.701868057250977,16.73436164855957,16.645004272460938,16.669374465942383,31916014.0
2013-11-06T05:00:00Z,16.750608444213867,16.791227340698242,16.709991455078125,16.750608444213867,35278244.0
2013-11-07T05:00:00Z,16.79935073852539,16.823720932006836,16.555646896362305,16.56376838684082,55046504.0
2013-11-08T05:00:00Z,16.580015182495117,16.945573806762695,16.56376838684082,16.945573806762695,78709894.0
2013-11-11T05:00:00Z,16.945573806762695,16.986190795898438,16.880584716796875,16.95369529724121,28828050.0
2013-11-12T05:00:00Z,16.91307830810547,16.929325103759766,16.74248504638672,16.791227340698242,35299294.0
2013-11-13T05:00:00Z,16.718114852905273,17.002437591552734,16.693744659423828,16.937448501586914,52414257.0
2013-11-14T05:00:00Z,16.937448501586914,17.091794967651367,16.896831512451172,17.08367156982422,43016187.0
2013-11-15T05:00:00Z,17.099918365478516,17.181154251098633,17.067424774169922,17.164907455444336,45884171.0
2013-11-18T05:00:00Z,17.229894638061523,17.278635025024414,17.116165161132812,17.156782150268555,52683107.0
2013-11-19T05:00:00Z,17.164907455444336,17.270511627197266,17.132413864135742,17.181154251098633,35699492.0
2013-11-20T05:00:00Z,17.221771240234375,17.270511627197266,17.07554817199707,17.132413864135742,39271362.0
2013-11-21T05:00:00Z,17.181154251098633,17.400487899780273,17.173030853271484,17.376117706298828,45735589.0
2013-11-22T05:00:00Z,17.392364501953125,17.46547508239746,17.35987091064453,17.457351684570312,34106702.0
2013-11-25T05:00:00Z,17.51421546936035,17.554832458496094,17.449228286743164,17.481721878051758,34048598.0
2013-11-26T05:00:00Z,17.489845275878906,17.554832458496094,17.457351684570312,17.46547508239746,34307478.0
2013-11-27T05:00:00Z,17.506092071533203,17.53858757019043,17.46547508239746,17.51421546936035,19686029.0
2013-11-29T05:00:00Z,17.579204559326172,17.579204559326172,17.441104888916016,17.449228286743164,14792804.0
2013-12-02T05:00:00Z,17.47359848022461,17.57107925415039,17.392364501953125,17.441104888916016,37823829.0
2013-12-03T05:00:00Z,17.351747512817383,17.392364501953125,17.173030853271484,17.262388229370117,34143508.0
2013-12-04T05:00:00Z,17.18927764892578,17.384239196777344,17.156782150268555,17.30300521850586,53872745.0
2013-12-05T05:00:00Z,17.229894638061523,17.270511627197266,17.12428855895996,17.140535354614258,45227309.0
2013-12-06T05:00:00Z,17.3436222076416,17.42485809326172,17.262388229370117,17.376117706298828,37371314.0
2013-12-09T05:00:00Z,17.432981491088867,17.489845275878906,17.41673469543457,17.449228286743164,27234152.0
2013-12-10T05:00:00Z,17.408611297607422,17.489845275878906,17.384239196777344,17.384239196777344,37960839.0
2013-12-11T05:00:00Z,17.392364501953125,17.400487899780273,17.116165161132812,17.14866065979004,79264090.0
2013-12-12T05:00:00Z,17.140535354614258,17.229894638061523,17.108041763305664,17.14866065979004,48718056.0
2013-12-13T05:00:00Z,17.205524444580078,17.24614143371582,17.12428855895996,17.164907455444336,89187304.0
2013-12-16T05:00:00Z,17.238018035888672,17.311128616333008,17.238018035888672,17.270511627197266,84071637.0
2013-12-17T05:00:00Z,17.270511627197266,17.270511627197266,17.140535354614258,17.156782150268555,33255096.0
2013-12-18T05:00:00Z,17.213647842407227,17.57107925415039,17.059301376342773,17.554832458496094,122031246.0
2013-12-19T05:00:00Z,17.53046226501465,17.579204559326172,17.47359848022461,17.53046226501465,56205614.0
2013-12-20T05:00:00Z,17.481721878051758,17.603574752807617,17.47359848022461,17.554832458496094,81181865.0
2013-12-23T05:00:00Z,17.63606834411621,17.676685333251953,17.611698150634766,17.63606834411621,36429968.0
2013-12-24T05:00:00Z,17.668561935424805,17.676685333251953,17.619821548461914,17.668561935424805,9107923.0
2013-12-26T05:00:00Z,17.725425720214844,17.725425720214844,17.668561935424805,17.70918083190918,18352240.0
2013-12-27T05:00:00Z,17.717302322387695,17.725425720214844,17.668561935424805,17.7010555267334,14700479.0
2013-12-30T05:00:00Z,17.7010555267334,17.733549118041992,17.64419174194336,17.668561935424805,19989840.0
2013-12-31T05:00:00Z,17.7010555267334,17.76604461669922,17.69293212890625,17.757919311523438,22770053.0
2014-01-02T05:00:00Z,17.725425720214844,17.74167251586914,17.611698150634766,17.660438537597656,43679450.0
2014-01-03T05:00:00Z,17.6848087310791,17.839155197143555,17.676685333251953,17.782291412353516,30349074.0
2014-01-06T05:00:00Z,17.87164878845215,17.92038917541504,17.76604461669922,17.798538208007812,42798546.0
2014-01-07T05:00:00Z,17.896018981933594,17.896018981933594,17.749797821044922,17.80666160583496,58506229.0
2014-01-08T05:00:00Z,17.839155197143555,17.887895584106445,17.790414810180664,17.863525390625,44270453.0
2014-01-09T05:00:00Z,17.92038917541504,17.952884674072266,17.81478500366211,17.928512573242188,35872817.0
2014-01-10T05:00:00Z,17.92038917541504,17.944759368896484,17.81478500366211,17.896018981933594,44795967.0
2014-01-13T05:00:00Z,17.87164878845215,17.904142379760742,17.59545135498047,17.627944946289062,52459804.0
2014-01-14T05:00:00Z,17.725425720214844,17.798538208007812,17.63606834411621,17.774166107177734,38581263.0
2014-01-15T05:00:00Z,17.85540199279785,18.001625061035156,17.847278594970703,17.98537826538086,75928326.0
2014-01-16T05:00:00Z,17.93663787841797,17.944759368896484,17.831031799316406,17.87164878845215,57911287.0
2014-01-17T05:00:00Z,17.896018981933594,17.928512573242188,17.774166107177734,17.81478500366211,70660016.0
2014-01-21T05:00:00Z,17.91226577758789,17.928512573242188,17.725425720214844,17.831031799316406,51099056.0
2014-01-22T05:00:00Z,17.863525390625,17.879772186279297,17.790414810180664,17.839155197143555,22301904.0
2014-01-23T05:00:00Z,17.757919311523438,17.76604461669922,17.46547508239746,17.546709060668945,64648058.0
2014-01-24T05:00:00Z,17.457351684570312,17.457351684570312,17.14866065979004,17.14866065979004,86803719.0
2014-01-27T05:00:00Z,17.173030853271484,17.25426483154297,16.945573806762695,17.043054580688477,79350014.0
2014-01-28T05:00:00Z,17.132413864135742,17.286758422851562,17.116165161132812,17.270511627197266,43538500.0
2014-01-29T05:00:00Z,17.08367156982422,17.238018035888672,17.02680778503418,17.067424774169922,79334380.0
2014-01-30T05:00:00Z,17.221771240234375,17.3436222076416,17.164907455444336,17.311128616333008,56607904.0
2014-01-31T05:00:00Z,17.051177978515625,17.270511627197266,17.01868438720703,17.108041763305664,65974214.0
2014-02-03T05:00:00Z,17.091794967651367,17.132413864135742,16.653127670288086,16.67749786376953,129496030.0
2014-02-04T05:00:00Z,16.75873374938965,16.929325103759766,16.701868057250977,16.839967727661133,67895066.0
2014-02-05T05:00:00Z,16.815597534179688,16.880584716796875,16.701868057250977,16.823720932006836,58062823.0
2014-02-06T05:00:00Z,16.85621452331543,17.091794967651367,16.84809112548828,17.08367156982422,49232368.0
2014-02-07T05:00:00Z,17.156782150268555,17.311128616333008,17.099918365478516,17.29488182067871,63056129.0
2014-02-10T05:00:00Z,17.30300521850586,17.327375411987305,17.213647842407227,17.311128616333008,53244320.0
2014-02-11T05:00:00Z,17.36799430847168,17.53858757019043,17.286758422851562,17.489845275878906,46243500.0
2014-02-12T05:00:00Z,17.51421546936035,17.57107925415039,17.42485809326172,17.489845275878906,47764154.0
2014-02-13T05:00:00Z,17.335500717163086,17.562957763671875,17.335500717163086,17.554832458496094,39783458.0
2014-02-14T05:00:00Z,17.53046226501465,17.59545135498047,17.497968673706055,17.579204559326172,37421046.0
2014-02-18T05:00:00Z,17.59545135498047,17.64419174194336,17.53046226501465,17.611698150634766,26168844.0
2014-02-19T05:00:00Z,17.554832458496094,17.660438537597656,17.35987091064453,17.36799430847168,78908823.0
2014-02-20T05:00:00Z,17.384239196777344,17.457351684570312,17.286758422851562,17.41673469543457,39164019.0
2014-02-21T05:00:00Z,17.449228286743164,17.51421546936035,17.384239196777344,17.449228286743164,53100785.0
2014-02-24T05:00:00Z,17.457351684570312,17.668561935424805,17.449228286743164,17.579204559326172,51914224.0
2014-02-25T05:00:00Z,17.57107925415039,17.579204559326172,17.432981491088867,17.47359848022461,49380703.0
2014-02-26T05:00:00Z,17.51421546936035,17.53046226501465,17.35987091064453,17.449228286743164,52231699.0
2014-02-27T05:00:00Z,17.42485809326172,17.546709060668945,17.36799430847168,17.53858757019043,47711837.0
2014-02-28T05:00:00Z,17.546709060668945,17.725425720214844,17.51421546936035,17.627944946289062,69264062.0
2014-03-03T05:00:00Z,17.46547508239746,17.51421546936035,17.376117706298828,17.489845275878906,61089483.0
2014-03-04T05:00:00Z,17.69293212890625,17.847278594970703,17.660438537597656,17.847278594970703,61500268.0
2014-03-05T05:00:00Z,17.85540199279785,18.03411865234375,17.81478500366211,18.03411865234375,58700112.0
2014-03-06T05:00:00Z,18.03411865234375,18.13159942626953,18.0259952545166,18.09098243713379,53457898.0
2014-03-07T05:00:00Z,18.2047119140625,18.269699096679688,18.099105834960938,18.172218322753906,81544764.0
2014-03-10T04:00:00Z,18.13159942626953,18.277822494506836,18.066612243652344,18.180341720581055,29071542.0
2014-03-11T04:00:00Z,18.2047119140625,18.220958709716797,18.017871856689453,18.058488845825195,55578050.0
2014-03-12T04:00:00Z,17.944759368896484,18.03411865234375,17.896018981933594,18.0259952545166,39319248.0
2014-03-13T04:00:00Z,18.08285903930664,18.107229232788086,17.782291412353516,17.822908401489258,70116160.0
2014-03-14T04:00:00Z,17.757919311523438,17.904142379760742,17.69293212890625,17.70918083190918,54433958.0
2014-03-17T04:00:00Z,17.85540199279785,17.96100616455078,17.839155197143555,17.896018981933594,46338656.0
2014-03-18T04:00:00Z,17.944759368896484,18.001625061035156,17.91226577758789,17.98537826538086,44158186.0
2014-03-19T04:00:00Z,18.001625061035156,18.107229232788086,17.847278594970703,17.97725486755371,69971394.0
2014-03-20T04:00:00Z,17.944759368896484,18.30219268798828,17.944759368896484,18.26157569885254,112214267.0
2014-03-21T04:00:00Z,18.318439483642578,18.399675369262695,18.172218322753906,18.19658851623535,82702027.0
2014-03-24T04:00:00Z,18.25345230102539,18.30219268798828,18.08285903930664,18.188465118408203,68496287.0
2014-03-25T04:00:00Z,18.245328903198242,18.277822494506836,18.08285903930664,18.172218322753906,42096507.0
2014-03-26T04:00:00Z,18.277822494506836,18.285945892333984,17.98537826538086,17.98537826538086,62505872.0
2014-03-27T04:00:00Z,17.944759368896484,18.0259952545166,17.790414810180664,17.887895584106445,81009033.0
2014-03-28T04:00:00Z,17.93663787841797,18.074735641479492,17.896018981933594,17.96100616455078,48922771.0
2014-03-31T04:00:00Z,18.09098243713379,18.2047119140625,18.074735641479492,18.147846221923828,41048557.0
2014-04-01T04:00:00Z,18.19658851623535,18.237205505371094,18.13159942626953,18.180341720581055,51651775.0
2014-04-02T04:00:00Z,18.19658851623535,18.26157569885254,18.164094924926758,18.220958709716797,44565278.0
2014-04-03T04:00:00Z,18.237205505371094,18.26157569885254,18.13159942626953,18.188465118408203,46626833.0
2014-04-04T04:00:00Z,18.285945892333984,18.32656478881836,17.993501663208008,18.009748458862305,60202301.0
2014-04-07T04:00:00Z,17.993501663208008,18.001625061035156,17.717302322387695,17.733549118041992,72897112.0
2014-04-08T04:00:00Z,17.749797821044922,17.798538208007812,17.611698150634766,17.757919311523438,56290676.0
2014-04-09T04:00:00Z,17.81478500366211,17.928512573242188,17.725425720214844,17.91226577758789,44907126.0
2014-04-10T04:00:00Z,17.928512573242188,17.928512573242188,17.489845275878906,17.497968673706055,94458692.0
2014-04-11T04:00:00Z,17.29488182067871,17.497968673706055,17.213647842407227,17.286758422851562,98050873.0
2014-04-14T04:00:00Z,17.489845275878906,17.51421546936035,17.24614143371582,17.42485809326172,69247689.0
2014-04-15T04:00:00Z,17.46547508239746,17.619821548461914,17.335500717163086,17.587326049804688,103855038.0
2014-04-16T04:00:00Z,17.668561935424805,17.733549118041992,17.562957763671875,17.725425720214844,49363100.0
2014-04-17T04:00:00Z,17.749797821044922,17.798538208007812,17.668561935424805,17.757919311523438,58956037.0
2014-04-21T04:00:00Z,17.76604461669922,17.782291412353516,17.7010555267334,17.74167251586914,37683618.0
2014-04-22T04:00:00Z,17.76604461669922,17.91226577758789,17.7010555267334,17.863525390625,33032777.0
2014-04-23T04:00:00Z,17.847278594970703,17.92038917541504,17.822908401489258,17.904142379760742,32197667.0
2014-04-24T04:00:00Z,17.98537826538086,17.98537826538086,17.822908401489258,17.896018981933594,36918798.0
2014-04-25T04:00:00Z,17.85540199279785,17.87164878845215,17.717302322387695,17.749797821044922,35205738.0
2014-04-28T04:00:00Z,17.749797821044922,17.798538208007812,17.47359848022461,17.64419174194336,54068967.0
2014-04-29T04:00:00Z,17.6848087310791,17.822908401489258,17.668561935424805,17.81478500366211,34182162.0
2014-04-30T04:00:00Z,17.76604461669922,17.879772186279297,17.749797821044922,17.839155197143555,46774307.0
2014-05-01T04:00:00Z,17.839155197143555,17.896018981933594,17.782291412353516,17.87164878845215,33615533.0
2014-05-02T04:00:00Z,17.879772186279297,18.0259952545166,17.822908401489258,17.863525390625,34600209.0
2014-05-05T04:00:00Z,17.7010555267334,17.80666160583496,17.63606834411621,17.790414810180664,23206197.0
2014-05-06T04:00:00Z,17.74167251586914,17.74167251586914,17.53858757019043,17.53858757019043,73906286.0
2014-05-07T04:00:00Z,17.627944946289062,17.790414810180664,17.579204559326172,17.774166107177734,50411420.0
2014-05-08T04:00:00Z,17.749797821044922,17.92038917541504,17.749797821044922,17.822908401489258,35858291.0
2014-05-09T04:00:00Z,17.81478500366211,17.839155197143555,17.7010555267334,17.81478500366211,29373014.0
2014-05-12T04:00:00Z,17.904142379760742,18.001625061035156,17.863525390625,17.993501663208008,25643084.0
2014-05-13T04:00:00Z,18.001625061035156,18.050365447998047,17.952884674072266,17.97725486755371,28989311.0
2014-05-14T04:00:00Z,17.96100616455078,17.97725486755371,17.81478500366211,17.847278594970703,31432723.0
2014-05-15T04:00:00Z,17.76604461669922,17.790414810180664,17.51421546936035,17.64419174194336,49008449.0
2014-05-16T04:00:00Z,17.652315139770508,17.668561935424805,17.53046226501465,17.668561935424805,41206002.0
2014-05-19T04:00:00Z,17.619821548461914,17.774166107177734,17.611698150634766,17.757919311523438,24674780.0
2014-05-20T04:00:00Z,17.725425720214844,17.76604461669922,17.587326049804688,17.652315139770508,24000561.0
2014-05-21T04:00:00Z,17.717302322387695,17.839155197143555,17.70918083190918,17.76604461669922,39055814.0
2014-05-22T04:00:00Z,17.790414810180664,17.879772186279297,17.74167251586914,17.847278594970703,22555244.0
2014-05-23T04:00:00Z,17.87164878845215,17.91226577758789,17.831031799316406,17.904142379760742,20383390.0
2014-05-27T04:00:00Z,17.944759368896484,18.13159942626953,17.944759368896484,18.058488845825195,28444963.0
2014-05-28T04:00:00Z,18.017871856689453,18.074735641479492,17.98537826538086,18.0259952545166,40448075.0
2014-05-29T04:00:00Z,18.066612243652344,18.08285903930664,17.98537826538086,18.066612243652344,18361350.0
2014-05-30T04:00:00Z,18.0259952545166,18.123477935791016,18.017871856689453,18.107229232788086,33521607.0
2014-06-02T04:00:00Z,18.123477935791016,18.172218322753906,18.03411865234375,18.15597152709961,24982776.0
2014-06-03T04:00:00Z,18.107229232788086,18.180341720581055,18.074735641479492,18.180341720581055,19306758.0
2014-06-04T04:00:00Z,18.123477935791016,18.245328903198242,18.123477935791016,18.229082107543945,24081684.0
2014-06-05T04:00:00Z,18.26157569885254,18.407798767089844,18.180341720581055,18.399675369262695,38203470.0
2014-06-06T04:00:00Z,18.448415756225586,18.5458984375,18.415922164916992,18.521526336669922,36753598.0
2014-06-09T04:00:00Z,18.529651641845703,18.627132415771484,18.513404846191406,18.60276222229004,39739634.0
2014-06-10T04:00:00Z,18.55402183532715,18.59463882446289,18.521526336669922,18.59463882446289,26550947.0
2014-06-11T04:00:00Z,18.521526336669922,18.529651641845703,18.415922164916992,18.47278594970703,25320439.0
2014-06-12T04:00:00Z,18.464662551879883,18.47278594970703,18.32656478881836,18.359058380126953,36993766.0
2014-06-13T04:00:00Z,18.407798767089844,18.448415756225586,18.31031608581543,18.3671817779541,34428485.0
2014-06-16T04:00:00Z,18.334686279296875,18.334686279296875,18.229082107543945,18.277822494506836,41736316.0
2014-06-17T04:00:00Z,18.25345230102539,18.48090934753418,18.245328903198242,18.464662551879883,30098442.0
2014-06-18T04:00:00Z,18.456539154052734,18.60276222229004,18.3834285736084,18.570268630981445,38125793.0
2014-06-19T04:00:00Z,18.578392028808594,18.59463882446289,18.48090934753418,18.5458984375,28443117.0
2014-06-20T04:00:00Z,18.55402183532715,18.570268630981445,18.489032745361328,18.5458984375,30669011.0
2014-06-23T04:00:00Z,18.5458984375,18.60276222229004,18.48090934753418,18.586515426635742,23893956.0
2014-06-24T04:00:00Z,18.5458984375,18.627132415771484,18.440292358398438,18.464662551879883,27761266.0
2014-06-25T04:00:00Z,18.37530517578125,18.505279541015625,18.359058380126953,18.48090934753418,31616881.0
2014-06-26T04:00:00Z,18.456539154052734,18.48090934753418,18.277822494506836,18.415922164916992,32902784.0
2014-06-27T04:00:00Z,18.359058380126953,18.489032745361328,18.359058380126953,18.489032745361328,22087464.0
2014-06-30T04:00:00Z,18.448415756225586,18.505279541015625,18.42404556274414,18.47278594970703,45984497.0
2014-07-01T04:00:00Z,18.513404846191406,18.667749404907227,18.513404846191406,18.586515426635742,34924332.0
2014-07-02T04:00:00Z,18.578392028808594,18.64337921142578,18.562145233154297,18.570268630981445,21714471.0
2014-07-03T04:00:00Z,18.700244903564453,18.740861892700195,18.659626007080078,18.71649169921875,27225904.0
2014-07-07T04:00:00Z,18.692119598388672,18.692119598388672,18.578392028808594,18.635255813598633,30418995.0
2014-07-08T04:00:00Z,18.60276222229004,18.619009017944336,18.43216896057129,18.47278594970703,42234379.0
2014-07-09T04:00:00Z,18.497156143188477,18.53777313232422,18.456539154052734,18.521526336669922,23890756.0
2014-07-10T04:00:00Z,18.318439483642578,18.456539154052734,18.245328903198242,18.399675369262695,31814580.0
2014-07-11T04:00:00Z,18.37530517578125,18.448415756225586,18.285945892333984,18.43216896057129,26102370.0
2014-07-14T04:00:00Z,18.610885620117188,18.619009017944336,18.521526336669922,18.5458984375,26266093.0
2014-07-15T04:00:00Z,18.64337921142578,18.71649169921875,18.578392028808594,18.675872802734375,36321394.0
2014-07-16T04:00:00Z,18.692119598388672,18.71649169921875,18.586515426635742,18.64337921142578,32831509.0
2014-07-17T04:00:00Z,18.55402183532715,18.635255813598633,18.3834285736084,18.399675369262695,42034342.0
2014-07-18T04:00:00Z,18.456539154052734,18.627132415771484,18.456539154052734,18.610885620117188,25827980.0
2014-07-21T04:00:00Z,18.513404846191406,18.586515426635742,18.48090934753418,18.562145233154297,18265332.0
2014-07-22T04:00:00Z,18.610885620117188,18.65150260925293,18.578392028808594,18.619009017944336,15999553.0
2014-07-23T04:00:00Z,18.627132415771484,18.692119598388672,18.59463882446289,18.659626007080078,17625827.0
2014-07-24T04:00:00Z,18.70836639404297,18.732738494873047,18.667749404907227,18.700244903564453,25123971.0
2014-07-25T04:00:00Z,18.627132415771484,18.683996200561523,18.578392028808594,18.59463882446289,44700318.0
2014-07-28T04:00:00Z,18.578392028808594,18.65150260925293,18.48090934753418,18.60276222229004,51911024.0
2014-07-29T04:00:00Z,18.627132415771484,18.675872802734375,18.497156143188477,18.505279541015625,34997453.0
2014-07-30T04:00:00Z,18.578392028808594,18.659626007080078,18.47278594970703,18.586515426635742,49021005.0
2014-07-31T04:00:00Z,18.456539154052734,18.505279541015625,18.19658851623535,18.2047119140625,61818850.0
2014-08-01T04:00:00Z,18.15597152709961,18.229082107543945,17.969131469726562,18.050365447998047,61016238.0
2014-08-04T04:00:00Z,18.115352630615234,18.220958709716797,18.03411865234375,18.19658851623535,32232135.0
2014-08-05T04:00:00Z,18.107229232788086,18.164094924926758,17.93663787841797,18.009748458862305,49123055.0
2014-08-06T04:00:00Z,17.952884674072266,18.180341720581055,17.952884674072266,18.08285903930664,45635509.0
2014-08-07T04:00:00Z,18.164094924926758,18.2047119140625,17.952884674072266,18.001625061035156,49004387.0
2014-08-08T04:00:00Z,17.993501663208008,18.188465118408203,17.952884674072266,18.180341720581055,62985100.0
2014-08-11T04:00:00Z,18.21283531188965,18.277822494506836,18.180341720581055,18.19658851623535,28040580.0
2014-08-12T04:00:00Z,18.139724731445312,18.285945892333984,18.139724731445312,18.237205505371094,27079046.0
2014-08-13T04:00:00Z,18.277822494506836,18.359058380126953,18.26157569885254,18.318439483642578,27864301.0
2014-08-14T04:00:00Z,18.342811584472656,18.43216896057129,18.334686279296875,18.43216896057129,26959269.0
2014-08-15T04:00:00Z,18.513404846191406,18.513404846191406,18.237205505371094,18.342811584472656,48988876.0
2014-08-18T04:00:00Z,18.43216896057129,18.562145233154297,18.42404556274414,18.5458984375,30915826.0
2014-08-19T04:00:00Z,18.586515426635742,18.627132415771484,18.562145233154297,18.578392028808594,24872847.0
2014-08-20T04:00:00Z,18.5458984375,18.692119598388672,18.521526336669922,18.627132415771484,32671479.0
2014-08-21T04:00:00Z,18.667749404907227,18.87895965576172,18.635255813598633,18.846466064453125,46030414.0
2014-08-22T04:00:00Z,18.846466064453125,18.895206451416016,18.757108688354492,18.781478881835938,30347351.0
2014-08-25T04:00:00Z,18.87083625793457,19.000812530517578,18.87083625793457,18.94394874572754,33893123.0
2014-08-26T04:00:00Z,18.927701950073242,19.04142951965332,18.919578552246094,18.98456573486328,17016729.0
2014-08-27T04:00:00Z,19.033306121826172,19.033306121826172,18.911453247070312,18.94394874572754,21784145.0
2014-08-28T04:00:00Z,18.854589462280273,18.911453247070312,18.81397247314453,18.887083053588867,25850015.0
2014-08-29T04:00:00Z,18.94394874572754,19.000812530517578,18.895206451416016,18.976442337036133,28003280.0
2014-09-02T04:00:00Z,19.033306121826172,19.065799713134766,18.94394874572754,19.04955291748047,36352415.0
2014-09-03T04:00:00Z,19.122665405273438,19.1389102935791,18.976442337036133,19.017059326171875,24151728.0
2014-09-04T04:00:00Z,19.033306121826172,19.1551570892334,18.968318939208984,19.033306121826172,31148855.0
2014-09-05T04:00:00Z,19.008935928344727,19.065799713134766,18.895206451416016,19.057676315307617,30005256.0
2014-09-08T04:00:00Z,19.04142951965332,19.1389102935791,19.000812530517578,19.065799713134766,26755908.0
2014-09-09T04:00:00Z,19.025182723999023,19.025182723999023,18.838342666625977,18.87083625793457,38428619.0
2014-09-10T04:00:00Z,18.87895965576172,18.99268913269043,18.87895965576172,18.968318939208984,38567107.0
2014-09-11T04:00:00Z,18.903331756591797,19.033306121826172,18.887083053588867,19.017059326171875,36650440.0
2014-09-12T04:00:00Z,19.017059326171875,19.090171813964844,18.927701950073242,19.000812530517578,42971009.0
2014-09-15T04:00:00Z,19.000812530517578,19.04142951965332,18.93582534790039,18.99268913269043,25694294.0
2014-09-16T04:00:00Z,18.94394874572754,19.114540100097656,18.93582534790039,19.073923110961914,39350392.0
2014-09-17T04:00:00Z,19.114540100097656,19.26076316833496,19.04955291748047,19.1551570892334,54889305.0
2014-09-18T04:00:00Z,19.252639770507812,19.39073944091797,19.228269577026367,19.341997146606445,63655749.0
2014-09-19T04:00:00Z,19.366369247436523,19.398862838745117,19.16328239440918,19.21202278137207,62190612.0
2014-09-22T04:00:00Z,19.171405792236328,19.22014617919922,19.057676315307617,19.082046508789062,39775087.0
2014-09-23T04:00:00Z,19.04142951965332,19.1389102935791,18.94394874572754,18.952070236206055,39927485.0
2014-09-24T04:00:00Z,18.99268913269043,19.065799713134766,18.911453247070312,19.057676315307617,44279193.0
2014-09-25T04:00:00Z,18.99268913269043,19.025182723999023,18.740861892700195,18.740861892700195,66656804.0
2014-09-26T04:00:00Z,18.797725677490234,18.968318939208984,18.76523208618164,18.919578552246094,49182020.0
2014-09-29T04:00:00Z,18.732738494873047,18.895206451416016,18.724613189697266,18.854589462280273,47184969.0
2014-09-30T04:00:00Z,18.895206451416016,18.93582534790039,18.781478881835938,18.82209587097168,40730589.0
2014-10-01T04:00:00Z,18.781478881835938,18.82209587097168,18.562145233154297,18.59463882446289,63257889.0
2014-10-02T04:00:00Z,18.60276222229004,18.71649169921875,18.47278594970703,18.64337921142578,69509769.0
2014-10-03T04:00:00Z,18.81397247314453,18.94394874572754,18.748985290527344,18.911453247070312,62092379.0
2014-10-06T04:00:00Z,19.04142951965332,19.04142951965332,18.830219268798828,18.854589462280273,40801003.0
2014-10-07T04:00:00Z,18.805849075317383,18.805849075317383,18.529651641845703,18.53777313232422,63099706.0
2014-10-08T04:00:00Z,18.5458984375,18.887083053588867,18.489032745361328,18.887083053588867,72327897.0
2014-10-09T04:00:00Z,18.87083625793457,18.87083625793457,18.47278594970703,18.489032745361328,110277904.0
2014-10-10T04:00:00Z,18.448415756225586,18.659626007080078,18.334686279296875,18.342811584472656,76225243.0
2014-10-13T04:00:00Z,18.350933074951172,18.464662551879883,18.164094924926758,18.180341720581055,70603882.0
2014-10-14T04:00:00Z,18.229082107543945,18.399675369262695,18.172218322753906,18.25345230102539,78074944.0
2014-10-15T04:00:00Z,17.993501663208008,18.08285903930664,17.506092071533203,17.904142379760742,134405258.0
2014-10-16T04:00:00Z,17.59545135498047,18.0422420501709,17.579204559326172,17.904142379760742,101397347.0
2014-10-17T04:00:00Z,18.139724731445312,18.220958709716797,18.009748458862305,18.13159942626953,65796704.0
2014-10-20T04:00:00Z,18.09098243713379,18.25345230102539,18.09098243713379,18.237205505371094,60934746.0
2014-10-21T04:00:00Z,18.399675369262695,18.60276222229004,18.350933074951172,18.578392028808594,62988547.0
2014-10-22T04:00:00Z,18.610885620117188,18.627132415771484,18.407798767089844,18.407798767089844,56880817.0
2014-10-23T04:00:00Z,18.619009017944336,18.70836639404297,18.55402183532715,18.586515426635742,99572513.0
2014-10-24T04:00:00Z,18.619009017944336,18.77335548400879,18.586515426635742,18.76523208618164,32770205.0
2014-10-27T04:00:00Z,18.700244903564453,18.797725677490234,18.667749404907227,18.789602279663086,27325984.0
2014-10-28T04:00:00Z,18.838342666625977,19.000812530517578,18.838342666625977,18.99268913269043,44604546.0
2014-10-29T04:00:00Z,19.025182723999023,19.073923110961914,18.895206451416016,19.04142951965332,55631844.0
2014-10-30T04:00:00Z,19.025182723999023,19.236392974853516,18.968318939208984,19.147035598754883,41918628.0
2014-10-31T04:00:00Z,19.366369247436523,19.39073944091797,19.285133361816406,19.366369247436523,46879927.0
2014-11-03T05:00:00Z,19.415109634399414,19.48822021484375,19.358245849609375,19.43947982788086,60885014.0
2014-11-04T05:00:00Z,19.366369247436523,19.455726623535156,19.293258666992188,19.447603225708008,36701526.0
2014-11-05T05:00:00Z,19.618196487426758,19.618196487426758,19.463851928710938,19.577579498291016,30312760.0
2014-11-06T05:00:00Z,19.545085906982422,19.618196487426758,19.48822021484375,19.61007308959961,33192561.0
2014-11-07T05:00:00Z,19.618196487426758,19.66693687438965,19.520715713500977,19.618196487426758,35459694.0
2014-11-10T05:00:00Z,19.618196487426758,19.72380256652832,19.593826293945312,19.72380256652832,37733474.0
2014-11-11T05:00:00Z,19.731924057006836,19.748172760009766,19.6588134765625,19.6588134765625,47698542.0
2014-11-12T05:00:00Z,19.593826293945312,19.642566680908203,19.545085906982422,19.618196487426758,23048629.0
2014-11-13T05:00:00Z,19.634443283081055,19.675060272216797,19.528837203979492,19.61007308959961,36133543.0
2014-11-14T05:00:00Z,19.60194969177246,19.642566680908203,19.520715713500977,19.545085906982422,14073777.0
2014-11-17T05:00:00Z,19.48822021484375,19.569456100463867,19.471973419189453,19.545085906982422,19907978.0
2014-11-18T05:00:00Z,19.536962509155273,19.675060272216797,19.528837203979492,19.61007308959961,15630130.0
2014-11-19T05:00:00Z,19.577579498291016,19.60194969177246,19.48822021484375,19.569456100463867,27164231.0
2014-11-20T05:00:00Z,19.471973419189453,19.593826293945312,19.43947982788086,19.569456100463867,19798912.0
2014-11-21T05:00:00Z,19.788789749145508,19.788789749145508,19.642566680908203,19.66693687438965,25110061.0
2014-11-24T05:00:00Z,19.731924057006836,19.845653533935547,19.72380256652832,19.796913146972656,23038411.0
2014-11-25T05:00:00Z,19.8375301361084,19.8375301361084,19.71567726135254,19.78066635131836,28864242.0
2014-11-26T05:00:00Z,19.78066635131836,19.813159942626953,19.756296157836914,19.805036544799805,10769280.0
2014-11-28T05:00:00Z,19.8212833404541,19.910642623901367,19.796913146972656,19.8212833404541,9621496.0
2014-12-01T05:00:00Z,19.71567726135254,19.77254295349121,19.634443283081055,19.683183670043945,33654309.0
2014-12-02T05:00:00Z,19.66693687438965,19.88627052307129,19.66693687438965,19.870023727416992,26767603.0
2014-12-03T05:00:00Z,19.88627052307129,19.975629806518555,19.845653533935547,19.959383010864258,17814417.0
2014-12-04T05:00:00Z,19.935012817382812,20.00812339782715,19.853776931762695,19.983753204345703,20925400.0
2014-12-05T05:00:00Z,20.089357376098633,20.235580444335938,20.064987182617188,20.1624698638916,37209929.0
2014-12-08T05:00:00Z,20.138099670410156,20.365556716918945,20.129976272583008,20.259950637817383,52915889.0
2014-12-09T05:00:00Z,20.0,20.211210250854492,19.94313621520996,20.211210250854492,55516992.0
2014-12-10T05:00:00Z,20.154346466064453,20.21933364868164,19.918764114379883,19.95125961303711,63708559.0
2014-12-11T05:00:00Z,20.00812339782715,20.1787166595459,19.967506408691406,20.0,71819494.0
2014-12-12T05:00:00Z,19.845653533935547,19.967506408691406,19.585702896118164,19.61007308959961,48320689.0
2014-12-15T05:00:00Z,19.72380256652832,19.756296157836914,19.33387565612793,19.43135643005371,45935750.0
2014-12-16T05:00:00Z,19.32575035095215,19.634443283081055,19.236392974853516,19.244516372680664,45497391.0
2014-12-17T05:00:00Z,19.33387565612793,19.691307067871094,19.293258666992188,19.683183670043945,53873361.0
2014-12-18T05:00:00Z,19.983753204345703,20.154346466064453,19.87814712524414,20.138099670410156,46183796.0
2014-12-19T05:00:00Z,20.097482681274414,20.154346466064453,19.983753204345703,20.04874038696289,49107421.0
2014-12-22T05:00:00Z,20.10560417175293,20.186840057373047,20.05686378479004,20.186840057373047,19475282.0
2014-12-23T05:00:00Z,20.259950637817383,20.373680114746094,20.21933364868164,20.300569534301758,22928360.0
2014-12-24T05:00:00Z,20.365556716918945,20.365556716918945,20.259950637817383,20.268075942993164,9773278.0
2014-12-26T05:00:00Z,20.33306312561035,20.3411865234375,20.259950637817383,20.268075942993164,18149002.0
2014-12-29T05:00:00Z,20.251827239990234,20.422420501708984,20.211210250854492,20.3411865234375,22126486.0
2014-12-30T05:00:00Z,20.308692932128906,20.365556716918945,20.251827239990234,20.316816329956055,20298451.0
2014-12-31T05:00:00Z,20.38992691040039,20.406173706054688,20.064987182617188,20.089357376098633,29869969.0
2015-01-02T05:00:00Z,20.194963455200195,20.22745704650879,19.935012817382812,20.089357376098633,40511471.0
2015-01-05T05:00:00Z,19.959383010864258,20.0,19.618196487426758,19.66693687438965,50770502.0
2015-01-06T05:00:00Z,19.66693687438965,19.731924057006836,19.27701187133789,19.366369247436523,57454463.0
2015-01-07T05:00:00Z,19.528837203979492,19.618196487426758,19.415109634399414,19.569456100463867,36287049.0
2015-01-08T05:00:00Z,19.796913146972656,19.910642623901367,19.756296157836914,19.861900329589844,37995923.0
2015-01-09T05:00:00Z,19.902517318725586,19.910642623901367,19.585702896118164,19.593826293945312,36300590.0
2015-01-12T05:00:00Z,19.593826293945312,19.642566680908203,19.374492645263672,19.43135643005371,38356360.0
2015-01-13T05:00:00Z,19.56133270263672,19.691307067871094,19.228269577026367,19.366369247436523,45785445.0
2015-01-14T05:00:00Z,19.057676315307617,19.16328239440918,18.838342666625977,19.090171813964844,71356023.0
2015-01-15T05:00:00Z,19.025182723999023,19.122665405273438,18.82209587097168,18.854589462280273,58038203.0
2015-01-16T05:00:00Z,18.805849075317383,19.090171813964844,18.732738494873047,19.082046508789062,89499855.0
2015-01-20T05:00:00Z,19.1389102935791,19.21202278137207,18.93582534790039,19.000812530517578,39330942.0
2015-01-21T05:00:00Z,18.99268913269043,19.147035598754883,18.87083625793457,19.04955291748047,49251571.0
2015-01-22T05:00:00Z,19.16328239440918,19.545085906982422,19.033306121826172,19.520715713500977,97345387.0
2015-01-23T05:00:00Z,19.50446891784668,19.545085906982422,19.30950355529785,19.30950355529785,34069402.0
2015-01-26T05:00:00Z,19.27701187133789,19.415109634399414,19.228269577026367,19.406986236572266,27588310.0
2015-01-27T05:00:00Z,19.1389102935791,19.32575035095215,19.122665405273438,19.195775985717773,35186781.0
2015-01-28T05:00:00Z,19.293258666992188,19.293258666992188,18.81397247314453,18.846466064453125,85405918.0
2015-01-29T05:00:00Z,18.82209587097168,19.04142951965332,18.748985290527344,19.000812530517578,50409450.0
2015-01-30T05:00:00Z,18.781478881835938,19.000812530517578,18.683996200561523,18.692119598388672,64531113.0
2015-02-02T05:00:00Z,18.740861892700195,19.017059326171875,18.59463882446289,18.99268913269043,62984977.0
2015-02-03T05:00:00Z,19.065799713134766,19.32575035095215,19.065799713134766,19.30950355529785,66155787.0
2015-02-04T05:00:00Z,19.26888656616211,19.423233032226562,19.228269577026367,19.26076316833496,37523958.0
2015-02-05T05:00:00Z,19.317628860473633,19.48822021484375,19.301380157470703,19.455726623535156,30264135.0
2015-02-06T05:00:00Z,19.634443283081055,19.805036544799805,19.56133270263672,19.61007308959961,83237512.0
2015-02-09T05:00:00Z,19.520715713500977,19.61007308959961,19.463851928710938,19.512590408325195,37354080.0
2015-02-10T05:00:00Z,19.6588134765625,19.707555770874023,19.520715713500977,19.66693687438965,39742220.0
2015-02-11T05:00:00Z,19.642566680908203,19.72380256652832,19.536962509155273,19.66693687438965,36080733.0
2015-02-12T05:00:00Z,19.699430465698242,19.88627052307129,19.6588134765625,19.861900329589844,40635310.0
2015-02-13T05:00:00Z,19.870023727416992,19.926889419555664,19.77254295349121,19.845653533935547,23270085.0
2015-02-17T05:00:00Z,19.813159942626953,19.959383010864258,19.796913146972656,19.910642623901367,17869196.0
2015-02-18T05:00:00Z,19.88627052307129,19.88627052307129,19.740049362182617,19.788789749145508,36387868.0
2015-02-19T05:00:00Z,19.740049362182617,19.788789749145508,19.6588134765625,19.707555770874023,21550255.0
2015-02-20T05:00:00Z,19.675060272216797,19.88627052307129,19.55320930480957,19.853776931762695,40206183.0
2015-02-23T05:00:00Z,19.82940673828125,19.82940673828125,19.699430465698242,19.805036544799805,23616735.0
2015-02-24T05:00:00Z,19.853776931762695,19.967506408691406,19.813159942626953,19.902517318725586,33958612.0
2015-02-25T05:00:00Z,19.88627052307129,19.983753204345703,19.87814712524414,19.902517318725586,32659415.0
2015-02-26T05:00:00Z,19.926889419555664,19.935012817382812,19.788789749145508,19.853776931762695,33480738.0
2015-02-27T05:00:00Z,19.82940673828125,19.870023727416992,19.764419555664062,19.78066635131836,28937856.0
2015-03-02T05:00:00Z,19.788789749145508,19.94313621520996,19.748172760009766,19.926889419555664,27137641.0
2015-03-03T05:00:00Z,19.870023727416992,19.926889419555664,19.77254295349121,19.870023727416992,31729394.0
2015-03-04T05:00:00Z,19.788789749145508,19.813159942626953,19.675060272216797,19.748172760009766,47685247.0
2015-03-05T05:00:00Z,19.78066635131836,19.870023727416992,19.71567726135254,19.82940673828125,25112031.0
2015-03-06T05:00:00Z,19.902517318725586,20.032493591308594,19.65069007873535,19.683183670043945,74347599.0
2015-03-09T04:00:00Z,19.699430465698242,19.813159942626953,19.691307067871094,19.77254295349121,26666907.0
2015-03-10T04:00:00Z,19.60194969177246,19.61007308959961,19.350122451782227,19.350122451782227,49650662.0
2015-03-11T04:00:00Z,19.406986236572266,19.545085906982422,19.38261604309082,19.471973419189453,36531648.0
2015-03-12T04:00:00Z,19.634443283081055,19.910642623901367,19.61007308959961,19.89439582824707,50418806.0
2015-03-13T04:00:00Z,19.845653533935547,19.88627052307129,19.642566680908203,19.756296157836914,40917578.0
2015-03-16T04:00:00Z,19.8375301361084,20.016246795654297,19.8375301361084,20.0,39676730.0
2015-03-17T04:00:00Z,19.935012817382812,20.0,19.813159942626953,19.95125961303711,22247248.0
2015-03-18T04:00:00Z,19.902517318725586,20.129976272583008,19.82940673828125,20.064987182617188,58915168.0
2015-03-19T04:00:00Z,20.064987182617188,20.064987182617188,19.788789749145508,19.87814712524414,42486734.0
2015-03-20T04:00:00Z,19.902517318725586,20.089357376098633,19.8375301361084,20.073110580444336,47450742.0
2015-03-23T04:00:00Z,20.032493591308594,20.129976272583008,19.959383010864258,19.959383010864258,26417014.0
2015-03-24T04:00:00Z,19.94313621520996,19.94313621520996,19.788789749145508,19.796913146972656,22615686.0
2015-03-25T04:00:00Z,19.8212833404541,19.870023727416992,19.4800968170166,19.4800968170166,40570806.0
2015-03-26T04:00:00Z,19.398862838745117,19.55320930480957,19.317628860473633,19.463851928710938,40238682.0
2015-03-27T04:00:00Z,19.463851928710938,19.48822021484375,19.366369247436523,19.43947982788086,30154207.0
2015-03-30T04:00:00Z,19.585702896118164,19.77254295349121,19.577579498291016,19.72380256652832,43422048.0
2015-03-31T04:00:00Z,19.626319885253906,19.683183670043945,19.545085906982422,19.585702896118164,26132160.0
2015-04-01T04:00:00Z,19.536962509155273,19.642566680908203,19.43135643005371,19.569456100463867,32823015.0
2015-04-02T04:00:00Z,19.520715713500977,19.699430465698242,19.520715713500977,19.66693687438965,26472163.0
2015-04-06T04:00:00Z,19.50446891784668,19.748172760009766,19.463851928710938,19.699430465698242,19432443.0
2015-04-07T04:00:00Z,19.740049362182617,19.756296157836914,19.593826293945312,19.593826293945312,22346466.0
2015-04-08T04:00:00Z,19.61007308959961,19.748172760009766,19.61007308959961,19.66693687438965,22778055.0
2015-04-09T04:00:00Z,19.634443283081055,19.71567726135254,19.56133270263672,19.699430465698242,25595691.0
2015-04-10T04:00:00Z,19.707555770874023,19.740049362182617,19.6588134765625,19.691307067871094,18165005.0
2015-04-13T04:00:00Z,19.6588134765625,19.82940673828125,19.642566680908203,19.764419555664062,38112499.0
2015-04-14T04:00:00Z,19.748172760009766,19.813159942626953,19.65069007873535,19.764419555664062,32499016.0
2015-04-15T04:00:00Z,19.805036544799805,19.918764114379883,19.756296157836914,19.8375301361084,45762179.0
2015-04-16T04:00:00Z,19.82940673828125,19.935012817382812,19.72380256652832,19.870023727416992,27839065.0
2015-04-17T04:00:00Z,19.77254295349121,19.77254295349121,19.528837203979492,19.60194969177246,49064829.0
2015-04-20T04:00:00Z,19.675060272216797,19.756296157836914,19.66693687438965,19.683183670043945,19100196.0
2015-04-21T04:00:00Z,19.756296157836914,19.78066635131836,19.569456100463867,19.585702896118164,26714793.0
2015-04-22T04:00:00Z,19.60194969177246,19.77254295349121,19.536962509155273,19.72380256652832,26511555.0
2015-04-23T04:00:00Z,19.691307067871094,19.805036544799805,19.6588134765625,19.756296157836914,26294652.0
2015-04-24T04:00:00Z,19.71567726135254,19.748172760009766,19.65069007873535,19.72380256652832,23031271.0
2015-04-27T04:00:00Z,19.748172760009766,19.82940673828125,19.618196487426758,19.65069007873535,29486759.0
2015-04-28T04:00:00Z,19.618196487426758,19.764419555664062,19.536962509155273,19.764419555664062,31748721.0
2015-04-29T04:00:00Z,19.65069007873535,19.845653533935547,19.569456100463867,19.756296157836914,49893538.0
2015-04-30T04:00:00Z,19.699430465698242,19.805036544799805,19.528837203979492,19.60194969177246,42838185.0
2015-05-01T04:00:00Z,19.707555770874023,19.796913146972656,19.683183670043945,19.77254295349121,22565584.0
2015-05-04T04:00:00Z,19.853776931762695,19.975629806518555,19.8212833404541,19.967506408691406,27367961.0
2015-05-05T04:00:00Z,19.910642623901367,20.024370193481445,19.77254295349121,19.788789749145508,37717594.0
2015-05-06T04:00:00Z,19.870023727416992,19.902517318725586,19.55320930480957,19.691307067871094,36626312.0
2015-05-07T04:00:00Z,19.61007308959961,19.87814712524414,19.61007308959961,19.82940673828125,39290812.0
2015-05-08T04:00:00Z,19.935012817382812,20.11372947692871,19.935012817382812,20.11372947692871,40714217.0
2015-05-11T04:00:00Z,20.11372947692871,20.154346466064453,20.00812339782715,20.040616989135742,38354636.0
2015-05-12T04:00:00Z,19.95125961303711,20.016246795654297,19.805036544799805,19.967506408691406,48760649.0
2015-05-13T04:00:00Z,19.967506408691406,20.04874038696289,19.935012817382812,19.975629806518555,29430379.0
2015-05-14T04:00:00Z,20.073110580444336,20.1624698638916,20.032493591308594,20.154346466064453,26445450.0
2015-05-15T04:00:00Z,20.1624698638916,20.17059326171875,20.0,20.064987182617188,28494942.0
2015-05-18T04:00:00Z,20.073110580444336,20.194963455200195,20.04874038696289,20.1787166595459,19841750.0
2015-05-19T04:00:00Z,20.21933364868164,20.357433319091797,20.203086853027344,20.292444229125977,32513049.0
2015-05-20T04:00:00Z,20.33306312561035,20.3411865234375,20.203086853027344,20.235580444335938,37350263.0
2015-05-21T04:00:00Z,20.194963455200195,20.235580444335938,20.17059326171875,20.186840057373047,23172098.0
2015-05-22T04:00:00Z,20.146223068237305,20.243703842163086,20.146223068237305,20.194963455200195,16231966.0
2015-05-26T04:00:00Z,20.1624698638916,20.1624698638916,19.95125961303711,19.967506408691406,54832187.0
2015-05-27T04:00:00Z,20.024370193481445,20.211210250854492,20.0,20.186840057373047,31773341.0
2015-05-28T04:00:00Z,20.138099670410156,20.1787166595459,20.040616989135742,20.1624698638916,21900598.0
2015-05-29T04:00:00Z,20.1624698638916,20.1624698638916,19.935012817382812,19.983753204345703,31521478.0
2015-06-01T04:00:00Z,20.089357376098633,20.11372947692871,19.94313621520996,20.0,23062170.0
2015-06-02T04:00:00Z,19.983753204345703,20.10560417175293,19.902517318725586,20.032493591308594,26426862.0
2015-06-03T04:00:00Z,20.10560417175293,20.259950637817383,20.064987182617188,20.203086853027344,40898498.0
2015-06-04T04:00:00Z,20.146223068237305,20.194963455200195,19.99187660217285,20.024370193481445,37471271.0
2015-06-05T04:00:00Z,20.17059326171875,20.268075942993164,20.081235885620117,20.138099670410156,52402931.0
2015-06-08T04:00:00Z,20.17059326171875,20.194963455200195,20.00812339782715,20.016246795654297,28272131.0
2015-06-09T04:00:00Z,20.032493591308594,20.154346466064453,19.95125961303711,20.064987182617188,31163011.0
2015-06-10T04:00:00Z,20.1787166595459,20.422420501708984,20.146223068237305,20.34930992126465,53968148.0
2015-06-11T04:00:00Z,20.43866729736328,20.471162796020508,20.357433319091797,20.430543899536133,60034147.0
2015-06-12T04:00:00Z,20.381803512573242,20.422420501708984,20.27619743347168,20.3411865234375,42206558.0
2015-06-15T04:00:00Z,20.211210250854492,20.324939727783203,20.12185287475586,20.251827239990234,40678641.0
2015-06-16T04:00:00Z,20.259950637817383,20.381803512573242,20.194963455200195,20.365556716918945,36228207.0
2015-06-17T04:00:00Z,20.430543899536133,20.454914093017578,20.292444229125977,20.3411865234375,55448179.0
2015-06-18T04:00:00Z,20.430543899536133,20.56052017211914,20.3411865234375,20.528026580810547,70136594.0
2015-06-19T04:00:00Z,20.381803512573242,20.406173706054688,20.097482681274414,20.097482681274414,47071470.0
2015-06-22T04:00:00Z,20.38992691040039,20.487409591674805,20.381803512573242,20.406173706054688,40678518.0
2015-06-23T04:00:00Z,20.463037490844727,20.51177978515625,20.414297103881836,20.44679069519043,33542288.0
2015-06-24T04:00:00Z,20.414297103881836,20.44679069519043,20.27619743347168,20.27619743347168,26541099.0
2015-06-25T04:00:00Z,20.33306312561035,20.3411865234375,20.138099670410156,20.154346466064453,43711579.0
2015-06-26T04:00:00Z,20.243703842163086,20.27619743347168,20.1624698638916,20.21933364868164,30737208.0
2015-06-29T04:00:00Z,20.0,20.089357376098633,19.72380256652832,19.731924057006836,52912442.0
2015-06-30T04:00:00Z,19.926889419555664,19.975629806518555,19.740049362182617,19.805036544799805,77383245.0
2015-07-01T04:00:00Z,20.11372947692871,20.154346466064453,19.983753204345703,20.10560417175293,52375111.0
2015-07-02T04:00:00Z,20.097482681274414,20.146223068237305,19.935012817382812,20.016246795654297,24081438.0
2015-07-06T04:00:00Z,19.788789749145508,19.983753204345703,19.764419555664062,19.935012817382812,33223951.0
2015-07-07T04:00:00Z,19.902517318725586,19.99187660217285,19.60194969177246,19.975629806518555,63077548.0
2015-07-08T04:00:00Z,19.707555770874023,19.8375301361084,19.593826293945312,19.626319885253906,56789354.0
2015-07-09T04:00:00Z,19.902517318725586,19.935012817382812,19.740049362182617,19.78066635131836,31236625.0
2015-07-10T04:00:00Z,20.05686378479004,20.064987182617188,19.926889419555664,20.016246795654297,36120618.0
2015-07-13T04:00:00Z,20.186840057373047,20.259950637817383,20.146223068237305,20.259950637817383,41191230.0
2015-07-14T04:00:00Z,20.194963455200195,20.34930992126465,20.154346466064453,20.308692932128906,27691961.0
2015-07-15T04:00:00Z,20.406173706054688,20.51177978515625,20.33306312561035,20.479284286499023,62160945.0
2015-07-16T04:00:00Z,20.633630752563477,20.682371139526367,20.60926055908203,20.682371139526367,39781365.0
2015-07-17T04:00:00Z,20.66612434387207,20.69049644470215,20.536148071289062,20.625507354736328,22286763.0
2015-07-20T04:00:00Z,20.682371139526367,20.714866638183594,20.593013763427734,20.649877548217773,25354045.0
2015-07-21T04:00:00Z,20.658002853393555,20.73923683166504,20.576766967773438,20.625507354736328,24390172.0
2015-07-22T04:00:00Z,20.633630752563477,20.804224014282227,20.60926055908203,20.77985382080078,36459143.0
2015-07-23T04:00:00Z,20.796100616455078,20.812347412109375,20.56052017211914,20.601137161254883,36561685.0
2015-07-24T04:00:00Z,20.576766967773438,20.593013763427734,20.373680114746094,20.406173706054688,32149658.0
2015-07-27T04:00:00Z,20.268075942993164,20.316816329956055,20.186840057373047,20.259950637817383,34805048.0
2015-07-28T04:00:00Z,20.422420501708984,20.422420501708984,20.211210250854492,20.3411865234375,29677194.0
2015-07-29T04:00:00Z,20.406173706054688,20.552396774291992,20.357433319091797,20.544273376464844,33091373.0
2015-07-30T04:00:00Z,20.51177978515625,20.56052017211914,20.430543899536133,20.544273376464844,20597954.0
2015-07-31T04:00:00Z,20.5199031829834,20.56864356994629,20.422420501708984,20.479284286499023,24137571.0
2015-08-03T04:00:00Z,20.479284286499023,20.5036563873291,20.316816329956055,20.454914093017578,42025601.0
2015-08-04T04:00:00Z,20.471162796020508,20.528026580810547,20.38992691040039,20.422420501708984,30678613.0
2015-08-05T04:00:00Z,20.56052017211914,20.625507354736328,20.44679069519043,20.5036563873291,24771536.0
2015-08-06T04:00:00Z,20.5199031829834,20.552396774291992,20.357433319091797,20.430543899536133,23921408.0
2015-08-07T04:00:00Z,20.414297103881836,20.49553108215332,20.300569534301758,20.471162796020508,30673812.0
2015-08-10T04:00:00Z,20.60926055908203,20.67424964904785,20.552396774291992,20.66612434387207,30165778.0
2015-08-11T04:00:00Z,20.471162796020508,20.544273376464844,20.39805030822754,20.479284286499023,65448208.0
2015-08-12T04:00:00Z,20.308692932128906,20.324939727783203,19.983753204345703,20.292444229125977,77509300.0
2015-08-13T04:00:00Z,20.3411865234375,20.43866729736328,20.211210250854492,20.365556716918945,27547564.0
2015-08-14T04:00:00Z,20.3411865234375,20.51177978515625,20.33306312561035,20.51177978515625,33603346.0
2015-08-17T04:00:00Z,20.422420501708984,20.56052017211914,20.34930992126465,20.552396774291992,28771055.0
2015-08-18T04:00:00Z,20.528026580810547,20.584890365600586,20.487409591674805,20.536148071289062,20245642.0
2015-08-19T04:00:00Z,20.479284286499023,20.528026580810547,20.27619743347168,20.34930992126465,57382080.0
2015-08-20T04:00:00Z,20.138099670410156,20.1624698638916,19.918764114379883,19.918764114379883,67731590.0
2015-08-21T04:00:00Z,19.66693687438965,19.813159942626953,19.203899383544922,19.203899383544922,127715881.0
2015-08-24T04:00:00Z,18.0259952545166,19.033306121826172,15.044678688049316,18.3834285736084,143651668.0
2015-08-25T04:00:00Z,19.057676315307617,19.073923110961914,18.074735641479492,18.139724731445312,84936661.0
2015-08-26T04:00:00Z,18.562145233154297,18.82209587097168,18.220958709716797,18.82209587097168,146056427.0
2015-08-27T04:00:00Z,19.065799713134766,19.32575035095215,18.911453247070312,19.285133361816406,96219884.0
2015-08-28T04:00:00Z,19.21202278137207,19.26076316833496,19.073923110961914,19.195775985717773,40348364.0
2015-08-31T04:00:00Z,19.073923110961914,19.1551570892334,19.017059326171875,19.033306121826172,58845124.0
2015-09-01T04:00:00Z,18.627132415771484,18.724613189697266,18.277822494506836,18.415922164916992,86294454.0
2015-09-02T04:00:00Z,18.659626007080078,18.71649169921875,18.42404556274414,18.667749404907227,52533664.0
2015-09-03T04:00:00Z,18.724613189697266,18.968318939208984,18.692119598388672,18.77335548400879,60273576.0
2015-09-04T04:00:00Z,18.505279541015625,18.562145233154297,18.277822494506836,18.399675369262695,54210039.0
2015-09-08T04:00:00Z,18.757108688354492,18.887083053588867,18.627132415771484,18.87083625793457,49726245.0
2015-09-09T04:00:00Z,19.04142951965332,19.122665405273438,18.570268630981445,18.610885620117188,43741739.0
2015-09-10T04:00:00Z,18.59463882446289,18.838342666625977,18.53777313232422,18.700244903564453,43653476.0
2015-09-11T04:00:00Z,18.610885620117188,18.781478881835938,18.570268630981445,18.781478881835938,26809949.0
2015-09-14T04:00:00Z,18.740861892700195,18.797725677490234,18.667749404907227,18.740861892700195,31837353.0
2015-09-15T04:00:00Z,18.81397247314453,19.065799713134766,18.740861892700195,19.008935928344727,41048311.0
2015-09-16T04:00:00Z,19.025182723999023,19.16328239440918,18.927701950073242,19.130788803100586,28008328.0
2015-09-17T04:00:00Z,19.114540100097656,19.244516372680664,18.82209587097168,18.862712860107422,75221486.0
2015-09-18T04:00:00Z,18.513404846191406,18.60276222229004,18.37530517578125,18.407798767089844,85290820.0
2015-09-21T04:00:00Z,18.529651641845703,18.692119598388672,18.497156143188477,18.619009017944336,47097445.0
2015-09-22T04:00:00Z,18.342811584472656,18.448415756225586,18.245328903198242,18.3834285736084,65335941.0
2015-09-23T04:00:00Z,18.391551971435547,18.456539154052734,18.285945892333984,18.391551971435547,34891095.0
2015-09-24T04:00:00Z,18.180341720581055,18.294069290161133,18.099105834960938,18.26157569885254,51271027.0
2015-09-25T04:00:00Z,18.521526336669922,18.65150260925293,18.440292358398438,18.529651641845703,55416173.0
2015-09-28T04:00:00Z,18.399675369262695,18.43216896057129,18.0422420501709,18.099105834960938,58422891.0
2015-09-29T04:00:00Z,18.115352630615234,18.188465118408203,17.969131469726562,18.13159942626953,48264309.0
2015-09-30T04:00:00Z,18.37530517578125,18.407798767089844,18.188465118408203,18.407798767089844,49086741.0
2015-10-01T04:00:00Z,18.399675369262695,18.489032745361328,18.220958709716797,18.415922164916992,48512971.0
2015-10-02T04:00:00Z,18.017871856689453,18.440292358398438,17.85540199279785,18.440292358398438,75346063.0
2015-10-05T04:00:00Z,18.570268630981445,18.854589462280273,18.562145233154297,18.830219268798828,47975517.0
2015-10-06T04:00:00Z,18.789602279663086,18.854589462280273,18.70836639404297,18.740861892700195,36684908.0
2015-10-07T04:00:00Z,18.862712860107422,18.99268913269043,18.748985290527344,18.887083053588867,38597020.0
2015-10-08T04:00:00Z,18.81397247314453,19.017059326171875,18.77335548400879,19.000812530517578,37237011.0
2015-10-09T04:00:00Z,19.04142951965332,19.057676315307617,18.797725677490234,18.87895965576172,58339183.0
2015-10-12T04:00:00Z,18.87083625793457,18.927701950073242,18.82209587097168,18.895206451416016,25312191.0
2015-10-13T04:00:00Z,18.830219268798828,18.952070236206055,18.748985290527344,18.748985290527344,42452020.0
2015-10-14T04:00:00Z,18.757108688354492,18.789602279663086,18.570268630981445,18.59463882446289,44763838.0
2015-10-15T04:00:00Z,18.700244903564453,19.04142951965332,18.683996200561523,19.017059326171875,55652525.0
2015-10-16T04:00:00Z,19.073923110961914,19.16328239440918,19.033306121826172,19.130788803100586,36542235.0
2015-10-19T04:00:00Z,19.008935928344727,19.1551570892334,19.000812530517578,19.114540100097656,32690313.0
2015-10-20T04:00:00Z,19.114540100097656,19.252639770507812,19.09829330444336,19.228269577026367,23941473.0
2015-10-21T04:00:00Z,19.252639770507812,19.317628860473633,19.057676315307617,19.090171813964844,29215200.0
2015-10-22T04:00:00Z,19.130788803100586,19.471973419189453,19.122665405273438,19.398862838745117,61204335.0
2015-10-23T04:00:00Z,19.55320930480957,19.618196487426758,19.463851928710938,19.61007308959961,45903498.0
2015-10-26T04:00:00Z,19.61007308959961,19.61007308959961,19.455726623535156,19.528837203979492,24485698.0
2015-10-27T04:00:00Z,19.43135643005371,19.455726623535156,19.350122451782227,19.415109634399414,28664204.0
2015-10-28T04:00:00Z,19.455726623535156,19.902517318725586,19.455726623535156,19.870023727416992,112058299.0
2015-10-29T04:00:00Z,19.861900329589844,19.94313621520996,19.748172760009766,19.845653533935547,48479611.0
2015-10-30T04:00:00Z,19.796913146972656,19.813159942626953,19.536962509155273,19.56133270263672,62867662.0
2015-11-02T05:00:00Z,19.61007308959961,19.910642623901367,19.60194969177246,19.82940673828125,73531446.0
2015-11-03T05:00:00Z,19.8212833404541,19.926889419555664,19.731924057006836,19.861900329589844,42479225.0
2015-11-04T05:00:00Z,19.861900329589844,19.910642623901367,19.748172760009766,19.805036544799805,40100564.0
2015-11-05T05:00:00Z,19.805036544799805,19.918764114379883,19.77254295349121,19.88627052307129,45236788.0
2015-11-06T05:00:00Z,20.259950637817383,20.28432273864746,20.016246795654297,20.089357376098633,85556100.0
2015-11-09T05:00:00Z,20.11372947692871,20.1624698638916,19.756296157836914,19.870023727416992,59169369.0
2015-11-10T05:00:00Z,19.8212833404541,19.967506408691406,19.788789749145508,19.959383010864258,41119339.0
2015-11-11T05:00:00Z,20.04874038696289,20.04874038696289,19.87814712524414,19.89439582824707,27576370.0
2015-11-12T05:00:00Z,19.845653533935547,19.853776931762695,19.585702896118164,19.593826293945312,66597469.0
2015-11-13T05:00:00Z,19.4963436126709,19.634443283081055,19.374492645263672,19.43135643005371,53877793.0
2015-11-16T05:00:00Z,19.374492645263672,19.66693687438965,19.33387565612793,19.66693687438965,53560564.0
2015-11-17T05:00:00Z,19.748172760009766,19.805036544799805,19.585702896118164,19.626319885253906,46013180.0
2015-11-18T05:00:00Z,19.740049362182617,20.0,19.675060272216797,19.975629806518555,83572836.0
2015-11-19T05:00:00Z,19.983753204345703,20.04874038696289,19.910642623901367,20.00812339782715,35613076.0
2015-11-20T05:00:00Z,20.064987182617188,20.12185287475586,19.983753204345703,20.040616989135742,44189330.0
2015-11-23T05:00:00Z,20.032493591308594,20.097482681274414,19.935012817382812,19.959383010864258,31828859.0
2015-11-24T05:00:00Z,19.8375301361084,19.967506408691406,19.731924057006836,19.902517318725586,35916887.0
2015-11-25T05:00:00Z,19.910642623901367,19.959383010864258,19.861900329589844,19.918764114379883,24226080.0
2015-11-27T05:00:00Z,19.95125961303711,19.99187660217285,19.853776931762695,19.967506408691406,23191055.0
2015-11-30T05:00:00Z,20.032493591308594,20.032493591308594,19.918764114379883,19.95125961303711,30361138.0
2015-12-01T05:00:00Z,20.024370193481445,20.1787166595459,19.983753204345703,20.17059326171875,38268343.0
2015-12-02T05:00:00Z,20.21933364868164,20.21933364868164,19.89439582824707,19.935012817382812,43846620.0
2015-12-03T05:00:00Z,20.04874038696289,20.04874038696289,19.545085906982422,19.61007308959961,59308595.0
2015-12-04T05:00:00Z,19.731924057006836,20.1624698638916,19.683183670043945,20.129976272583008,52547451.0
2015-12-07T05:00:00Z,20.10560417175293,20.12185287475586,19.845653533935547,19.94313621520996,31381144.0
2015-12-08T05:00:00Z,19.72380256652832,19.870023727416992,19.642566680908203,19.691307067871094,35697769.0
2015-12-09T05:00:00Z,19.60194969177246,19.8212833404541,19.350122451782227,19.463851928710938,66624798.0
2015-12-10T05:00:00Z,19.455726623535156,19.66693687438965,19.39073944091797,19.4800968170166,58161303.0
2015-12-11T05:00:00Z,19.187652587890625,19.30950355529785,18.94394874572754,19.04955291748047,89542078.0
2015-12-14T05:00:00Z,19.065799713134766,19.22014617919922,18.87895965576172,19.090171813964844,71948873.0
2015-12-15T05:00:00Z,19.285133361816406,19.642566680908203,19.26888656616211,19.536962509155273,93332943.0
2015-12-16T05:00:00Z,19.71567726135254,19.918764114379883,19.528837203979492,19.853776931762695,102205375.0
2015-12-17T05:00:00Z,19.926889419555664,19.926889419555664,19.545085906982422,19.569456100463867,70913355.0
2015-12-18T05:00:00Z,19.30950355529785,19.33387565612793,18.927701950073242,18.927701950073242,113598773.0
2015-12-21T05:00:00Z,19.082046508789062,19.179529190063477,18.94394874572754,19.114540100097656,50728156.0
2015-12-22T05:00:00Z,19.228269577026367,19.33387565612793,19.057676315307617,19.293258666992188,57087748.0
2015-12-23T05:00:00Z,19.415109634399414,19.55320930480957,19.358245849609375,19.520715713500977,40627924.0
2015-12-24T05:00:00Z,19.545085906982422,19.61007308959961,19.455726623535156,19.50446891784668,13844688.0
2015-12-28T05:00:00Z,19.423233032226562,19.4963436126709,19.32575035095215,19.48822021484375,16747016.0
2015-12-29T05:00:00Z,19.65069007873535,19.71567726135254,19.585702896118164,19.691307067871094,38040239.0
2015-12-30T05:00:00Z,19.65069007873535,19.683183670043945,19.520715713500977,19.55320930480957,19339133.0
2015-12-31T05:00:00Z,19.358245849609375,19.585702896118164,19.317628860473633,19.358245849609375,59154720.0
2016-01-04T05:00:00Z,18.960195541381836,19.000812530517578,18.76523208618164,18.98456573486328,93387476.0
2016-01-05T05:00:00Z,19.017059326171875,19.114540100097656,18.887083053588867,19.057676315307617,52096536.0
2016-01-06T05:00:00Z,18.781478881835938,18.87895965576172,18.667749404907227,18.76523208618164,77248574.0
2016-01-07T05:00:00Z,18.37530517578125,18.5458984375,18.164094924926758,18.237205505371094,92006910.0
2016-01-08T05:00:00Z,18.399675369262695,18.415922164916992,17.91226577758789,17.952884674072266,83028242.0
2016-01-11T05:00:00Z,18.050365447998047,18.08285903930664,17.798538208007812,17.97725486755371,70986600.0
2016-01-12T05:00:00Z,18.164094924926758,18.19658851623535,17.879772186279297,18.115352630615234,80633578.0
2016-01-13T05:00:00Z,18.188465118408203,18.269699096679688,17.562957763671875,17.64419174194336,125524947.0
2016-01-14T05:00:00Z,17.6848087310791,17.944759368896484,17.51421546936035,17.798538208007812,95264013.0
2016-01-15T05:00:00Z,17.197399139404297,17.481721878051758,17.164907455444336,17.400487899780273,94362797.0
2016-01-19T05:00:00Z,17.587326049804688,17.652315139770508,17.270511627197266,17.392364501953125,83779398.0
2016-01-20T05:00:00Z,17.034931182861328,17.213647842407227,16.67749786376953,17.051177978515625,107682217.0
2016-01-21T05:00:00Z,17.067424774169922,17.286758422851562,16.921201705932617,16.97806739807129,91494814.0
2016-01-22T05:00:00Z,17.197399139404297,17.35987091064453,17.164907455444336,17.286758422851562,59334200.0
2016-01-25T05:00:00Z,17.213647842407227,17.278635025024414,16.896831512451172,16.937448501586914,78982191.0
2016-01-26T05:00:00Z,17.002437591552734,17.270511627197266,16.97806739807129,17.221771240234375,63973716.0
2016-01-27T05:00:00Z,17.164907455444336,17.457351684570312,17.034931182861328,17.156782150268555,77206350.0
2016-01-28T05:00:00Z,17.262388229370117,17.3436222076416,17.051177978515625,17.164907455444336,79906672.0
2016-01-29T05:00:00Z,17.286758422851562,17.652315139770508,17.229894638061523,17.64419174194336,100518905.0
2016-02-01T05:00:00Z,17.562957763671875,17.660438537597656,17.441104888916016,17.57107925415039,84561575.0
2016-02-02T05:00:00Z,17.31925392150879,17.3436222076416,17.043054580688477,17.08367156982422,86157444.0
2016-02-03T05:00:00Z,17.181154251098633,17.181154251098633,16.612510681152344,17.099918365478516,151930266.0
2016-02-04T05:00:00Z,16.994314193725586,17.36799430847168,16.994314193725586,17.24614143371582,97011048.0
2016-02-05T05:00:00Z,17.262388229370117,17.351747512817383,16.969942092895508,17.01868438720703,81506726.0
2016-02-08T05:00:00Z,16.774980545043945,16.831844329833984,16.360681533813477,16.5881404876709,132312804.0
2016-02-09T05:00:00Z,16.263200759887695,16.67749786376953,16.263200759887695,16.56376838684082,168924221.0
2016-02-10T05:00:00Z,16.693744659423828,16.880584716796875,16.46628761291504,16.474411010742188,80836939.0
2016-02-11T05:00:00Z,16.035743713378906,16.149471282958984,15.865150451660156,15.970754623413086,155436893.0
2016-02-12T05:00:00Z,16.352558135986328,16.645004272460938,16.279447555541992,16.645004272460938,119640644.0
2016-02-16T05:00:00Z,16.929325103759766,16.986190795898438,16.75873374938965,16.91307830810547,97496185.0
2016-02-17T05:00:00Z,17.07554817199707,17.221771240234375,17.07554817199707,17.140535354614258,79846353.0
2016-02-18T05:00:00Z,17.205524444580078,17.205524444580078,16.961820602416992,17.043054580688477,79491948.0
2016-02-19T05:00:00Z,16.90495491027832,17.116165161132812,16.880584716796875,17.043054580688477,91481888.0
2016-02-22T05:00:00Z,17.24614143371582,17.384239196777344,17.24614143371582,17.311128616333008,52408225.0
2016-02-23T05:00:00Z,17.221771240234375,17.24614143371582,16.969942092895508,17.002437591552734,71553352.0
2016-02-24T05:00:00Z,16.75873374938965,17.010560989379883,16.612510681152344,16.961820602416992,89023089.0
2016-02-25T05:00:00Z,16.961820602416992,17.213647842407227,16.961820602416992,17.197399139404297,87713797.0
2016-02-26T05:00:00Z,17.311128616333008,17.47359848022461,17.221771240234375,17.31925392150879,100096303.0
2016-02-29T05:00:00Z,17.30300521850586,17.392364501953125,17.12428855895996,17.132413864135742,70846020.0
2016-03-01T05:00:00Z,17.25426483154297,17.74167251586914,17.25426483154297,17.70918083190918,100224943.0
2016-03-02T05:00:00Z,17.725425720214844,17.91226577758789,17.7010555267334,17.904142379760742,89863616.0
2016-03-03T05:00:00Z,17.887895584106445,18.03411865234375,17.81478500366211,18.0259952545166,76643660.0
2016-03-04T05:00:00Z,18.115352630615234,18.188465118408203,17.96100616455078,18.099105834960938,70707286.0
2016-03-07T05:00:00Z,17.97725486755371,18.115352630615234,17.92038917541504,18.09098243713379,48251261.0
2016-03-08T05:00:00Z,17.928512573242188,18.001625061035156,17.774166107177734,17.798538208007812,94684581.0
2016-03-09T05:00:00Z,17.863525390625,17.91226577758789,17.757919311523438,17.822908401489258,59913509.0
2016-03-10T05:00:00Z,17.93663787841797,18.017871856689453,17.59545135498047,17.80666160583496,94740222.0
2016-03-11T05:00:00Z,17.98537826538086,18.294069290161133,17.98537826538086,18.269699096679688,79284278.0
2016-03-14T04:00:00Z,18.21283531188965,18.26157569885254,18.099105834960938,18.21283531188965,55347853.0
2016-03-15T04:00:00Z,18.09098243713379,18.2047119140625,18.0259952545166,18.2047119140625,75699114.0
2016-03-16T04:00:00Z,18.107229232788086,18.277822494506836,18.0259952545166,18.164094924926758,72379969.0
2016-03-17T04:00:00Z,18.164094924926758,18.440292358398438,18.03411865234375,18.3834285736084,65859485.0
2016-03-18T04:00:00Z,18.415922164916992,18.53777313232422,18.3671817779541,18.464662551879883,65031268.0
2016-03-21T04:00:00Z,18.407798767089844,18.55402183532715,18.359058380126953,18.43216896057129,47484348.0
2016-03-22T04:00:00Z,18.30219268798828,18.448415756225586,18.26157569885254,18.37530517578125,43482367.0
2016-03-23T04:00:00Z,18.342811584472656,18.37530517578125,18.229082107543945,18.237205505371094,55912266.0
2016-03-24T04:00:00Z,18.074735641479492,18.123477935791016,17.952884674072266,18.123477935791016,48500785.0
2016-03-28T04:00:00Z,18.147846221923828,18.237205505371094,18.09098243713379,18.180341720581055,36121356.0
2016-03-29T04:00:00Z,18.107229232788086,18.220958709716797,18.001625061035156,18.21283531188965,44438115.0
2016-03-30T04:00:00Z,18.31031608581543,18.456539154052734,18.294069290161133,18.318439483642578,37636102.0
2016-03-31T04:00:00Z,18.269699096679688,18.391551971435547,18.237205505371094,18.277822494506836,39946073.0
2016-04-01T04:00:00Z,18.188465118408203,18.464662551879883,18.115352630615234,18.440292358398438,45753316.0
2016-04-04T04:00:00Z,18.42404556274414,18.464662551879883,18.31031608581543,18.350933074951172,38544826.0
2016-04-05T04:00:00Z,18.180341720581055,18.21283531188965,18.058488845825195,18.09098243713379,61644172.0
2016-04-06T04:00:00Z,18.058488845825195,18.2047119140625,18.001625061035156,18.188465118408203,38129610.0
2016-04-07T04:00:00Z,18.058488845825195,18.074735641479492,17.749797821044922,17.847278594970703,51315220.0
2016-04-08T04:00:00Z,17.969131469726562,18.09098243713379,17.879772186279297,17.91226577758789,55956828.0
2016-04-11T04:00:00Z,17.993501663208008,18.139724731445312,17.969131469726562,17.98537826538086,45423161.0
2016-04-12T04:00:00Z,18.009748458862305,18.245328903198242,17.969131469726562,18.21283531188965,48225902.0
2016-04-13T04:00:00Z,18.399675369262695,18.64337921142578,18.3834285736084,18.627132415771484,69649488.0
2016-04-14T04:00:00Z,18.53777313232422,18.76523208618164,18.53777313232422,18.667749404907227,52055051.0
2016-04-15T04:00:00Z,18.71649169921875,18.740861892700195,18.570268630981445,18.60276222229004,53901797.0
2016-04-18T04:00:00Z,18.513404846191406,18.757108688354492,18.497156143188477,18.740861892700195,52434076.0
2016-04-19T04:00:00Z,18.797725677490234,18.976442337036133,18.797725677490234,18.976442337036133,57169363.0
2016-04-20T04:00:00Z,18.968318939208984,19.1551570892334,18.960195541381836,19.122665405273438,74743119.0
2016-04-21T04:00:00Z,19.114540100097656,19.195775985717773,18.903331756591797,18.952070236206055,63436754.0
2016-04-22T04:00:00Z,18.968318939208984,19.171405792236328,18.968318939208984,19.130788803100586,46728145.0
2016-04-25T04:00:00Z,19.04955291748047,19.10641860961914,18.952070236206055,19.090171813964844,38189682.0
2016-04-26T04:00:00Z,19.10641860961914,19.236392974853516,19.082046508789062,19.21202278137207,41664795.0
2016-04-27T04:00:00Z,19.195775985717773,19.30950355529785,19.130788803100586,19.244516372680664,56916147.0
2016-04-28T04:00:00Z,19.082046508789062,19.236392974853516,18.976442337036133,19.04142951965332,74850832.0
2016-04-29T04:00:00Z,18.93582534790039,19.008935928344727,18.76523208618164,18.93582534790039,60318138.0
2016-05-02T04:00:00Z,18.952070236206055,19.130788803100586,18.911453247070312,19.10641860961914,43564598.0
2016-05-03T04:00:00Z,18.887083053588867,18.903331756591797,18.700244903564453,18.862712860107422,44142060.0
2016-05-04T04:00:00Z,18.64337921142578,18.81397247314453,18.627132415771484,18.71649169921875,46466680.0
2016-05-05T04:00:00Z,18.757108688354492,18.830219268798828,18.659626007080078,18.70836639404297,47043157.0
2016-05-06T04:00:00Z,18.570268630981445,18.797725677490234,18.570268630981445,18.789602279663086,38964104.0
2016-05-09T04:00:00Z,18.757108688354492,18.846466064453125,18.667749404907227,18.740861892700195,31989258.0
2016-05-10T04:00:00Z,18.830219268798828,19.017059326171875,18.82209587097168,19.008935928344727,37549070.0
2016-05-11T04:00:00Z,18.952070236206055,19.000812530517578,18.789602279663086,18.805849075317383,31961192.0
2016-05-12T04:00:00Z,18.87083625793457,18.952070236206055,18.700244903564453,18.81397247314453,35254978.0
2016-05-13T04:00:00Z,18.77335548400879,18.903331756591797,18.55402183532715,18.586515426635742,45538875.0
2016-05-16T04:00:00Z,18.586515426635742,18.76523208618164,18.570268630981445,18.683996200561523,33796243.0
2016-05-17T04:00:00Z,18.635255813598633,18.71649169921875,18.497156143188477,18.578392028808594,45457629.0
2016-05-18T04:00:00Z,18.521526336669922,18.919578552246094,18.521526336669922,18.903331756591797,96899150.0
2016-05-19T04:00:00Z,18.81397247314453,18.903331756591797,18.610885620117188,18.724613189697266,66203303.0
2016-05-20T04:00:00Z,18.82209587097168,18.960195541381836,18.789602279663086,18.854589462280273,35765351.0
2016-05-23T04:00:00Z,18.81397247314453,18.903331756591797,18.757108688354492,18.838342666625977,38575724.0
2016-05-24T04:00:00Z,18.968318939208984,19.16328239440918,18.94394874572754,19.122665405273438,47386483.0
2016-05-25T04:00:00Z,19.203899383544922,19.423233032226562,19.195775985717773,19.32575035095215,51504178.0
2016-05-26T04:00:00Z,19.33387565612793,19.358245849609375,19.187652587890625,19.21202278137207,36198417.0
2016-05-27T04:00:00Z,19.244516372680664,19.350122451782227,19.22014617919922,19.341997146606445,37026264.0
2016-05-31T04:00:00Z,19.43947982788086,19.43947982788086,19.228269577026367,19.293258666992188,40884834.0
2016-06-01T04:00:00Z,19.1551570892334,19.358245849609375,19.073923110961914,19.33387565612793,38452378.0
2016-06-02T04:00:00Z,19.285133361816406,19.374492645263672,19.22014617919922,19.374492645263672,28227076.0
2016-06-03T04:00:00Z,19.1389102935791,19.1551570892334,18.895206451416016,19.09829330444336,86083215.0
2016-06-06T04:00:00Z,19.10641860961914,19.301380157470703,19.090171813964844,19.21202278137207,46925474.0
2016-06-07T04:00:00Z,19.228269577026367,19.285133361816406,19.1551570892334,19.171405792236328,26503799.0
2016-06-08T04:00:00Z,19.1389102935791,19.236392974853516,19.1389102935791,19.187652587890625,30469958.0
2016-06-09T04:00:00Z,19.073923110961914,19.10641860961914,18.952070236206055,19.04955291748047,39571234.0
2016-06-10T04:00:00Z,18.830219268798828,18.903331756591797,18.757108688354492,18.81397247314453,47349676.0
2016-06-13T04:00:00Z,18.70836639404297,18.927701950073242,18.675872802734375,18.683996200561523,56062079.0
2016-06-14T04:00:00Z,18.610885620117188,18.70836639404297,18.31031608581543,18.407798767089844,66888232.0
2016-06-15T04:00:00Z,18.456539154052734,18.64337921142578,18.415922164916992,18.43216896057129,58034633.0
2016-06-16T04:00:00Z,18.285945892333984,18.497156143188477,18.180341720581055,18.48090934753418,71488109.0
2016-06-17T04:00:00Z,18.407798767089844,18.456539154052734,18.285945892333984,18.3671817779541,46524537.0
2016-06-20T04:00:00Z,18.659626007080078,18.757108688354492,18.464662551879883,18.47278594970703,70566829.0
2016-06-21T04:00:00Z,18.5458984375,18.619009017944336,18.464662551879883,18.578392028808594,40308110.0
2016-06-22T04:00:00Z,18.578392028808594,18.71649169921875,18.521526336669922,18.562145233154297,54005201.0
2016-06-23T04:00:00Z,18.781478881835938,18.952070236206055,18.77335548400879,18.952070236206055,73745517.0
2016-06-24T04:00:00Z,17.96100616455078,18.350933074951172,17.87164878845215,17.93663787841797,165914672.0
2016-06-27T04:00:00Z,17.668561935424805,17.69293212890625,17.31925392150879,17.42485809326172,140642119.0
2016-06-28T04:00:00Z,17.74167251586914,17.87164878845215,17.587326049804688,17.87164878845215,109722231.0
2016-06-29T04:00:00Z,18.0259952545166,18.277822494506836,17.98537826538086,18.277822494506836,100009025.0
2016-06-30T04:00:00Z,18.334686279296875,18.570268630981445,18.245328903198242,18.570268630981445,72707045.0
2016-07-01T04:00:00Z,18.497156143188477,18.60276222229004,18.440292358398438,18.47278594970703,45095346.0
2016-07-05T04:00:00Z,18.294069290161133,18.342811584472656,18.107229232788086,18.19658851623535,59557011.0
2016-07-06T04:00:00Z,18.0422420501709,18.269699096679688,18.001625061035156,18.245328903198242,58561132.0
2016-07-07T04:00:00Z,18.30219268798828,18.42404556274414,18.180341720581055,18.269699096679688,65731461.0
2016-07-08T04:00:00Z,18.521526336669922,18.64337921142578,18.497156143188477,18.619009017944336,55327418.0
2016-07-11T04:00:00Z,18.71649169921875,18.781478881835938,18.659626007080078,18.724613189697266,42557517.0
2016-07-12T04:00:00Z,18.862712860107422,18.98456573486328,18.838342666625977,18.960195541381836,55059306.0
2016-07-13T04:00:00Z,18.94394874572754,19.000812530517578,18.854589462280273,18.960195541381836,57377156.0
2016-07-14T04:00:00Z,19.33387565612793,19.33387565612793,19.090171813964844,19.1389102935791,67039521.0
2016-07-15T04:00:00Z,19.21202278137207,19.228269577026367,18.98456573486328,19.10641860961914,62710956.0
2016-07-18T04:00:00Z,19.114540100097656,19.195775985717773,19.09829330444336,19.171405792236328,38953149.0
2016-07-19T04:00:00Z,19.082046508789062,19.187652587890625,19.057676315307617,19.179529190063477,30777585.0
2016-07-20T04:00:00Z,19.252639770507812,19.252639770507812,19.130788803100586,19.21202278137207,31817657.0
2016-07-21T04:00:00Z,19.187652587890625,19.22014617919922,19.090171813964844,19.114540100097656,36524509.0
2016-07-22T04:00:00Z,19.1389102935791,19.244516372680664,19.10641860961914,19.236392974853516,23484772.0
2016-07-25T04:00:00Z,19.203899383544922,19.244516372680664,19.1389102935791,19.195775985717773,37096308.0
2016-07-26T04:00:00Z,19.147035598754883,19.236392974853516,19.130788803100586,19.21202278137207,34484126.0
2016-07-27T04:00:00Z,19.179529190063477,19.26076316833496,19.1389102935791,19.203899383544922,50709937.0
2016-07-28T04:00:00Z,19.1551570892334,19.285133361816406,19.090171813964844,19.244516372680664,33001387.0
2016-07-29T04:00:00Z,19.171405792236328,19.301380157470703,19.171405792236328,19.21202278137207,54440606.0
2016-08-01T04:00:00Z,19.228269577026367,19.30950355529785,19.122665405273438,19.16328239440918,39409726.0
2016-08-02T04:00:00Z,19.10641860961914,19.179529190063477,18.952070236206055,19.000812530517578,39709475.0
2016-08-03T04:00:00Z,19.000812530517578,19.203899383544922,19.000812530517578,19.195775985717773,33511513.0
2016-08-04T04:00:00Z,19.179529190063477,19.21202278137207,19.10641860961914,19.147035598754883,31363295.0
2016-08-05T04:00:00Z,19.350122451782227,19.512590408325195,19.293258666992188,19.512590408325195,51542339.0
2016-08-08T04:00:00Z,19.569456100463867,19.593826293945312,19.4800968170166,19.536962509155273,45019886.0
2016-08-09T04:00:00Z,19.528837203979492,19.585702896118164,19.50446891784668,19.55320930480957,32239890.0
2016-08-10T04:00:00Z,19.536962509155273,19.569456100463867,19.366369247436523,19.398862838745117,33545242.0
2016-08-11T04:00:00Z,19.43947982788086,19.48822021484375,19.366369247436523,19.43947982788086,25139605.0
2016-08-12T04:00:00Z,19.30950355529785,19.415109634399414,19.301380157470703,19.38261604309082,28861534.0
2016-08-15T04:00:00Z,19.455726623535156,19.528837203979492,19.43947982788086,19.512590408325195,26275941.0
2016-08-16T04:00:00Z,19.4800968170166,19.512590408325195,19.415109634399414,19.463851928710938,27637427.0
2016-08-17T04:00:00Z,19.463851928710938,19.536962509155273,19.415109634399414,19.528837203979492,25676567.0
2016-08-18T04:00:00Z,19.4963436126709,19.55320930480957,19.455726623535156,19.512590408325195,26595016.0
2016-08-19T04:00:00Z,19.455726623535156,19.520715713500977,19.38261604309082,19.50446891784668,31510153.0
2016-08-22T04:00:00Z,19.471973419189453,19.520715713500977,19.423233032226562,19.50446891784668,32517481.0
2016-08-23T04:00:00Z,19.577579498291016,19.626319885253906,19.528837203979492,19.528837203979492,29855443.0
2016-08-24T04:00:00Z,19.536962509155273,19.585702896118164,19.471973419189453,19.520715713500977,24299201.0
2016-08-25T04:00:00Z,19.4963436126709,19.593826293945312,19.471973419189453,19.56133270263672,27249662.0
2016-08-26T04:00:00Z,19.618196487426758,19.731924057006836,19.463851928710938,19.585702896118164,64953346.0
2016-08-29T04:00:00Z,19.634443283081055,19.82940673828125,19.61007308959961,19.756296157836914,40451522.0
2016-08-30T04:00:00Z,19.788789749145508,19.935012817382812,19.764419555664062,19.935012817382812,39359132.0
2016-08-31T04:00:00Z,19.94313621520996,19.967506408691406,19.788789749145508,19.95125961303711,56386078.0
2016-09-01T04:00:00Z,20.0,20.016246795654297,19.71567726135254,19.870023727416992,62960480.0
2016-09-02T04:00:00Z,19.89439582824707,20.016246795654297,19.870023727416992,19.959383010864258,66918391.0
2016-09-06T04:00:00Z,19.95125961303711,19.983753204345703,19.77254295349121,19.926889419555664,60299920.0
2016-09-07T04:00:00Z,19.853776931762695,19.94313621520996,19.813159942626953,19.918764114379883,38671003.0
2016-09-08T04:00:00Z,19.918764114379883,19.975629806518555,19.861900329589844,19.902517318725586,72066064.0
2016-09-09T04:00:00Z,19.788789749145508,19.861900329589844,19.528837203979492,19.528837203979492,66476831.0
2016-09-12T04:00:00Z,19.43947982788086,19.8212833404541,19.350122451782227,19.748172760009766,87153077.0
2016-09-13T04:00:00Z,19.520715713500977,19.569456100463867,19.32575035095215,19.398862838745117,83230864.0
2016-09-14T04:00:00Z,19.398862838745117,19.528837203979492,19.293258666992188,19.350122451782227,82876829.0
2016-09-15T04:00:00Z,19.30950355529785,19.520715713500977,19.26888656616211,19.463851928710938,68626527.0
2016-09-16T04:00:00Z,19.293258666992188,19.301380157470703,19.130788803100586,19.187652587890625,75235766.0
2016-09-19T04:00:00Z,19.18000030517578,19.450000762939453,19.18000030517578,19.309999465942383,50396100.0
2016-09-20T04:00:00Z,19.450000762939453,19.479999542236328,19.290000915527344,19.31999969482422,39903200.0
2016-09-21T04:00:00Z,19.40999984741211,19.459999084472656,19.25,19.440000534057617,64029700.0
2016-09-22T04:00:00Z,19.540000915527344,19.559999465942383,19.440000534057617,19.479999542236328,38355700.0
2016-09-23T04:00:00Z,19.40999984741211,19.510000228881836,19.350000381469727,19.3799991607666,59009500.0
2016-09-26T04:00:00Z,19.260000228881836,19.270000457763672,19.020000457763672,19.06999969482422,54189000.0
2016-09-27T04:00:00Z,19.0,19.239999771118164,18.940000534057617,19.219999313354492,47620000.0
2016-09-28T04:00:00Z,19.299999237060547,19.34000015258789,19.1200008392334,19.309999465942383,42936400.0
2016-09-29T04:00:00Z,19.299999237060547,19.399999618530273,18.940000534057617,19.040000915527344,62580800.0
2016-09-30T04:00:00Z,19.139999389648438,19.399999618530273,19.110000610351562,19.299999237060547,47336900.0
2016-10-03T04:00:00Z,19.239999771118164,19.309999465942383,19.15999984741211,19.209999084472656,33170500.0
2016-10-04T04:00:00Z,19.260000228881836,19.43000030517578,19.190000534057617,19.290000915527344,68471600.0
2016-10-05T04:00:00Z,19.3700008392334,19.639999389648438,19.34000015258789,19.600000381469727,58651900.0
2016-10-06T04:00:00Z,19.649999618530273,19.65999984741211,19.459999084472656,19.6299991607666,53337300.0
2016-10-07T04:00:00Z,19.549999237060547,19.65999984741211,19.489999771118164,19.6200008392334,55532800.0
2016-10-10T04:00:00Z,19.719999313354492,19.809999465942383,19.700000762939453,19.719999313354492,37997400.0
2016-10-11T04:00:00Z,19.65999984741211,19.719999313354492,19.40999984741211,19.540000915527344,78581200.0
2016-10-12T04:00:00Z,19.520000457763672,19.649999618530273,19.489999771118164,19.520000457763672,51378700.0
2016-10-13T04:00:00Z,19.360000610351562,19.3700008392334,19.110000610351562,19.329999923706055,73171100.0
2016-10-14T04:00:00Z,19.559999465942383,19.6200008392334,19.360000610351562,19.420000076293945,76176500.0
2016-10-17T04:00:00Z,19.43000030517578,19.469999313354492,19.280000686645508,19.329999923706055,41236100.0
2016-10-18T04:00:00Z,19.530000686645508,19.549999237060547,19.40999984741211,19.489999771118164,45958700.0
2016-10-19T04:00:00Z,19.549999237060547,19.709999084472656,19.530000686645508,19.65999984741211,49835900.0
2016-10-20T04:00:00Z,19.639999389648438,19.780000686645508,19.579999923706055,19.65999984741211,56238200.0
2016-10-21T04:00:00Z,19.5,19.670000076293945,19.469999313354492,19.649999618530273,39543100.0
2016-10-24T04:00:00Z,19.739999771118164,19.809999465942383,19.700000762939453,19.709999084472656,33808700.0
2016-10-25T04:00:00Z,19.75,19.760000228881836,19.639999389648438,19.690000534057617,36177800.0
2016-10-26T04:00:00Z,19.600000381469727,19.84000015258789,19.579999923706055,19.809999465942383,40419200.0
2016-10-27T04:00:00Z,19.920000076293945,19.950000762939453,19.770000457763672,19.860000610351562,45545800.0
2016-10-28T04:00:00Z,19.899999618530273,19.920000076293945,19.6200008392334,19.770000457763672,55749900.0
2016-10-31T04:00:00Z,19.8700008392334,19.8700008392334,19.739999771118164,19.739999771118164,38579100.0
2016-11-01T04:00:00Z,19.809999465942383,19.860000610351562,19.5,19.65999984741211,62758900.0
2016-11-02T04:00:00Z,19.6200008392334,19.6299991607666,19.440000534057617,19.530000686645508,66529900.0
2016-11-03T04:00:00Z,19.549999237060547,19.729999542236328,19.520000457763672,19.549999237060547,53462100.0
2016-11-04T04:00:00Z,19.559999465942383,19.649999618530273,19.399999618530273,19.489999771118164,64891400.0
2016-11-07T05:00:00Z,19.81999969482422,19.989999771118164,19.799999237060547,19.979999542236328,59001800.0
2016-11-08T05:00:00Z,19.920000076293945,20.09000015258789,19.790000915527344,19.989999771118164,63290400.0
2016-11-09T05:00:00Z,20.540000915527344,20.940000534057617,20.110000610351562,20.84000015258789,268936600.0
2016-11-10T05:00:00Z,21.15999984741211,21.700000762939453,21.079999923706055,21.610000610351562,241635500.0
2016-11-11T05:00:00Z,21.469999313354492,21.700000762939453,21.399999618530273,21.670000076293945,134954500.0
2016-11-14T05:00:00Z,21.8799991607666,22.329999923706055,21.850000381469727,22.200000762939453,261730900.0
2016-11-15T05:00:00Z,22.010000228881836,22.200000762939453,21.790000915527344,22.18000030517578,122754500.0
2016-11-16T05:00:00Z,21.979999542236328,22.030000686645508,21.799999237060547,21.860000610351562,117887700.0
2016-11-17T05:00:00Z,21.860000610351562,22.18000030517578,21.809999465942383,22.15999984741211,98536400.0
2016-11-18T05:00:00Z,22.139999389648438,22.239999771118164,22.059999465942383,22.15999984741211,92344300.0
2016-11-21T05:00:00Z,22.280000686645508,22.299999237060547,22.09000015258789,22.239999771118164,71943900.0
2016-11-22T05:00:00Z,22.34000015258789,22.350000381469727,22.1200008392334,22.25,98286500.0
2016-11-23T05:00:00Z,22.34000015258789,22.40999984741211,22.170000076293945,22.3799991607666,101948400.0
2016-11-25T05:00:00Z,22.43000030517578,22.450000762939453,22.31999969482422,22.40999984741211,33114800.0
2016-11-28T05:00:00Z,22.25,22.3799991607666,22.09000015258789,22.149999618530273,99791400.0
2016-11-29T05:00:00Z,22.190000534057617,22.280000686645508,22.110000610351562,22.209999084472656,74645700.0
2016-11-30T05:00:00Z,22.520000457763672,22.56999969482422,22.43000030517578,22.510000228881836,98843700.0
2016-12-01T05:00:00Z,22.6299991607666,22.950000762939453,22.600000381469727,22.899999618530273,120088300.0
2016-12-02T05:00:00Z,22.84000015258789,22.850000381469727,22.549999237060547,22.649999618530273,82108300.0
2016-12-05T05:00:00Z,22.850000381469727,23.0,22.790000915527344,22.920000076293945,95145700.0
2016-12-06T05:00:00Z,23.06999969482422,23.139999389648438,22.84000015258789,23.1200008392334,79142600.0
2016-12-07T05:00:00Z,23.18000030517578,23.5,23.100000381469727,23.479999542236328,120172500.0
2016-12-08T05:00:00Z,23.610000610351562,23.84000015258789,23.469999313354492,23.700000762939453,116856500.0
2016-12-09T05:00:00Z,23.700000762939453,23.75,23.530000686645508,23.75,95677300.0
2016-12-12T05:00:00Z,23.68000030517578,23.780000686645508,23.459999084472656,23.520000457763672,85143200.0
2016-12-13T05:00:00Z,23.579999923706055,23.719999313354492,23.3799991607666,23.579999923706055,113420700.0
2016-12-14T05:00:00Z,23.399999618530273,23.829999923706055,23.309999465942383,23.469999313354492,142995800.0
2016-12-15T05:00:00Z,23.59000015258789,23.8700008392334,23.5,23.670000076293945,110426000.0
2016-12-16T05:00:00Z,23.68000030517578,23.690000534057617,23.329999923706055,23.360000610351562,83096500.0
2016-12-19T05:00:00Z,23.389999389648438,23.43000030517578,23.18000030517578,23.3700008392334,73717600.0
2016-12-20T05:00:00Z,23.510000228881836,23.65999984741211,23.510000228881836,23.65999984741211,60793600.0
2016-12-21T05:00:00Z,23.65999984741211,23.670000076293945,23.520000457763672,23.600000381469727,37738000.0
2016-12-22T05:00:00Z,23.59000015258789,23.59000015258789,23.459999084472656,23.540000915527344,37796100.0
2016-12-23T05:00:00Z,23.540000915527344,23.579999923706055,23.469999313354492,23.579999923706055,18276700.0
2016-12-27T05:00:00Z,23.6299991607666,23.639999389648438,23.579999923706055,23.610000610351562,38241100.0
2016-12-28T05:00:00Z,23.649999618530273,23.670000076293945,23.350000381469727,23.3700008392334,30834400.0
2016-12-29T05:00:00Z,23.389999389648438,23.43000030517578,23.100000381469727,23.200000762939453,39251800.0
2016-12-30T05:00:00Z,23.290000915527344,23.329999923706055,23.170000076293945,23.25,44761200.0
2017-01-03T05:00:00Z,23.610000610351562,23.670000076293945,23.260000228881836,23.510000228881836,71259900.0
2017-01-04T05:00:00Z,23.579999923706055,23.729999542236328,23.510000228881836,23.700000762939453,45092200.0
2017-01-05T05:00:00Z,23.6299991607666,23.65999984741211,23.239999771118164,23.459999084472656,62201100.0
2017-01-06T05:00:00Z,23.549999237060547,23.639999389648438,23.420000076293945,23.540000915527344,38060800.0
2017-01-09T05:00:00Z,23.479999542236328,23.530000686645508,23.329999923706055,23.3799991607666,34022400.0
2017-01-10T05:00:00Z,23.420000076293945,23.6299991607666,23.309999465942383,23.43000030517578,46212100.0
2017-01-11T05:00:00Z,23.459999084472656,23.579999923706055,23.299999237060547,23.579999923706055,48001200.0
2017-01-12T05:00:00Z,23.469999313354492,23.5,23.18000030517578,23.3799991607666,57418100.0
2017-01-13T05:00:00Z,23.540000915527344,23.790000915527344,23.40999984741211,23.510000228881836,72479700.0
2017-01-17T05:00:00Z,23.34000015258789,23.350000381469727,22.940000534057617,22.950000762939453,96657800.0
2017-01-18T05:00:00Z,23.06999969482422,23.170000076293945,22.850000381469727,23.139999389648438,68289100.0
2017-01-19T05:00:00Z,23.190000534057617,23.25,22.959999084472656,23.040000915527344,56729700.0
2017-01-20T05:00:00Z,23.110000610351562,23.229999542236328,23.030000686645508,23.149999618530273,74805200.0
2017-01-23T05:00:00Z,23.049999237060547,23.190000534057617,22.920000076293945,23.0,46651200.0
2017-01-24T05:00:00Z,23.110000610351562,23.3799991607666,23.010000228881836,23.290000915527344,45229500.0
2017-01-25T05:00:00Z,23.540000915527344,23.690000534057617,23.43000030517578,23.68000030517578,92850100.0
2017-01-26T05:00:00Z,23.719999313354492,23.799999237060547,23.610000610351562,23.739999771118164,70704400.0
2017-01-27T05:00:00Z,23.739999771118164,23.75,23.579999923706055,23.649999618530273,43944500.0
2017-01-30T05:00:00Z,23.5,23.510000228881836,23.25,23.459999084472656,46168800.0
2017-01-31T05:00:00Z,23.34000015258789,23.520000457763672,23.18000030517578,23.309999465942383,56477300.0
2017-02-01T05:00:00Z,23.489999771118164,23.610000610351562,23.270000457763672,23.34000015258789,72132200.0
2017-02-02T05:00:00Z,23.209999084472656,23.360000610351562,23.100000381469727,23.25,39396500.0
2017-02-03T05:00:00Z,23.649999618530273,23.739999771118164,23.440000534057617,23.719999313354492,86346600.0
2017-02-06T05:00:00Z,23.579999923706055,23.780000686645508,23.559999465942383,23.610000610351562,34952100.0
2017-02-07T05:00:00Z,23.75,23.760000228881836,23.520000457763672,23.549999237060547,50838500.0
2017-02-08T05:00:00Z,23.549999237060547,23.549999237060547,23.280000686645508,23.389999389648438,54341100.0
2017-02-09T05:00:00Z,23.389999389648438,23.739999771118164,23.329999923706055,23.709999084472656,76813700.0
2017-02-10T05:00:00Z,23.850000381469727,23.860000610351562,23.690000534057617,23.780000686645508,55078700.0
2017-02-13T05:00:00Z,23.93000030517578,24.15999984741211,23.889999389648438,24.049999237060547,76687000.0
2017-02-14T05:00:00Z,24.030000686645508,24.360000610351562,23.989999771118164,24.329999923706055,75954300.0
2017-02-15T05:00:00Z,24.450000762939453,24.56999969482422,24.270000457763672,24.520000457763672,76869400.0
2017-02-16T05:00:00Z,24.489999771118164,24.530000686645508,24.309999465942383,24.459999084472656,64048200.0
2017-02-17T05:00:00Z,24.280000686645508,24.469999313354492,24.25,24.469999313354492,54156600.0
2017-02-21T05:00:00Z,24.600000381469727,24.649999618530273,24.510000228881836,24.59000015258789,55216100.0
2017-02-22T05:00:00Z,24.489999771118164,24.68000030517578,24.450000762939453,24.610000610351562,50438900.0
2017-02-23T05:00:00Z,24.6200008392334,24.670000076293945,24.469999313354492,24.610000610351562,53509400.0
2017-02-24T05:00:00Z,24.350000381469727,24.479999542236328,24.309999465942383,24.420000076293945,61686800.0
2017-02-27T05:00:00Z,24.450000762939453,24.600000381469727,24.440000534057617,24.549999237060547,39655000.0
2017-02-28T05:00:00Z,24.459999084472656,24.549999237060547,24.3799991607666,24.540000915527344,48913000.0
2017-03-01T05:00:00Z,25.010000228881836,25.290000915527344,24.979999542236328,25.239999771118164,92150000.0
2017-03-02T05:00:00Z,25.290000915527344,25.299999237060547,24.84000015258789,24.850000381469727,69446200.0
2017-03-03T05:00:00Z,24.8700008392334,25.030000686645508,24.860000610351562,24.969999313354492,57652800.0
2017-03-06T05:00:00Z,24.81999969482422,24.860000610351562,24.670000076293945,24.780000686645508,49017200.0
2017-03-07T05:00:00Z,24.81999969482422,24.81999969482422,24.649999618530273,24.709999084472656,53726500.0
2017-03-08T05:00:00Z,24.979999542236328,25.059999465942383,24.709999084472656,24.719999313354492,104601000.0
2017-03-09T05:00:00Z,24.81999969482422,24.940000534057617,24.700000762939453,24.809999465942383,60804100.0
2017-03-10T05:00:00Z,24.93000030517578,24.950000762939453,24.6299991607666,24.790000915527344,62148600.0
2017-03-13T04:00:00Z,24.81999969482422,24.8799991607666,24.700000762939453,24.850000381469727,49418400.0
2017-03-14T04:00:00Z,24.75,24.799999237060547,24.600000381469727,24.780000686645508,49511100.0
2017-03-15T04:00:00Z,24.81999969482422,24.920000076293945,24.6299991607666,24.739999771118164,86455100.0
2017-03-16T04:00:00Z,24.84000015258789,24.969999313354492,24.770000457763672,24.780000686645508,89233700.0
2017-03-17T04:00:00Z,24.75,24.760000228881836,24.450000762939453,24.450000762939453,83056800.0
2017-03-20T04:00:00Z,24.399999618530273,24.469999313354492,24.25,24.25,78676400.0
2017-03-21T04:00:00Z,24.360000610351562,24.3799991607666,23.510000228881836,23.56999969482422,192257000.0
2017-03-22T04:00:00Z,23.399999618530273,23.6299991607666,23.229999542236328,23.520000457763672,133199500.0
2017-03-23T04:00:00Z,23.489999771118164,23.84000015258789,23.440000534057617,23.56999969482422,85238900.0
2017-03-24T04:00:00Z,23.610000610351562,23.729999542236328,23.3799991607666,23.540000915527344,97583400.0
2017-03-27T04:00:00Z,23.040000915527344,23.459999084472656,22.979999542236328,23.450000762939453,103963000.0
2017-03-28T04:00:00Z,23.3700008392334,23.860000610351562,23.3700008392334,23.770000457763672,82301100.0
2017-03-29T04:00:00Z,23.729999542236328,23.770000457763672,23.600000381469727,23.6200008392334,76524100.0
2017-03-30T04:00:00Z,23.639999389648438,23.989999771118164,23.610000610351562,23.93000030517578,92566000.0
2017-03-31T04:00:00Z,23.84000015258789,23.90999984741211,23.729999542236328,23.729999542236328,70540000.0
2017-04-03T04:00:00Z,23.770000457763672,23.829999923706055,23.399999618530273,23.68000030517578,93489100.0
2017-04-04T04:00:00Z,23.579999923706055,23.700000762939453,23.540000915527344,23.649999618530273,105795900.0
2017-04-05T04:00:00Z,23.8700008392334,23.959999084472656,23.469999313354492,23.469999313354492,104651200.0
2017-04-06T04:00:00Z,23.450000762939453,23.719999313354492,23.329999923706055,23.6200008392334,80802100.0
2017-04-07T04:00:00Z,23.440000534057617,23.68000030517578,23.399999618530273,23.520000457763672,61525700.0
2017-04-10T04:00:00Z,23.520000457763672,23.670000076293945,23.3799991607666,23.459999084472656,60429000.0
2017-04-11T04:00:00Z,23.34000015258789,23.43000030517578,23.149999618530273,23.389999389648438,83801200.0
2017-04-12T04:00:00Z,23.360000610351562,23.3799991607666,23.139999389648438,23.200000762939453,74023000.0
2017-04-13T04:00:00Z,23.110000610351562,23.3700008392334,22.899999618530273,22.899999618530273,120159300.0
2017-04-17T04:00:00Z,22.959999084472656,23.309999465942383,22.889999389648438,23.299999237060547,86681200.0
2017-04-18T04:00:00Z,23.139999389648438,23.25,22.940000534057617,23.079999923706055,74890400.0
2017-04-19T04:00:00Z,23.229999542236328,23.31999969482422,22.979999542236328,23.010000228881836,55583800.0
2017-04-20T04:00:00Z,23.18000030517578,23.450000762939453,23.09000015258789,23.399999618530273,85720400.0
2017-04-21T04:00:00Z,23.34000015258789,23.43000030517578,23.149999618530273,23.15999984741211,94675300.0
2017-04-24T04:00:00Z,23.690000534057617,23.809999465942383,23.59000015258789,23.68000030517578,98770600.0
2017-04-25T04:00:00Z,23.889999389648438,24.010000228881836,23.860000610351562,23.889999389648438,71026100.0
2017-04-26T04:00:00Z,23.860000610351562,24.09000015258789,23.81999969482422,23.8700008392334,71691200.0
2017-04-27T04:00:00Z,23.920000076293945,23.920000076293945,23.6200008392334,23.760000228881836,68871800.0
2017-04-28T04:00:00Z,23.770000457763672,23.790000915527344,23.530000686645508,23.530000686645508,64091900.0
2017-05-01T04:00:00Z,23.649999618530273,23.799999237060547,23.549999237060547,23.68000030517578,69086600.0
2017-05-02T04:00:00Z,23.68000030517578,23.709999084472656,23.520000457763672,23.649999618530273,76511500.0
2017-05-03T04:00:00Z,23.56999969482422,23.84000015258789,23.549999237060547,23.84000015258789,78115400.0
2017-05-04T04:00:00Z,23.989999771118164,24.06999969482422,23.780000686645508,23.8799991607666,64482800.0
2017-05-05T04:00:00Z,23.950000762939453,23.959999084472656,23.760000228881836,23.84000015258789,46881500.0
2017-05-08T04:00:00Z,23.8700008392334,23.90999984741211,23.780000686645508,23.81999969482422,45893000.0
2017-05-09T04:00:00Z,23.8799991607666,23.959999084472656,23.649999618530273,23.729999542236328,65737900.0
2017-05-10T04:00:00Z,23.690000534057617,23.809999465942383,23.649999618530273,23.809999465942383,51192700.0
2017-05-11T04:00:00Z,23.719999313354492,23.760000228881836,23.469999313354492,23.65999984741211,77266700.0
2017-05-12T04:00:00Z,23.549999237060547,23.56999969482422,23.43000030517578,23.559999465942383,55787200.0
2017-05-15T04:00:00Z,23.610000610351562,23.790000915527344,23.600000381469727,23.739999771118164,52192100.0
2017-05-16T04:00:00Z,23.790000915527344,23.829999923706055,23.670000076293945,23.809999465942383,51529600.0
2017-05-17T04:00:00Z,23.309999465942383,23.489999771118164,22.969999313354492,23.059999465942383,141192800.0
2017-05-18T04:00:00Z,23.030000686645508,23.290000915527344,23.0,23.149999618530273,101656900.0
2017-05-19T04:00:00Z,23.190000534057617,23.479999542236328,23.18000030517578,23.350000381469727,69775600.0
2017-05-22T04:00:00Z,23.479999542236328,23.479999542236328,23.25,23.40999984741211,79181900.0
2017-05-23T04:00:00Z,23.43000030517578,23.65999984741211,23.31999969482422,23.59000015258789,65577800.0
2017-05-24T04:00:00Z,23.6200008392334,23.639999389648438,23.479999542236328,23.579999923706055,59441200.0
2017-05-25T04:00:00Z,23.6299991607666,23.729999542236328,23.559999465942383,23.6200008392334,49362400.0
2017-05-26T04:00:00Z,23.559999465942383,23.68000030517578,23.559999465942383,23.610000610351562,42601700.0
2017-05-30T04:00:00Z,23.540000915527344,23.56999969482422,23.399999618530273,23.450000762939453,46584200.0
2017-05-31T04:00:00Z,23.450000762939453,23.459999084472656,23.100000381469727,23.25,115877900.0
2017-06-01T04:00:00Z,23.3799991607666,23.559999465942383,23.219999313354492,23.540000915527344,81187600.0
2017-06-02T04:00:00Z,23.3700008392334,23.56999969482422,23.31999969482422,23.450000762939453,83704500.0
2017-06-05T04:00:00Z,23.459999084472656,23.639999389648438,23.459999084472656,23.489999771118164,44055800.0
2017-06-06T04:00:00Z,23.309999465942383,23.450000762939453,23.260000228881836,23.389999389648438,60397300.0
2017-06-07T04:00:00Z,23.43000030517578,23.6299991607666,23.389999389648438,23.56999969482422,83049100.0
2017-06-08T04:00:00Z,23.56999969482422,24.010000228881836,23.549999237060547,23.84000015258789,77987000.0
2017-06-09T04:00:00Z,23.989999771118164,24.329999923706055,23.969999313354492,24.290000915527344,133216200.0
2017-06-12T04:00:00Z,24.34000015258789,24.510000228881836,24.200000762939453,24.34000015258789,86644400.0
2017-06-13T04:00:00Z,24.469999313354492,24.549999237060547,24.399999618530273,24.469999313354492,94978600.0
2017-06-14T04:00:00Z,24.260000228881836,24.540000915527344,24.1299991607666,24.510000228881836,117605800.0
2017-06-15T04:00:00Z,24.329999923706055,24.540000915527344,24.309999465942383,24.40999984741211,59547700.0
2017-06-16T04:00:00Z,24.309999465942383,24.3700008392334,24.219999313354492,24.290000915527344,53818800.0
2017-06-19T04:00:00Z,24.450000762939453,24.59000015258789,24.420000076293945,24.540000915527344,58041300.0
2017-06-20T04:00:00Z,24.459999084472656,24.479999542236328,24.31999969482422,24.329999923706055,45689600.0
2017-06-21T04:00:00Z,24.3700008392334,24.3700008392334,24.1200008392334,24.1299991607666,51938200.0
2017-06-22T04:00:00Z,24.040000915527344,24.110000610351562,23.950000762939453,23.979999542236328,58380200.0
2017-06-23T04:00:00Z,24.079999923706055,24.09000015258789,23.809999465942383,23.889999389648438,85352600.0
2017-06-26T04:00:00Z,23.940000534057617,24.1200008392334,23.860000610351562,24.020000457763672,60302300.0
2017-06-27T04:00:00Z,24.110000610351562,24.31999969482422,24.049999237060547,24.139999389648438,75943400.0
2017-06-28T04:00:00Z,24.299999237060547,24.559999465942383,24.280000686645508,24.520000457763672,90097600.0
2017-06-29T04:00:00Z,25.020000457763672,25.020000457763672,24.510000228881836,24.690000534057617,119176700.0
2017-06-30T04:00:00Z,24.8700008392334,24.8799991607666,24.6200008392334,24.670000076293945,72754900.0
2017-07-03T04:00:00Z,24.809999465942383,25.190000534057617,24.780000686645508,25.030000686645508,61454400.0
2017-07-05T04:00:00Z,25.100000381469727,25.1299991607666,24.920000076293945,25.06999969482422,78100200.0
2017-07-06T04:00:00Z,25.059999465942383,25.170000076293945,24.8799991607666,24.8799991607666,97648100.0
2017-07-07T04:00:00Z,25.010000228881836,25.100000381469727,24.8799991607666,25.049999237060547,59432400.0
2017-07-10T04:00:00Z,25.010000228881836,25.079999923706055,24.93000030517578,25.020000457763672,55022500.0
2017-07-11T04:00:00Z,25.0,25.010000228881836,24.729999542236328,24.799999237060547,49857200.0
2017-07-12T04:00:00Z,24.799999237060547,24.899999618530273,24.729999542236328,24.8799991607666,47818600.0
2017-07-13T04:00:00Z,24.8799991607666,25.030000686645508,24.860000610351562,25.030000686645508,48875900.0
2017-07-14T04:00:00Z,24.719999313354492,24.959999084472656,24.59000015258789,24.920000076293945,61742300.0
2017-07-17T04:00:00Z,24.850000381469727,24.899999618530273,24.739999771118164,24.84000015258789,43257000.0
2017-07-18T04:00:00Z,24.670000076293945,24.84000015258789,24.639999389648438,24.799999237060547,63210700.0
2017-07-19T04:00:00Z,24.850000381469727,24.920000076293945,24.719999313354492,24.809999465942383,48259400.0
2017-07-20T04:00:00Z,24.829999923706055,24.940000534057617,24.75,24.799999237060547,40163500.0
2017-07-21T04:00:00Z,24.729999542236328,24.8799991607666,24.729999542236328,24.799999237060547,39108400.0
2017-07-24T04:00:00Z,24.790000915527344,24.940000534057617,24.790000915527344,24.90999984741211,26364800.0
2017-07-25T04:00:00Z,25.190000534057617,25.31999969482422,25.149999618530273,25.219999313354492,75786800.0
2017-07-26T04:00:00Z,25.25,25.290000915527344,24.989999771118164,25.049999237060547,56086500.0
2017-07-27T04:00:00Z,25.100000381469727,25.110000610351562,24.799999237060547,24.90999984741211,67826200.0
2017-07-28T04:00:00Z,24.8700008392334,24.979999542236328,24.770000457763672,24.90999984741211,43735800.0
2017-07-31T04:00:00Z,25.0,25.18000030517578,24.969999313354492,25.09000015258789,43039300.0
2017-08-01T04:00:00Z,25.260000228881836,25.290000915527344,25.139999389648438,25.270000457763672,60987500.0
2017-08-02T04:00:00Z,25.299999237060547,25.329999923706055,25.18000030517578,25.309999465942383,43341500.0
2017-08-03T04:00:00Z,25.270000457763672,25.309999465942383,25.18000030517578,25.219999313354492,40816800.0
2017-08-04T04:00:00Z,25.450000762939453,25.489999771118164,25.34000015258789,25.389999389648438,50792900.0
2017-08-07T04:00:00Z,25.389999389648438,25.399999618530273,25.309999465942383,25.350000381469727,39486800.0
2017-08-08T04:00:00Z,25.309999465942383,25.59000015258789,25.270000457763672,25.280000686645508,52736500.0
2017-08-09T04:00:00Z,25.06999969482422,25.299999237060547,25.06999969482422,25.280000686645508,46567000.0
2017-08-10T04:00:00Z,25.1200008392334,25.18000030517578,24.829999923706055,24.829999923706055,71130300.0
2017-08-11T04:00:00Z,24.829999923706055,24.959999084472656,24.670000076293945,24.729999542236328,50477800.0
2017-08-14T04:00:00Z,24.93000030517578,25.139999389648438,24.920000076293945,25.06999969482422,49472900.0
2017-08-15T04:00:00Z,25.280000686645508,25.309999465942383,25.09000015258789,25.09000015258789,48535000.0
2017-08-16T04:00:00Z,25.200000762939453,25.239999771118164,25.0,25.040000915527344,35084100.0
2017-08-17T04:00:00Z,24.979999542236328,25.020000457763672,24.600000381469727,24.610000610351562,76613100.0
2017-08-18T04:00:00Z,24.489999771118164,24.799999237060547,24.479999542236328,24.6200008392334,71725900.0
2017-08-21T04:00:00Z,24.600000381469727,24.6299991607666,24.450000762939453,24.549999237060547,45047200.0
2017-08-22T04:00:00Z,24.649999618530273,24.84000015258789,24.6200008392334,24.81999969482422,42644000.0
2017-08-23T04:00:00Z,24.639999389648438,24.8799991607666,24.6200008392334,24.739999771118164,36612700.0
2017-08-24T04:00:00Z,24.850000381469727,24.850000381469727,24.690000534057617,24.739999771118164,31067200.0
2017-08-25T04:00:00Z,24.790000915527344,24.920000076293945,24.780000686645508,24.809999465942383,37177300.0
2017-08-28T04:00:00Z,24.829999923706055,24.84000015258789,24.59000015258789,24.649999618530273,36486900.0
2017-08-29T04:00:00Z,24.3700008392334,24.610000610351562,24.350000381469727,24.56999969482422,42814200.0
2017-08-30T04:00:00Z,24.610000610351562,24.780000686645508,24.59000015258789,24.670000076293945,35176100.0
2017-08-31T04:00:00Z,24.75,24.780000686645508,24.6200008392334,24.700000762939453,44225200.0
2017-09-01T04:00:00Z,24.729999542236328,24.90999984741211,24.670000076293945,24.770000457763672,42132600.0
2017-09-05T04:00:00Z,24.579999923706055,24.6200008392334,24.170000076293945,24.239999771118164,96579200.0
2017-09-06T04:00:00Z,24.329999923706055,24.420000076293945,24.219999313354492,24.299999237060547,77593900.0
2017-09-07T04:00:00Z,24.34000015258789,24.360000610351562,23.790000915527344,23.8799991607666,87667800.0
2017-09-08T04:00:00Z,23.899999618530273,24.190000534057617,23.850000381469727,24.100000381469727,68639500.0
2017-09-11T04:00:00Z,24.3799991607666,24.59000015258789,24.329999923706055,24.520000457763672,73305700.0
2017-09-12T04:00:00Z,24.610000610351562,24.829999923706055,24.59000015258789,24.809999465942383,66350600.0
2017-09-13T04:00:00Z,24.770000457763672,24.860000610351562,24.68000030517578,24.850000381469727,51049400.0
2017-09-14T04:00:00Z,24.860000610351562,24.920000076293945,24.75,24.799999237060547,47163200.0
2017-09-15T04:00:00Z,24.65999984741211,24.790000915527344,24.6299991607666,24.770000457763672,59250200.0
2017-09-18T04:00:00Z,24.860000610351562,25.06999969482422,24.84000015258789,25.059999465942383,44010400.0
2017-09-19T04:00:00Z,25.059999465942383,25.309999465942383,25.020000457763672,25.25,58443300.0
2017-09-20T04:00:00Z,25.270000457763672,25.489999771118164,25.149999618530273,25.399999618530273,70595500.0
2017-09-21T04:00:00Z,25.34000015258789,25.520000457763672,25.31999969482422,25.459999084472656,51050100.0
2017-09-22T04:00:00Z,25.360000610351562,25.459999084472656,25.290000915527344,25.43000030517578,42306600.0
2017-09-25T04:00:00Z,25.399999618530273,25.489999771118164,25.229999542236328,25.399999618530273,39774600.0
2017-09-26T04:00:00Z,25.440000534057617,25.479999542236328,25.31999969482422,25.389999389648438,46811000.0
2017-09-27T04:00:00Z,25.709999084472656,25.829999923706055,25.600000381469727,25.700000762939453,65919100.0
2017-09-28T04:00:00Z,25.790000915527344,25.799999237060547,25.610000610351562,25.739999771118164,37718900.0
2017-09-29T04:00:00Z,25.739999771118164,25.860000610351562,25.700000762939453,25.860000610351562,42740800.0
2017-10-02T04:00:00Z,25.809999465942383,26.079999923706055,25.809999465942383,26.079999923706055,52774000.0
2017-10-03T04:00:00Z,26.059999465942383,26.170000076293945,26.010000228881836,26.170000076293945,48062900.0
2017-10-04T04:00:00Z,26.100000381469727,26.18000030517578,26.040000915527344,26.049999237060547,39283800.0
2017-10-05T04:00:00Z,26.079999923706055,26.40999984741211,26.010000228881836,26.31999969482422,61260400.0
2017-10-06T04:00:00Z,26.389999389648438,26.459999084472656,26.209999084472656,26.350000381469727,66077800.0
2017-10-09T04:00:00Z,26.420000076293945,26.420000076293945,26.190000534057617,26.25,31340200.0
2017-10-10T04:00:00Z,26.290000915527344,26.3700008392334,26.219999313354492,26.3700008392334,35822500.0
2017-10-11T04:00:00Z,26.309999465942383,26.350000381469727,26.209999084472656,26.31999969482422,33748600.0
2017-10-12T04:00:00Z,26.389999389648438,26.399999618530273,26.09000015258789,26.1200008392334,53834800.0
2017-10-13T04:00:00Z,25.989999771118164,26.219999313354492,25.889999389648438,26.1299991607666,69561400.0
2017-10-16T04:00:00Z,26.149999618530273,26.309999465942383,26.139999389648438,26.299999237060547,42000700.0
2017-10-17T04:00:00Z,26.389999389648438,26.399999618530273,26.110000610351562,26.170000076293945,37844200.0
2017-10-18T04:00:00Z,26.280000686645508,26.350000381469727,26.170000076293945,26.309999465942383,52201500.0
2017-10-19T04:00:00Z,26.1200008392334,26.34000015258789,26.079999923706055,26.329999923706055,34671600.0
2017-10-20T04:00:00Z,26.610000610351562,26.65999984741211,26.520000457763672,26.639999389648438,56083800.0
2017-10-23T04:00:00Z,26.649999618530273,26.700000762939453,26.559999465942383,26.6200008392334,43555200.0
2017-10-24T04:00:00Z,26.709999084472656,26.860000610351562,26.690000534057617,26.809999465942383,61259200.0
2017-10-25T04:00:00Z,26.889999389648438,26.920000076293945,26.5,26.649999618530273,68653500.0
2017-10-26T04:00:00Z,26.75,26.920000076293945,26.75,26.799999237060547,41832600.0
2017-10-27T04:00:00Z,26.75,26.829999923706055,26.610000610351562,26.780000686645508,56694400.0
2017-10-30T04:00:00Z,26.75,26.790000915527344,26.600000381469727,26.670000076293945,48157500.0
2017-10-31T04:00:00Z,26.670000076293945,26.770000457763672,26.56999969482422,26.600000381469727,39890800.0
2017-11-01T04:00:00Z,26.709999084472656,26.829999923706055,26.610000610351562,26.639999389648438,40921900.0
2017-11-02T04:00:00Z,26.670000076293945,26.93000030517578,26.540000915527344,26.889999389648438,51098300.0
2017-11-03T04:00:00Z,26.799999237060547,26.81999969482422,26.700000762939453,26.780000686645508,42387000.0
2017-11-06T05:00:00Z,26.709999084472656,26.799999237060547,26.65999984741211,26.75,33642100.0
2017-11-07T05:00:00Z,26.770000457763672,26.850000381469727,26.309999465942383,26.3799991607666,70325500.0
2017-11-08T05:00:00Z,26.329999923706055,26.34000015258789,26.15999984741211,26.25,55844900.0
2017-11-09T05:00:00Z,26.079999923706055,26.25,25.889999389648438,26.15999984741211,94577000.0
2017-11-10T05:00:00Z,26.18000030517578,26.229999542236328,26.059999465942383,26.079999923706055,53209600.0
2017-11-13T05:00:00Z,25.920000076293945,26.18000030517578,25.899999618530273,26.1200008392334,50579200.0
2017-11-14T05:00:00Z,26.020000457763672,26.1200008392334,25.93000030517578,26.110000610351562,54101800.0
2017-11-15T05:00:00Z,25.8799991607666,26.270000457763672,25.860000610351562,26.18000030517578,64952300.0
2017-11-16T05:00:00Z,26.299999237060547,26.360000610351562,26.170000076293945,26.190000534057617,53648100.0
2017-11-17T05:00:00Z,26.059999465942383,26.219999313354492,26.030000686645508,26.15999984741211,41938700.0
2017-11-20T05:00:00Z,26.209999084472656,26.31999969482422,26.1299991607666,26.280000686645508,35232400.0
2017-11-21T05:00:00Z,26.3700008392334,26.399999618530273,26.299999237060547,26.360000610351562,35972400.0
2017-11-22T05:00:00Z,26.360000610351562,26.43000030517578,26.229999542236328,26.229999542236328,30959400.0
2017-11-24T05:00:00Z,26.329999923706055,26.3799991607666,26.200000762939453,26.219999313354492,12172500.0
2017-11-27T05:00:00Z,26.200000762939453,26.34000015258789,26.18000030517578,26.200000762939453,42346400.0
2017-11-28T05:00:00Z,26.229999542236328,26.90999984741211,26.209999084472656,26.8799991607666,86507000.0
2017-11-29T05:00:00Z,27.139999389648438,27.520000457763672,27.06999969482422,27.34000015258789,135340600.0
2017-11-30T05:00:00Z,27.579999923706055,27.8799991607666,27.3799991607666,27.520000457763672,135241700.0
2017-12-01T05:00:00Z,27.559999465942383,27.709999084472656,26.950000762939453,27.579999923706055,148119600.0
2017-12-04T05:00:00Z,28.040000915527344,28.200000762939453,28.0,28.0,99820400.0
2017-12-05T05:00:00Z,28.1200008392334,28.149999618530273,27.780000686645508,27.850000381469727,77706200.0
2017-12-06T05:00:00Z,27.75,27.90999984741211,27.670000076293945,27.75,60299100.0
2017-12-07T05:00:00Z,27.84000015258789,27.940000534057617,27.579999923706055,27.84000015258789,59625500.0
2017-12-08T05:00:00Z,27.979999542236328,28.010000228881836,27.780000686645508,28.010000228881836,55001600.0
2017-12-11T05:00:00Z,28.010000228881836,28.049999237060547,27.860000610351562,27.940000534057617,43278400.0
2017-12-12T05:00:00Z,28.049999237060547,28.329999923706055,27.959999084472656,28.219999313354492,69517100.0
2017-12-13T05:00:00Z,28.190000534057617,28.25,27.850000381469727,27.8700008392334,97335300.0
2017-12-14T05:00:00Z,27.969999313354492,28.010000228881836,27.65999984741211,27.690000534057617,76970000.0
2017-12-15T05:00:00Z,27.729999542236328,28.0,27.6299991607666,27.809999465942383,111826100.0
2017-12-18T05:00:00Z,28.040000915527344,28.200000762939453,27.989999771118164,28.059999465942383,61275500.0
2017-12-19T05:00:00Z,28.219999313354492,28.239999771118164,27.940000534057617,27.940000534057617,57366300.0
2017-12-20T05:00:00Z,28.170000076293945,28.219999313354492,27.8700008392334,27.889999389648438,69680300.0
2017-12-21T05:00:00Z,28.040000915527344,28.209999084472656,28.010000228881836,28.1299991607666,46123500.0
2017-12-22T05:00:00Z,28.209999084472656,28.25,27.920000076293945,28.049999237060547,43020300.0
2017-12-26T05:00:00Z,28.049999237060547,28.139999389648438,27.860000610351562,27.969999313354492,33710100.0
2017-12-27T05:00:00Z,27.989999771118164,28.010000228881836,27.90999984741211,28.0,29421000.0
2017-12-28T05:00:00Z,28.06999969482422,28.1200008392334,28.0,28.110000610351562,28129700.0
2017-12-29T05:00:00Z,28.200000762939453,28.200000762939453,27.90999984741211,27.90999984741211,55169800.0
2018-01-02T05:00:00Z,28.09000015258789,28.09000015258789,27.790000915527344,27.920000076293945,55436100.0
2018-01-03T05:00:00Z,27.969999313354492,28.09000015258789,27.8799991607666,28.06999969482422,56906200.0
2018-01-04T05:00:00Z,28.229999542236328,28.540000915527344,28.18000030517578,28.329999923706055,62247000.0
2018-01-05T05:00:00Z,28.479999542236328,28.479999542236328,28.229999542236328,28.40999984741211,37989500.0
2018-01-08T05:00:00Z,28.3799991607666,28.43000030517578,28.270000457763672,28.3700008392334,44252100.0
2018-01-09T05:00:00Z,28.489999771118164,28.739999771118164,28.440000534057617,28.59000015258789,51418700.0
2018-01-10T05:00:00Z,28.68000030517578,28.950000762939453,28.6299991607666,28.829999923706055,64670900.0
2018-01-11T05:00:00Z,28.950000762939453,29.0,28.809999465942383,28.969999313354492,42361700.0
2018-01-12T05:00:00Z,29.139999389648438,29.25,28.959999084472656,29.229999542236328,44537500.0
2018-01-16T05:00:00Z,29.479999542236328,29.530000686645508,28.989999771118164,29.149999618530273,67563800.0
2018-01-17T05:00:00Z,29.229999542236328,29.450000762939453,28.989999771118164,29.3700008392334,54312000.0
2018-01-18T05:00:00Z,29.469999313354492,29.479999542236328,29.290000915527344,29.329999923706055,49247400.0
2018-01-19T05:00:00Z,29.43000030517578,29.549999237060547,29.3700008392334,29.540000915527344,60727800.0
2018-01-22T05:00:00Z,29.549999237060547,29.790000915527344,29.510000228881836,29.780000686645508,46868900.0
2018-01-23T05:00:00Z,29.709999084472656,29.860000610351562,29.56999969482422,29.809999465942383,60862000.0
2018-01-24T05:00:00Z,29.950000762939453,30.079999923706055,29.770000457763672,30.010000228881836,66371000.0
2018-01-25T05:00:00Z,30.1299991607666,30.1299991607666,29.850000381469727,29.950000762939453,45423700.0
2018-01-26T05:00:00Z,30.040000915527344,30.18000030517578,29.899999618530273,30.170000076293945,33871900.0
2018-01-29T05:00:00Z,30.190000534057617,30.329999923706055,30.030000686645508,30.049999237060547,41037700.0
2018-01-30T05:00:00Z,29.829999923706055,30.020000457763672,29.65999984741211,29.65999984741211,67316900.0
2018-01-31T05:00:00Z,29.739999771118164,29.889999389648438,29.639999389648438,29.739999771118164,49504500.0
2018-02-01T05:00:00Z,29.68000030517578,30.049999237060547,29.670000076293945,30.020000457763672,60824200.0
2018-02-02T05:00:00Z,29.959999084472656,30.040000915527344,29.34000015258789,29.360000610351562,73086000.0
2018-02-05T05:00:00Z,28.729999542236328,29.209999084472656,27.600000381469727,27.8799991607666,147871500.0
2018-02-06T05:00:00Z,27.239999771118164,28.459999084472656,27.170000076293945,28.389999389648438,159006400.0
2018-02-07T05:00:00Z,28.34000015258789,28.809999465942383,28.219999313354492,28.40999984741211,102699400.0
2018-02-08T05:00:00Z,28.459999084472656,28.510000228881836,27.139999389648438,27.15999984741211,135270500.0
2018-02-09T05:00:00Z,27.56999969482422,27.889999389648438,26.760000228881836,27.68000030517578,149504900.0
2018-02-12T05:00:00Z,27.959999084472656,28.350000381469727,27.709999084472656,28.06999969482422,83571800.0
2018-02-13T05:00:00Z,27.90999984741211,28.25,27.829999923706055,28.190000534057617,43365500.0
2018-02-14T05:00:00Z,28.170000076293945,28.8700008392334,28.06999969482422,28.860000610351562,57379700.0
2018-02-15T05:00:00Z,29.100000381469727,29.139999389648438,28.700000762939453,29.020000457763672,66976000.0
2018-02-16T05:00:00Z,28.8799991607666,29.229999542236328,28.84000015258789,28.979999542236328,47508200.0
2018-02-20T05:00:00Z,28.920000076293945,29.209999084472656,28.799999237060547,28.889999389648438,58236100.0
2018-02-21T05:00:00Z,28.899999618530273,29.399999618530273,28.8700008392334,28.93000030517578,44578800.0
2018-02-22T05:00:00Z,29.0,29.15999984741211,28.6200008392334,28.690000534057617,47602700.0
2018-02-23T05:00:00Z,28.780000686645508,29.1200008392334,28.770000457763672,29.1200008392334,41187300.0
2018-02-26T05:00:00Z,29.329999923706055,29.559999465942383,29.139999389648438,29.559999465942383,55124200.0
2018-02-27T05:00:00Z,29.579999923706055,29.770000457763672,29.260000228881836,29.280000686645508,72752100.0
2018-02-28T05:00:00Z,29.43000030517578,29.540000915527344,28.8700008392334,28.8700008392334,65254700.0
2018-03-01T05:00:00Z,28.8799991607666,29.110000610351562,28.209999084472656,28.3700008392334,82467900.0
2018-03-02T05:00:00Z,28.170000076293945,28.520000457763672,27.889999389648438,28.440000534057617,78991200.0
2018-03-05T05:00:00Z,28.219999313354492,29.0,28.209999084472656,28.84000015258789,58952100.0
2018-03-06T05:00:00Z,29.0,29.020000457763672,28.65999984741211,28.959999084472656,49746100.0
2018-03-07T05:00:00Z,28.600000381469727,28.969999313354492,28.56999969482422,28.90999984741211,41530200.0
2018-03-08T05:00:00Z,28.979999542236328,29.040000915527344,28.690000534057617,29.0,50803000.0
2018-03-09T05:00:00Z,29.309999465942383,29.719999313354492,29.190000534057617,29.700000762939453,54595700.0
2018-03-12T04:00:00Z,29.700000762939453,29.809999465942383,29.549999237060547,29.600000381469727,51784500.0
2018-03-13T04:00:00Z,29.739999771118164,29.770000457763672,29.200000762939453,29.270000457763672,47049400.0
2018-03-14T04:00:00Z,29.399999618530273,29.399999618530273,28.850000381469727,28.940000534057617,57278900.0
2018-03-15T04:00:00Z,29.049999237060547,29.110000610351562,28.860000610351562,28.950000762939453,47451600.0
2018-03-16T04:00:00Z,28.90999984741211,29.149999618530273,28.8700008392334,28.8700008392334,61278200.0
2018-03-19T04:00:00Z,28.829999923706055,28.93000030517578,28.389999389648438,28.65999984741211,52145000.0
2018-03-20T04:00:00Z,28.770000457763672,28.850000381469727,28.65999984741211,28.729999542236328,37146500.0
2018-03-21T04:00:00Z,28.780000686645508,29.100000381469727,28.6200008392334,28.719999313354492,53291400.0
2018-03-22T04:00:00Z,28.34000015258789,28.450000762939453,27.559999465942383,27.65999984741211,85160300.0
2018-03-23T04:00:00Z,27.690000534057617,27.729999542236328,26.770000457763672,26.81999969482422,89289500.0
2018-03-26T04:00:00Z,27.360000610351562,27.770000457763672,27.100000381469727,27.690000534057617,84145000.0
2018-03-27T04:00:00Z,27.780000686645508,27.899999618530273,26.93000030517578,27.149999618530273,78827400.0
2018-03-28T04:00:00Z,27.219999313354492,27.469999313354492,26.850000381469727,27.200000762939453,84244500.0
2018-03-29T04:00:00Z,27.31999969482422,27.760000228881836,27.200000762939453,27.56999969482422,58290000.0
2018-04-02T04:00:00Z,27.56999969482422,27.600000381469727,26.549999237060547,26.959999084472656,74363900.0
2018-04-03T04:00:00Z,27.1299991607666,27.389999389648438,26.889999389648438,27.329999923706055,75160400.0
2018-04-04T04:00:00Z,26.84000015258789,27.700000762939453,26.81999969482422,27.6200008392334,70327000.0
2018-04-05T04:00:00Z,27.8700008392334,28.040000915527344,27.75,27.84000015258789,45378300.0
2018-04-06T04:00:00Z,27.520000457763672,27.700000762939453,26.920000076293945,27.170000076293945,88521000.0
2018-04-09T04:00:00Z,27.31999969482422,27.8700008392334,27.270000457763672,27.31999969482422,54633200.0
2018-04-10T04:00:00Z,27.760000228881836,27.889999389648438,27.549999237060547,27.729999542236328,67801500.0
2018-04-11T04:00:00Z,27.479999542236328,27.610000610351562,27.329999923706055,27.399999618530273,52480800.0
2018-04-12T04:00:00Z,27.610000610351562,28.059999465942383,27.59000015258789,27.8799991607666,63289100.0
2018-04-13T04:00:00Z,28.219999313354492,28.239999771118164,27.309999465942383,27.459999084472656,70103900.0
2018-04-16T04:00:00Z,27.6200008392334,27.780000686645508,27.5,27.579999923706055,44633600.0
2018-04-17T04:00:00Z,27.81999969482422,27.850000381469727,27.479999542236328,27.579999923706055,50750100.0
2018-04-18T04:00:00Z,27.649999618530273,27.760000228881836,27.389999389648438,27.450000762939453,66795500.0
2018-04-19T04:00:00Z,27.5,27.93000030517578,27.479999542236328,27.8700008392334,76142000.0
2018-04-20T04:00:00Z,27.920000076293945,28.040000915527344,27.760000228881836,27.8799991607666,49800400.0
2018-04-23T04:00:00Z,27.959999084472656,27.989999771118164,27.760000228881836,27.850000381469727,45689200.0
2018-04-24T04:00:00Z,28.0,28.170000076293945,27.479999542236328,27.670000076293945,69592900.0
2018-04-25T04:00:00Z,27.639999389648438,27.790000915527344,27.3700008392334,27.649999618530273,51819000.0
2018-04-26T04:00:00Z,27.6299991607666,27.809999465942383,27.520000457763672,27.65999984741211,33456200.0
2018-04-27T04:00:00Z,27.610000610351562,27.770000457763672,27.56999969482422,27.700000762939453,47185200.0
2018-04-30T04:00:00Z,27.770000457763672,27.920000076293945,27.440000534057617,27.450000762939453,41731400.0
2018-05-01T04:00:00Z,27.389999389648438,27.479999542236328,27.170000076293945,27.459999084472656,46372400.0
2018-05-02T04:00:00Z,27.360000610351562,27.469999313354492,27.110000610351562,27.149999618530273,45430300.0
2018-05-03T04:00:00Z,27.020000457763672,27.059999465942383,26.459999084472656,26.920000076293945,68947900.0
2018-05-04T04:00:00Z,26.760000228881836,27.420000076293945,26.670000076293945,27.270000457763672,40575600.0
2018-05-07T04:00:00Z,27.3700008392334,27.559999465942383,27.260000228881836,27.450000762939453,36873600.0
2018-05-08T04:00:00Z,27.469999313354492,27.829999923706055,27.459999084472656,27.639999389648438,47718500.0
2018-05-09T04:00:00Z,27.770000457763672,28.1200008392334,27.670000076293945,28.049999237060547,43817000.0
2018-05-10T04:00:00Z,28.0,28.34000015258789,27.959999084472656,28.280000686645508,41445500.0
2018-05-11T04:00:00Z,28.299999237060547,28.450000762939453,28.200000762939453,28.260000228881836,25894000.0
2018-05-14T04:00:00Z,28.34000015258789,28.389999389648438,28.190000534057617,28.239999771118164,31292900.0
2018-05-15T04:00:00Z,28.200000762939453,28.34000015258789,28.079999923706055,28.190000534057617,54655800.0
2018-05-16T04:00:00Z,28.15999984741211,28.31999969482422,28.100000381469727,28.239999771118164,31984900.0
2018-05-17T04:00:00Z,28.209999084472656,28.280000686645508,28.0,28.18000030517578,45070400.0
2018-05-18T04:00:00Z,28.18000030517578,28.190000534057617,27.940000534057617,27.950000762939453,33266100.0
2018-05-21T04:00:00Z,28.110000610351562,28.260000228881836,28.100000381469727,28.149999618530273,29647900.0
2018-05-22T04:00:00Z,28.170000076293945,28.5,28.170000076293945,28.34000015258789,52841400.0
2018-05-23T04:00:00Z,28.149999618530273,28.239999771118164,27.860000610351562,28.15999984741211,44968500.0
2018-05-24T04:00:00Z,28.06999969482422,28.09000015258789,27.65999984741211,27.940000534057617,43245200.0
2018-05-25T04:00:00Z,27.809999465942383,27.899999618530273,27.719999313354492,27.850000381469727,39312500.0
2018-05-29T04:00:00Z,27.459999084472656,27.5,26.719999313354492,26.920000076293945,126469700.0
2018-05-30T04:00:00Z,27.18000030517578,27.520000457763672,27.110000610351562,27.40999984741211,65843700.0
2018-05-31T04:00:00Z,27.350000381469727,27.389999389648438,27.100000381469727,27.18000030517578,66686900.0
2018-06-01T04:00:00Z,27.510000228881836,27.6299991607666,27.399999618530273,27.479999542236328,62934300.0
2018-06-04T04:00:00Z,27.610000610351562,27.670000076293945,27.520000457763672,27.56999969482422,44196900.0
2018-06-05T04:00:00Z,27.479999542236328,27.520000457763672,27.309999465942383,27.450000762939453,44996800.0
2018-06-06T04:00:00Z,27.610000610351562,27.969999313354492,27.579999923706055,27.950000762939453,61960000.0
2018-06-07T04:00:00Z,28.06999969482422,28.18000030517578,27.850000381469727,28.040000915527344,65166100.0
2018-06-08T04:00:00Z,28.010000228881836,28.110000610351562,27.860000610351562,28.079999923706055,47713400.0
2018-06-11T04:00:00Z,28.170000076293945,28.270000457763672,28.020000457763672,28.020000457763672,47319600.0
2018-06-12T04:00:00Z,28.100000381469727,28.170000076293945,27.809999465942383,27.950000762939453,55517200.0
2018-06-13T04:00:00Z,27.959999084472656,28.18000030517578,27.81999969482422,27.850000381469727,61095800.0
2018-06-14T04:00:00Z,27.899999618530273,27.950000762939453,27.510000228881836,27.59000015258789,70635500.0
2018-06-15T04:00:00Z,27.299999237060547,27.559999465942383,27.110000610351562,27.469999313354492,63387600.0
2018-06-18T04:00:00Z,27.229999542236328,27.459999084472656,27.139999389648438,27.420000076293945,49824600.0
2018-06-19T04:00:00Z,27.139999389648438,27.420000076293945,27.1299991607666,27.350000381469727,50214700.0
2018-06-20T04:00:00Z,27.600000381469727,27.600000381469727,27.25,27.280000686645508,42833600.0
2018-06-21T04:00:00Z,27.190000534057617,27.360000610351562,27.010000228881836,27.200000762939453,75190900.0
2018-06-22T04:00:00Z,27.389999389648438,27.420000076293945,27.049999237060547,27.06999969482422,61389400.0
2018-06-25T04:00:00Z,26.950000762939453,27.0,26.600000381469727,26.780000686645508,80746100.0
2018-06-26T04:00:00Z,26.799999237060547,26.829999923706055,26.520000457763672,26.690000534057617,56387800.0
2018-06-27T04:00:00Z,26.68000030517578,26.8799991607666,26.350000381469727,26.360000610351562,78099200.0
2018-06-28T04:00:00Z,26.360000610351562,26.700000762939453,26.309999465942383,26.59000015258789,78544800.0
2018-06-29T04:00:00Z,26.920000076293945,27.06999969482422,26.549999237060547,26.59000015258789,77149900.0
2018-07-02T04:00:00Z,26.3700008392334,26.729999542236328,26.350000381469727,26.719999313354492,66202800.0
2018-07-03T04:00:00Z,26.790000915527344,26.8700008392334,26.420000076293945,26.479999542236328,30717800.0
2018-07-05T04:00:00Z,26.6200008392334,26.68000030517578,26.450000762939453,26.540000915527344,40668500.0
2018-07-06T04:00:00Z,26.469999313354492,26.780000686645508,26.3700008392334,26.670000076293945,41285000.0
2018-07-09T04:00:00Z,26.809999465942383,27.309999465942383,26.780000686645508,27.280000686645508,73447400.0
2018-07-10T04:00:00Z,27.299999237060547,27.389999389648438,27.100000381469727,27.18000030517578,51260600.0
2018-07-11T04:00:00Z,27.030000686645508,27.190000534057617,26.989999771118164,27.049999237060547,46023700.0
2018-07-12T04:00:00Z,27.219999313354492,27.239999771118164,26.940000534057617,27.100000381469727,64876800.0
2018-07-13T04:00:00Z,26.989999771118164,27.06999969482422,26.700000762939453,26.979999542236328,64146900.0
2018-07-16T04:00:00Z,27.059999465942383,27.479999542236328,27.040000915527344,27.459999084472656,55812000.0
2018-07-17T04:00:00Z,27.489999771118164,27.600000381469727,27.34000015258789,27.489999771118164,55502200.0
2018-07-18T04:00:00Z,27.600000381469727,27.979999542236328,27.559999465942383,27.93000030517578,59109200.0
2018-07-19T04:00:00Z,27.790000915527344,27.799999237060547,27.469999313354492,27.510000228881836,61765100.0
2018-07-20T04:00:00Z,27.459999084472656,27.639999389648438,27.360000610351562,27.559999465942383,51562300.0
2018-07-23T04:00:00Z,27.559999465942383,27.979999542236328,27.549999237060547,27.940000534057617,81516200.0
2018-07-24T04:00:00Z,28.049999237060547,28.190000534057617,27.950000762939453,28.020000457763672,63133700.0
2018-07-25T04:00:00Z,28.0,28.1299991607666,27.850000381469727,28.079999923706055,44197200.0
2018-07-26T04:00:00Z,28.149999618530273,28.260000228881836,28.040000915527344,28.06999969482422,40056800.0
2018-07-27T04:00:00Z,28.059999465942383,28.270000457763672,27.969999313354492,28.1299991607666,63149400.0
2018-07-30T04:00:00Z,28.149999618530273,28.360000610351562,28.110000610351562,28.149999618530273,56474100.0
2018-07-31T04:00:00Z,28.229999542236328,28.239999771118164,27.889999389648438,27.950000762939453,84500100.0
2018-08-01T04:00:00Z,28.1299991607666,28.270000457763672,27.8799991607666,27.950000762939453,64046900.0
2018-08-02T04:00:00Z,27.770000457763672,28.010000228881836,27.68000030517578,27.959999084472656,38330700.0
2018-08-03T04:00:00Z,27.920000076293945,28.1200008392334,27.920000076293945,28.1200008392334,34894300.0
2018-08-06T04:00:00Z,28.15999984741211,28.34000015258789,28.100000381469727,28.270000457763672,38230100.0
2018-08-07T04:00:00Z,28.350000381469727,28.559999465942383,28.329999923706055,28.399999618530273,44608600.0
2018-08-08T04:00:00Z,28.360000610351562,28.520000457763672,28.34000015258789,28.469999313354492,47522000.0
2018-08-09T04:00:00Z,28.399999618530273,28.469999313354492,28.299999237060547,28.299999237060547,29357800.0
2018-08-10T04:00:00Z,27.93000030517578,28.06999969482422,27.829999923706055,27.969999313354492,83301400.0
2018-08-13T04:00:00Z,27.969999313354492,28.040000915527344,27.690000534057617,27.700000762939453,74413500.0
2018-08-14T04:00:00Z,27.799999237060547,28.010000228881836,27.719999313354492,27.959999084472656,43659000.0
2018-08-15T04:00:00Z,27.729999542236328,27.8799991607666,27.610000610351562,27.739999771118164,55681100.0
2018-08-16T04:00:00Z,27.8700008392334,28.190000534057617,27.8700008392334,28.110000610351562,49534200.0
2018-08-17T04:00:00Z,28.030000686645508,28.209999084472656,28.030000686645508,28.170000076293945,43193100.0
2018-08-20T04:00:00Z,28.170000076293945,28.309999465942383,28.1299991607666,28.260000228881836,30053700.0
2018-08-21T04:00:00Z,28.280000686645508,28.510000228881836,28.219999313354492,28.3700008392334,47940000.0
2018-08-22T04:00:00Z,28.25,28.3799991607666,28.229999542236328,28.270000457763672,27323300.0
2018-08-23T04:00:00Z,28.260000228881836,28.290000915527344,28.100000381469727,28.139999389648438,31767800.0
2018-08-24T04:00:00Z,28.25,28.299999237060547,28.190000534057617,28.239999771118164,22064500.0
2018-08-27T04:00:00Z,28.350000381469727,28.719999313354492,28.34000015258789,28.6200008392334,52254500.0
2018-08-28T04:00:00Z,28.700000762939453,28.719999313354492,28.540000915527344,28.59000015258789,28896800.0
2018-08-29T04:00:00Z,28.59000015258789,28.65999984741211,28.440000534057617,28.579999923706055,34015300.0
2018-08-30T04:00:00Z,28.450000762939453,28.559999465942383,28.309999465942383,28.360000610351562,43264100.0
2018-08-31T04:00:00Z,28.260000228881836,28.350000381469727,28.170000076293945,28.329999923706055,34107800.0
2018-09-04T04:00:00Z,28.270000457763672,28.5,28.200000762939453,28.469999313354492,43145600.0
2018-09-05T04:00:00Z,28.450000762939453,28.639999389648438,28.43000030517578,28.489999771118164,32727700.0
2018-09-06T04:00:00Z,28.450000762939453,28.530000686645508,28.270000457763672,28.360000610351562,38328900.0
2018-09-07T04:00:00Z,28.420000076293945,28.440000534057617,28.209999084472656,28.329999923706055,43644300.0
2018-09-10T04:00:00Z,28.399999618530273,28.440000534057617,28.270000457763672,28.299999237060547,29927200.0
2018-09-11T04:00:00Z,28.219999313354492,28.40999984741211,28.1200008392334,28.329999923706055,32065200.0
2018-09-12T04:00:00Z,28.329999923706055,28.389999389648438,28.049999237060547,28.06999969482422,47963400.0
2018-09-13T04:00:00Z,28.139999389648438,28.280000686645508,27.969999313354492,28.030000686645508,44977100.0
2018-09-14T04:00:00Z,28.06999969482422,28.260000228881836,28.059999465942383,28.229999542236328,34151000.0
2018-09-17T04:00:00Z,28.229999542236328,28.309999465942383,28.079999923706055,28.110000610351562,26907900.0
2018-09-18T04:00:00Z,28.18000030517578,28.280000686645508,28.059999465942383,28.25,36405600.0
2018-09-19T04:00:00Z,28.229999542236328,28.81999969482422,28.229999542236328,28.729999542236328,75551800.0
2018-09-20T04:00:00Z,28.940000534057617,29.06999969482422,28.8700008392334,28.979999542236328,78555500.0
2018-09-21T04:00:00Z,28.950000762939453,29.0,28.700000762939453,28.739999771118164,64710000.0
2018-09-24T04:00:00Z,28.709999084472656,28.75,28.399999618530273,28.420000076293945,47985100.0
2018-09-25T04:00:00Z,28.530000686645508,28.549999237060547,28.299999237060547,28.309999465942383,32964400.0
2018-09-26T04:00:00Z,28.350000381469727,28.389999389648438,27.899999618530273,27.969999313354492,60288100.0
2018-09-27T04:00:00Z,28.0,28.100000381469727,27.84000015258789,27.8700008392334,57492200.0
2018-09-28T04:00:00Z,27.760000228881836,27.770000457763672,27.540000915527344,27.579999923706055,66454900.0
2018-10-01T04:00:00Z,27.739999771118164,27.889999389648438,27.600000381469727,27.690000534057617,49855000.0
2018-10-02T04:00:00Z,27.649999618530273,27.739999771118164,27.469999313354492,27.690000534057617,47629500.0
2018-10-03T04:00:00Z,27.8700008392334,28.06999969482422,27.790000915527344,27.950000762939453,79591400.0
2018-10-04T04:00:00Z,27.940000534057617,28.350000381469727,27.920000076293945,28.139999389648438,94700800.0
2018-10-05T04:00:00Z,28.209999084472656,28.309999465942383,27.93000030517578,28.0,58148700.0
2018-10-08T04:00:00Z,27.920000076293945,28.280000686645508,27.899999618530273,28.190000534057617,56594900.0
2018-10-09T04:00:00Z,28.059999465942383,28.200000762939453,27.8799991607666,28.079999923706055,47963500.0
2018-10-10T04:00:00Z,28.06999969482422,28.139999389648438,27.209999084472656,27.209999084472656,101604400.0
2018-10-11T04:00:00Z,27.049999237060547,27.219999313354492,26.31999969482422,26.399999618530273,178628200.0
2018-10-12T04:00:00Z,26.8799991607666,26.920000076293945,26.030000686645508,26.43000030517578,137933000.0
2018-10-15T04:00:00Z,26.440000534057617,26.6299991607666,26.309999465942383,26.309999465942383,82196400.0
2018-10-16T04:00:00Z,26.489999771118164,26.770000457763672,26.309999465942383,26.75,75137300.0
2018-10-17T04:00:00Z,26.690000534057617,27.190000534057617,26.559999465942383,27.020000457763672,79472100.0
2018-10-18T04:00:00Z,26.8700008392334,27.06999969482422,26.489999771118164,26.56999969482422,81706000.0
2018-10-19T04:00:00Z,26.549999237060547,26.8799991607666,26.420000076293945,26.670000076293945,73614300.0
2018-10-22T04:00:00Z,26.700000762939453,26.760000228881836,26.100000381469727,26.100000381469727,58645800.0
2018-10-23T04:00:00Z,25.56999969482422,26.040000915527344,25.420000076293945,25.889999389648438,93698200.0
2018-10-24T04:00:00Z,25.850000381469727,25.850000381469727,25.139999389648438,25.239999771118164,98050700.0
2018-10-25T04:00:00Z,25.360000610351562,25.84000015258789,25.329999923706055,25.6299991607666,72439400.0
2018-10-26T04:00:00Z,25.31999969482422,25.520000457763672,25.020000457763672,25.260000228881836,115308900.0
2018-10-29T04:00:00Z,25.56999969482422,25.93000030517578,25.209999084472656,25.479999542236328,97946100.0
2018-10-30T04:00:00Z,25.6200008392334,25.940000534057617,25.440000534057617,25.920000076293945,82719100.0
2018-10-31T04:00:00Z,26.170000076293945,26.610000610351562,26.1299991607666,26.280000686645508,93781100.0
2018-11-01T04:00:00Z,26.350000381469727,26.510000228881836,26.219999313354492,26.399999618530273,62346600.0
2018-11-02T04:00:00Z,26.65999984741211,26.809999465942383,26.18000030517578,26.3799991607666,73034200.0
2018-11-05T05:00:00Z,26.489999771118164,26.8799991607666,26.489999771118164,26.799999237060547,58705800.0
2018-11-06T05:00:00Z,26.780000686645508,26.940000534057617,26.649999618530273,26.940000534057617,51010900.0
2018-11-07T05:00:00Z,27.09000015258789,27.31999969482422,26.81999969482422,27.290000915527344,59990800.0
2018-11-08T05:00:00Z,27.1299991607666,27.520000457763672,27.040000915527344,27.3700008392334,46730100.0
2018-11-09T05:00:00Z,27.299999237060547,27.3799991607666,26.979999542236328,27.1200008392334,47051200.0
2018-11-12T05:00:00Z,27.059999465942383,27.18000030517578,26.530000686645508,26.579999923706055,47135500.0
2018-11-13T05:00:00Z,26.6200008392334,26.989999771118164,26.600000381469727,26.729999542236328,69820600.0
2018-11-14T05:00:00Z,26.940000534057617,26.979999542236328,26.079999923706055,26.3700008392334,104274200.0
2018-11-15T05:00:00Z,26.190000534057617,26.780000686645508,26.030000686645508,26.760000228881836,93998000.0
2018-11-16T05:00:00Z,26.6200008392334,26.90999984741211,26.469999313354492,26.790000915527344,80518300.0
2018-11-19T05:00:00Z,26.770000457763672,26.899999618530273,26.540000915527344,26.780000686645508,65491300.0
2018-11-20T05:00:00Z,26.469999313354492,26.579999923706055,26.110000610351562,26.190000534057617,103778300.0
2018-11-21T05:00:00Z,26.34000015258789,26.59000015258789,26.1299991607666,26.209999084472656,48618000.0
2018-11-23T05:00:00Z,26.06999969482422,26.219999313354492,25.93000030517578,26.0,24252300.0
2018-11-26T05:00:00Z,26.270000457763672,26.6299991607666,26.260000228881836,26.530000686645508,50168800.0
2018-11-27T05:00:00Z,26.479999542236328,26.6299991607666,26.420000076293945,26.549999237060547,47174300.0
2018-11-28T05:00:00Z,26.6299991607666,27.059999465942383,26.399999618530273,27.059999465942383,61375300.0
2018-11-29T05:00:00Z,26.860000610351562,27.010000228881836,26.719999313354492,26.829999923706055,43664100.0
2018-11-30T05:00:00Z,26.75,27.079999923706055,26.709999084472656,26.969999313354492,45435200.0
2018-12-03T05:00:00Z,27.360000610351562,27.469999313354492,26.950000762939453,27.139999389648438,65332700.0
2018-12-04T05:00:00Z,27.0,27.010000228881836,25.829999923706055,25.959999084472656,110918600.0
2018-12-06T05:00:00Z,25.3799991607666,25.610000610351562,24.93000030517578,25.600000381469727,134687100.0
2018-12-07T05:00:00Z,25.540000915527344,25.899999618530273,24.989999771118164,25.110000610351562,86740000.0
2018-12-10T05:00:00Z,25.010000228881836,25.079999923706055,24.299999237060547,24.760000228881836,101121800.0
2018-12-11T05:00:00Z,25.06999969482422,25.219999313354492,24.43000030517578,24.520000457763672,92308200.0
2018-12-12T05:00:00Z,24.860000610351562,25.020000457763672,24.540000915527344,24.65999984741211,86748900.0
2018-12-13T05:00:00Z,24.649999618530273,24.780000686645508,24.389999389648438,24.479999542236328,67232900.0
2018-12-14T05:00:00Z,24.239999771118164,24.579999923706055,24.190000534057617,24.239999771118164,66817000.0
2018-12-17T05:00:00Z,24.100000381469727,24.469999313354492,23.889999389648438,24.0,101180400.0
2018-12-18T05:00:00Z,24.139999389648438,24.399999618530273,23.760000228881836,23.90999984741211,90844000.0
2018-12-19T05:00:00Z,23.860000610351562,24.389999389648438,23.420000076293945,23.610000610351562,129331700.0
2018-12-20T05:00:00Z,23.3799991607666,23.75,23.270000457763672,23.399999618530273,107016900.0
2018-12-21T05:00:00Z,23.229999542236328,23.670000076293945,22.739999771118164,22.790000915527344,118502300.0
2018-12-24T05:00:00Z,22.489999771118164,22.75,22.280000686645508,22.309999465942383,71752700.0
2018-12-26T05:00:00Z,22.3700008392334,23.329999923706055,22.049999237060547,23.31999969482422,108133500.0
2018-12-27T05:00:00Z,22.93000030517578,23.600000381469727,22.709999084472656,23.600000381469727,98005000.0
2018-12-28T05:00:00Z,23.709999084472656,23.899999618530273,23.489999771118164,23.59000015258789,76348400.0
2018-12-31T05:00:00Z,23.719999313354492,23.920000076293945,23.520000457763672,23.81999969482422,56435400.0
2019-01-02T05:00:00Z,23.469999313354492,24.06999969482422,23.399999618530273,24.020000457763672,62945000.0
2019-01-03T05:00:00Z,23.84000015258789,23.899999618530273,23.420000076293945,23.479999542236328,65729700.0
2019-01-04T05:00:00Z,23.8799991607666,24.309999465942383,23.81999969482422,24.260000228881836,64638400.0
2019-01-07T05:00:00Z,24.209999084472656,24.510000228881836,24.059999465942383,24.290000915527344,48167000.0
2019-01-08T05:00:00Z,24.510000228881836,24.549999237060547,24.030000686645508,24.309999465942383,90114700.0
2019-01-09T05:00:00Z,24.3700008392334,24.520000457763672,24.200000762939453,24.43000030517578,61037100.0
2019-01-10T05:00:00Z,24.290000915527344,24.520000457763672,24.209999084472656,24.440000534057617,48630500.0
2019-01-11T05:00:00Z,24.31999969482422,24.549999237060547,24.18000030517578,24.5,44961600.0
2019-01-14T05:00:00Z,24.260000228881836,24.75,24.229999542236328,24.670000076293945,50610600.0
2019-01-15T05:00:00Z,24.56999969482422,24.93000030517578,24.5,24.889999389648438,59156500.0
2019-01-16T05:00:00Z,25.18000030517578,25.56999969482422,25.110000610351562,25.420000076293945,72982400.0
2019-01-17T05:00:00Z,25.31999969482422,25.649999618530273,25.170000076293945,25.559999465942383,55771300.0
2019-01-18T05:00:00Z,25.739999771118164,26.030000686645508,25.530000686645508,26.0,58400200.0
2019-01-22T05:00:00Z,25.780000686645508,25.90999984741211,25.56999969482422,25.700000762939453,79651700.0
2019-01-23T05:00:00Z,25.799999237060547,25.829999923706055,25.440000534057617,25.729999542236328,44072000.0
2019-01-24T05:00:00Z,25.639999389648438,25.860000610351562,25.559999465942383,25.790000915527344,25496900.0
2019-01-25T05:00:00Z,25.969999313354492,26.170000076293945,25.899999618530273,26.0,63140000.0
2019-01-28T05:00:00Z,25.75,25.950000762939453,25.709999084472656,25.920000076293945,66894900.0
2019-01-29T05:00:00Z,25.90999984741211,26.010000228881836,25.81999969482422,25.829999923706055,29442100.0
2019-01-30T05:00:00Z,25.90999984741211,26.139999389648438,25.729999542236328,25.979999542236328,62076800.0
2019-01-31T05:00:00Z,25.760000228881836,25.979999542236328,25.719999313354492,25.940000534057617,64021500.0
2019-02-01T05:00:00Z,25.979999542236328,26.170000076293945,25.950000762939453,26.049999237060547,42920300.0
2019-02-04T05:00:00Z,26.059999465942383,26.170000076293945,25.920000076293945,26.15999984741211,30362500.0
2019-02-05T05:00:00Z,26.209999084472656,26.229999542236328,25.989999771118164,26.09000015258789,39094900.0
2019-02-06T05:00:00Z,26.010000228881836,26.200000762939453,25.969999313354492,26.059999465942383,51542800.0
2019-02-07T05:00:00Z,25.979999542236328,26.049999237060547,25.59000015258789,25.799999237060547,80395700.0
2019-02-08T05:00:00Z,25.65999984741211,25.780000686645508,25.34000015258789,25.670000076293945,54911100.0
2019-02-11T05:00:00Z,25.75,25.799999237060547,25.6200008392334,25.75,53115700.0
2019-02-12T05:00:00Z,25.940000534057617,26.229999542236328,25.93000030517578,26.1299991607666,37671300.0
2019-02-13T05:00:00Z,26.25,26.43000030517578,26.190000534057617,26.200000762939453,42969600.0
2019-02-14T05:00:00Z,26.0,26.079999923706055,25.729999542236328,25.8799991607666,47630100.0
2019-02-15T05:00:00Z,26.09000015258789,26.43000030517578,25.8799991607666,26.43000030517578,46880800.0
2019-02-19T05:00:00Z,26.299999237060547,26.549999237060547,26.219999313354492,26.469999313354492,23868300.0
2019-02-20T05:00:00Z,26.459999084472656,26.649999618530273,26.399999618530273,26.639999389648438,27509100.0
2019-02-21T05:00:00Z,26.59000015258789,26.68000030517578,26.40999984741211,26.5,46619900.0
2019-02-22T05:00:00Z,26.5,26.579999923706055,26.360000610351562,26.459999084472656,26343700.0
2019-02-25T05:00:00Z,26.579999923706055,26.81999969482422,26.540000915527344,26.56999969482422,33835900.0
2019-02-26T05:00:00Z,26.3799991607666,26.690000534057617,26.360000610351562,26.489999771118164,35659700.0
2019-02-27T05:00:00Z,26.440000534057617,26.639999389648438,26.40999984741211,26.59000015258789,42542400.0
2019-02-28T05:00:00Z,26.600000381469727,26.649999618530273,26.510000228881836,26.520000457763672,39835900.0
2019-03-01T05:00:00Z,26.75,26.940000534057617,26.610000610351562,26.690000534057617,82657300.0
2019-03-04T05:00:00Z,26.760000228881836,26.940000534057617,26.299999237060547,26.520000457763672,76611900.0
2019-03-05T05:00:00Z,26.56999969482422,26.579999923706055,26.219999313354492,26.420000076293945,39868100.0
2019-03-06T05:00:00Z,26.420000076293945,26.510000228881836,26.229999542236328,26.25,43158900.0
2019-03-07T05:00:00Z,26.149999618530273,26.149999618530273,25.829999923706055,25.979999542236328,62622100.0
2019-03-08T05:00:00Z,25.690000534057617,25.989999771118164,25.68000030517578,25.969999313354492,55826400.0
2019-03-11T04:00:00Z,26.100000381469727,26.31999969482422,25.979999542236328,26.239999771118164,63343500.0
2019-03-12T04:00:00Z,26.280000686645508,26.389999389648438,26.239999771118164,26.299999237060547,32521100.0
2019-03-13T04:00:00Z,26.399999618530273,26.579999923706055,26.31999969482422,26.479999542236328,42817500.0
2019-03-14T04:00:00Z,26.440000534057617,26.68000030517578,26.43000030517578,26.579999923706055,37665700.0
2019-03-15T04:00:00Z,26.450000762939453,26.709999084472656,26.43000030517578,26.6299991607666,70020400.0
2019-03-18T04:00:00Z,26.68000030517578,26.979999542236328,26.68000030517578,26.899999618530273,43980700.0
2019-03-19T04:00:00Z,27.049999237060547,27.100000381469727,26.6200008392334,26.690000534057617,45029300.0
2019-03-20T04:00:00Z,26.6299991607666,26.639999389648438,26.110000610351562,26.139999389648438,65860300.0
2019-03-21T04:00:00Z,25.959999084472656,26.170000076293945,25.780000686645508,26.059999465942383,104914100.0
2019-03-22T04:00:00Z,25.75,25.889999389648438,25.229999542236328,25.34000015258789,121855900.0
2019-03-25T04:00:00Z,25.309999465942383,25.530000686645508,25.079999923706055,25.229999542236328,72835600.0
2019-03-26T04:00:00Z,25.43000030517578,25.59000015258789,25.280000686645508,25.530000686645508,51171500.0
2019-03-27T04:00:00Z,25.469999313354492,25.600000381469727,25.299999237060547,25.420000076293945,73148100.0
2019-03-28T04:00:00Z,25.469999313354492,25.649999618530273,25.350000381469727,25.639999389648438,52089300.0
2019-03-29T04:00:00Z,25.860000610351562,25.8799991607666,25.610000610351562,25.709999084472656,50234400.0
2019-04-01T04:00:00Z,25.920000076293945,26.360000610351562,25.90999984741211,26.34000015258789,62485300.0
2019-04-02T04:00:00Z,26.270000457763672,26.459999084472656,26.229999542236328,26.31999969482422,41002400.0
2019-04-03T04:00:00Z,26.5,26.6200008392334,26.290000915527344,26.399999618530273,52030900.0
2019-04-04T04:00:00Z,26.399999618530273,26.670000076293945,26.399999618530273,26.559999465942383,54378900.0
2019-04-05T04:00:00Z,26.610000610351562,26.700000762939453,26.520000457763672,26.600000381469727,37088800.0
2019-04-08T04:00:00Z,26.530000686645508,26.639999389648438,26.469999313354492,26.6299991607666,34998000.0
2019-04-09T04:00:00Z,26.510000228881836,26.510000228881836,26.290000915527344,26.40999984741211,65954800.0
2019-04-10T04:00:00Z,26.40999984741211,26.530000686645508,26.280000686645508,26.489999771118164,48232700.0
2019-04-11T04:00:00Z,26.59000015258789,26.75,26.510000228881836,26.649999618530273,62205000.0
2019-04-12T04:00:00Z,27.040000915527344,27.329999923706055,26.899999618530273,27.139999389648438,84627600.0
2019-04-15T04:00:00Z,27.149999618530273,27.15999984741211,26.90999984741211,26.969999313354492,40030400.0
2019-04-16T04:00:00Z,27.030000686645508,27.3799991607666,27.010000228881836,27.350000381469727,56093400.0
2019-04-17T04:00:00Z,27.450000762939453,27.459999084472656,27.200000762939453,27.420000076293945,58834000.0
2019-04-18T04:00:00Z,27.3700008392334,27.450000762939453,27.299999237060547,27.34000015258789,52495700.0
2019-04-22T04:00:00Z,27.260000228881836,27.34000015258789,27.170000076293945,27.260000228881836,39324100.0
2019-04-23T04:00:00Z,27.25,27.459999084472656,27.139999389648438,27.43000030517578,54250300.0
2019-04-24T04:00:00Z,27.34000015258789,27.520000457763672,27.280000686645508,27.399999618530273,39505200.0
2019-04-25T04:00:00Z,27.270000457763672,27.559999465942383,27.200000762939453,27.450000762939453,44532300.0
2019-04-26T04:00:00Z,27.450000762939453,27.719999313354492,27.40999984741211,27.700000762939453,41527900.0
2019-04-29T04:00:00Z,27.799999237060547,28.1299991607666,27.729999542236328,27.979999542236328,61643200.0
2019-04-30T04:00:00Z,28.020000457763672,28.059999465942383,27.780000686645508,28.020000457763672,38800300.0
2019-05-01T04:00:00Z,28.049999237060547,28.139999389648438,27.770000457763672,27.790000915527344,67969500.0
2019-05-02T04:00:00Z,27.770000457763672,27.950000762939453,27.6200008392334,27.81999969482422,50972900.0
2019-05-03T04:00:00Z,27.940000534057617,28.1200008392334,27.889999389648438,28.06999969482422,34598900.0
2019-05-06T04:00:00Z,27.579999923706055,27.979999542236328,27.530000686645508,27.8799991607666,42517000.0
2019-05-07T04:00:00Z,27.6200008392334,27.889999389648438,27.229999542236328,27.420000076293945,60090800.0
2019-05-08T04:00:00Z,27.309999465942383,27.59000015258789,27.239999771118164,27.360000610351562,44254200.0
2019-05-09T04:00:00Z,27.030000686645508,27.360000610351562,26.899999618530273,27.299999237060547,56468300.0
2019-05-10T04:00:00Z,27.149999618530273,27.530000686645508,26.90999984741211,27.479999542236328,63453600.0
2019-05-13T04:00:00Z,26.93000030517578,26.989999771118164,26.59000015258789,26.68000030517578,54962500.0
2019-05-14T04:00:00Z,26.739999771118164,27.1200008392334,26.709999084472656,26.889999389648438,52398400.0
2019-05-15T04:00:00Z,26.6200008392334,26.920000076293945,26.520000457763672,26.790000915527344,49061700.0
2019-05-16T04:00:00Z,26.8799991607666,27.209999084472656,26.860000610351562,27.059999465942383,44872600.0
2019-05-17T04:00:00Z,26.790000915527344,27.139999389648438,26.75,26.8799991607666,62711500.0
2019-05-20T04:00:00Z,26.780000686645508,27.030000686645508,26.780000686645508,26.90999984741211,44357300.0
2019-05-21T04:00:00Z,27.020000457763672,27.190000534057617,27.020000457763672,27.190000534057617,36851400.0
2019-05-22T04:00:00Z,27.049999237060547,27.110000610351562,26.950000762939453,27.030000686645508,25867600.0
2019-05-23T04:00:00Z,26.770000457763672,26.780000686645508,26.420000076293945,26.649999618530273,51832900.0
2019-05-24T04:00:00Z,26.75,26.8700008392334,26.670000076293945,26.860000610351562,30582000.0
2019-05-28T04:00:00Z,26.780000686645508,26.860000610351562,26.549999237060547,26.549999237060547,35177700.0
2019-05-29T04:00:00Z,26.34000015258789,26.549999237060547,26.219999313354492,26.5,39700600.0
2019-05-30T04:00:00Z,26.559999465942383,26.709999084472656,26.280000686645508,26.40999984741211,40641200.0
2019-05-31T04:00:00Z,26.06999969482422,26.200000762939453,25.989999771118164,26.010000228881836,49259200.0
2019-06-03T04:00:00Z,25.969999313354492,26.290000915527344,25.920000076293945,26.18000030517578,63329300.0
2019-06-04T04:00:00Z,26.5,26.920000076293945,26.43000030517578,26.889999389648438,45454400.0
2019-06-05T04:00:00Z,26.940000534057617,27.079999923706055,26.709999084472656,27.059999465942383,46599700.0
2019-06-06T04:00:00Z,27.06999969482422,27.270000457763672,26.920000076293945,27.15999984741211,37297600.0
2019-06-07T04:00:00Z,27.15999984741211,27.25,27.079999923706055,27.1200008392334,33054800.0
2019-06-10T04:00:00Z,27.280000686645508,27.549999237060547,27.280000686645508,27.350000381469727,37081400.0
2019-06-11T04:00:00Z,27.5,27.610000610351562,27.280000686645508,27.360000610351562,34273400.0
2019-06-12T04:00:00Z,27.329999923706055,27.3799991607666,27.030000686645508,27.09000015258789,36866000.0
2019-06-13T04:00:00Z,27.139999389648438,27.270000457763672,27.06999969482422,27.18000030517578,31020000.0
2019-06-14T04:00:00Z,27.209999084472656,27.329999923706055,27.0,27.239999771118164,29724100.0
2019-06-17T04:00:00Z,27.229999542236328,27.309999465942383,26.959999084472656,26.989999771118164,40981600.0
2019-06-18T04:00:00Z,26.93000030517578,27.459999084472656,26.93000030517578,27.350000381469727,46237400.0
2019-06-19T04:00:00Z,27.399999618530273,27.59000015258789,27.270000457763672,27.299999237060547,58118500.0
2019-06-20T04:00:00Z,27.450000762939453,27.530000686645508,27.1200008392334,27.420000076293945,50583800.0
2019-06-21T04:00:00Z,27.299999237060547,27.479999542236328,27.18000030517578,27.219999313354492,65322300.0
2019-06-24T04:00:00Z,27.170000076293945,27.360000610351562,27.079999923706055,27.110000610351562,48377800.0
2019-06-25T04:00:00Z,27.110000610351562,27.149999618530273,26.889999389648438,27.020000457763672,47748500.0
2019-06-26T04:00:00Z,27.079999923706055,27.209999084472656,26.959999084472656,26.969999313354492,31448000.0
2019-06-27T04:00:00Z,27.06999969482422,27.290000915527344,27.06999969482422,27.209999084472656,59459800.0
2019-06-28T04:00:00Z,27.530000686645508,27.700000762939453,27.239999771118164,27.600000381469727,76728100.0
2019-07-01T04:00:00Z,27.920000076293945,28.049999237060547,27.780000686645508,27.93000030517578,48971100.0
2019-07-02T04:00:00Z,27.889999389648438,27.979999542236328,27.709999084472656,27.860000610351562,56626800.0
2019-07-03T04:00:00Z,27.950000762939453,28.09000015258789,27.8700008392334,28.079999923706055,23706800.0
2019-07-05T04:00:00Z,28.170000076293945,28.270000457763672,28.030000686645508,28.15999984741211,40683100.0
2019-07-08T04:00:00Z,28.010000228881836,28.1299991607666,27.940000534057617,28.020000457763672,26286700.0
2019-07-09T04:00:00Z,27.829999923706055,28.1200008392334,27.809999465942383,28.06999969482422,25895800.0
2019-07-10T04:00:00Z,28.079999923706055,28.229999542236328,27.93000030517578,27.969999313354492,36566700.0
2019-07-11T04:00:00Z,28.010000228881836,28.170000076293945,27.959999084472656,28.1299991607666,40907500.0
2019-07-12T04:00:00Z,28.170000076293945,28.31999969482422,28.100000381469727,28.31999969482422,31109900.0
2019-07-15T04:00:00Z,28.329999923706055,28.350000381469727,28.079999923706055,28.15999984741211,28346100.0
2019-07-16T04:00:00Z,28.209999084472656,28.260000228881836,28.030000686645508,28.09000015258789,47287700.0
2019-07-17T04:00:00Z,27.989999771118164,28.079999923706055,27.809999465942383,27.850000381469727,35062600.0
2019-07-18T04:00:00Z,27.809999465942383,28.110000610351562,27.780000686645508,28.059999465942383,46369800.0
2019-07-19T04:00:00Z,28.1299991607666,28.18000030517578,27.920000076293945,27.940000534057617,29338500.0
2019-07-22T04:00:00Z,27.8799991607666,28.049999237060547,27.829999923706055,28.0,26683300.0
2019-07-23T04:00:00Z,28.06999969482422,28.329999923706055,28.059999465942383,28.290000915527344,45307600.0
2019-07-24T04:00:00Z,28.229999542236328,28.579999923706055,28.209999084472656,28.579999923706055,36374200.0
2019-07-25T04:00:00Z,28.56999969482422,28.610000610351562,28.31999969482422,28.3799991607666,34180400.0
2019-07-26T04:00:00Z,28.440000534057617,28.709999084472656,28.3799991607666,28.690000534057617,33642800.0
2019-07-29T04:00:00Z,28.639999389648438,28.719999313354492,28.440000534057617,28.469999313354492,35955100.0
2019-07-30T04:00:00Z,28.25,28.420000076293945,28.190000534057617,28.389999389648438,30726100.0
2019-07-31T04:00:00Z,28.389999389648438,28.530000686645508,28.200000762939453,28.25,64485400.0
2019-08-01T04:00:00Z,28.229999542236328,28.420000076293945,27.56999969482422,27.610000610351562,107976300.0
2019-08-02T04:00:00Z,27.559999465942383,27.739999771118164,27.229999542236328,27.600000381469727,66036400.0
2019-08-05T04:00:00Z,26.989999771118164,27.1200008392334,26.479999542236328,26.68000030517578,85527900.0
2019-08-06T04:00:00Z,26.850000381469727,27.1299991607666,26.59000015258789,27.110000610351562,53445000.0
2019-08-07T04:00:00Z,26.600000381469727,26.8700008392334,26.239999771118164,26.75,82354600.0
2019-08-08T04:00:00Z,27.010000228881836,27.270000457763672,26.8799991607666,27.260000228881836,66653200.0
2019-08-09T04:00:00Z,27.110000610351562,27.309999465942383,26.899999618530273,27.170000076293945,53782700.0
2019-08-12T04:00:00Z,26.850000381469727,26.950000762939453,26.56999969482422,26.649999618530273,56837600.0
2019-08-13T04:00:00Z,26.600000381469727,27.170000076293945,26.5,26.979999542236328,72255900.0
2019-08-14T04:00:00Z,26.3799991607666,26.520000457763672,25.959999084472656,25.979999542236328,92067300.0
2019-08-15T04:00:00Z,26.110000610351562,26.280000686645508,25.920000076293945,26.110000610351562,59504500.0
2019-08-16T04:00:00Z,26.239999771118164,26.639999389648438,26.239999771118164,26.56999969482422,48451800.0
2019-08-19T04:00:00Z,26.979999542236328,27.030000686645508,26.790000915527344,26.84000015258789,38297700.0
2019-08-20T04:00:00Z,26.690000534057617,26.739999771118164,26.450000762939453,26.479999542236328,40579300.0
2019-08-21T04:00:00Z,26.649999618530273,26.690000534057617,26.530000686645508,26.600000381469727,44913500.0
2019-08-22T04:00:00Z,26.739999771118164,26.850000381469727,26.56999969482422,26.780000686645508,43896700.0
2019-08-23T04:00:00Z,26.59000015258789,26.790000915527344,25.920000076293945,26.100000381469727,86245300.0
2019-08-26T04:00:00Z,26.270000457763672,26.3700008392334,26.110000610351562,26.350000381469727,34175500.0
2019-08-27T04:00:00Z,26.450000762939453,26.530000686645508,26.030000686645508,26.190000534057617,54240800.0
2019-08-28T04:00:00Z,26.049999237060547,26.469999313354492,26.030000686645508,26.43000030517578,51870400.0
2019-08-29T04:00:00Z,26.670000076293945,26.920000076293945,26.6200008392334,26.829999923706055,49818300.0
2019-08-30T04:00:00Z,26.979999542236328,27.059999465942383,26.81999969482422,26.920000076293945,40561000.0
2019-09-03T04:00:00Z,26.700000762939453,26.729999542236328,26.40999984741211,26.639999389648438,59997200.0
2019-09-04T04:00:00Z,26.84000015258789,26.950000762939453,26.780000686645508,26.899999618530273,43945700.0
2019-09-05T04:00:00Z,27.280000686645508,27.68000030517578,27.270000457763672,27.450000762939453,68639200.0
2019-09-06T04:00:00Z,27.479999542236328,27.559999465942383,27.34000015258789,27.440000534057617,35660800.0
2019-09-09T04:00:00Z,27.6299991607666,27.969999313354492,27.56999969482422,27.860000610351562,67797700.0
2019-09-10T04:00:00Z,27.950000762939453,28.079999923706055,27.700000762939453,27.959999084472656,77540100.0
2019-09-11T04:00:00Z,27.979999542236328,28.149999618530273,27.729999542236328,28.1200008392334,53285900.0
2019-09-12T04:00:00Z,28.040000915527344,28.3799991607666,27.950000762939453,28.270000457763672,72872200.0
2019-09-13T04:00:00Z,28.489999771118164,28.600000381469727,28.360000610351562,28.489999771118164,56248700.0
2019-09-16T04:00:00Z,28.25,28.43000030517578,28.209999084472656,28.389999389648438,36693600.0
2019-09-17T04:00:00Z,28.290000915527344,28.420000076293945,28.190000534057617,28.420000076293945,40868800.0
2019-09-18T04:00:00Z,28.309999465942383,28.59000015258789,28.229999542236328,28.520000457763672,57268900.0
2019-09-19T04:00:00Z,28.5,28.670000076293945,28.3799991607666,28.389999389648438,42335000.0
2019-09-20T04:00:00Z,28.290000915527344,28.399999618530273,28.059999465942383,28.079999923706055,82921100.0
2019-09-23T04:00:00Z,27.940000534057617,28.209999084472656,27.889999389648438,28.1299991607666,35827300.0
2019-09-24T04:00:00Z,28.209999084472656,28.270000457763672,27.780000686645508,27.860000610351562,61659700.0
2019-09-25T04:00:00Z,27.920000076293945,28.139999389648438,27.809999465942383,28.09000015258789,53544400.0
2019-09-26T04:00:00Z,28.049999237060547,28.079999923706055,27.920000076293945,27.959999084472656,53107500.0
2019-09-27T04:00:00Z,28.190000534057617,28.290000915527344,27.920000076293945,28.06999969482422,73386900.0
2019-09-30T04:00:00Z,28.139999389648438,28.170000076293945,27.979999542236328,28.0,30608000.0
2019-10-01T04:00:00Z,28.1299991607666,28.149999618530273,27.40999984741211,27.40999984741211,54786200.0
2019-10-02T04:00:00Z,27.239999771118164,27.25,26.790000915527344,26.850000381469727,78141700.0
2019-10-03T04:00:00Z,26.809999465942383,26.959999084472656,26.450000762939453,26.959999084472656,81128700.0
2019-10-04T04:00:00Z,26.989999771118164,27.479999542236328,26.969999313354492,27.459999084472656,40697200.0
2019-10-07T04:00:00Z,27.350000381469727,27.56999969482422,27.290000915527344,27.31999969482422,36922900.0
2019-10-08T04:00:00Z,27.049999237060547,27.059999465942383,26.760000228881836,26.780000686645508,60008900.0
2019-10-09T04:00:00Z,26.950000762939453,27.15999984741211,26.93000030517578,27.030000686645508,45131000.0
2019-10-10T04:00:00Z,27.100000381469727,27.510000228881836,27.100000381469727,27.309999465942383,54305400.0
2019-10-11T04:00:00Z,27.739999771118164,27.989999771118164,27.639999389648438,27.649999618530273,78702500.0
2019-10-14T04:00:00Z,27.559999465942383,27.75,27.530000686645508,27.690000534057617,35821000.0
2019-10-15T04:00:00Z,27.850000381469727,28.260000228881836,27.739999771118164,28.09000015258789,65130200.0
2019-10-16T04:00:00Z,28.09000015258789,28.15999984741211,27.950000762939453,28.020000457763672,44595200.0
2019-10-17T04:00:00Z,28.170000076293945,28.25,27.969999313354492,28.040000915527344,32013600.0
2019-10-18T04:00:00Z,27.959999084472656,28.219999313354492,27.959999084472656,28.110000610351562,40523700.0
2019-10-21T04:00:00Z,28.350000381469727,28.540000915527344,28.34000015258789,28.5,44145400.0
2019-10-22T04:00:00Z,28.450000762939453,28.610000610351562,28.329999923706055,28.420000076293945,50423000.0
2019-10-23T04:00:00Z,28.360000610351562,28.540000915527344,28.350000381469727,28.540000915527344,30615400.0
2019-10-24T04:00:00Z,28.56999969482422,28.6200008392334,28.389999389648438,28.5,33469600.0
2019-10-25T04:00:00Z,28.469999313354492,28.729999542236328,28.229999542236328,28.639999389648438,28330200.0
2019-10-28T04:00:00Z,28.75,28.920000076293945,28.739999771118164,28.790000915527344,50104600.0
2019-10-29T04:00:00Z,28.729999542236328,29.0,28.700000762939453,28.860000610351562,48458100.0
2019-10-30T04:00:00Z,28.860000610351562,28.920000076293945,28.639999389648438,28.84000015258789,51106700.0
2019-10-31T04:00:00Z,28.739999771118164,28.75,28.469999313354492,28.700000762939453,56795500.0
2019-11-01T04:00:00Z,28.920000076293945,29.149999618530273,28.860000610351562,29.1200008392334,42302300.0
2019-11-04T05:00:00Z,29.3700008392334,29.420000076293945,29.290000915527344,29.3700008392334,37319100.0
2019-11-05T05:00:00Z,29.459999084472656,29.6200008392334,29.40999984741211,29.479999542236328,39516100.0
2019-11-06T05:00:00Z,29.459999084472656,29.6299991607666,29.420000076293945,29.6299991607666,40179900.0
2019-11-07T05:00:00Z,29.809999465942383,30.030000686645508,29.739999771118164,29.850000381469727,61738600.0
2019-11-08T05:00:00Z,29.81999969482422,29.850000381469727,29.639999389648438,29.84000015258789,53808800.0
2019-11-11T05:00:00Z,29.65999984741211,29.81999969482422,29.6200008392334,29.760000228881836,19702400.0
2019-11-12T05:00:00Z,29.770000457763672,29.889999389648438,29.690000534057617,29.799999237060547,44640600.0
2019-11-13T05:00:00Z,29.56999969482422,29.709999084472656,29.450000762939453,29.610000610351562,43495400.0
2019-11-14T05:00:00Z,29.530000686645508,29.670000076293945,29.469999313354492,29.670000076293945,46158400.0
2019-11-15T05:00:00Z,29.770000457763672,29.799999237060547,29.65999984741211,29.75,30097000.0
2019-11-18T05:00:00Z,29.75,29.81999969482422,29.65999984741211,29.809999465942383,25440500.0
2019-11-19T05:00:00Z,29.8799991607666,29.969999313354492,29.790000915527344,29.8700008392334,30770900.0
2019-11-20T05:00:00Z,29.75,29.809999465942383,29.520000457763672,29.729999542236328,46719500.0
2019-11-21T05:00:00Z,29.790000915527344,29.84000015258789,29.600000381469727,29.700000762939453,37192700.0
2019-11-22T05:00:00Z,29.739999771118164,29.950000762939453,29.739999771118164,29.920000076293945,35195000.0
2019-11-25T05:00:00Z,29.959999084472656,30.149999618530273,29.950000762939453,30.110000610351562,50094100.0
2019-11-26T05:00:00Z,30.110000610351562,30.110000610351562,29.93000030517578,30.079999923706055,33516200.0
2019-11-27T05:00:00Z,30.15999984741211,30.209999084472656,30.059999465942383,30.200000762939453,31012300.0
2019-11-29T05:00:00Z,30.139999389648438,30.239999771118164,30.09000015258789,30.149999618530273,19444200.0
2019-12-02T05:00:00Z,30.200000762939453,30.260000228881836,29.93000030517578,29.959999084472656,52427800.0
2019-12-03T05:00:00Z,29.610000610351562,29.6200008392334,29.350000381469727,29.540000915527344,66912000.0
2019-12-04T05:00:00Z,29.56999969482422,29.899999618530273,29.549999237060547,29.81999969482422,41793900.0
2019-12-05T05:00:00Z,29.940000534057617,30.010000228881836,29.829999923706055,29.959999084472656,44933500.0
2019-12-06T05:00:00Z,30.290000915527344,30.459999084472656,30.280000686645508,30.360000610351562,40811300.0
2019-12-09T05:00:00Z,30.299999237060547,30.420000076293945,30.280000686645508,30.290000915527344,21627500.0
2019-12-10T05:00:00Z,30.209999084472656,30.360000610351562,30.1299991607666,30.299999237060547,37362100.0
2019-12-11T05:00:00Z,30.290000915527344,30.34000015258789,30.200000762939453,30.229999542236328,24490200.0
2019-12-12T05:00:00Z,30.270000457763672,30.90999984741211,30.25,30.81999969482422,68427500.0
2019-12-13T05:00:00Z,30.790000915527344,30.969999313354492,30.530000686645508,30.709999084472656,48135700.0
2019-12-16T05:00:00Z,30.959999084472656,31.020000457763672,30.790000915527344,30.81999969482422,45914900.0
2019-12-17T05:00:00Z,30.84000015258789,31.040000915527344,30.829999923706055,30.940000534057617,30911900.0
2019-12-18T05:00:00Z,31.040000915527344,31.040000915527344,30.809999465942383,30.809999465942383,39079700.0
2019-12-19T05:00:00Z,30.81999969482422,30.889999389648438,30.770000457763672,30.799999237060547,36946900.0
2019-12-20T05:00:00Z,30.799999237060547,30.8799991607666,30.639999389648438,30.68000030517578,97416000.0
2019-12-23T05:00:00Z,30.760000228881836,30.770000457763672,30.56999969482422,30.610000610351562,38293100.0
2019-12-24T05:00:00Z,30.670000076293945,30.690000534057617,30.600000381469727,30.68000030517578,12315900.0
2019-12-26T05:00:00Z,30.709999084472656,30.850000381469727,30.709999084472656,30.850000381469727,15891300.0
2019-12-27T05:00:00Z,30.899999618530273,30.90999984741211,30.75,30.770000457763672,19417400.0
2019-12-30T05:00:00Z,30.90999984741211,30.959999084472656,30.649999618530273,30.68000030517578,18819300.0
2019-12-31T05:00:00Z,30.65999984741211,30.790000915527344,30.6200008392334,30.780000686645508,15788100.0
2020-01-02T05:00:00Z,30.889999389648438,31.079999923706055,30.799999237060547,31.079999923706055,28843300.0
2020-01-03T05:00:00Z,30.68000030517578,30.8799991607666,30.59000015258789,30.75,51363600.0
2020-01-06T05:00:00Z,30.469999313354492,30.75,30.459999084472656,30.729999542236328,27956100.0
2020-01-07T05:00:00Z,30.65999984741211,30.709999084472656,30.530000686645508,30.530000686645508,39627500.0
2020-01-08T05:00:00Z,30.559999465942383,30.899999618530273,30.559999465942383,30.729999542236328,47966600.0
2020-01-09T05:00:00Z,30.950000762939453,30.979999542236328,30.829999923706055,30.920000076293945,27705300.0
2020-01-10T05:00:00Z,30.940000534057617,30.950000762939453,30.649999618530273,30.690000534057617,33458200.0
2020-01-13T05:00:00Z,30.760000228881836,30.93000030517578,30.68000030517578,30.899999618530273,27542700.0
2020-01-14T05:00:00Z,30.899999618530273,31.079999923706055,30.799999237060547,30.84000015258789,37575400.0
2020-01-15T05:00:00Z,30.690000534057617,30.790000915527344,30.56999969482422,30.670000076293945,41457300.0
2020-01-16T05:00:00Z,30.81999969482422,30.940000534057617,30.75,30.940000534057617,34444000.0
2020-01-17T05:00:00Z,31.030000686645508,31.100000381469727,30.90999984741211,31.030000686645508,38819400.0
2020-01-21T05:00:00Z,30.8799991607666,31.020000457763672,30.770000457763672,30.770000457763672,41276500.0
2020-01-22T05:00:00Z,30.8700008392334,30.940000534057617,30.81999969482422,30.860000610351562,27391000.0
2020-01-23T05:00:00Z,30.700000762939453,30.850000381469727,30.489999771118164,30.780000686645508,43072300.0
2020-01-24T05:00:00Z,30.790000915527344,30.790000915527344,30.200000762939453,30.389999389648438,58924900.0
2020-01-27T05:00:00Z,29.790000915527344,30.059999465942383,29.75,29.920000076293945,50289300.0
2020-01-28T05:00:00Z,30.079999923706055,30.399999618530273,30.030000686645508,30.270000457763672,34257900.0
2020-01-29T05:00:00Z,30.3700008392334,30.479999542236328,30.170000076293945,30.219999313354492,41167500.0
2020-01-30T05:00:00Z,29.950000762939453,30.6200008392334,29.93000030517578,30.600000381469727,51210000.0
2020-01-31T05:00:00Z,30.34000015258789,30.3799991607666,29.850000381469727,29.959999084472656,58958800.0
2020-02-03T05:00:00Z,30.170000076293945,30.469999313354492,30.149999618530273,30.170000076293945,40168200.0
2020-02-04T05:00:00Z,30.579999923706055,30.75,30.450000762939453,30.459999084472656,79273300.0
2020-02-05T05:00:00Z,30.8700008392334,31.100000381469727,30.799999237060547,31.06999969482422,51086900.0
2020-02-06T05:00:00Z,31.239999771118164,31.270000457763672,30.969999313354492,31.030000686645508,37044400.0
2020-02-07T05:00:00Z,30.860000610351562,31.010000228881836,30.790000915527344,30.920000076293945,27982500.0
2020-02-10T05:00:00Z,30.81999969482422,31.010000228881836,30.809999465942383,31.010000228881836,17723700.0
2020-02-11T05:00:00Z,31.09000015258789,31.260000228881836,31.09000015258789,31.1200008392334,27997400.0
2020-02-12T05:00:00Z,31.280000686645508,31.3799991607666,31.100000381469727,31.139999389648438,26964200.0
2020-02-13T05:00:00Z,31.040000915527344,31.200000762939453,30.950000762939453,31.1299991607666,22758700.0
2020-02-14T05:00:00Z,31.100000381469727,31.190000534057617,31.020000457763672,31.170000076293945,22080200.0
2020-02-18T05:00:00Z,31.079999923706055,31.15999984741211,30.719999313354492,30.899999618530273,37768900.0
2020-02-19T05:00:00Z,31.010000228881836,31.209999084472656,30.969999313354492,31.1299991607666,25643300.0
2020-02-20T05:00:00Z,31.020000457763672,31.280000686645508,30.860000610351562,31.06999969482422,50344300.0
2020-02-21T05:00:00Z,30.920000076293945,30.989999771118164,30.600000381469727,30.770000457763672,51128200.0
2020-02-24T05:00:00Z,29.799999237060547,30.059999465942383,29.6299991607666,29.770000457763672,70455400.0
2020-02-25T05:00:00Z,29.780000686645508,29.84000015258789,28.6200008392334,28.760000228881836,111826900.0
2020-02-26T05:00:00Z,28.950000762939453,29.219999313354492,28.549999237060547,28.549999237060547,95015700.0
2020-02-27T05:00:00Z,27.940000534057617,28.389999389648438,27.309999465942383,27.329999923706055,143536200.0
2020-02-28T05:00:00Z,26.399999618530273,26.850000381469727,25.969999313354492,26.59000015258789,192063500.0
2020-03-02T05:00:00Z,26.639999389648438,27.950000762939453,26.360000610351562,27.950000762939453,127115500.0
2020-03-03T05:00:00Z,27.860000610351562,28.25,26.6299991607666,26.899999618530273,256525000.0
2020-03-04T05:00:00Z,27.260000228881836,27.799999237060547,26.799999237060547,27.790000915527344,124408000.0
2020-03-05T05:00:00Z,26.8700008392334,26.940000534057617,26.149999618530273,26.450000762939453,130265700.0
2020-03-06T05:00:00Z,25.25,25.84000015258789,25.030000686645508,25.549999237060547,160606600.0
2020-03-09T04:00:00Z,23.0,23.8799991607666,22.520000457763672,22.809999465942383,134165700.0
2020-03-10T04:00:00Z,23.8700008392334,24.170000076293945,22.84000015258789,24.149999618530273,149282300.0
2020-03-11T04:00:00Z,23.40999984741211,23.649999618530273,22.520000457763672,22.84000015258789,146915400.0
2020-03-12T04:00:00Z,20.940000534057617,22.209999084472656,20.299999237060547,20.3700008392334,161437500.0
2020-03-13T04:00:00Z,21.899999618530273,23.09000015258789,20.899999618530273,23.049999237060547,160945700.0
2020-03-16T04:00:00Z,19.350000381469727,21.34000015258789,18.93000030517578,19.889999389648438,110661600.0
2020-03-17T04:00:00Z,20.350000381469727,21.190000534057617,19.540000915527344,20.969999313354492,122295100.0
2020-03-18T04:00:00Z,19.649999618530273,20.049999237060547,18.280000686645508,19.190000534057617,145056400.0
2020-03-19T04:00:00Z,18.790000915527344,19.889999389648438,18.110000610351562,19.610000610351562,105652800.0
2020-03-20T04:00:00Z,19.81999969482422,19.920000076293945,18.670000076293945,18.90999984741211,157840900.0
2020-03-23T04:00:00Z,18.440000534057617,18.600000381469727,17.489999771118164,17.65999984741211,144547900.0
2020-03-24T04:00:00Z,18.709999084472656,19.959999084472656,18.579999923706055,19.850000381469727,158551100.0
2020-03-25T04:00:00Z,20.139999389648438,21.229999542236328,19.389999389648438,20.389999389648438,162949600.0
2020-03-26T04:00:00Z,20.65999984741211,21.81999969482422,20.6299991607666,21.670000076293945,129753900.0
2020-03-27T04:00:00Z,20.790000915527344,21.670000076293945,20.549999237060547,21.010000228881836,109305600.0
2020-03-30T04:00:00Z,21.040000915527344,21.530000686645508,20.600000381469727,21.40999984741211,67297200.0
2020-03-31T04:00:00Z,21.209999084472656,21.450000762939453,20.639999389648438,20.81999969482422,83819900.0
2020-04-01T04:00:00Z,19.719999313354492,19.940000534057617,19.3700008392334,19.549999237060547,79185000.0
2020-04-02T04:00:00Z,19.43000030517578,20.200000762939453,19.360000610351562,20.040000915527344,68398300.0
2020-04-03T04:00:00Z,19.850000381469727,20.139999389648438,19.360000610351562,19.639999389648438,68418100.0
2020-04-06T04:00:00Z,20.6200008392334,21.219999313354492,20.469999313354492,21.049999237060547,69015100.0
2020-04-07T04:00:00Z,22.200000762939453,22.219999313354492,21.25,21.260000228881836,70950900.0
2020-04-08T04:00:00Z,21.579999923706055,22.329999923706055,21.34000015258789,22.190000534057617,80003400.0
2020-04-09T04:00:00Z,22.770000457763672,23.65999984741211,22.729999542236328,23.3799991607666,147845500.0
2020-04-13T04:00:00Z,23.309999465942383,23.329999923706055,22.329999923706055,22.530000686645508,66236300.0
2020-04-14T04:00:00Z,23.06999969482422,23.139999389648438,22.209999084472656,22.6299991607666,96169000.0
2020-04-15T04:00:00Z,21.729999542236328,21.860000610351562,21.540000915527344,21.649999618530273,63482000.0
2020-04-16T04:00:00Z,21.600000381469727,21.639999389648438,21.059999465942383,21.270000457763672,68907600.0
2020-04-17T04:00:00Z,22.100000381469727,22.520000457763672,21.920000076293945,22.389999389648438,88698600.0
2020-04-20T04:00:00Z,21.950000762939453,22.360000610351562,21.75,22.0,59063100.0
2020-04-21T04:00:00Z,21.329999923706055,21.709999084472656,21.209999084472656,21.290000915527344,71957900.0
2020-04-22T04:00:00Z,21.729999542236328,21.790000915527344,21.469999313354492,21.520000457763672,47507800.0
2020-04-23T04:00:00Z,21.579999923706055,21.860000610351562,21.399999618530273,21.43000030517578,71740200.0
2020-04-24T04:00:00Z,21.65999984741211,21.829999923706055,21.329999923706055,21.739999771118164,33825300.0
2020-04-27T04:00:00Z,21.959999084472656,22.600000381469727,21.920000076293945,22.479999542236328,109435100.0
2020-04-28T04:00:00Z,23.15999984741211,23.329999923706055,22.670000076293945,22.719999313354492,46452300.0
2020-04-29T04:00:00Z,23.420000076293945,23.65999984741211,23.18000030517578,23.3799991607666,70064400.0
2020-04-30T04:00:00Z,22.90999984741211,23.15999984741211,22.68000030517578,22.790000915527344,56745700.0
2020-05-01T04:00:00Z,22.25,22.309999465942383,21.90999984741211,22.059999465942383,37534300.0
2020-05-04T04:00:00Z,21.770000457763672,21.889999389648438,21.440000534057617,21.860000610351562,50177200.0
2020-05-05T04:00:00Z,22.15999984741211,22.280000686645508,21.790000915527344,21.790000915527344,65123000.0
2020-05-06T04:00:00Z,21.989999771118164,22.049999237060547,21.299999237060547,21.31999969482422,63738400.0
2020-05-07T04:00:00Z,21.600000381469727,22.18000030517578,21.600000381469727,21.81999969482422,61339000.0
2020-05-08T04:00:00Z,22.239999771118164,22.31999969482422,22.010000228881836,22.290000915527344,42218300.0
2020-05-11T04:00:00Z,21.979999542236328,22.049999237060547,21.739999771118164,21.860000610351562,54994900.0
2020-05-12T04:00:00Z,21.950000762939453,22.030000686645508,21.270000457763672,21.290000915527344,62202700.0
2020-05-13T04:00:00Z,21.110000610351562,21.139999389648438,20.5,20.65999984741211,86848300.0
2020-05-14T04:00:00Z,20.299999237060547,21.209999084472656,20.09000015258789,21.190000534057617,103763100.0
2020-05-15T04:00:00Z,20.989999771118164,21.229999542236328,20.799999237060547,21.049999237060547,70285000.0
2020-05-18T04:00:00Z,21.829999923706055,22.299999237060547,21.68000030517578,22.1299991607666,79548500.0
2020-05-19T04:00:00Z,22.0,22.110000610351562,21.579999923706055,21.59000015258789,56673200.0
2020-05-20T04:00:00Z,21.950000762939453,22.200000762939453,21.93000030517578,22.06999969482422,50402600.0
2020-05-21T04:00:00Z,22.0,22.209999084472656,21.8799991607666,22.0,49939900.0
2020-05-22T04:00:00Z,21.989999771118164,22.020000457763672,21.700000762939453,21.920000076293945,37584500.0
2020-05-26T04:00:00Z,22.75,23.299999237060547,22.729999542236328,23.059999465942383,108349200.0
2020-05-27T04:00:00Z,24.09000015258789,24.100000381469727,23.540000915527344,24.059999465942383,121521200.0
2020-05-28T04:00:00Z,24.329999923706055,24.34000015258789,23.610000610351562,23.68000030517578,101590100.0
2020-05-29T04:00:00Z,23.399999618530273,23.6200008392334,23.170000076293945,23.40999984741211,86969000.0
2020-06-01T04:00:00Z,23.5,23.790000915527344,23.34000015258789,23.68000030517578,52619200.0
2020-06-02T04:00:00Z,23.889999389648438,24.040000915527344,23.700000762939453,23.8700008392334,52572800.0
2020-06-03T04:00:00Z,24.399999618530273,24.8700008392334,24.34000015258789,24.760000228881836,77622900.0
2020-06-04T04:00:00Z,24.719999313354492,25.299999237060547,24.520000457763672,25.299999237060547,97575100.0
2020-06-05T04:00:00Z,26.780000686645508,26.829999923706055,26.149999618530273,26.239999771118164,135859300.0
2020-06-08T04:00:00Z,26.670000076293945,26.799999237060547,26.3700008392334,26.739999771118164,80298400.0
2020-06-09T04:00:00Z,26.110000610351562,26.399999618530273,25.920000076293945,26.170000076293945,92833100.0
2020-06-10T04:00:00Z,26.020000457763672,26.15999984741211,25.170000076293945,25.190000534057617,110848900.0
2020-06-11T04:00:00Z,24.0,24.360000610351562,23.09000015258789,23.1299991607666,233116600.0
2020-06-12T04:00:00Z,24.059999465942383,24.059999465942383,23.219999313354492,23.829999923706055,127502900.0
2020-06-15T04:00:00Z,23.010000228881836,24.239999771118164,22.959999084472656,24.15999984741211,92469500.0
2020-06-16T04:00:00Z,25.1200008392334,25.1200008392334,23.950000762939453,24.540000915527344,108121300.0
2020-06-17T04:00:00Z,24.610000610351562,24.610000610351562,24.1299991607666,24.170000076293945,56320900.0
2020-06-18T04:00:00Z,23.93000030517578,24.3700008392334,23.860000610351562,24.139999389648438,61206500.0
2020-06-19T04:00:00Z,24.600000381469727,24.610000610351562,23.709999084472656,23.979999542236328,99903900.0
2020-06-22T04:00:00Z,23.68000030517578,23.8799991607666,23.530000686645508,23.709999084472656,47929500.0
2020-06-23T04:00:00Z,24.06999969482422,24.219999313354492,23.799999237060547,23.81999969482422,47218900.0
2020-06-24T04:00:00Z,23.510000228881836,23.520000457763672,22.90999984741211,22.979999542236328,90217500.0
2020-06-25T04:00:00Z,22.899999618530273,23.639999389648438,22.860000610351562,23.59000015258789,110208900.0
2020-06-26T04:00:00Z,23.190000534057617,23.260000228881836,22.520000457763672,22.579999923706055,123959100.0
2020-06-29T04:00:00Z,22.81999969482422,22.979999542236328,22.6299991607666,22.829999923706055,69107100.0
2020-06-30T04:00:00Z,22.709999084472656,23.299999237060547,22.690000534057617,23.139999389648438,60653100.0
2020-07-01T04:00:00Z,23.239999771118164,23.350000381469727,22.8700008392334,22.940000534057617,60500300.0
2020-07-02T04:00:00Z,23.450000762939453,23.530000686645508,22.920000076293945,22.969999313354492,50841900.0
2020-07-06T04:00:00Z,23.479999542236328,23.65999984741211,23.280000686645508,23.40999984741211,60271700.0
2020-07-07T04:00:00Z,23.219999313354492,23.229999542236328,22.8700008392334,22.93000030517578,43810900.0
2020-07-08T04:00:00Z,22.920000076293945,23.229999542236328,22.84000015258789,23.170000076293945,53046100.0
2020-07-09T04:00:00Z,23.15999984741211,23.209999084472656,22.489999771118164,22.68000030517578,71163700.0
2020-07-10T04:00:00Z,22.670000076293945,23.489999771118164,22.670000076293945,23.459999084472656,94440600.0
2020-07-13T04:00:00Z,23.760000228881836,23.90999984741211,23.420000076293945,23.559999465942383,102487100.0
2020-07-14T04:00:00Z,23.459999084472656,23.75,23.25,23.68000030517578,102468300.0
2020-07-15T04:00:00Z,24.25,24.260000228881836,23.889999389648438,24.149999618530273,90561800.0
2020-07-16T04:00:00Z,23.940000534057617,24.399999618530273,23.850000381469727,24.149999618530273,74678500.0
2020-07-17T04:00:00Z,24.200000762939453,24.219999313354492,23.940000534057617,23.950000762939453,47033200.0
2020-07-20T04:00:00Z,23.81999969482422,23.979999542236328,23.75,23.84000015258789,40127600.0
2020-07-21T04:00:00Z,24.0,24.43000030517578,23.969999313354492,24.309999465942383,46491300.0
2020-07-22T04:00:00Z,24.190000534057617,24.329999923706055,24.110000610351562,24.309999465942383,44437400.0
2020-07-23T04:00:00Z,24.260000228881836,24.469999313354492,24.18000030517578,24.329999923706055,49916100.0
2020-07-24T04:00:00Z,24.350000381469727,24.479999542236328,24.190000534057617,24.270000457763672,41245600.0
2020-07-27T04:00:00Z,24.15999984741211,24.18000030517578,23.860000610351562,24.06999969482422,43060200.0
2020-07-28T04:00:00Z,23.979999542236328,24.1200008392334,23.899999618530273,24.010000228881836,35370500.0
2020-07-29T04:00:00Z,23.969999313354492,24.489999771118164,23.93000030517578,24.459999084472656,36491600.0
2020-07-30T04:00:00Z,24.0,24.06999969482422,23.709999084472656,24.020000457763672,53994600.0
2020-07-31T04:00:00Z,24.010000228881836,24.059999465942383,23.709999084472656,24.030000686645508,50115900.0
2020-08-03T04:00:00Z,24.1299991607666,24.290000915527344,23.959999084472656,24.100000381469727,42982100.0
2020-08-04T04:00:00Z,24.0,24.040000915527344,23.8700008392334,24.0,30754400.0
2020-08-05T04:00:00Z,24.15999984741211,24.389999389648438,24.1299991607666,24.329999923706055,34860700.0
2020-08-06T04:00:00Z,24.25,24.420000076293945,24.149999618530273,24.31999969482422,33115400.0
2020-08-07T04:00:00Z,24.200000762939453,24.860000610351562,24.149999618530273,24.84000015258789,63302800.0
2020-08-10T04:00:00Z,24.979999542236328,25.110000610351562,24.8700008392334,25.020000457763672,45436100.0
2020-08-11T04:00:00Z,25.489999771118164,25.719999313354492,25.25,25.309999465942383,73758600.0
2020-08-12T04:00:00Z,25.760000228881836,25.770000457763672,25.059999465942383,25.239999771118164,58793600.0
2020-08-13T04:00:00Z,25.049999237060547,25.260000228881836,24.93000030517578,25.079999923706055,35222500.0
2020-08-14T04:00:00Z,24.959999084472656,25.299999237060547,24.93000030517578,25.18000030517578,28276900.0
2020-08-17T04:00:00Z,25.09000015258789,25.110000610351562,24.75,24.760000228881836,53397000.0
2020-08-18T04:00:00Z,24.780000686645508,24.84000015258789,24.579999923706055,24.600000381469727,35502500.0
2020-08-19T04:00:00Z,24.690000534057617,24.940000534057617,24.520000457763672,24.59000015258789,59847200.0
2020-08-20T04:00:00Z,24.309999465942383,24.5,24.290000915527344,24.360000610351562,45586100.0
2020-08-21T04:00:00Z,24.31999969482422,24.530000686645508,24.229999542236328,24.309999465942383,35349200.0
2020-08-24T04:00:00Z,24.450000762939453,24.889999389648438,24.389999389648438,24.889999389648438,51010900.0
2020-08-25T04:00:00Z,25.100000381469727,25.170000076293945,24.799999237060547,24.959999084472656,55236900.0
2020-08-26T04:00:00Z,24.899999618530273,24.959999084472656,24.75,24.84000015258789,30646600.0
2020-08-27T04:00:00Z,24.81999969482422,25.3799991607666,24.81999969482422,25.260000228881836,66463900.0
2020-08-28T04:00:00Z,25.440000534057617,25.450000762939453,25.149999618530273,25.360000610351562,49170600.0
2020-08-31T04:00:00Z,25.34000015258789,25.34000015258789,25.059999465942383,25.059999465942383,52259000.0
2020-09-01T04:00:00Z,24.93000030517578,25.219999313354492,24.850000381469727,25.1299991607666,42036100.0
2020-09-02T04:00:00Z,25.1200008392334,25.579999923706055,25.049999237060547,25.489999771118164,48432500.0
2020-09-03T04:00:00Z,25.639999389648438,26.010000228881836,24.940000534057617,25.100000381469727,98405500.0
2020-09-04T04:00:00Z,25.549999237060547,25.690000534057617,24.889999389648438,25.290000915527344,111105500.0
2020-09-08T04:00:00Z,25.040000915527344,25.100000381469727,24.549999237060547,24.639999389648438,84687600.0
2020-09-09T04:00:00Z,24.8700008392334,25.06999969482422,24.709999084472656,24.889999389648438,52321200.0
2020-09-10T04:00:00Z,24.969999313354492,25.139999389648438,24.489999771118164,24.540000915527344,55515300.0
2020-09-11T04:00:00Z,24.579999923706055,24.84000015258789,24.5,24.709999084472656,69285700.0
2020-09-14T04:00:00Z,24.93000030517578,25.270000457763672,24.860000610351562,25.049999237060547,51021000.0
2020-09-15T04:00:00Z,25.100000381469727,25.1200008392334,24.690000534057617,24.709999084472656,48459900.0
2020-09-16T04:00:00Z,24.760000228881836,25.270000457763672,24.709999084472656,24.989999771118164,62119900.0
2020-09-17T04:00:00Z,24.649999618530273,24.8799991607666,24.579999923706055,24.729999542236328,47334200.0
2020-09-18T04:00:00Z,24.729999542236328,24.93000030517578,24.6299991607666,24.68000030517578,61707200.0
2020-09-21T04:00:00Z,24.030000686645508,24.170000076293945,23.559999465942383,23.93000030517578,72307300.0
2020-09-22T04:00:00Z,23.8700008392334,24.100000381469727,23.530000686645508,23.729999542236328,84561500.0
2020-09-23T04:00:00Z,23.780000686645508,23.950000762939453,23.200000762939453,23.200000762939453,54282500.0
2020-09-24T04:00:00Z,23.209999084472656,23.579999923706055,22.940000534057617,23.25,56512300.0
2020-09-25T04:00:00Z,23.079999923706055,23.56999969482422,23.030000686645508,23.489999771118164,46026600.0
2020-09-28T04:00:00Z,23.81999969482422,24.219999313354492,23.81999969482422,24.049999237060547,62803500.0
2020-09-29T04:00:00Z,23.979999542236328,24.020000457763672,23.6200008392334,23.75,53250800.0
2020-09-30T04:00:00Z,23.850000381469727,24.270000457763672,23.84000015258789,24.06999969482422,66732200.0
2020-10-01T04:00:00Z,24.170000076293945,24.329999923706055,23.920000076293945,24.110000610351562,65766100.0
2020-10-02T04:00:00Z,23.790000915527344,24.440000534057617,23.729999542236328,24.299999237060547,63368100.0
2020-10-05T04:00:00Z,24.530000686645508,24.780000686645508,24.469999313354492,24.700000762939453,58911700.0
2020-10-06T04:00:00Z,24.90999984741211,25.079999923706055,24.360000610351562,24.450000762939453,88404900.0
2020-10-07T04:00:00Z,24.68000030517578,24.979999542236328,24.68000030517578,24.860000610351562,53815200.0
2020-10-08T04:00:00Z,25.0,25.260000228881836,24.940000534057617,25.200000762939453,57646300.0
2020-10-09T04:00:00Z,25.34000015258789,25.3700008392334,25.030000686645508,25.229999542236328,52031600.0
2020-10-12T04:00:00Z,25.209999084472656,25.59000015258789,25.209999084472656,25.510000228881836,45931400.0
2020-10-13T04:00:00Z,25.43000030517578,25.510000228881836,24.940000534057617,25.020000457763672,60377800.0
2020-10-14T04:00:00Z,25.040000915527344,25.1299991607666,24.75,24.780000686645508,48982200.0
2020-10-15T04:00:00Z,24.549999237060547,24.979999542236328,24.510000228881836,24.969999313354492,41637200.0
2020-10-16T04:00:00Z,25.020000457763672,25.149999618530273,24.8700008392334,24.989999771118164,40103600.0
2020-10-19T04:00:00Z,25.079999923706055,25.09000015258789,24.56999969482422,24.610000610351562,42989000.0
2020-10-20T04:00:00Z,24.770000457763672,25.100000381469727,24.760000228881836,24.809999465942383,67293900.0
2020-10-21T04:00:00Z,24.770000457763672,24.93000030517578,24.68000030517578,24.68000030517578,44307200.0
2020-10-22T04:00:00Z,24.670000076293945,25.200000762939453,24.65999984741211,25.170000076293945,39511800.0
2020-10-23T04:00:00Z,25.329999923706055,25.40999984741211,25.049999237060547,25.25,45092700.0
2020-10-26T04:00:00Z,24.889999389648438,24.93000030517578,24.450000762939453,24.68000030517578,54015100.0
2020-10-27T04:00:00Z,24.670000076293945,24.670000076293945,24.209999084472656,24.229999542236328,46083300.0
2020-10-28T04:00:00Z,23.719999313354492,23.93000030517578,23.469999313354492,23.610000610351562,89288300.0
2020-10-29T04:00:00Z,23.549999237060547,23.959999084472656,23.25,23.790000915527344,60908400.0
2020-10-30T04:00:00Z,23.649999618530273,23.899999618530273,23.469999313354492,23.860000610351562,66221600.0
2020-11-02T05:00:00Z,24.260000228881836,24.420000076293945,23.959999084472656,24.309999465942383,65136000.0
2020-11-03T05:00:00Z,24.760000228881836,25.100000381469727,24.729999542236328,24.850000381469727,79834200.0
2020-11-04T05:00:00Z,24.40999984741211,25.0,24.190000534057617,24.559999465942383,87397400.0
2020-11-05T05:00:00Z,24.770000457763672,25.34000015258789,24.770000457763672,25.15999984741211,65942300.0
2020-11-06T05:00:00Z,25.280000686645508,25.309999465942383,24.8799991607666,24.959999084472656,60783500.0
2020-11-09T05:00:00Z,26.979999542236328,27.440000534057617,26.65999984741211,27.010000228881836,162966800.0
2020-11-10T05:00:00Z,27.040000915527344,27.25,26.790000915527344,27.149999618530273,85851200.0
2020-11-11T05:00:00Z,27.299999237060547,27.31999969482422,26.8799991607666,27.040000915527344,65062400.0
2020-11-12T05:00:00Z,26.709999084472656,26.770000457763672,26.350000381469727,26.59000015258789,62733800.0
2020-11-13T05:00:00Z,26.84000015258789,27.139999389648438,26.770000457763672,27.030000686645508,45031800.0
2020-11-16T05:00:00Z,27.709999084472656,27.729999542236328,27.360000610351562,27.6299991607666,67556100.0
2020-11-17T05:00:00Z,27.31999969482422,27.639999389648438,27.1299991607666,27.59000015258789,63679700.0
2020-11-18T05:00:00Z,27.719999313354492,27.940000534057617,27.31999969482422,27.329999923706055,71578400.0
2020-11-19T05:00:00Z,27.190000534057617,27.450000762939453,27.020000457763672,27.420000076293945,47194800.0
2020-11-20T05:00:00Z,27.280000686645508,27.389999389648438,27.1200008392334,27.18000030517578,39974700.0
2020-11-23T05:00:00Z,27.530000686645508,27.770000457763672,27.389999389648438,27.690000534057617,51870500.0
2020-11-24T05:00:00Z,28.170000076293945,28.690000534057617,28.100000381469727,28.65999984741211,60983200.0
2020-11-25T05:00:00Z,28.5,28.579999923706055,28.219999313354492,28.559999465942383,45204600.0
2020-11-27T05:00:00Z,28.559999465942383,28.59000015258789,28.360000610351562,28.469999313354492,26981200.0
2020-11-30T05:00:00Z,28.299999237060547,28.3799991607666,27.829999923706055,27.8799991607666,72524200.0
2020-12-01T05:00:00Z,28.399999618530273,28.56999969482422,28.290000915527344,28.309999465942383,53972100.0
2020-12-02T05:00:00Z,28.270000457763672,28.670000076293945,28.219999313354492,28.6200008392334,57471800.0
2020-12-03T05:00:00Z,28.639999389648438,28.799999237060547,28.459999084472656,28.6299991607666,49566000.0
2020-12-04T05:00:00Z,28.81999969482422,29.030000686645508,28.799999237060547,28.979999542236328,52713100.0
2020-12-07T05:00:00Z,28.809999465942383,28.860000610351562,28.610000610351562,28.780000686645508,34631600.0
2020-12-08T05:00:00Z,28.510000228881836,28.84000015258789,28.510000228881836,28.770000457763672,31628500.0
2020-12-09T05:00:00Z,28.93000030517578,28.950000762939453,28.59000015258789,28.700000762939453,47589600.0
2020-12-10T05:00:00Z,28.479999542236328,28.780000686645508,28.389999389648438,28.75,41298300.0
2020-12-11T05:00:00Z,28.43000030517578,28.530000686645508,28.229999542236328,28.459999084472656,48216300.0
2020-12-14T05:00:00Z,28.84000015258789,28.84000015258789,28.110000610351562,28.1299991607666,38302900.0
2020-12-15T05:00:00Z,28.350000381469727,28.690000534057617,28.190000534057617,28.610000610351562,38604200.0
2020-12-16T05:00:00Z,28.65999984741211,28.68000030517578,28.520000457763672,28.65999984741211,55602800.0
2020-12-17T05:00:00Z,28.709999084472656,28.790000915527344,28.579999923706055,28.739999771118164,38510900.0
2020-12-18T05:00:00Z,28.780000686645508,28.780000686645508,28.31999969482422,28.489999771118164,56080100.0
2020-12-21T05:00:00Z,28.670000076293945,28.860000610351562,28.229999542236328,28.719999313354492,77688100.0
2020-12-22T05:00:00Z,28.739999771118164,28.780000686645508,28.420000076293945,28.440000534057617,42317900.0
2020-12-23T05:00:00Z,28.610000610351562,29.06999969482422,28.600000381469727,28.90999984741211,52681400.0
2020-12-24T05:00:00Z,28.969999313354492,28.979999542236328,28.709999084472656,28.950000762939453,16071000.0
2020-12-28T05:00:00Z,29.149999618530273,29.31999969482422,28.989999771118164,29.09000015258789,32824800.0
2020-12-29T05:00:00Z,29.209999084472656,29.219999313354492,28.959999084472656,28.989999771118164,23607000.0
2020-12-30T05:00:00Z,29.09000015258789,29.209999084472656,29.020000457763672,29.1200008392334,16616700.0
2020-12-31T05:00:00Z,29.079999923706055,29.520000457763672,29.0,29.479999542236328,26239300.0
2021-01-04T05:00:00Z,29.59000015258789,29.600000381469727,28.829999923706055,29.079999923706055,47086300.0
2021-01-05T05:00:00Z,29.06999969482422,29.34000015258789,28.920000076293945,29.209999084472656,35265400.0
2021-01-06T05:00:00Z,29.770000457763672,30.739999771118164,29.770000457763672,30.5,102254900.0
2021-01-07T05:00:00Z,30.950000762939453,31.260000228881836,30.8799991607666,30.940000534057617,64342700.0
2021-01-08T05:00:00Z,31.09000015258789,31.100000381469727,30.510000228881836,30.920000076293945,54266400.0
2021-01-11T05:00:00Z,30.6200008392334,31.06999969482422,30.489999771118164,31.020000457763672,56590400.0
2021-01-12T05:00:00Z,31.200000762939453,31.489999771118164,31.110000610351562,31.34000015258789,60546600.0
2021-01-13T05:00:00Z,31.290000915527344,31.399999618530273,31.09000015258789,31.31999969482422,55394700.0
2021-01-14T05:00:00Z,31.40999984741211,31.6200008392334,31.290000915527344,31.459999084472656,49828800.0
2021-01-15T05:00:00Z,31.0,31.190000534057617,30.709999084472656,30.940000534057617,68732700.0
2021-01-19T05:00:00Z,31.100000381469727,31.18000030517578,30.829999923706055,31.020000457763672,97457200.0
2021-01-20T05:00:00Z,31.1200008392334,31.1200008392334,30.780000686645508,30.889999389648438,56113100.0
2021-01-21T05:00:00Z,30.8700008392334,30.93000030517578,30.559999465942383,30.559999465942383,43713800.0
2021-01-22T05:00:00Z,30.25,30.459999084472656,30.200000762939453,30.34000015258789,37928000.0
2021-01-25T05:00:00Z,30.040000915527344,30.15999984741211,29.739999771118164,30.1200008392334,68321500.0
2021-01-26T05:00:00Z,30.239999771118164,30.280000686645508,29.860000610351562,29.8799991607666,55504600.0
2021-01-27T05:00:00Z,29.469999313354492,29.5,28.940000534057617,29.0,84059200.0
2021-01-28T05:00:00Z,29.3700008392334,29.8799991607666,29.280000686645508,29.540000915527344,62985900.0
2021-01-29T05:00:00Z,29.459999084472656,29.540000915527344,28.81999969482422,28.950000762939453,78260700.0
2021-02-01T05:00:00Z,29.270000457763672,29.3700008392334,29.020000457763672,29.329999923706055,41947400.0
2021-02-02T05:00:00Z,29.670000076293945,30.190000534057617,29.65999984741211,30.040000915527344,54263000.0
2021-02-03T05:00:00Z,30.0,30.219999313354492,29.940000534057617,30.209999084472656,46195200.0
2021-02-04T05:00:00Z,30.309999465942383,30.889999389648438,30.299999237060547,30.8799991607666,63061800.0
2021-02-05T05:00:00Z,31.100000381469727,31.1299991607666,30.81999969482422,30.889999389648438,38461900.0
2021-02-08T05:00:00Z,30.989999771118164,31.290000915527344,30.989999771118164,31.290000915527344,48756300.0
2021-02-09T05:00:00Z,31.190000534057617,31.399999618530273,31.079999923706055,31.299999237060547,33572000.0
2021-02-10T05:00:00Z,31.459999084472656,31.5,31.149999618530273,31.299999237060547,38899600.0
2021-02-11T05:00:00Z,31.31999969482422,31.440000534057617,30.989999771118164,31.200000762939453,31909500.0
2021-02-12T05:00:00Z,31.170000076293945,31.549999237060547,31.139999389648438,31.520000457763672,38271800.0
2021-02-16T05:00:00Z,31.84000015258789,32.209999084472656,31.700000762939453,32.060001373291016,71330600.0
2021-02-17T05:00:00Z,31.959999084472656,32.2599983215332,31.850000381469727,32.220001220703125,60460900.0
2021-02-18T05:00:00Z,31.989999771118164,32.20000076293945,31.770000457763672,32.029998779296875,45188200.0
2021-02-19T05:00:00Z,32.2400016784668,32.52000045776367,32.20000076293945,32.40999984741211,54361800.0
2021-02-22T05:00:00Z,32.29999923706055,32.83000183105469,32.290000915527344,32.709999084472656,65930200.0
2021-02-23T05:00:00Z,32.939998626708984,32.95000076293945,32.56999969482422,32.90999984741211,94331400.0
2021-02-24T05:00:00Z,32.959999084472656,33.63999938964844,32.939998626708984,33.54999923706055,66000600.0
2021-02-25T05:00:00Z,33.81999969482422,33.84000015258789,32.849998474121094,32.939998626708984,92189400.0
2021-02-26T05:00:00Z,32.88999938964844,32.9900016784668,32.189998626708984,32.310001373291016,103105700.0
2021-03-01T05:00:00Z,32.86000061035156,33.52000045776367,32.86000061035156,33.31999969482422,67590700.0
2021-03-02T05:00:00Z,33.279998779296875,33.470001220703125,33.16999816894531,33.20000076293945,49987000.0
2021-03-03T05:00:00Z,33.33000183105469,33.959999084472656,33.290000915527344,33.459999084472656,72541700.0
2021-03-04T05:00:00Z,33.369998931884766,33.689998626708984,32.599998474121094,33.08000183105469,101311800.0
2021-03-05T05:00:00Z,33.63999938964844,33.79999923706055,32.779998779296875,33.709999084472656,109299800.0
2021-03-08T05:00:00Z,33.959999084472656,34.58000183105469,33.81999969482422,34.13999938964844,90538200.0
2021-03-09T05:00:00Z,33.869998931884766,34.33000183105469,33.52000045776367,33.83000183105469,117224600.0
2021-03-10T05:00:00Z,33.9900016784668,34.650001525878906,33.93000030517578,34.52000045776367,73269300.0
2021-03-11T05:00:00Z,34.34000015258789,34.689998626708984,34.13999938964844,34.41999816894531,50904800.0
2021-03-12T05:00:00Z,34.81999969482422,34.95000076293945,34.65999984741211,34.77000045776367,68126000.0
2021-03-15T04:00:00Z,34.900001525878906,34.90999984741211,34.25,34.56999969482422,57836400.0
2021-03-16T04:00:00Z,34.38999938964844,34.43000030517578,33.939998626708984,34.209999084472656,67373600.0
2021-03-17T04:00:00Z,34.459999084472656,34.63999938964844,34.08000183105469,34.439998626708984,64051100.0
2021-03-18T04:00:00Z,34.790000915527344,35.290000915527344,34.5,34.619998931884766,96690500.0
2021-03-19T04:00:00Z,34.349998474121094,34.380001068115234,33.86000061035156,34.220001220703125,98510500.0
2021-03-22T04:00:00Z,33.81999969482422,33.88999938964844,33.5099983215332,33.630001068115234,68170600.0
2021-03-23T04:00:00Z,33.43000030517578,33.65999984741211,33.040000915527344,33.15999984741211,70441900.0
2021-03-24T04:00:00Z,33.400001525878906,33.79999923706055,33.279998779296875,33.279998779296875,63357100.0
2021-03-25T04:00:00Z,33.2599983215332,33.88999938964844,33.0,33.84000015258789,60532600.0
2021-03-26T04:00:00Z,34.189998626708984,34.43000030517578,33.95000076293945,34.369998931884766,53779900.0
2021-03-29T04:00:00Z,33.88999938964844,34.290000915527344,33.720001220703125,34.06999969482422,71777800.0
2021-03-30T04:00:00Z,34.25,34.470001220703125,34.209999084472656,34.310001373291016,55011400.0
2021-03-31T04:00:00Z,34.2400016784668,34.380001068115234,34.029998779296875,34.04999923706055,51138300.0
2021-04-01T04:00:00Z,34.0,34.470001220703125,34.0,34.470001220703125,51690100.0
2021-04-05T04:00:00Z,34.84000015258789,34.90999984741211,34.630001068115234,34.7400016784668,51790700.0
2021-04-06T04:00:00Z,34.65999984741211,34.83000183105469,34.54999923706055,34.66999816894531,41336800.0
2021-04-07T04:00:00Z,34.77000045776367,34.91999816894531,34.599998474121094,34.84000015258789,38660800.0
2021-04-08T04:00:00Z,34.709999084472656,34.88999938964844,34.470001220703125,34.849998474121094,39927400.0
2021-04-09T04:00:00Z,35.09000015258789,35.16999816894531,34.88999938964844,35.150001525878906,40133700.0
2021-04-12T04:00:00Z,35.220001220703125,35.310001373291016,35.13999938964844,35.29999923706055,44435500.0
2021-04-13T04:00:00Z,35.099998474121094,35.13999938964844,34.779998779296875,34.970001220703125,39950900.0
2021-04-14T04:00:00Z,34.880001068115234,35.43000030517578,34.83000183105469,35.18000030517578,44065300.0
2021-04-15T04:00:00Z,35.2599983215332,35.29999923706055,34.81999969482422,35.150001525878906,55483500.0
2021-04-16T04:00:00Z,35.459999084472656,35.529998779296875,35.2400016784668,35.400001525878906,39115700.0
2021-04-19T04:00:00Z,35.38999938964844,35.4900016784668,35.18000030517578,35.29999923706055,31172300.0
2021-04-20T04:00:00Z,35.09000015258789,35.11000061035156,34.52000045776367,34.63999938964844,50227700.0
2021-04-21T04:00:00Z,34.52000045776367,35.150001525878906,34.41999816894531,35.119998931884766,39680000.0
2021-04-22T04:00:00Z,35.08000183105469,35.130001068115234,34.66999816894531,34.72999954223633,43611200.0
2021-04-23T04:00:00Z,34.72999954223633,35.529998779296875,34.66999816894531,35.380001068115234,50437700.0
2021-04-26T04:00:00Z,35.5099983215332,35.849998474121094,35.47999954223633,35.52000045776367,43749700.0
2021-04-27T04:00:00Z,35.56999969482422,35.849998474121094,35.4900016784668,35.79999923706055,50852400.0
2021-04-28T04:00:00Z,35.939998626708984,36.040000915527344,35.83000183105469,35.939998626708984,35771700.0
2021-04-29T04:00:00Z,36.220001220703125,36.61000061035156,36.189998626708984,36.58000183105469,48573000.0
2021-04-30T04:00:00Z,36.380001068115234,36.5099983215332,36.20000076293945,36.2599983215332,43940900.0
2021-05-03T04:00:00Z,36.56999969482422,36.63999938964844,36.29999923706055,36.439998626708984,33317300.0
2021-05-04T04:00:00Z,36.279998779296875,36.72999954223633,36.040000915527344,36.72999954223633,66939700.0
2021-05-05T04:00:00Z,36.84000015258789,37.16999816894531,36.84000015258789,37.029998779296875,38954200.0
2021-05-06T04:00:00Z,37.18000030517578,37.59000015258789,36.959999084472656,37.58000183105469,43332900.0
2021-05-07T04:00:00Z,37.150001525878906,37.790000915527344,37.060001373291016,37.779998779296875,64616700.0
2021-05-10T04:00:00Z,37.97999954223633,38.2599983215332,37.720001220703125,37.75,56341100.0
2021-05-11T04:00:00Z,37.369998931884766,37.709999084472656,36.939998626708984,37.08000183105469,82723700.0
2021-05-12T04:00:00Z,37.369998931884766,37.5099983215332,36.54999923706055,36.70000076293945,97911900.0
2021-05-13T04:00:00Z,36.560001373291016,37.52000045776367,36.540000915527344,37.290000915527344,66882600.0
2021-05-14T04:00:00Z,37.5,37.97999954223633,37.459999084472656,37.880001068115234,44850200.0
2021-05-17T04:00:00Z,37.7599983215332,37.9900016784668,37.61000061035156,37.95000076293945,40376700.0
2021-05-18T04:00:00Z,37.91999816894531,38.04999923706055,37.400001525878906,37.41999816894531,40299200.0
2021-05-19T04:00:00Z,36.9900016784668,37.209999084472656,36.59000015258789,37.189998626708984,63573900.0
2021-05-20T04:00:00Z,37.25,37.470001220703125,36.95000076293945,37.209999084472656,59216100.0
2021-05-21T04:00:00Z,37.36000061035156,37.779998779296875,37.34000015258789,37.58000183105469,44950300.0
2021-05-24T04:00:00Z,37.7400016784668,37.849998474121094,37.54999923706055,37.7599983215332,29159600.0
2021-05-25T04:00:00Z,37.810001373291016,38.099998474121094,37.33000183105469,37.380001068115234,38755900.0
2021-05-26T04:00:00Z,37.52000045776367,37.65999984741211,37.220001220703125,37.4900016784668,38601900.0
2021-05-27T04:00:00Z,37.83000183105469,38.02000045776367,37.61000061035156,37.91999816894531,39789500.0
2021-05-28T04:00:00Z,38.09000015258789,38.09000015258789,37.709999084472656,37.9900016784668,39265000.0
2021-06-01T04:00:00Z,38.369998931884766,38.47999954223633,38.119998931884766,38.220001220703125,35710700.0
2021-06-02T04:00:00Z,38.34000015258789,38.380001068115234,38.06999969482422,38.279998779296875,37537500.0
2021-06-03T04:00:00Z,38.15999984741211,38.599998474121094,38.040000915527344,38.369998931884766,54877500.0
2021-06-04T04:00:00Z,38.41999816894531,38.5,38.130001068115234,38.470001220703125,27250900.0
2021-06-07T04:00:00Z,38.529998779296875,38.529998779296875,38.150001525878906,38.220001220703125,37401800.0
2021-06-08T04:00:00Z,38.0099983215332,38.2400016784668,37.72999954223633,38.119998931884766,47747700.0
2021-06-09T04:00:00Z,37.970001220703125,38.02000045776367,37.65999984741211,37.7599983215332,40776200.0
2021-06-10T04:00:00Z,38.08000183105469,38.18000030517578,37.290000915527344,37.31999969482422,53775500.0
2021-06-11T04:00:00Z,37.38999938964844,37.58000183105469,37.380001068115234,37.560001373291016,40416700.0
2021-06-14T04:00:00Z,37.4900016784668,37.54999923706055,36.95000076293945,37.16999816894531,50613400.0
2021-06-15T04:00:00Z,37.18000030517578,37.43000030517578,37.0,37.2400016784668,51315100.0
2021-06-16T04:00:00Z,37.119998931884766,37.45000076293945,36.7400016784668,37.20000076293945,84961100.0
2021-06-17T04:00:00Z,37.38999938964844,37.40999984741211,35.9900016784668,36.099998474121094,97659900.0
2021-06-18T04:00:00Z,35.619998931884766,35.7400016784668,35.18000030517578,35.22999954223633,180960000.0
2021-06-21T04:00:00Z,35.439998626708984,35.93000030517578,35.380001068115234,35.90999984741211,89831400.0
2021-06-22T04:00:00Z,35.9900016784668,36.11000061035156,35.630001068115234,35.970001220703125,42576400.0
2021-06-23T04:00:00Z,36.0,36.209999084472656,35.95000076293945,36.040000915527344,48094900.0
2021-06-24T04:00:00Z,36.25,36.58000183105469,36.08000183105469,36.4900016784668,42942800.0
2021-06-25T04:00:00Z,36.68000030517578,37.029998779296875,36.470001220703125,36.93000030517578,56845000.0
2021-06-28T04:00:00Z,36.86000061035156,36.88999938964844,36.45000076293945,36.65999984741211,70250700.0
2021-06-29T04:00:00Z,36.849998474121094,37.04999923706055,36.43000030517578,36.529998779296875,61051200.0
2021-06-30T04:00:00Z,36.41999816894531,36.77000045776367,36.40999984741211,36.689998626708984,42414100.0
2021-07-01T04:00:00Z,36.869998931884766,37.0,36.68000030517578,36.97999954223633,36615600.0
2021-07-02T04:00:00Z,36.97999954223633,37.02000045776367,36.790000915527344,36.939998626708984,27018400.0
2021-07-06T04:00:00Z,36.849998474121094,36.869998931884766,36.119998931884766,36.36000061035156,49225300.0
2021-07-07T04:00:00Z,36.13999938964844,36.4900016784668,36.060001373291016,36.40999984741211,43747100.0
2021-07-08T04:00:00Z,35.83000183105469,36.040000915527344,35.5099983215332,35.68000030517578,75084200.0
2021-07-09T04:00:00Z,36.20000076293945,36.7599983215332,36.09000015258789,36.709999084472656,70546500.0
2021-07-12T04:00:00Z,36.4900016784668,37.13999938964844,36.33000183105469,37.06999969482422,62953400.0
2021-07-13T04:00:00Z,36.95000076293945,37.0099983215332,36.529998779296875,36.66999816894531,44476200.0
2021-07-14T04:00:00Z,36.689998626708984,36.93000030517578,36.099998474121094,36.5,69632700.0
2021-07-15T04:00:00Z,36.13999938964844,36.849998474121094,36.13999938964844,36.619998931884766,53977600.0
2021-07-16T04:00:00Z,36.810001373291016,36.810001373291016,36.040000915527344,36.119998931884766,56160700.0
2021-07-19T04:00:00Z,35.41999816894531,35.61000061035156,34.900001525878906,35.11000061035156,89972200.0
2021-07-20T04:00:00Z,35.06999969482422,36.220001220703125,35.0,35.97999954223633,70635800.0
2021-07-21T04:00:00Z,36.27000045776367,36.779998779296875,36.2400016784668,36.599998474121094,59975000.0
2021-07-22T04:00:00Z,36.470001220703125,36.560001373291016,36.04999923706055,36.20000076293945,35292300.0
2021-07-23T04:00:00Z,36.54999923706055,36.650001525878906,36.15999984741211,36.2599983215332,36766900.0
2021-07-26T04:00:00Z,36.189998626708984,36.540000915527344,36.16999816894531,36.470001220703125,25396000.0
2021-07-27T04:00:00Z,36.189998626708984,36.619998931884766,36.02000045776367,36.459999084472656,38988400.0
2021-07-28T04:00:00Z,36.59000015258789,36.63999938964844,36.15999984741211,36.40999984741211,42908200.0
2021-07-29T04:00:00Z,36.650001525878906,36.970001220703125,36.4900016784668,36.810001373291016,41434200.0
2021-07-30T04:00:00Z,36.709999084472656,36.97999954223633,36.43000030517578,36.52000045776367,52385300.0
2021-08-02T04:00:00Z,36.77000045776367,37.189998626708984,36.47999954223633,36.529998779296875,47589900.0
2021-08-03T04:00:00Z,36.65999984741211,36.9900016784668,36.119998931884766,36.939998626708984,42169600.0
2021-08-04T04:00:00Z,36.59000015258789,37.02000045776367,36.43000030517578,36.630001068115234,52346400.0
2021-08-05T04:00:00Z,36.86000061035156,37.11000061035156,36.849998474121094,37.11000061035156,37168200.0
2021-08-06T04:00:00Z,37.459999084472656,37.93000030517578,37.45000076293945,37.86000061035156,58081000.0
2021-08-09T04:00:00Z,37.810001373291016,38.13999938964844,37.599998474121094,37.959999084472656,48015600.0
2021-08-10T04:00:00Z,37.93000030517578,38.470001220703125,37.88999938964844,38.36000061035156,40907400.0
2021-08-11T04:00:00Z,38.470001220703125,38.810001373291016,38.290000915527344,38.79999923706055,48372100.0
2021-08-12T04:00:00Z,38.84000015258789,38.91999816894531,38.599998474121094,38.869998931884766,44566400.0
2021-08-13T04:00:00Z,38.900001525878906,38.95000076293945,38.4900016784668,38.58000183105469,43077200.0
2021-08-16T04:00:00Z,38.33000183105469,38.52000045776367,37.9900016784668,38.47999954223633,48011800.0
2021-08-17T04:00:00Z,38.220001220703125,38.5,37.83000183105469,38.209999084472656,52414800.0
2021-08-18T04:00:00Z,38.060001373291016,38.33000183105469,37.709999084472656,37.7400016784668,39550400.0
2021-08-19T04:00:00Z,37.33000183105469,37.7400016784668,37.220001220703125,37.459999084472656,48961300.0
2021-08-20T04:00:00Z,37.459999084472656,37.75,37.31999969482422,37.689998626708984,33898600.0
2021-08-23T04:00:00Z,37.880001068115234,38.15999984741211,37.880001068115234,38.0,28807400.0
2021-08-24T04:00:00Z,38.06999969482422,38.31999969482422,38.040000915527344,38.22999954223633,37677300.0
2021-08-25T04:00:00Z,38.33000183105469,38.91999816894531,38.25,38.68000030517578,47904800.0
2021-08-26T04:00:00Z,38.849998474121094,38.900001525878906,38.45000076293945,38.4900016784668,38484300.0
2021-08-27T04:00:00Z,38.540000915527344,39.0099983215332,38.529998779296875,39.0,38511100.0
2021-08-30T04:00:00Z,39.02000045776367,39.040000915527344,38.43000030517578,38.45000076293945,30096500.0
2021-08-31T04:00:00Z,38.41999816894531,38.689998626708984,38.2599983215332,38.400001525878906,49876200.0
2021-09-01T04:00:00Z,38.43000030517578,38.45000076293945,38.04999923706055,38.18000030517578,43976200.0
2021-09-02T04:00:00Z,38.27000045776367,38.45000076293945,38.15999984741211,38.310001373291016,29611500.0
2021-09-03T04:00:00Z,38.2400016784668,38.31999969482422,37.97999954223633,38.06999969482422,34847500.0
2021-09-07T04:00:00Z,38.20000076293945,38.20000076293945,37.84000015258789,37.84000015258789,39214900.0
2021-09-08T04:00:00Z,37.75,37.93000030517578,37.54999923706055,37.75,32523900.0
2021-09-09T04:00:00Z,37.70000076293945,38.220001220703125,37.66999816894531,37.86000061035156,33421000.0
2021-09-10T04:00:00Z,38.06999969482422,38.11000061035156,37.56999969482422,37.58000183105469,39350500.0
2021-09-13T04:00:00Z,37.849998474121094,38.06999969482422,37.7400016784668,38.0099983215332,40357300.0
2021-09-14T04:00:00Z,38.13999938964844,38.279998779296875,37.380001068115234,37.5,45670600.0
2021-09-15T04:00:00Z,37.47999954223633,37.95000076293945,37.439998626708984,37.86000061035156,36371300.0
2021-09-16T04:00:00Z,38.0,38.189998626708984,37.58000183105469,37.75,42630200.0
2021-09-17T04:00:00Z,37.70000076293945,37.939998626708984,37.47999954223633,37.58000183105469,82987200.0
2021-09-20T04:00:00Z,36.59000015258789,36.689998626708984,36.029998779296875,36.54999923706055,95008800.0
2021-09-21T04:00:00Z,36.779998779296875,36.91999816894531,36.40999984741211,36.5,45837600.0
2021-09-22T04:00:00Z,36.959999084472656,37.369998931884766,36.880001068115234,37.11000061035156,58347800.0
2021-09-23T04:00:00Z,37.470001220703125,38.20000076293945,37.40999984741211,38.02000045776367,71805000.0
2021-09-24T04:00:00Z,37.9900016784668,38.349998474121094,37.939998626708984,38.220001220703125,48066100.0
2021-09-27T04:00:00Z,38.560001373291016,38.849998474121094,38.4900016784668,38.7400016784668,58794500.0
2021-09-28T04:00:00Z,38.72999954223633,38.91999816894531,38.040000915527344,38.099998474121094,96152700.0
2021-09-29T04:00:00Z,38.220001220703125,38.29999923706055,37.95000076293945,38.130001068115234,49882500.0
2021-09-30T04:00:00Z,38.349998474121094,38.36000061035156,37.52000045776367,37.529998779296875,73319300.0
2021-10-01T04:00:00Z,37.630001068115234,38.40999984741211,37.4900016784668,38.150001525878906,70444000.0
2021-10-04T04:00:00Z,38.09000015258789,38.59000015258789,37.7599983215332,37.81999969482422,69772700.0
2021-10-05T04:00:00Z,38.099998474121094,38.75,37.959999084472656,38.560001373291016,56058400.0
2021-10-06T04:00:00Z,38.209999084472656,38.630001068115234,37.93000030517578,38.599998474121094,63405900.0
2021-10-07T04:00:00Z,39.0,39.2400016784668,38.779998779296875,38.83000183105469,53295600.0
2021-10-08T04:00:00Z,38.869998931884766,39.15999984741211,38.689998626708984,39.02000045776367,38607500.0
2021-10-11T04:00:00Z,39.11000061035156,39.400001525878906,38.61000061035156,38.630001068115234,50748300.0
2021-10-12T04:00:00Z,38.58000183105469,38.77000045776367,38.40999984741211,38.5099983215332,58527700.0
2021-10-13T04:00:00Z,38.5,38.540000915527344,37.7400016784668,38.290000915527344,72105100.0
2021-10-14T04:00:00Z,38.720001220703125,38.939998626708984,38.349998474121094,38.93000030517578,51893500.0
2021-10-15T04:00:00Z,39.310001373291016,39.709999084472656,39.18000030517578,39.5099983215332,58411100.0
2021-10-18T04:00:00Z,39.43000030517578,39.75,39.31999969482422,39.52000045776367,56312700.0
2021-10-19T04:00:00Z,39.70000076293945,39.90999984741211,39.54999923706055,39.90999984741211,33082600.0
2021-10-20T04:00:00Z,39.84000015258789,40.22999954223633,39.72999954223633,40.22999954223633,44670200.0
2021-10-21T04:00:00Z,40.220001220703125,40.310001373291016,39.849998474121094,40.060001373291016,35067600.0
2021-10-22T04:00:00Z,40.25,40.689998626708984,40.209999084472656,40.619998931884766,41458200.0
2021-10-25T04:00:00Z,40.720001220703125,40.77000045776367,40.470001220703125,40.56999969482422,33121000.0
2021-10-26T04:00:00Z,40.66999816894531,40.86000061035156,40.540000915527344,40.599998474121094,41586900.0
2021-10-27T04:00:00Z,40.5,40.68000030517578,39.91999816894531,39.93000030517578,62449500.0
2021-10-28T04:00:00Z,40.09000015258789,40.439998626708984,40.060001373291016,40.41999816894531,44566600.0
2021-10-29T04:00:00Z,40.470001220703125,40.54999923706055,40.18000030517578,40.2599983215332,42092000.0
2021-11-01T04:00:00Z,40.540000915527344,40.630001068115234,40.119998931884766,40.279998779296875,37503800.0
2021-11-02T04:00:00Z,40.27000045776367,40.5,40.15999984741211,40.380001068115234,31436800.0
2021-11-03T04:00:00Z,40.25,40.68000030517578,40.16999816894531,40.529998779296875,42946800.0
2021-11-04T04:00:00Z,40.380001068115234,40.47999954223633,39.689998626708984,40.0,48279700.0
2021-11-05T04:00:00Z,40.31999969482422,40.4900016784668,39.88999938964844,40.02000045776367,57866300.0
2021-11-08T05:00:00Z,40.27000045776367,40.529998779296875,40.13999938964844,40.2400016784668,32864600.0
2021-11-09T05:00:00Z,40.029998779296875,40.15999984741211,39.7599983215332,40.02000045776367,48420400.0
2021-11-10T05:00:00Z,39.97999954223633,40.20000076293945,39.849998474121094,39.95000076293945,60695100.0
2021-11-11T05:00:00Z,40.0099983215332,40.189998626708984,39.84000015258789,40.060001373291016,31438900.0
2021-11-12T05:00:00Z,40.119998931884766,40.15999984741211,39.790000915527344,40.150001525878906,39218800.0
2021-11-15T05:00:00Z,40.2599983215332,40.36000061035156,40.06999969482422,40.150001525878906,30081100.0
2021-11-16T05:00:00Z,40.20000076293945,40.349998474121094,40.0,40.11000061035156,32599500.0
2021-11-17T05:00:00Z,40.04999923706055,40.04999923706055,39.540000915527344,39.650001525878906,53557200.0
2021-11-18T05:00:00Z,39.689998626708984,39.77000045776367,39.27000045776367,39.45000076293945,42990100.0
2021-11-19T05:00:00Z,39.11000061035156,39.25,38.720001220703125,39.02000045776367,71858100.0
2021-11-22T05:00:00Z,39.540000915527344,39.959999084472656,39.220001220703125,39.56999969482422,81965800.0
2021-11-23T05:00:00Z,39.83000183105469,40.220001220703125,39.65999984741211,40.189998626708984,61571200.0
2021-11-24T05:00:00Z,40.11000061035156,40.2599983215332,39.95000076293945,40.099998474121094,40410300.0
2021-11-26T05:00:00Z,38.84000015258789,39.0099983215332,38.33000183105469,38.77000045776367,76492200.0
2021-11-29T05:00:00Z,39.220001220703125,39.36000061035156,38.599998474121094,38.88999938964844,79316500.0
2021-11-30T05:00:00Z,38.41999816894531,38.58000183105469,37.900001525878906,37.959999084472656,121263700.0
2021-12-01T05:00:00Z,38.630001068115234,38.880001068115234,37.540000915527344,37.540000915527344,101946500.0
2021-12-02T05:00:00Z,37.88999938964844,38.869998931884766,37.75,38.65999984741211,98076400.0
2021-12-03T05:00:00Z,38.709999084472656,38.810001373291016,37.72999954223633,38.029998779296875,97178200.0
2021-12-06T05:00:00Z,38.630001068115234,38.97999954223633,38.33000183105469,38.61000061035156,69716600.0
2021-12-07T05:00:00Z,39.060001373291016,39.40999984741211,38.869998931884766,39.29999923706055,115475500.0
2021-12-08T05:00:00Z,39.31999969482422,39.47999954223633,38.9900016784668,39.09000015258789,53033200.0
2021-12-09T05:00:00Z,38.900001525878906,39.209999084472656,38.7599983215332,39.0099983215332,45521100.0
2021-12-10T05:00:00Z,39.279998779296875,39.290000915527344,38.79999923706055,39.04999923706055,38900900.0
2021-12-13T05:00:00Z,38.959999084472656,38.970001220703125,38.5,38.630001068115234,44343000.0
2021-12-14T05:00:00Z,38.56999969482422,39.150001525878906,38.540000915527344,38.86000061035156,51734400.0
2021-12-15T05:00:00Z,38.959999084472656,39.09000015258789,38.47999954223633,38.970001220703125,70424900.0
2021-12-16T05:00:00Z,39.41999816894531,39.7400016784668,39.220001220703125,39.459999084472656,71156600.0
2021-12-17T05:00:00Z,39.20000076293945,39.25,38.349998474121094,38.59000015258789,97654400.0
2021-12-20T05:00:00Z,37.810001373291016,37.86000061035156,37.209999084472656,37.65999984741211,85242300.0
2021-12-21T05:00:00Z,38.040000915527344,38.61000061035156,38.040000915527344,38.439998626708984,57667900.0
2021-12-22T05:00:00Z,38.33000183105469,38.650001525878906,38.27000045776367,38.619998931884766,49702700.0
2021-12-23T05:00:00Z,38.84000015258789,39.16999816894531,38.79999923706055,38.81999969482422,39057300.0
2021-12-27T05:00:00Z,38.939998626708984,39.220001220703125,38.7400016784668,39.220001220703125,36120300.0
2021-12-28T05:00:00Z,39.150001525878906,39.4900016784668,39.13999938964844,39.2400016784668,34055200.0
2021-12-29T05:00:00Z,39.31999969482422,39.43000030517578,39.13999938964844,39.189998626708984,27150500.0
2021-12-30T05:00:00Z,39.310001373291016,39.529998779296875,39.0,39.119998931884766,30089100.0
2021-12-31T05:00:00Z,39.040000915527344,39.2400016784668,38.970001220703125,39.04999923706055,28497800.0
2022-01-03T05:00:00Z,39.34000015258789,39.68000030517578,39.31999969482422,39.529998779296875,49884400.0
2022-01-04T05:00:00Z,39.9900016784668,40.70000076293945,39.970001220703125,40.56999969482422,74210200.0
2022-01-05T05:00:00Z,40.689998626708984,40.900001525878906,40.06999969482422,40.099998474121094,76288400.0
2022-01-06T05:00:00Z,40.52000045776367,40.720001220703125,40.150001525878906,40.689998626708984,57725200.0
2022-01-07T05:00:00Z,40.779998779296875,41.27000045776367,40.63999938964844,41.16999816894531,62185500.0
2022-01-10T05:00:00Z,41.43000030517578,41.459999084472656,40.599998474121094,41.029998779296875,73620000.0
2022-01-11T05:00:00Z,41.18000030517578,41.40999984741211,40.79999923706055,41.38999938964844,60706300.0
2022-01-12T05:00:00Z,41.5,41.65999984741211,41.220001220703125,41.41999816894531,51560600.0
2022-01-13T05:00:00Z,41.47999954223633,41.70000076293945,41.119998931884766,41.2599983215332,51659600.0
2022-01-14T05:00:00Z,40.599998474121094,40.869998931884766,40.34000015258789,40.83000183105469,81135500.0
2022-01-18T05:00:00Z,40.560001373291016,40.599998474121094,39.66999816894531,39.91999816894531,82526700.0
2022-01-19T05:00:00Z,40.220001220703125,40.2400016784668,39.220001220703125,39.25,85975100.0
2022-01-20T05:00:00Z,39.36000061035156,39.869998931884766,38.91999816894531,39.0,80314000.0
2022-01-21T05:00:00Z,38.84000015258789,38.95000076293945,38.040000915527344,38.20000076293945,117914300.0
2022-01-24T05:00:00Z,37.540000915527344,38.38999938964844,36.81999969482422,38.310001373291016,169153300.0
2022-01-25T05:00:00Z,37.880001068115234,38.75,37.2599983215332,38.470001220703125,97364900.0
2022-01-26T05:00:00Z,38.88999938964844,39.209999084472656,38.11000061035156,38.56999969482422,106682000.0
2022-01-27T05:00:00Z,38.939998626708984,39.34000015258789,37.970001220703125,38.220001220703125,91498900.0
2022-01-28T05:00:00Z,38.06999969482422,38.72999954223633,37.59000015258789,38.720001220703125,79753600.0
2022-01-31T05:00:00Z,38.45000076293945,39.09000015258789,38.220001220703125,39.060001373291016,58740900.0
2022-02-01T05:00:00Z,39.11000061035156,39.70000076293945,38.90999984741211,39.599998474121094,64601500.0
2022-02-02T05:00:00Z,39.58000183105469,39.939998626708984,39.33000183105469,39.869998931884766,46649400.0
2022-02-03T05:00:00Z,39.86000061035156,40.0,39.369998931884766,39.43000030517578,50677000.0
2022-02-04T05:00:00Z,39.5,40.439998626708984,39.47999954223633,40.099998474121094,77792400.0
2022-02-07T05:00:00Z,40.150001525878906,40.47999954223633,39.91999816894531,40.220001220703125,52710400.0
2022-02-08T05:00:00Z,40.5,40.880001068115234,40.400001525878906,40.779998779296875,56921200.0
2022-02-09T05:00:00Z,41.0,41.310001373291016,40.900001525878906,41.040000915527344,67505300.0
2022-02-10T05:00:00Z,40.849998474121094,41.38999938964844,40.5099983215332,40.68000030517578,67260800.0
2022-02-11T05:00:00Z,40.54999923706055,41.040000915527344,39.869998931884766,40.11000061035156,77962800.0
2022-02-14T05:00:00Z,40.09000015258789,40.22999954223633,39.33000183105469,39.65999984741211,71521600.0
2022-02-15T05:00:00Z,40.13999938964844,40.40999984741211,40.0,40.20000076293945,55439600.0
2022-02-16T05:00:00Z,40.0,40.40999984741211,39.95000076293945,40.22999954223633,41168800.0
2022-02-17T05:00:00Z,39.810001373291016,39.939998626708984,39.119998931884766,39.22999954223633,59107800.0
2022-02-18T05:00:00Z,39.189998626708984,39.54999923706055,39.02000045776367,39.220001220703125,47816500.0
2022-02-22T05:00:00Z,39.040000915527344,39.400001525878906,38.689998626708984,39.02000045776367,60719700.0
2022-02-23T05:00:00Z,39.310001373291016,39.43000030517578,38.2400016784668,38.34000015258789,64169800.0
2022-02-24T05:00:00Z,37.06999969482422,38.0,36.79999923706055,37.880001068115234,143075700.0
2022-02-25T05:00:00Z,38.130001068115234,39.20000076293945,38.119998931884766,39.099998474121094,99127100.0
2022-02-28T05:00:00Z,38.16999816894531,38.77000045776367,38.119998931884766,38.52000045776367,107370200.0
2022-03-01T05:00:00Z,38.150001525878906,38.2599983215332,36.849998474121094,37.099998474121094,129873100.0
2022-03-02T05:00:00Z,37.40999984741211,38.279998779296875,37.38999938964844,38.060001373291016,88182500.0
2022-03-03T05:00:00Z,38.22999954223633,38.43000030517578,37.619998931884766,37.939998626708984,71952600.0
2022-03-04T05:00:00Z,37.27000045776367,37.279998779296875,36.79999923706055,37.22999954223633,105904100.0
2022-03-07T05:00:00Z,36.88999938964844,36.93000030517578,35.849998474121094,35.869998931884766,116046200.0
2022-03-08T05:00:00Z,36.02000045776367,36.66999816894531,35.4900016784668,35.65999984741211,114915000.0
2022-03-09T05:00:00Z,36.849998474121094,37.279998779296875,36.70000076293945,36.970001220703125,88716400.0
2022-03-10T05:00:00Z,36.36000061035156,36.900001525878906,36.25,36.65999984741211,71547300.0
2022-03-11T05:00:00Z,36.97999954223633,37.209999084472656,36.380001068115234,36.400001525878906,76788200.0
2022-03-14T04:00:00Z,36.95000076293945,37.459999084472656,36.689998626708984,36.86000061035156,70969700.0
2022-03-15T04:00:00Z,37.22999954223633,37.439998626708984,36.90999984741211,37.380001068115234,51828700.0
2022-03-16T04:00:00Z,37.86000061035156,38.4900016784668,37.7400016784668,38.43000030517578,87007600.0
2022-03-17T04:00:00Z,38.209999084472656,38.91999816894531,37.959999084472656,38.90999984741211,58266400.0
2022-03-18T04:00:00Z,38.900001525878906,39.099998474121094,38.529998779296875,39.0,82342500.0
2022-03-21T04:00:00Z,39.02000045776367,39.13999938964844,38.61000061035156,38.810001373291016,46828600.0
2022-03-22T04:00:00Z,39.27000045776367,39.689998626708984,39.220001220703125,39.439998626708984,61053100.0
2022-03-23T04:00:00Z,39.189998626708984,39.279998779296875,38.689998626708984,38.709999084472656,42142600.0
2022-03-24T04:00:00Z,38.97999954223633,39.060001373291016,38.70000076293945,39.02000045776367,30421500.0
2022-03-25T04:00:00Z,39.150001525878906,39.599998474121094,39.09000015258789,39.52000045776367,48613100.0
2022-03-28T04:00:00Z,39.400001525878906,39.439998626708984,38.959999084472656,39.40999984741211,44761000.0
2022-03-29T04:00:00Z,39.88999938964844,40.0099983215332,39.27000045776367,39.5,67968600.0
2022-03-30T04:00:00Z,39.5,39.52000045776367,38.9900016784668,39.220001220703125,47405300.0
2022-03-31T04:00:00Z,39.16999816894531,39.33000183105469,38.310001373291016,38.31999969482422,66619600.0
2022-04-01T04:00:00Z,38.58000183105469,38.65999984741211,37.95000076293945,38.220001220703125,68422500.0
2022-04-04T04:00:00Z,38.130001068115234,38.36000061035156,37.779998779296875,38.04999923706055,134312400.0
2022-04-05T04:00:00Z,37.900001525878906,38.310001373291016,37.720001220703125,37.810001373291016,56165700.0
2022-04-06T04:00:00Z,37.5099983215332,37.709999084472656,37.40999984741211,37.54999923706055,55835100.0
2022-04-07T04:00:00Z,37.52000045776367,37.689998626708984,36.97999954223633,37.5099983215332,53346900.0
2022-04-08T04:00:00Z,37.65999984741211,38.060001373291016,37.560001373291016,37.88999938964844,44672300.0
2022-04-11T04:00:00Z,37.790000915527344,38.15999984741211,37.65999984741211,37.720001220703125,54435500.0
2022-04-12T04:00:00Z,37.689998626708984,38.040000915527344,37.150001525878906,37.310001373291016,67215400.0
2022-04-13T04:00:00Z,36.959999084472656,37.33000183105469,36.88999938964844,37.310001373291016,57445600.0
2022-04-14T04:00:00Z,37.22999954223633,37.4900016784668,36.880001068115234,36.88999938964844,68544200.0
2022-04-18T04:00:00Z,36.65999984741211,37.279998779296875,36.650001525878906,37.11000061035156,52748400.0
2022-04-19T04:00:00Z,37.209999084472656,37.68000030517578,37.20000076293945,37.619998931884766,41519100.0
2022-04-20T04:00:00Z,37.90999984741211,38.150001525878906,37.790000915527344,37.880001068115234,54635800.0
2022-04-21T04:00:00Z,38.13999938964844,38.31999969482422,37.209999084472656,37.279998779296875,54998100.0
2022-04-22T04:00:00Z,37.220001220703125,37.22999954223633,36.130001068115234,36.16999816894531,73170900.0
2022-04-25T04:00:00Z,35.869998931884766,36.310001373291016,35.33000183105469,36.22999954223633,91392800.0
2022-04-26T04:00:00Z,35.81999969482422,36.20000076293945,35.29999923706055,35.31999969482422,81457500.0
2022-04-27T04:00:00Z,35.27000045776367,35.650001525878906,35.15999984741211,35.290000915527344,81603000.0
2022-04-28T04:00:00Z,35.650001525878906,35.869998931884766,35.119998931884766,35.7400016784668,62680000.0
2022-04-29T04:00:00Z,35.560001373291016,35.689998626708984,34.43000030517578,34.5099983215332,74631700.0
2022-05-02T04:00:00Z,34.66999816894531,34.790000915527344,33.84000015258789,34.52000045776367,104408800.0
2022-05-03T04:00:00Z,34.7599983215332,35.31999969482422,34.63999938964844,34.970001220703125,73896300.0
2022-05-04T04:00:00Z,35.029998779296875,36.099998474121094,34.90999984741211,36.040000915527344,87794900.0
2022-05-05T04:00:00Z,35.619998931884766,35.689998626708984,34.560001373291016,34.9900016784668,101093900.0
2022-05-06T04:00:00Z,34.849998474121094,34.900001525878906,34.2400016784668,34.7400016784668,99281900.0
2022-05-09T04:00:00Z,34.27000045776367,34.47999954223633,33.75,33.90999984741211,85922800.0
2022-05-10T04:00:00Z,34.220001220703125,34.439998626708984,33.189998626708984,33.61000061035156,107581200.0
2022-05-11T04:00:00Z,33.650001525878906,34.33000183105469,33.25,33.29999923706055,110212200.0
2022-05-12T04:00:00Z,33.02000045776367,33.36000061035156,32.40999984741211,33.04999923706055,114304100.0
2022-05-13T04:00:00Z,33.45000076293945,33.810001373291016,33.22999954223633,33.529998779296875,64036200.0
2022-05-16T04:00:00Z,33.400001525878906,33.54999923706055,32.9900016784668,33.25,55662200.0
2022-05-17T04:00:00Z,33.900001525878906,34.2400016784668,33.709999084472656,34.13999938964844,62859300.0
2022-05-18T04:00:00Z,33.81999969482422,33.869998931884766,33.06999969482422,33.20000076293945,74279300.0
2022-05-19T04:00:00Z,32.75,33.220001220703125,32.70000076293945,32.97999954223633,71525400.0
2022-05-20T04:00:00Z,33.209999084472656,33.380001068115234,32.22999954223633,32.91999816894531,77984600.0
2022-05-23T04:00:00Z,33.54999923706055,34.2400016784668,33.380001068115234,33.9900016784668,78189300.0
2022-05-24T04:00:00Z,33.790000915527344,34.029998779296875,33.220001220703125,33.91999816894531,77871200.0
2022-05-25T04:00:00Z,33.84000015258789,34.400001525878906,33.7400016784668,34.189998626708984,72192600.0
2022-05-26T04:00:00Z,34.560001373291016,35.099998474121094,34.529998779296875,34.97999954223633,50803200.0
2022-05-27T04:00:00Z,35.130001068115234,35.63999938964844,35.06999969482422,35.56999969482422,43862500.0
2022-05-31T04:00:00Z,35.279998779296875,35.7400016784668,35.09000015258789,35.470001220703125,64778900.0
2022-06-01T04:00:00Z,35.380001068115234,35.470001220703125,34.56999969482422,34.900001525878906,48642400.0
2022-06-02T04:00:00Z,34.93000030517578,35.40999984741211,34.65999984741211,35.380001068115234,45334700.0
2022-06-03T04:00:00Z,35.04999923706055,35.20000076293945,34.83000183105469,34.869998931884766,36699400.0
2022-06-06T04:00:00Z,35.15999984741211,35.52000045776367,34.959999084472656,34.970001220703125,32829600.0
2022-06-07T04:00:00Z,34.72999954223633,35.27000045776367,34.70000076293945,35.2400016784668,32031400.0
2022-06-08T04:00:00Z,34.970001220703125,35.06999969482422,34.4900016784668,34.619998931884766,38251800.0
2022-06-09T04:00:00Z,34.58000183105469,34.599998474121094,33.72999954223633,33.75,49715100.0
2022-06-10T04:00:00Z,33.02000045776367,33.13999938964844,32.5,32.529998779296875,74190900.0
2022-06-13T04:00:00Z,31.709999084472656,32.099998474121094,31.3700008392334,31.559999465942383,104065100.0
2022-06-14T04:00:00Z,31.690000534057617,31.90999984741211,31.049999237060547,31.290000915527344,75592200.0
2022-06-15T04:00:00Z,31.6200008392334,32.09000015258789,31.100000381469727,31.639999389648438,87858800.0
2022-06-16T04:00:00Z,31.0,31.010000228881836,30.579999923706055,30.84000015258789,100838500.0
2022-06-17T04:00:00Z,30.90999984741211,31.280000686645508,30.6299991607666,30.93000030517578,116937700.0
2022-06-21T04:00:00Z,31.469999313354492,31.579999923706055,31.190000534057617,31.3799991607666,58065800.0
2022-06-22T04:00:00Z,31.020000457763672,31.600000381469727,30.979999542236328,31.309999465942383,48035800.0
2022-06-23T04:00:00Z,31.329999923706055,31.389999389648438,30.68000030517578,31.190000534057617,69348900.0
2022-06-24T04:00:00Z,31.31999969482422,32.369998931884766,31.270000457763672,32.34000015258789,65489300.0
2022-06-27T04:00:00Z,32.59000015258789,32.59000015258789,32.08000183105469,32.22999954223633,47244800.0
2022-06-28T04:00:00Z,32.560001373291016,32.869998931884766,31.889999389648438,31.90999984741211,42459900.0
2022-06-29T04:00:00Z,31.940000534057617,32.060001373291016,31.6200008392334,31.729999542236328,64507500.0
2022-06-30T04:00:00Z,31.229999542236328,31.729999542236328,30.850000381469727,31.450000762939453,75294300.0
2022-07-01T04:00:00Z,31.350000381469727,31.979999542236328,31.139999389648438,31.8799991607666,77308400.0
2022-07-05T04:00:00Z,31.3799991607666,31.790000915527344,31.020000457763672,31.770000457763672,51536800.0
2022-07-06T04:00:00Z,31.700000762939453,31.950000762939453,31.389999389648438,31.690000534057617,48001700.0
2022-07-07T04:00:00Z,31.959999084472656,32.2400016784668,31.93000030517578,32.150001525878906,33120100.0
2022-07-08T04:00:00Z,32.2400016784668,32.34000015258789,31.950000762939453,32.08000183105469,29062200.0
2022-07-11T04:00:00Z,31.899999618530273,32.060001373291016,31.729999542236328,31.81999969482422,30564300.0
2022-07-12T04:00:00Z,31.579999923706055,32.20000076293945,31.559999465942383,31.6200008392334,38211000.0
2022-07-13T04:00:00Z,31.280000686645508,31.549999237060547,30.950000762939453,31.34000015258789,51441600.0
2022-07-14T04:00:00Z,30.700000762939453,30.84000015258789,30.3700008392334,30.739999771118164,57782300.0
2022-07-15T04:00:00Z,31.18000030517578,31.959999084472656,31.100000381469727,31.780000686645508,59650200.0
2022-07-18T04:00:00Z,32.22999954223633,32.45000076293945,31.520000457763672,31.65999984741211,38671600.0
2022-07-19T04:00:00Z,32.08000183105469,32.709999084472656,31.989999771118164,32.61000061035156,40568000.0
2022-07-20T04:00:00Z,32.540000915527344,32.790000915527344,32.439998626708984,32.72999954223633,38507700.0
2022-07-21T04:00:00Z,32.63999938964844,32.939998626708984,32.38999938964844,32.939998626708984,40561800.0
2022-07-22T04:00:00Z,32.9900016784668,33.15999984741211,32.5,32.75,25741200.0
2022-07-25T04:00:00Z,32.95000076293945,33.11000061035156,32.720001220703125,32.959999084472656,24699300.0
2022-07-26T04:00:00Z,32.79999923706055,32.9900016784668,32.41999816894531,32.5,26357800.0
2022-07-27T04:00:00Z,32.630001068115234,33.15999984741211,32.52000045776367,33.0,44817200.0
2022-07-28T04:00:00Z,33.029998779296875,33.25,32.5,33.2400016784668,40974600.0
2022-07-29T04:00:00Z,33.31999969482422,33.81999969482422,33.290000915527344,33.709999084472656,38724000.0
2022-08-01T04:00:00Z,33.38999938964844,33.619998931884766,33.20000076293945,33.43000030517578,35131300.0
2022-08-02T04:00:00Z,33.27000045776367,33.4900016784668,33.02000045776367,33.060001373291016,36806900.0
2022-08-03T04:00:00Z,33.310001373291016,33.63999938964844,33.119998931884766,33.560001373291016,27314900.0
2022-08-04T04:00:00Z,33.529998779296875,33.619998931884766,33.38999938964844,33.45000076293945,24505800.0
2022-08-05T04:00:00Z,33.36000061035156,33.849998474121094,33.2400016784668,33.689998626708984,34366100.0
2022-08-08T04:00:00Z,33.939998626708984,34.04999923706055,33.63999938964844,33.66999816894531,24369100.0
2022-08-09T04:00:00Z,33.72999954223633,33.93000030517578,33.66999816894531,33.84000015258789,26425400.0
2022-08-10T04:00:00Z,34.43000030517578,34.72999954223633,34.36000061035156,34.599998474121094,45366000.0
2022-08-11T04:00:00Z,34.91999816894531,35.22999954223633,34.880001068115234,35.0099983215332,46985200.0
2022-08-12T04:00:00Z,35.18000030517578,35.56999969482422,35.0,35.560001373291016,36370300.0
2022-08-15T04:00:00Z,35.20000076293945,35.650001525878906,35.130001068115234,35.54999923706055,25366000.0
2022-08-16T04:00:00Z,35.38999938964844,35.970001220703125,35.38999938964844,35.810001373291016,41300800.0
2022-08-17T04:00:00Z,35.400001525878906,35.790000915527344,35.380001068115234,35.630001068115234,33158000.0
2022-08-18T04:00:00Z,35.599998474121094,35.720001220703125,35.43000030517578,35.66999816894531,15966200.0
2022-08-19T04:00:00Z,35.459999084472656,35.459999084472656,34.84000015258789,34.959999084472656,33587400.0
2022-08-22T04:00:00Z,34.45000076293945,34.459999084472656,34.099998474121094,34.189998626708984,36810100.0
2022-08-23T04:00:00Z,34.150001525878906,34.400001525878906,34.04999923706055,34.04999923706055,23244000.0
2022-08-24T04:00:00Z,33.9900016784668,34.34000015258789,33.91999816894531,34.22999954223633,20682200.0
2022-08-25T04:00:00Z,34.29999923706055,34.790000915527344,34.209999084472656,34.7599983215332,26402600.0
2022-08-26T04:00:00Z,34.90999984741211,34.91999816894531,33.689998626708984,33.720001220703125,38230600.0
2022-08-29T04:00:00Z,33.470001220703125,33.720001220703125,33.279998779296875,33.47999954223633,34872100.0
2022-08-30T04:00:00Z,33.59000015258789,33.70000076293945,33.099998474121094,33.29999923706055,41870700.0
2022-08-31T04:00:00Z,33.470001220703125,33.59000015258789,33.0,33.04999923706055,39768200.0
2022-09-01T04:00:00Z,32.90999984741211,33.20000076293945,32.5099983215332,33.150001525878906,40604600.0
2022-09-02T04:00:00Z,33.529998779296875,33.810001373291016,32.72999954223633,32.88999938964844,43208800.0
2022-09-06T04:00:00Z,33.060001373291016,33.13999938964844,32.47999954223633,32.810001373291016,45877100.0
2022-09-07T04:00:00Z,32.709999084472656,33.52000045776367,32.65999984741211,33.459999084472656,35023000.0
2022-09-08T04:00:00Z,33.290000915527344,34.06999969482422,33.150001525878906,34.04999923706055,50760900.0
2022-09-09T04:00:00Z,34.20000076293945,34.45000076293945,34.189998626708984,34.36000061035156,41327100.0
2022-09-12T04:00:00Z,34.5,34.81999969482422,34.41999816894531,34.63999938964844,41969600.0
2022-09-13T04:00:00Z,33.959999084472656,34.08000183105469,33.2400016784668,33.349998474121094,60771600.0
2022-09-14T04:00:00Z,33.41999816894531,33.58000183105469,32.95000076293945,33.25,39233200.0
2022-09-15T04:00:00Z,33.290000915527344,33.790000915527344,33.20000076293945,33.36000061035156,47653000.0
2022-09-16T04:00:00Z,33.029998779296875,33.119998931884766,32.709999084472656,33.060001373291016,53893300.0
2022-09-19T04:00:00Z,32.5,33.279998779296875,32.5,33.2599983215332,36491400.0
2022-09-20T04:00:00Z,32.9900016784668,33.060001373291016,32.470001220703125,32.77000045776367,42193600.0
2022-09-21T04:00:00Z,32.97999954223633,33.099998474121094,32.06999969482422,32.09000015258789,49644600.0
2022-09-22T04:00:00Z,32.15999984741211,32.209999084472656,31.489999771118164,31.549999237060547,52299500.0
2022-09-23T04:00:00Z,31.239999771118164,31.309999465942383,30.600000381469727,31.049999237060547,56801000.0
2022-09-26T04:00:00Z,30.81999969482422,31.110000610351562,30.34000015258789,30.559999465942383,49969700.0
2022-09-27T04:00:00Z,30.799999237060547,30.959999084472656,30.1200008392334,30.43000030517578,60630400.0
2022-09-28T04:00:00Z,30.520000457763672,31.209999084472656,30.440000534057617,31.030000686645508,46088700.0
2022-09-29T04:00:00Z,30.700000762939453,30.81999969482422,30.260000228881836,30.639999389648438,41860000.0
2022-09-30T04:00:00Z,30.65999984741211,31.040000915527344,30.280000686645508,30.360000610351562,37984300.0
2022-10-03T04:00:00Z,30.65999984741211,31.34000015258789,30.299999237060547,31.18000030517578,47086100.0
2022-10-04T04:00:00Z,31.65999984741211,32.369998931884766,31.6200008392334,32.34000015258789,53441800.0
2022-10-05T04:00:00Z,31.84000015258789,32.27000045776367,31.729999542236328,32.09000015258789,41766800.0
2022-10-06T04:00:00Z,31.90999984741211,32.130001068115234,31.56999969482422,31.639999389648438,34717900.0
2022-10-07T04:00:00Z,31.360000610351562,31.459999084472656,30.719999313354492,30.889999389648438,36380700.0
2022-10-10T04:00:00Z,31.059999465942383,31.190000534057617,30.56999969482422,30.75,31011700.0
2022-10-11T04:00:00Z,30.549999237060547,30.8700008392334,30.229999542236328,30.360000610351562,50431900.0
2022-10-12T04:00:00Z,30.3700008392334,30.690000534057617,30.18000030517578,30.290000915527344,48265700.0
2022-10-13T04:00:00Z,29.68000030517578,31.6200008392334,29.59000015258789,31.540000915527344,83086100.0
2022-10-14T04:00:00Z,31.81999969482422,32.189998626708984,30.940000534057617,31.010000228881836,60886900.0
2022-10-17T04:00:00Z,31.670000076293945,32.0,31.579999923706055,31.790000915527344,47222200.0
2022-10-18T04:00:00Z,32.619998931884766,32.65999984741211,31.93000030517578,32.29999923706055,48150700.0
2022-10-19T04:00:00Z,32.02000045776367,32.290000915527344,31.59000015258789,31.770000457763672,35205700.0
2022-10-20T04:00:00Z,31.729999542236328,32.04999923706055,31.170000076293945,31.260000228881836,43124400.0
2022-10-21T04:00:00Z,31.350000381469727,32.220001220703125,31.1200008392334,32.189998626708984,54487300.0
2022-10-24T04:00:00Z,32.380001068115234,32.77000045776367,32.279998779296875,32.619998931884766,40117200.0
2022-10-25T04:00:00Z,32.45000076293945,33.06999969482422,32.38999938964844,33.0099983215332,33950300.0
2022-10-26T04:00:00Z,33.11000061035156,33.459999084472656,33.02000045776367,33.09000015258789,38012100.0
2022-10-27T04:00:00Z,33.400001525878906,33.72999954223633,33.29999923706055,33.36000061035156,41232200.0
2022-10-28T04:00:00Z,33.45000076293945,34.22999954223633,33.38999938964844,34.189998626708984,36421300.0
2022-10-31T04:00:00Z,33.970001220703125,34.209999084472656,33.93000030517578,33.97999954223633,40083800.0
2022-11-01T04:00:00Z,34.2599983215332,34.349998474121094,33.91999816894531,34.06999969482422,38946100.0
2022-11-02T04:00:00Z,34.0,34.599998474121094,33.61000061035156,33.63999938964844,58039800.0
2022-11-03T04:00:00Z,33.220001220703125,33.560001373291016,33.08000183105469,33.29999923706055,40828100.0
2022-11-04T04:00:00Z,33.779998779296875,34.09000015258789,33.43000030517578,33.90999984741211,41825600.0
2022-11-07T05:00:00Z,34.15999984741211,34.27000045776367,33.939998626708984,34.25,30060300.0
2022-11-08T05:00:00Z,34.2599983215332,34.619998931884766,34.09000015258789,34.45000076293945,34839600.0
2022-11-09T05:00:00Z,34.220001220703125,34.349998474121094,33.79999923706055,33.869998931884766,42126200.0
2022-11-10T05:00:00Z,34.900001525878906,35.630001068115234,34.810001373291016,35.58000183105469,67677700.0
2022-11-11T05:00:00Z,35.7599983215332,36.029998779296875,35.630001068115234,35.869998931884766,46076100.0
2022-11-14T05:00:00Z,35.77000045776367,35.79999923706055,35.33000183105469,35.36000061035156,38002700.0
2022-11-15T05:00:00Z,35.7400016784668,35.880001068115234,35.08000183105469,35.439998626708984,57802100.0
2022-11-16T05:00:00Z,35.41999816894531,35.5099983215332,35.150001525878906,35.27000045776367,32852400.0
2022-11-17T05:00:00Z,34.86000061035156,35.099998474121094,34.7599983215332,35.08000183105469,35706900.0
2022-11-18T05:00:00Z,35.54999923706055,35.599998474121094,35.08000183105469,35.369998931884766,39455400.0
2022-11-21T05:00:00Z,35.31999969482422,35.54999923706055,35.279998779296875,35.47999954223633,24630900.0
2022-11-22T05:00:00Z,35.66999816894531,35.880001068115234,35.66999816894531,35.84000015258789,29582300.0
2022-11-23T05:00:00Z,35.779998779296875,36.08000183105469,35.779998779296875,35.9900016784668,27916900.0
2022-11-25T05:00:00Z,36.029998779296875,36.15999984741211,35.959999084472656,36.11000061035156,11266500.0
2022-11-28T05:00:00Z,35.90999984741211,36.060001373291016,35.43000030517578,35.4900016784668,34196600.0
2022-11-29T05:00:00Z,35.45000076293945,35.779998779296875,35.40999984741211,35.70000076293945,31489600.0
2022-11-30T05:00:00Z,35.650001525878906,36.31999969482422,35.13999938964844,36.310001373291016,58607000.0
2022-12-01T05:00:00Z,36.4900016784668,36.4900016784668,35.81999969482422,36.099998474121094,58157600.0
2022-12-02T05:00:00Z,35.720001220703125,35.959999084472656,35.61000061035156,35.93000030517578,40483300.0
2022-12-05T05:00:00Z,35.65999984741211,35.720001220703125,34.849998474121094,35.040000915527344,53402000.0
2022-12-06T05:00:00Z,35.0,35.20000076293945,34.45000076293945,34.72999954223633,45102200.0
2022-12-07T05:00:00Z,34.59000015258789,34.97999954223633,34.5099983215332,34.59000015258789,37775900.0
2022-12-08T05:00:00Z,34.689998626708984,34.86000061035156,34.5,34.619998931884766,46600900.0
2022-12-09T05:00:00Z,34.4900016784668,34.779998779296875,34.47999954223633,34.529998779296875,40885600.0
2022-12-12T05:00:00Z,34.54999923706055,35.029998779296875,34.38999938964844,34.9900016784668,72570900.0
2022-12-13T05:00:00Z,35.900001525878906,35.900001525878906,34.849998474121094,35.08000183105469,55659000.0
2022-12-14T05:00:00Z,34.9900016784668,35.33000183105469,34.4900016784668,34.63999938964844,54685100.0
2022-12-15T05:00:00Z,34.099998474121094,34.2400016784668,33.7400016784668,33.959999084472656,70330100.0
2022-12-16T05:00:00Z,33.599998474121094,33.79999923706055,33.38999938964844,33.70000076293945,59619300.0
2022-12-19T05:00:00Z,33.400001525878906,33.7400016784668,33.189998626708984,33.400001525878906,37456800.0
2022-12-20T05:00:00Z,33.529998779296875,33.77000045776367,33.40999984741211,33.540000915527344,45446400.0
2022-12-21T05:00:00Z,33.86000061035156,34.15999984741211,33.84000015258789,34.060001373291016,31318100.0
2022-12-22T05:00:00Z,33.84000015258789,33.869998931884766,33.209999084472656,33.7599983215332,25605100.0
2022-12-23T05:00:00Z,33.7400016784668,34.0,33.56999969482422,33.95000076293945,17116200.0
2022-12-27T05:00:00Z,34.02000045776367,34.099998474121094,33.79999923706055,33.939998626708984,25601100.0
2022-12-28T05:00:00Z,34.0,34.09000015258789,33.779998779296875,33.81999969482422,24395100.0
2022-12-29T05:00:00Z,34.0,34.349998474121094,33.91999816894531,34.290000915527344,26624200.0
2022-12-30T05:00:00Z,34.040000915527344,34.27000045776367,33.91999816894531,34.20000076293945,24735700.0
2023-01-03T05:00:00Z,34.45000076293945,34.689998626708984,34.06999969482422,34.31999969482422,37396500.0
2023-01-04T05:00:00Z,34.66999816894531,35.119998931884766,34.56999969482422,34.869998931884766,44669300.0
2023-01-05T05:00:00Z,34.75,34.75,34.369998931884766,34.61000061035156,45585700.0
2023-01-06T05:00:00Z,34.84000015258789,35.4900016784668,34.599998474121094,35.380001068115234,41229700.0
2023-01-09T05:00:00Z,35.5,35.70000076293945,35.15999984741211,35.25,48726600.0
2023-01-10T05:00:00Z,35.189998626708984,35.47999954223633,35.06999969482422,35.45000076293945,34663700.0
2023-01-11T05:00:00Z,35.540000915527344,35.779998779296875,35.470001220703125,35.779998779296875,32014700.0
2023-01-12T05:00:00Z,35.900001525878906,36.060001373291016,35.619998931884766,35.849998474121094,56642400.0
2023-01-13T05:00:00Z,35.38999938964844,36.16999816894531,35.2599983215332,36.119998931884766,65920900.0
2023-01-17T05:00:00Z,36.029998779296875,36.04999923706055,35.77000045776367,35.880001068115234,65345200.0
2023-01-18T05:00:00Z,35.68000030517578,35.900001525878906,35.18000030517578,35.209999084472656,53693000.0
2023-01-19T05:00:00Z,34.779998779296875,34.97999954223633,34.560001373291016,34.79999923706055,61169500.0
2023-01-20T05:00:00Z,34.900001525878906,35.369998931884766,34.7400016784668,35.349998474121094,42330100.0
2023-01-23T05:00:00Z,35.380001068115234,35.90999984741211,35.27000045776367,35.7599983215332,44997300.0
2023-01-24T05:00:00Z,35.70000076293945,35.939998626708984,35.29999923706055,35.779998779296875,34333500.0
2023-01-25T05:00:00Z,35.470001220703125,36.06999969482422,35.459999084472656,36.060001373291016,38458700.0
2023-01-26T05:00:00Z,36.150001525878906,36.310001373291016,35.90999984741211,36.25,29944200.0
2023-01-27T05:00:00Z,36.20000076293945,36.459999084472656,36.150001525878906,36.25,30787400.0
2023-01-30T05:00:00Z,36.060001373291016,36.33000183105469,36.0099983215332,36.06999969482422,31595000.0
2023-01-31T05:00:00Z,36.13999938964844,36.56999969482422,35.970001220703125,36.560001373291016,30282100.0
2023-02-01T05:00:00Z,36.18000030517578,36.880001068115234,36.099998474121094,36.560001373291016,51418700.0
2023-02-02T05:00:00Z,36.7599983215332,36.810001373291016,36.369998931884766,36.65999984741211,42107300.0
2023-02-03T05:00:00Z,36.369998931884766,36.900001525878906,36.36000061035156,36.59000015258789,43155000.0
2023-02-06T05:00:00Z,36.380001068115234,36.59000015258789,36.29999923706055,36.58000183105469,32273600.0
2023-02-07T05:00:00Z,36.349998474121094,37.11000061035156,36.349998474121094,37.0,33000500.0
2023-02-08T05:00:00Z,36.72999954223633,37.099998474121094,36.68000030517578,36.779998779296875,34555500.0
2023-02-09T05:00:00Z,36.93000030517578,37.040000915527344,36.290000915527344,36.369998931884766,44329600.0
2023-02-10T05:00:00Z,36.189998626708984,36.52000045776367,36.06999969482422,36.4900016784668,28108900.0
2023-02-13T05:00:00Z,36.470001220703125,36.90999984741211,36.439998626708984,36.90999984741211,32209000.0
2023-02-14T05:00:00Z,36.84000015258789,37.08000183105469,36.47999954223633,36.709999084472656,33525300.0
2023-02-15T05:00:00Z,36.41999816894531,36.77000045776367,36.369998931884766,36.75,28510000.0
2023-02-16T05:00:00Z,36.400001525878906,36.65999984741211,36.310001373291016,36.380001068115234,34379100.0
2023-02-17T05:00:00Z,36.20000076293945,36.439998626708984,36.09000015258789,36.38999938964844,35889800.0
2023-02-21T05:00:00Z,36.08000183105469,36.130001068115234,35.47999954223633,35.63999938964844,36425200.0
2023-02-22T05:00:00Z,35.63999938964844,35.779998779296875,35.40999984741211,35.599998474121094,31065200.0
2023-02-23T05:00:00Z,35.75,35.91999816894531,35.29999923706055,35.630001068115234,42357600.0
2023-02-24T05:00:00Z,35.31999969482422,35.77000045776367,35.2599983215332,35.65999984741211,48732600.0
2023-02-27T05:00:00Z,35.9900016784668,36.04999923706055,35.58000183105469,35.650001525878906,31664600.0
2023-02-28T05:00:00Z,35.70000076293945,35.900001525878906,35.61000061035156,35.720001220703125,32531400.0
2023-03-01T05:00:00Z,35.560001373291016,35.7599983215332,35.459999084472656,35.599998474121094,32790300.0
2023-03-02T05:00:00Z,35.38999938964844,35.470001220703125,35.0099983215332,35.43000030517578,38401900.0
2023-03-03T05:00:00Z,35.56999969482422,36.0,35.5,35.9900016784668,33091600.0
2023-03-06T05:00:00Z,36.0099983215332,36.2400016784668,35.90999984741211,36.02000045776367,30111100.0
2023-03-07T05:00:00Z,35.88999938964844,35.91999816894531,35.0,35.09000015258789,53804400.0
2023-03-08T05:00:00Z,35.04999923706055,35.2400016784668,34.779998779296875,34.959999084472656,50860300.0
2023-03-09T05:00:00Z,34.7599983215332,34.81999969482422,33.369998931884766,33.540000915527344,107108500.0
2023-03-10T05:00:00Z,33.150001525878906,33.720001220703125,32.529998779296875,32.93000030517578,166569400.0
2023-03-13T04:00:00Z,31.760000228881836,32.31999969482422,31.3700008392334,31.6299991607666,165965900.0
2023-03-14T04:00:00Z,32.84000015258789,32.849998474121094,31.8700008392334,32.27000045776367,128115500.0
2023-03-15T04:00:00Z,31.360000610351562,31.540000915527344,30.959999084472656,31.40999984741211,132235000.0
2023-03-16T04:00:00Z,31.200000762939453,32.34000015258789,30.899999618530273,32.0099983215332,133892600.0
2023-03-17T04:00:00Z,31.709999084472656,31.709999084472656,30.899999618530273,30.979999542236328,136760600.0
2023-03-20T04:00:00Z,31.06999969482422,31.440000534057617,31.020000457763672,31.170000076293945,75384500.0
2023-03-21T04:00:00Z,31.8799991607666,32.040000915527344,31.809999465942383,31.959999084472656,115899200.0
2023-03-22T04:00:00Z,31.959999084472656,32.04999923706055,31.200000762939453,31.219999313354492,67874100.0
2023-03-23T04:00:00Z,31.280000686645508,31.600000381469727,30.790000915527344,31.010000228881836,82366300.0
2023-03-24T04:00:00Z,30.6299991607666,31.020000457763672,30.389999389648438,30.989999771118164,76619100.0
2023-03-27T04:00:00Z,31.520000457763672,31.59000015258789,31.239999771118164,31.420000076293945,61393300.0
2023-03-28T04:00:00Z,31.3799991607666,31.520000457763672,31.219999313354492,31.40999984741211,42980100.0
2023-03-29T04:00:00Z,31.75,31.8799991607666,31.610000610351562,31.8700008392334,52147200.0
2023-03-30T04:00:00Z,32.099998474121094,32.119998931884766,31.6200008392334,31.799999237060547,45061700.0
2023-03-31T04:00:00Z,31.979999542236328,32.15999984741211,31.860000610351562,32.150001525878906,49034400.0
2023-04-03T04:00:00Z,32.119998931884766,32.34000015258789,32.02000045776367,32.209999084472656,51213500.0
2023-04-04T04:00:00Z,32.290000915527344,32.34000015258789,31.700000762939453,31.90999984741211,45939300.0
2023-04-05T04:00:00Z,31.670000076293945,31.959999084472656,31.65999984741211,31.8700008392334,57965300.0
2023-04-06T04:00:00Z,31.809999465942383,32.04999923706055,31.780000686645508,31.989999771118164,36762300.0
2023-04-10T04:00:00Z,31.8700008392334,32.06999969482422,31.799999237060547,32.060001373291016,27900700.0
2023-04-11T04:00:00Z,32.13999938964844,32.47999954223633,32.119998931884766,32.34000015258789,53912600.0
2023-04-12T04:00:00Z,32.5,32.66999816894531,32.189998626708984,32.27000045776367,63645800.0
2023-04-13T04:00:00Z,32.290000915527344,32.58000183105469,32.06999969482422,32.560001373291016,58550300.0
2023-04-14T04:00:00Z,32.900001525878906,33.150001525878906,32.720001220703125,32.880001068115234,65276200.0
2023-04-17T04:00:00Z,32.86000061035156,33.27000045776367,32.720001220703125,33.2599983215332,69670600.0
2023-04-18T04:00:00Z,33.33000183105469,33.43000030517578,33.08000183105469,33.36000061035156,49507500.0
2023-04-19T04:00:00Z,33.310001373291016,33.529998779296875,33.25,33.439998626708984,39478900.0
2023-04-20T04:00:00Z,33.220001220703125,33.43000030517578,33.209999084472656,33.34000015258789,39291800.0
2023-04-21T04:00:00Z,33.2400016784668,33.2599983215332,33.029998779296875,33.220001220703125,41545000.0
2023-04-24T04:00:00Z,33.20000076293945,33.31999969482422,33.060001373291016,33.13999938964844,32774200.0
2023-04-25T04:00:00Z,32.93000030517578,32.9900016784668,32.560001373291016,32.56999969482422,58534300.0
2023-04-26T04:00:00Z,32.47999954223633,32.65999984741211,32.119998931884766,32.2599983215332,54294200.0
2023-04-27T04:00:00Z,32.380001068115234,32.84000015258789,32.380001068115234,32.779998779296875,46398800.0
2023-04-28T04:00:00Z,32.619998931884766,33.20000076293945,32.54999923706055,33.16999816894531,54598700.0
2023-05-01T04:00:00Z,33.2599983215332,33.43000030517578,33.040000915527344,33.08000183105469,31950600.0
2023-05-02T04:00:00Z,32.95000076293945,32.959999084472656,32.029998779296875,32.33000183105469,76096700.0
2023-05-03T04:00:00Z,32.369998931884766,32.529998779296875,31.93000030517578,31.959999084472656,65642400.0
2023-05-04T04:00:00Z,31.68000030517578,31.850000381469727,31.260000228881836,31.549999237060547,76076600.0
2023-05-05T04:00:00Z,32.06999969482422,32.380001068115234,32.02000045776367,32.33000183105469,55019400.0
2023-05-08T04:00:00Z,32.5099983215332,32.619998931884766,32.34000015258789,32.380001068115234,34323600.0
2023-05-09T04:00:00Z,32.13999938964844,32.38999938964844,32.06999969482422,32.2599983215332,29736200.0
2023-05-10T04:00:00Z,32.470001220703125,32.540000915527344,31.799999237060547,32.08000183105469,39706100.0
2023-05-11T04:00:00Z,31.8799991607666,32.08000183105469,31.739999771118164,32.029998779296875,36693200.0
2023-05-12T04:00:00Z,32.2400016784668,32.2400016784668,31.690000534057617,31.899999618530273,36253000.0
2023-05-15T04:00:00Z,31.959999084472656,32.220001220703125,31.899999618530273,32.15999984741211,33208500.0
2023-05-16T04:00:00Z,32.099998474121094,32.189998626708984,31.84000015258789,31.860000610351562,31241400.0
2023-05-17T04:00:00Z,32.11000061035156,32.59000015258789,32.040000915527344,32.5,46818800.0
2023-05-18T04:00:00Z,32.439998626708984,32.779998779296875,32.31999969482422,32.7400016784668,42232500.0
2023-05-19T04:00:00Z,32.81999969482422,32.91999816894531,32.45000076293945,32.599998474121094,40132900.0
2023-05-22T04:00:00Z,32.709999084472656,32.779998779296875,32.459999084472656,32.65999984741211,35286200.0
2023-05-23T04:00:00Z,32.52000045776367,32.689998626708984,32.2599983215332,32.279998779296875,42217200.0
2023-05-24T04:00:00Z,32.040000915527344,32.06999969482422,31.790000915527344,31.860000610351562,46610700.0
2023-05-25T04:00:00Z,31.780000686645508,31.959999084472656,31.65999984741211,31.850000381469727,41658900.0
2023-05-26T04:00:00Z,31.920000076293945,32.189998626708984,31.8700008392334,32.11000061035156,44183000.0
2023-05-30T04:00:00Z,32.15999984741211,32.22999954223633,31.889999389648438,32.099998474121094,57900500.0
2023-05-31T04:00:00Z,31.90999984741211,31.940000534057617,31.489999771118164,31.760000228881836,67667900.0
2023-06-01T04:00:00Z,31.940000534057617,32.16999816894531,31.719999313354492,32.099998474121094,48643400.0
2023-06-02T04:00:00Z,32.40999984741211,32.91999816894531,32.40999984741211,32.79999923706055,65752900.0
2023-06-05T04:00:00Z,32.84000015258789,32.84000015258789,32.47999954223633,32.630001068115234,53591100.0
2023-06-06T04:00:00Z,32.599998474121094,33.09000015258789,32.58000183105469,33.040000915527344,46236100.0
2023-06-07T04:00:00Z,33.06999969482422,33.2400016784668,32.869998931884766,33.16999816894531,48467100.0
2023-06-08T04:00:00Z,33.060001373291016,33.189998626708984,32.880001068115234,33.13999938964844,36261200.0
2023-06-09T04:00:00Z,33.08000183105469,33.290000915527344,33.060001373291016,33.150001525878906,34021700.0
2023-06-12T04:00:00Z,33.18000030517578,33.27000045776367,32.88999938964844,33.13999938964844,33655200.0
2023-06-13T04:00:00Z,33.11000061035156,33.47999954223633,33.06999969482422,33.34000015258789,46054400.0
2023-06-14T04:00:00Z,33.41999816894531,33.59000015258789,33.099998474121094,33.209999084472656,57195400.0
2023-06-15T04:00:00Z,33.099998474121094,33.72999954223633,33.06999969482422,33.650001525878906,52241800.0
2023-06-16T04:00:00Z,33.79999923706055,33.83000183105469,33.540000915527344,33.58000183105469,49861100.0
2023-06-20T04:00:00Z,33.209999084472656,33.27000045776367,32.97999954223633,33.18000030517578,50683100.0
2023-06-21T04:00:00Z,33.099998474121094,33.29999923706055,33.0,33.13999938964844,35967600.0
2023-06-22T04:00:00Z,33.08000183105469,33.09000015258789,32.77000045776367,32.880001068115234,38690000.0
2023-06-23T04:00:00Z,32.630001068115234,32.849998474121094,32.52000045776367,32.7400016784668,35529600.0
2023-06-26T04:00:00Z,32.689998626708984,32.939998626708984,32.58000183105469,32.66999816894531,25728300.0
2023-06-27T04:00:00Z,32.72999954223633,33.0,32.709999084472656,32.93000030517578,34348100.0
2023-06-28T04:00:00Z,32.88999938964844,32.900001525878906,32.70000076293945,32.849998474121094,36663200.0
2023-06-29T04:00:00Z,33.02000045776367,33.41999816894531,32.97999954223633,33.41999816894531,47471000.0
2023-06-30T04:00:00Z,33.63999938964844,33.849998474121094,33.58000183105469,33.709999084472656,44762300.0
2023-07-03T04:00:00Z,33.709999084472656,34.0,33.65999984741211,33.900001525878906,19128000.0
2023-07-05T04:00:00Z,33.70000076293945,33.91999816894531,33.599998474121094,33.83000183105469,39831600.0
2023-07-06T04:00:00Z,33.54999923706055,33.58000183105469,33.25,33.540000915527344,45808400.0
2023-07-07T04:00:00Z,33.400001525878906,33.869998931884766,33.400001525878906,33.59000015258789,33488700.0
2023-07-10T04:00:00Z,33.599998474121094,33.93000030517578,33.56999969482422,33.7400016784668,27254400.0
2023-07-11T04:00:00Z,33.86000061035156,34.18000030517578,33.790000915527344,34.13999938964844,33744600.0
2023-07-12T04:00:00Z,34.41999816894531,34.599998474121094,34.27000045776367,34.36000061035156,46546000.0
2023-07-13T04:00:00Z,34.40999984741211,34.529998779296875,34.349998474121094,34.47999954223633,40453700.0
2023-07-14T04:00:00Z,34.72999954223633,34.7400016784668,34.20000076293945,34.25,47552700.0
2023-07-17T04:00:00Z,34.209999084472656,34.68000030517578,34.209999084472656,34.58000183105469,38568900.0
2023-07-18T04:00:00Z,34.65999984741211,35.0,34.61000061035156,34.970001220703125,47160800.0
2023-07-19T04:00:00Z,34.970001220703125,35.2599983215332,34.959999084472656,35.119998931884766,45599800.0
2023-07-20T04:00:00Z,35.060001373291016,35.38999938964844,35.04999923706055,35.380001068115234,45591500.0
2023-07-21T04:00:00Z,35.439998626708984,35.459999084472656,35.16999816894531,35.2599983215332,30615700.0
2023-07-24T04:00:00Z,35.279998779296875,35.709999084472656,35.27000045776367,35.599998474121094,32299800.0
2023-07-25T04:00:00Z,35.5,35.58000183105469,35.34000015258789,35.369998931884766,36218600.0
2023-07-26T04:00:00Z,35.33000183105469,35.689998626708984,35.279998779296875,35.58000183105469,35638700.0
2023-07-27T04:00:00Z,35.58000183105469,35.66999816894531,35.08000183105469,35.130001068115234,44072800.0
2023-07-28T04:00:00Z,35.40999984741211,35.41999816894531,35.0099983215332,35.20000076293945,32422700.0
2023-07-31T04:00:00Z,35.27000045776367,35.439998626708984,35.18000030517578,35.33000183105469,28627000.0
2023-08-01T04:00:00Z,35.2599983215332,35.36000061035156,35.13999938964844,35.33000183105469,26480300.0
2023-08-02T04:00:00Z,35.029998779296875,35.15999984741211,34.83000183105469,35.029998779296875,48923800.0
2023-08-03T04:00:00Z,34.81999969482422,35.130001068115234,34.720001220703125,35.04999923706055,31861600.0
2023-08-04T04:00:00Z,35.02000045776367,35.36000061035156,34.880001068115234,34.90999984741211,36195700.0
2023-08-07T04:00:00Z,35.130001068115234,35.459999084472656,35.119998931884766,35.400001525878906,33119300.0
2023-08-08T04:00:00Z,34.939998626708984,35.11000061035156,34.66999816894531,35.08000183105469,37254800.0
2023-08-09T04:00:00Z,35.060001373291016,35.15999984741211,34.779998779296875,34.81999969482422,38304200.0
2023-08-10T04:00:00Z,35.0,35.2599983215332,34.7599983215332,34.849998474121094,38097500.0
2023-08-11T04:00:00Z,34.7400016784668,34.97999954223633,34.65999984741211,34.91999816894531,27518700.0
2023-08-14T04:00:00Z,34.81999969482422,34.91999816894531,34.689998626708984,34.849998474121094,23773800.0
2023-08-15T04:00:00Z,34.560001373291016,34.599998474121094,34.16999816894531,34.209999084472656,57472100.0
2023-08-16T04:00:00Z,34.150001525878906,34.41999816894531,34.119998931884766,34.15999984741211,33566500.0
2023-08-17T04:00:00Z,34.27000045776367,34.31999969482422,33.88999938964844,33.9900016784668,38205400.0
2023-08-18T04:00:00Z,33.75,34.08000183105469,33.720001220703125,33.97999954223633,40860000.0
2023-08-21T04:00:00Z,34.029998779296875,34.099998474121094,33.66999816894531,33.939998626708984,32308300.0
2023-08-22T04:00:00Z,33.95000076293945,33.9900016784668,33.56999969482422,33.619998931884766,43133000.0
2023-08-23T04:00:00Z,33.68000030517578,33.959999084472656,33.630001068115234,33.95000076293945,30240500.0
2023-08-24T04:00:00Z,33.900001525878906,34.310001373291016,33.83000183105469,33.83000183105469,35784900.0
2023-08-25T04:00:00Z,33.970001220703125,34.119998931884766,33.709999084472656,33.9900016784668,40347200.0
2023-08-28T04:00:00Z,34.099998474121094,34.29999923706055,34.06999969482422,34.18000030517578,34905300.0
2023-08-29T04:00:00Z,34.150001525878906,34.5,34.099998474121094,34.4900016784668,43394300.0
2023-08-30T04:00:00Z,34.540000915527344,34.709999084472656,34.439998626708984,34.5099983215332,33799900.0
2023-08-31T04:00:00Z,34.61000061035156,34.619998931884766,34.34000015258789,34.380001068115234,27999700.0
2023-09-01T04:00:00Z,34.59000015258789,34.79999923706055,34.560001373291016,34.689998626708984,41075700.0
2023-09-05T04:00:00Z,34.650001525878906,34.790000915527344,34.33000183105469,34.34000015258789,38612300.0
2023-09-06T04:00:00Z,34.25,34.38999938964844,34.06999969482422,34.31999969482422,35672800.0
2023-09-07T04:00:00Z,34.18000030517578,34.380001068115234,34.130001068115234,34.22999954223633,47632600.0
2023-09-08T04:00:00Z,34.2599983215332,34.369998931884766,34.130001068115234,34.29999923706055,39720800.0
2023-09-11T04:00:00Z,34.459999084472656,34.63999938964844,34.369998931884766,34.459999084472656,28965100.0
2023-09-12T04:00:00Z,34.45000076293945,34.939998626708984,34.40999984741211,34.689998626708984,48615200.0
2023-09-13T04:00:00Z,34.849998474121094,34.88999938964844,34.560001373291016,34.689998626708984,31994900.0
2023-09-14T04:00:00Z,34.93000030517578,35.060001373291016,34.7599983215332,35.0099983215332,65685500.0
2023-09-15T04:00:00Z,34.779998779296875,35.040000915527344,34.7599983215332,34.83000183105469,51800200.0
2023-09-18T04:00:00Z,34.630001068115234,34.81999969482422,34.52000045776367,34.77000045776367,32458700.0
2023-09-19T04:00:00Z,34.79999923706055,34.869998931884766,34.5099983215332,34.72999954223633,36112900.0
2023-09-20T04:00:00Z,34.849998474121094,34.959999084472656,34.47999954223633,34.4900016784668,31618000.0
2023-09-21T04:00:00Z,34.369998931884766,34.369998931884766,33.91999816894531,33.91999816894531,48103300.0
2023-09-22T04:00:00Z,33.970001220703125,34.0,33.65999984741211,33.65999984741211,41688300.0
2023-09-25T04:00:00Z,33.59000015258789,33.7599983215332,33.47999954223633,33.7400016784668,40141700.0
2023-09-26T04:00:00Z,33.4900016784668,33.63999938964844,33.22999954223633,33.290000915527344,46165400.0
2023-09-27T04:00:00Z,33.380001068115234,33.380001068115234,32.95000076293945,33.2400016784668,49360900.0
2023-09-28T04:00:00Z,33.27000045776367,33.599998474121094,33.2599983215332,33.47999954223633,63638100.0
2023-09-29T04:00:00Z,33.63999938964844,33.689998626708984,33.09000015258789,33.16999816894531,52860500.0
2023-10-02T04:00:00Z,33.060001373291016,33.13999938964844,32.709999084472656,32.88999938964844,49350600.0
2023-10-03T04:00:00Z,32.72999954223633,32.81999969482422,32.2400016784668,32.369998931884766,52921800.0
2023-10-04T04:00:00Z,32.380001068115234,32.630001068115234,32.209999084472656,32.61000061035156,40136000.0
2023-10-05T04:00:00Z,32.52000045776367,32.81999969482422,32.45000076293945,32.7599983215332,41407800.0
2023-10-06T04:00:00Z,32.619998931884766,33.22999954223633,32.5099983215332,33.040000915527344,54057800.0
2023-10-09T04:00:00Z,32.7400016784668,33.130001068115234,32.709999084472656,33.060001373291016,61396600.0
2023-10-10T04:00:00Z,33.15999984741211,33.5099983215332,33.150001525878906,33.29999923706055,44743400.0
2023-10-11T04:00:00Z,33.400001525878906,33.529998779296875,33.099998474121094,33.349998474121094,35746400.0
2023-10-12T04:00:00Z,33.45000076293945,33.45000076293945,32.90999984741211,33.13999938964844,41991200.0
2023-10-13T04:00:00Z,33.349998474121094,33.65999984741211,33.029998779296875,33.209999084472656,53213800.0
2023-10-16T04:00:00Z,33.459999084472656,33.720001220703125,33.38999938964844,33.560001373291016,45589300.0
2023-10-17T04:00:00Z,33.40999984741211,33.939998626708984,33.400001525878906,33.720001220703125,41925200.0
2023-10-18T04:00:00Z,33.54999923706055,33.58000183105469,33.06999969482422,33.13999938964844,46942100.0
2023-10-19T04:00:00Z,33.08000183105469,33.2599983215332,32.68000030517578,32.70000076293945,66656200.0
2023-10-20T04:00:00Z,32.689998626708984,32.75,32.16999816894531,32.20000076293945,59921300.0
2023-10-23T04:00:00Z,32.130001068115234,32.36000061035156,31.969999313354492,32.0,55913700.0
2023-10-24T04:00:00Z,32.150001525878906,32.369998931884766,32.04999923706055,32.220001220703125,35825000.0
2023-10-25T04:00:00Z,32.099998474121094,32.31999969482422,32.0099983215332,32.099998474121094,59240100.0
2023-10-26T04:00:00Z,32.02000045776367,32.349998474121094,31.969999313354492,32.029998779296875,56046100.0
2023-10-27T04:00:00Z,31.989999771118164,32.029998779296875,31.360000610351562,31.450000762939453,73057300.0
2023-10-30T04:00:00Z,31.670000076293945,32.09000015258789,31.59000015258789,32.0099983215332,48978100.0
2023-10-31T04:00:00Z,32.06999969482422,32.369998931884766,32.0099983215332,32.36000061035156,41050100.0
2023-11-01T04:00:00Z,32.41999816894531,32.70000076293945,32.349998474121094,32.56999969482422,51764100.0
2023-11-02T04:00:00Z,32.869998931884766,33.36000061035156,32.810001373291016,33.34000015258789,47417000.0
2023-11-03T04:00:00Z,33.65999984741211,33.939998626708984,33.650001525878906,33.779998779296875,58801300.0
2023-11-06T05:00:00Z,33.869998931884766,33.91999816894531,33.5,33.68000030517578,40599700.0
2023-11-07T05:00:00Z,33.58000183105469,33.709999084472656,33.52000045776367,33.630001068115234,27442000.0
2023-11-08T05:00:00Z,33.619998931884766,33.70000076293945,33.459999084472656,33.66999816894531,30165800.0
2023-11-09T05:00:00Z,33.779998779296875,33.83000183105469,33.470001220703125,33.529998779296875,34336600.0
2023-11-10T05:00:00Z,33.689998626708984,33.939998626708984,33.4900016784668,33.90999984741211,35146100.0
2023-11-13T05:00:00Z,33.790000915527344,33.95000076293945,33.7400016784668,33.86000061035156,28327300.0
2023-11-14T05:00:00Z,34.22999954223633,34.689998626708984,34.20000076293945,34.5,54296300.0
2023-11-15T05:00:00Z,34.560001373291016,34.790000915527344,34.54999923706055,34.689998626708984,35000200.0
2023-11-16T05:00:00Z,34.790000915527344,34.869998931884766,34.68000030517578,34.83000183105469,33222500.0
2023-11-17T05:00:00Z,34.959999084472656,35.02000045776367,34.869998931884766,35.0099983215332,31336100.0
2023-11-20T05:00:00Z,34.959999084472656,35.22999954223633,34.88999938964844,35.150001525878906,37285400.0
2023-11-21T05:00:00Z,35.099998474121094,35.220001220703125,35.06999969482422,35.130001068115234,27285700.0
2023-11-22T05:00:00Z,35.209999084472656,35.34000015258789,35.150001525878906,35.27000045776367,32719200.0
2023-11-24T05:00:00Z,35.27000045776367,35.439998626708984,35.2599983215332,35.380001068115234,13168500.0
2023-11-27T05:00:00Z,35.25,35.31999969482422,35.18000030517578,35.2599983215332,35017000.0
2023-11-28T05:00:00Z,35.220001220703125,35.369998931884766,35.15999984741211,35.25,39329300.0
2023-11-29T05:00:00Z,35.349998474121094,35.709999084472656,35.349998474121094,35.5,36651300.0
2023-11-30T05:00:00Z,35.58000183105469,35.900001525878906,35.470001220703125,35.900001525878906,37334500.0
2023-12-01T05:00:00Z,35.84000015258789,36.209999084472656,35.779998779296875,36.16999816894531,51267600.0
2023-12-04T05:00:00Z,35.959999084472656,36.27000045776367,35.91999816894531,36.130001068115234,41366600.0
2023-12-05T05:00:00Z,36.02000045776367,36.029998779296875,35.790000915527344,35.95000076293945,39510900.0
2023-12-06T05:00:00Z,36.150001525878906,36.279998779296875,35.720001220703125,35.77000045776367,35616100.0
2023-12-07T05:00:00Z,35.86000061035156,35.959999084472656,35.77000045776367,35.939998626708984,26050900.0
2023-12-08T05:00:00Z,35.900001525878906,36.189998626708984,35.86000061035156,36.130001068115234,33213100.0
2023-12-11T05:00:00Z,36.13999938964844,36.41999816894531,36.13999938964844,36.349998474121094,31165700.0
2023-12-12T05:00:00Z,36.439998626708984,36.619998931884766,36.290000915527344,36.61000061035156,37245700.0
2023-12-13T05:00:00Z,36.619998931884766,37.2400016784668,36.54999923706055,37.20000076293945,56989000.0
2023-12-14T05:00:00Z,37.5,37.709999084472656,37.369998931884766,37.56999969482422,66865700.0
2023-12-15T05:00:00Z,37.2599983215332,37.439998626708984,37.189998626708984,37.349998474121094,69246200.0
2023-12-18T05:00:00Z,37.349998474121094,37.41999816894531,37.25,37.290000915527344,43434000.0
2023-12-19T05:00:00Z,37.27000045776367,37.58000183105469,37.16999816894531,37.56999969482422,32509000.0
2023-12-20T05:00:00Z,37.470001220703125,37.560001373291016,36.900001525878906,36.900001525878906,52985700.0
2023-12-21T05:00:00Z,37.060001373291016,37.27000045776367,36.91999816894531,37.2599983215332,27522200.0
2023-12-22T05:00:00Z,37.369998931884766,37.4900016784668,37.20000076293945,37.34000015258789,30331400.0
2023-12-26T05:00:00Z,37.369998931884766,37.560001373291016,37.310001373291016,37.4900016784668,17837600.0
2023-12-27T05:00:00Z,37.40999984741211,37.61000061035156,37.349998474121094,37.61000061035156,32640800.0
2023-12-28T05:00:00Z,37.54999923706055,37.79999923706055,37.540000915527344,37.720001220703125,25308000.0
2023-12-29T05:00:00Z,37.709999084472656,37.77000045776367,37.4900016784668,37.599998474121094,30218300.0
2024-01-02T05:00:00Z,37.5,37.779998779296875,37.43000030517578,37.7599983215332,31351900.0
2024-01-03T05:00:00Z,37.59000015258789,37.650001525878906,37.380001068115234,37.439998626708984,46909000.0
2024-01-04T05:00:00Z,37.56999969482422,37.88999938964844,37.52000045776367,37.59000015258789,36904200.0
2024-01-05T05:00:00Z,37.59000015258789,37.95000076293945,37.56999969482422,37.75,44852300.0
2024-01-08T05:00:00Z,37.7599983215332,38.0099983215332,37.560001373291016,37.9900016784668,39098300.0
2024-01-09T05:00:00Z,37.790000915527344,37.79999923706055,37.630001068115234,37.75,36338100.0
2024-01-10T05:00:00Z,37.689998626708984,37.84000015258789,37.56999969482422,37.810001373291016,37095500.0
2024-01-11T05:00:00Z,37.7599983215332,37.810001373291016,37.369998931884766,37.66999816894531,49043500.0
2024-01-12T05:00:00Z,37.849998474121094,37.9900016784668,37.45000076293945,37.599998474121094,41333900.0
2024-01-16T05:00:00Z,37.279998779296875,37.40999984741211,37.130001068115234,37.34000015258789,44042100.0
2024-01-17T05:00:00Z,37.02000045776367,37.41999816894531,37.0,37.27000045776367,38715900.0
2024-01-18T05:00:00Z,37.220001220703125,37.369998931884766,36.95000076293945,37.33000183105469,42064900.0
2024-01-19T05:00:00Z,37.470001220703125,37.97999954223633,37.349998474121094,37.93000030517578,59417700.0
2024-01-22T05:00:00Z,38.09000015258789,38.29999923706055,38.02000045776367,38.11000061035156,51828800.0
2024-01-23T05:00:00Z,38.09000015258789,38.20000076293945,38.0099983215332,38.16999816894531,46255500.0
2024-01-24T05:00:00Z,38.33000183105469,38.529998779296875,38.290000915527344,38.31999969482422,43975500.0
2024-01-25T05:00:00Z,38.470001220703125,38.54999923706055,38.27000045776367,38.5099983215332,50693800.0
2024-01-26T05:00:00Z,38.45000076293945,38.720001220703125,38.40999984741211,38.650001525878906,38620200.0
2024-01-29T05:00:00Z,38.529998779296875,38.779998779296875,38.43000030517578,38.75,44175600.0
2024-01-30T05:00:00Z,38.790000915527344,39.279998779296875,38.77000045776367,39.2400016784668,43229300.0
2024-01-31T05:00:00Z,39.15999984741211,39.45000076293945,38.7400016784668,38.7599983215332,65780900.0
2024-02-01T05:00:00Z,38.689998626708984,38.849998474121094,38.25,38.81999969482422,63445600.0
2024-02-02T05:00:00Z,38.689998626708984,39.15999984741211,38.66999816894531,38.97999954223633,61778400.0
2024-02-05T05:00:00Z,38.7599983215332,38.880001068115234,38.58000183105469,38.75,37351300.0
2024-02-06T05:00:00Z,38.70000076293945,38.88999938964844,38.650001525878906,38.83000183105469,41055700.0
2024-02-07T05:00:00Z,39.040000915527344,39.16999816894531,38.77000045776367,39.119998931884766,39018700.0
2024-02-08T05:00:00Z,38.939998626708984,39.09000015258789,38.720001220703125,38.970001220703125,47331500.0
2024-02-09T05:00:00Z,38.91999816894531,39.099998474121094,38.81999969482422,39.08000183105469,50680400.0
2024-02-12T05:00:00Z,39.08000183105469,39.43000030517578,38.9900016784668,39.2599983215332,39952700.0
2024-02-13T05:00:00Z,38.959999084472656,39.060001373291016,38.41999816894531,38.72999954223633,62948300.0
2024-02-14T05:00:00Z,38.959999084472656,39.130001068115234,38.810001373291016,39.099998474121094,58722500.0
2024-02-15T05:00:00Z,39.220001220703125,39.849998474121094,39.209999084472656,39.77000045776367,58107900.0
2024-02-16T05:00:00Z,39.72999954223633,39.810001373291016,39.54999923706055,39.630001068115234,37900000.0
2024-02-20T05:00:00Z,39.349998474121094,39.65999984741211,39.31999969482422,39.52000045776367,39952200.0
2024-02-21T05:00:00Z,39.470001220703125,39.63999938964844,39.33000183105469,39.63999938964844,40242400.0
2024-02-22T05:00:00Z,39.86000061035156,40.2400016784668,39.790000915527344,40.099998474121094,55188200.0
2024-02-23T05:00:00Z,40.25,40.470001220703125,40.220001220703125,40.29999923706055,42190500.0
2024-02-26T05:00:00Z,40.2599983215332,40.529998779296875,40.029998779296875,40.099998474121094,38370000.0
2024-02-27T05:00:00Z,40.13999938964844,40.220001220703125,39.939998626708984,40.209999084472656,42599500.0
2024-02-28T05:00:00Z,40.130001068115234,40.5,40.119998931884766,40.36000061035156,40040800.0
2024-02-29T05:00:00Z,40.459999084472656,40.54999923706055,40.16999816894531,40.34000015258789,37629700.0
2024-03-01T05:00:00Z,40.33000183105469,40.41999816894531,40.15999984741211,40.290000915527344,40794900.0
2024-03-04T05:00:00Z,40.220001220703125,40.5,40.209999084472656,40.38999938964844,53413200.0
2024-03-05T05:00:00Z,40.25,40.630001068115234,40.25,40.400001525878906,50770200.0
2024-03-06T05:00:00Z,40.459999084472656,40.72999954223633,40.279998779296875,40.61000061035156,58459500.0
2024-03-07T05:00:00Z,40.7599983215332,40.84000015258789,40.400001525878906,40.54999923706055,35505100.0
2024-03-08T05:00:00Z,40.61000061035156,40.83000183105469,40.56999969482422,40.619998931884766,47266600.0
2024-03-11T04:00:00Z,40.470001220703125,40.72999954223633,40.400001525878906,40.689998626708984,36233100.0
2024-03-12T04:00:00Z,40.779998779296875,40.97999954223633,40.63999938964844,40.86000061035156,53199300.0
2024-03-13T04:00:00Z,40.939998626708984,41.16999816894531,40.90999984741211,41.15999984741211,43471400.0
2024-03-14T04:00:00Z,41.16999816894531,41.25,40.61000061035156,40.83000183105469,65563400.0
2024-03-15T04:00:00Z,40.599998474121094,40.97999954223633,40.52000045776367,40.790000915527344,67568000.0
2024-03-18T04:00:00Z,40.779998779296875,40.91999816894531,40.58000183105469,40.869998931884766,39140600.0
2024-03-19T04:00:00Z,40.900001525878906,41.09000015258789,40.880001068115234,41.06999969482422,36748300.0
2024-03-20T04:00:00Z,41.02000045776367,41.59000015258789,40.95000076293945,41.560001373291016,52255300.0
2024-03-21T04:00:00Z,41.65999984741211,42.0,41.61000061035156,41.900001525878906,49209200.0
2024-03-22T04:00:00Z,41.95000076293945,42.040000915527344,41.38999938964844,41.41999816894531,32033000.0
2024-03-25T04:00:00Z,41.38999938964844,41.459999084472656,41.2599983215332,41.2599983215332,31784000.0
2024-03-26T04:00:00Z,41.40999984741211,41.529998779296875,41.27000045776367,41.400001525878906,30135500.0
2024-03-27T04:00:00Z,41.599998474121094,41.900001525878906,41.4900016784668,41.88999938964844,36670300.0
2024-03-28T04:00:00Z,41.939998626708984,42.220001220703125,41.869998931884766,42.119998931884766,41490200.0
2024-04-01T04:00:00Z,42.15999984741211,42.20000076293945,41.810001373291016,41.88999938964844,37537700.0
2024-04-02T04:00:00Z,41.7599983215332,41.81999969482422,41.599998474121094,41.66999816894531,36359800.0
2024-04-03T04:00:00Z,41.68000030517578,41.959999084472656,41.540000915527344,41.650001525878906,39715900.0
2024-04-04T04:00:00Z,42.0,42.08000183105469,41.130001068115234,41.18000030517578,52657500.0
2024-04-05T04:00:00Z,41.34000015258789,41.68000030517578,41.20000076293945,41.56999969482422,47540300.0
2024-04-08T04:00:00Z,41.58000183105469,41.81999969482422,41.560001373291016,41.75,35165700.0
2024-04-09T04:00:00Z,41.77000045776367,41.880001068115234,41.18000030517578,41.5099983215332,51953600.0
2024-04-10T04:00:00Z,41.11000061035156,41.27000045776367,40.7599983215332,40.88999938964844,59492800.0
2024-04-11T04:00:00Z,40.869998931884766,40.93000030517578,40.349998474121094,40.599998474121094,56870800.0
2024-04-12T04:00:00Z,40.33000183105469,40.5,39.90999984741211,40.060001373291016,81234800.0
2024-04-15T04:00:00Z,40.58000183105469,40.7400016784668,39.7400016784668,39.86000061035156,71800600.0
2024-04-16T04:00:00Z,39.88999938964844,39.97999954223633,39.529998779296875,39.59000015258789,66751300.0
2024-04-17T04:00:00Z,39.77000045776367,39.95000076293945,39.529998779296875,39.689998626708984,41561900.0
2024-04-18T04:00:00Z,39.869998931884766,40.18000030517578,39.7400016784668,39.83000183105469,48893400.0
2024-04-19T04:00:00Z,40.04999923706055,40.459999084472656,39.970001220703125,40.380001068115234,55513600.0
2024-04-22T04:00:00Z,40.599998474121094,41.099998474121094,40.43000030517578,40.869998931884766,50701200.0
2024-04-23T04:00:00Z,41.060001373291016,41.22999954223633,40.95000076293945,41.130001068115234,36488600.0
2024-04-24T04:00:00Z,41.02000045776367,41.18000030517578,40.90999984741211,41.119998931884766,33957500.0
2024-04-25T04:00:00Z,40.91999816894531,41.029998779296875,40.529998779296875,40.880001068115234,50365700.0
2024-04-26T04:00:00Z,40.810001373291016,41.04999923706055,40.720001220703125,40.81999969482422,35796900.0
2024-04-29T04:00:00Z,40.810001373291016,40.9900016784668,40.61000061035156,40.7599983215332,36596100.0
2024-04-30T04:00:00Z,40.66999816894531,40.7599983215332,40.36000061035156,40.36000061035156,34481600.0
2024-05-01T04:00:00Z,40.33000183105469,40.849998474121094,40.279998779296875,40.36000061035156,54717600.0
2024-05-02T04:00:00Z,40.63999938964844,40.70000076293945,40.16999816894531,40.459999084472656,37085100.0
2024-05-03T04:00:00Z,40.70000076293945,40.790000915527344,40.349998474121094,40.54999923706055,45012600.0
2024-05-06T04:00:00Z,40.86000061035156,41.06999969482422,40.77000045776367,41.06999969482422,42335600.0
2024-05-07T04:00:00Z,41.16999816894531,41.290000915527344,41.099998474121094,41.209999084472656,42601200.0
2024-05-08T04:00:00Z,41.16999816894531,41.43000030517578,41.060001373291016,41.36000061035156,28390900.0
2024-05-09T04:00:00Z,41.2599983215332,41.66999816894531,41.25,41.66999816894531,31594800.0
2024-05-10T04:00:00Z,41.81999969482422,41.90999984741211,41.77000045776367,41.83000183105469,34306800.0
2024-05-13T04:00:00Z,41.95000076293945,42.02000045776367,41.65999984741211,41.65999984741211,29570100.0
2024-05-14T04:00:00Z,41.81999969482422,41.900001525878906,41.65999984741211,41.869998931884766,30638300.0
2024-05-15T04:00:00Z,41.970001220703125,42.220001220703125,41.959999084472656,42.18000030517578,36138300.0
2024-05-16T04:00:00Z,42.220001220703125,42.380001068115234,42.15999984741211,42.18000030517578,36032700.0
2024-05-17T04:00:00Z,42.25,42.4900016784668,42.20000076293945,42.4900016784668,29813200.0
2024-05-20T04:00:00Z,42.400001525878906,42.459999084472656,41.88999938964844,41.90999984741211,35719600.0
2024-05-21T04:00:00Z,41.9900016784668,42.220001220703125,41.970001220703125,42.18000030517578,33413400.0
2024-05-22T04:00:00Z,42.09000015258789,42.27000045776367,41.849998474121094,41.939998626708984,38661100.0
2024-05-23T04:00:00Z,41.900001525878906,41.939998626708984,41.20000076293945,41.36000061035156,51768500.0
2024-05-24T04:00:00Z,41.439998626708984,41.619998931884766,41.439998626708984,41.61000061035156,23477300.0
2024-05-28T04:00:00Z,41.52000045776367,41.52000045776367,41.0,41.150001525878906,31004900.0
2024-05-29T04:00:00Z,40.81999969482422,40.95000076293945,40.70000076293945,40.81999969482422,40620200.0
2024-05-30T04:00:00Z,40.86000061035156,41.130001068115234,40.7599983215332,41.040000915527344,32769300.0
2024-05-31T04:00:00Z,41.119998931884766,41.68000030517578,41.0,41.63999938964844,38664000.0
2024-06-03T04:00:00Z,41.630001068115234,41.68000030517578,41.02000045776367,41.380001068115234,37855000.0
2024-06-04T04:00:00Z,41.15999984741211,41.5,41.0,41.189998626708984,27586400.0
2024-06-05T04:00:00Z,41.31999969482422,41.36000061035156,41.0099983215332,41.310001373291016,23817300.0
2024-06-06T04:00:00Z,41.380001068115234,41.5,41.130001068115234,41.290000915527344,39040200.0
2024-06-07T04:00:00Z,41.29999923706055,41.709999084472656,41.220001220703125,41.47999954223633,42273300.0
2024-06-10T04:00:00Z,41.29999923706055,41.369998931884766,41.04999923706055,41.31999969482422,31615200.0
2024-06-11T04:00:00Z,41.119998931884766,41.13999938964844,40.650001525878906,40.849998474121094,54584900.0
2024-06-12T04:00:00Z,41.27000045776367,41.31999969482422,40.75,40.810001373291016,46399800.0
2024-06-13T04:00:00Z,40.810001373291016,40.81999969482422,40.5,40.779998779296875,39497900.0
2024-06-14T04:00:00Z,40.5,40.72999954223633,40.369998931884766,40.650001525878906,29083000.0
2024-06-17T04:00:00Z,40.54999923706055,41.02000045776367,40.47999954223633,41.0099983215332,36076900.0
2024-06-18T04:00:00Z,40.959999084472656,41.27000045776367,40.91999816894531,41.27000045776367,38900300.0
2024-06-20T04:00:00Z,41.18000030517578,41.599998474121094,41.13999938964844,41.4900016784668,42869100.0
2024-06-21T04:00:00Z,41.38999938964844,41.43000030517578,41.09000015258789,41.33000183105469,42530600.0
2024-06-24T04:00:00Z,41.34000015258789,41.849998474121094,41.2400016784668,41.59000015258789,45252000.0
2024-06-25T04:00:00Z,41.5099983215332,41.63999938964844,41.15999984741211,41.279998779296875,32845400.0
2024-06-26T04:00:00Z,41.09000015258789,41.11000061035156,40.81999969482422,41.02000045776367,37978500.0
2024-06-27T04:00:00Z,40.900001525878906,41.02000045776367,40.720001220703125,40.970001220703125,25466100.0
2024-06-28T04:00:00Z,41.060001373291016,41.369998931884766,40.939998626708984,41.11000061035156,44045100.0
2024-07-01T04:00:00Z,41.279998779296875,41.54999923706055,41.029998779296875,41.20000076293945,36131100.0
2024-07-02T04:00:00Z,41.119998931884766,41.68000030517578,41.099998474121094,41.68000030517578,27033100.0
2024-07-03T04:00:00Z,41.720001220703125,41.7599983215332,41.529998779296875,41.54999923706055,21113200.0
2024-07-05T04:00:00Z,41.63999938964844,41.63999938964844,41.29999923706055,41.540000915527344,21421100.0
2024-07-08T04:00:00Z,41.599998474121094,41.849998474121094,41.380001068115234,41.43000030517578,27779300.0
2024-07-09T04:00:00Z,41.470001220703125,42.02000045776367,41.41999816894531,41.75,33140000.0
2024-07-10T04:00:00Z,41.54999923706055,41.91999816894531,41.529998779296875,41.90999984741211,28445400.0
2024-07-11T04:00:00Z,41.95000076293945,42.310001373291016,41.81999969482422,42.2400016784668,45836600.0
2024-07-12T04:00:00Z,42.189998626708984,42.560001373291016,42.08000183105469,42.380001068115234,39041200.0
2024-07-15T04:00:00Z,42.529998779296875,43.040000915527344,42.5,43.0,46561200.0
2024-07-16T04:00:00Z,43.029998779296875,43.5099983215332,42.95000076293945,43.4900016784668,52243100.0
2024-07-17T04:00:00Z,43.439998626708984,43.900001525878906,43.369998931884766,43.81999969482422,54773300.0
2024-07-18T04:00:00Z,43.66999816894531,44.11000061035156,43.189998626708984,43.290000915527344,58731300.0
2024-07-19T04:00:00Z,43.27000045776367,43.36000061035156,42.79999923706055,42.849998474121094,47220000.0
2024-07-22T04:00:00Z,42.95000076293945,43.16999816894531,42.75,43.09000015258789,29071100.0
2024-07-23T04:00:00Z,43.20000076293945,43.38999938964844,43.099998474121094,43.16999816894531,23800400.0
2024-07-24T04:00:00Z,43.040000915527344,43.130001068115234,42.58000183105469,42.58000183105469,47786900.0
2024-07-25T04:00:00Z,42.65999984741211,43.369998931884766,42.650001525878906,42.7400016784668,44862000.0
2024-07-26T04:00:00Z,42.970001220703125,43.540000915527344,42.95000076293945,43.40999984741211,32636300.0
2024-07-29T04:00:00Z,43.5099983215332,43.540000915527344,43.130001068115234,43.349998474121094,35195700.0
2024-07-30T04:00:00Z,43.619998931884766,44.0,43.599998474121094,43.849998474121094,31418700.0
2024-07-31T04:00:00Z,43.95000076293945,44.11000061035156,43.709999084472656,43.7400016784668,38694800.0
2024-08-01T04:00:00Z,43.900001525878906,43.959999084472656,42.93000030517578,43.119998931884766,47060900.0
2024-08-02T04:00:00Z,42.630001068115234,42.779998779296875,41.79999923706055,42.060001373291016,78599800.0
2024-08-05T04:00:00Z,41.13999938964844,41.22999954223633,40.65999984741211,40.84000015258789,107913600.0
2024-08-06T04:00:00Z,41.02000045776367,41.9900016784668,40.90999984741211,41.5,57668900.0
2024-08-07T04:00:00Z,41.959999084472656,42.36000061035156,41.4900016784668,41.54999923706055,43912600.0
2024-08-08T04:00:00Z,41.81999969482422,42.27000045776367,41.7599983215332,42.220001220703125,41260500.0
2024-08-09T04:00:00Z,42.209999084472656,42.5099983215332,42.040000915527344,42.400001525878906,23838800.0
2024-08-12T04:00:00Z,42.47999954223633,42.59000015258789,42.09000015258789,42.18000030517578,20509300.0
2024-08-13T04:00:00Z,42.43000030517578,42.560001373291016,42.119998931884766,42.529998779296875,24922000.0
2024-08-14T04:00:00Z,42.630001068115234,43.130001068115234,42.599998474121094,43.04999923706055,30673000.0
2024-08-15T04:00:00Z,43.459999084472656,43.689998626708984,43.310001373291016,43.45000076293945,33329000.0
2024-08-16T04:00:00Z,43.400001525878906,43.77000045776367,43.400001525878906,43.77000045776367,25338900.0
2024-08-19T04:00:00Z,43.779998779296875,44.02000045776367,43.779998779296875,44.0099983215332,24458600.0
2024-08-20T04:00:00Z,43.959999084472656,44.0,43.779998779296875,43.869998931884766,19620400.0
2024-08-21T04:00:00Z,43.939998626708984,43.9900016784668,43.56999969482422,43.79999923706055,19914100.0
2024-08-22T04:00:00Z,43.849998474121094,44.04999923706055,43.810001373291016,44.04999923706055,24738700.0
2024-08-23T04:00:00Z,44.18000030517578,44.540000915527344,44.09000015258789,44.43000030517578,32762500.0
2024-08-26T04:00:00Z,44.58000183105469,44.810001373291016,44.470001220703125,44.56999969482422,23716300.0
2024-08-27T04:00:00Z,44.65999984741211,44.81999969482422,44.58000183105469,44.79999923706055,21583500.0
2024-08-28T04:00:00Z,44.68000030517578,45.15999984741211,44.63999938964844,44.90999984741211,24726200.0
2024-08-29T04:00:00Z,45.060001373291016,45.459999084472656,44.75,45.310001373291016,33726600.0
2024-08-30T04:00:00Z,45.439998626708984,45.779998779296875,45.22999954223633,45.7400016784668,28967700.0
2024-09-03T04:00:00Z,45.5,45.880001068115234,45.189998626708984,45.400001525878906,39893900.0
2024-09-04T04:00:00Z,45.47999954223633,45.77000045776367,45.220001220703125,45.45000076293945,32006100.0
2024-09-05T04:00:00Z,45.63999938964844,45.65999984741211,44.75,44.95000076293945,39523500.0
2024-09-06T04:00:00Z,44.95000076293945,45.20000076293945,44.189998626708984,44.290000915527344,51331300.0
2024-09-09T04:00:00Z,44.709999084472656,45.20000076293945,44.650001525878906,44.95000076293945,41010900.0
2024-09-10T04:00:00Z,45.099998474121094,45.13999938964844,43.97999954223633,44.4900016784668,59115000.0
2024-09-11T04:00:00Z,44.31999969482422,44.349998474121094,43.380001068115234,44.279998779296875,59397500.0
2024-09-12T04:00:00Z,44.36000061035156,44.52000045776367,44.0,44.380001068115234,37732700.0
2024-09-13T04:00:00Z,44.5099983215332,44.689998626708984,44.40999984741211,44.5099983215332,32912300.0
2024-09-16T04:00:00Z,44.70000076293945,45.099998474121094,44.70000076293945,45.09000015258789,37063700.0
2024-09-17T04:00:00Z,45.189998626708984,45.47999954223633,45.13999938964844,45.33000183105469,27893300.0
2024-09-18T04:00:00Z,45.349998474121094,45.689998626708984,45.09000015258789,45.189998626708984,41783900.0
2024-09-19T04:00:00Z,45.650001525878906,45.810001373291016,45.34000015258789,45.689998626708984,46457700.0
2024-09-20T04:00:00Z,45.59000015258789,45.65999984741211,45.34000015258789,45.65999984741211,48699200.0
2024-09-23T04:00:00Z,45.4900016784668,45.66999816894531,45.36000061035156,45.439998626708984,31615300.0
2024-09-24T04:00:00Z,45.29999923706055,45.29999923706055,44.900001525878906,45.060001373291016,40341400.0
2024-09-25T04:00:00Z,45.08000183105469,45.13999938964844,44.650001525878906,44.790000915527344,32546900.0
2024-09-26T04:00:00Z,44.91999816894531,45.11000061035156,44.77000045776367,45.02000045776367,31445200.0
2024-09-27T04:00:00Z,45.119998931884766,45.439998626708984,45.04999923706055,45.150001525878906,23226100.0
2024-09-30T04:00:00Z,45.040000915527344,45.34000015258789,44.84000015258789,45.31999969482422,23593400.0
2024-10-01T04:00:00Z,45.20000076293945,45.310001373291016,44.779998779296875,45.08000183105469,32703000.0
2024-10-02T04:00:00Z,45.060001373291016,45.22999954223633,44.83000183105469,45.130001068115234,37709400.0
2024-10-03T04:00:00Z,44.959999084472656,45.04999923706055,44.66999816894531,44.88999938964844,23545700.0
2024-10-04T04:00:00Z,45.33000183105469,45.689998626708984,45.150001525878906,45.650001525878906,40432000.0
2024-10-07T04:00:00Z,45.650001525878906,45.66999816894531,44.900001525878906,45.09000015258789,26599300.0
2024-10-08T04:00:00Z,45.2599983215332,45.459999084472656,45.18000030517578,45.349998474121094,28763000.0
2024-10-09T04:00:00Z,45.349998474121094,45.86000061035156,45.2599983215332,45.77000045776367,28334300.0
2024-10-10T04:00:00Z,45.81999969482422,45.86000061035156,45.439998626708984,45.630001068115234,34127400.0
2024-10-11T04:00:00Z,45.91999816894531,46.599998474121094,45.88999938964844,46.5099983215332,52850300.0
2024-10-14T04:00:00Z,46.59000015258789,46.849998474121094,46.459999084472656,46.79999923706055,35850800.0
2024-10-15T04:00:00Z,47.119998931884766,47.38999938964844,46.84000015258789,46.900001525878906,42356800.0
2024-10-16T04:00:00Z,47.08000183105469,47.5,46.9900016784668,47.47999954223633,44973700.0
2024-10-17T04:00:00Z,47.68000030517578,47.810001373291016,47.58000183105469,47.61000061035156,45823400.0
2024-10-18T04:00:00Z,47.61000061035156,47.720001220703125,47.349998474121094,47.619998931884766,34279600.0
2024-10-21T04:00:00Z,47.540000915527344,47.650001525878906,47.150001525878906,47.2400016784668,26207400.0
2024-10-22T04:00:00Z,47.0,47.22999954223633,46.779998779296875,47.150001525878906,30018700.0
2024-10-23T04:00:00Z,47.099998474121094,47.220001220703125,46.880001068115234,47.11000061035156,20697200.0
2024-10-24T04:00:00Z,47.119998931884766,47.209999084472656,46.86000061035156,47.150001525878906,19617500.0
2024-10-25T04:00:00Z,47.34000015258789,47.41999816894531,46.52000045776367,46.630001068115234,25526500.0
2024-10-28T04:00:00Z,46.869998931884766,47.25,46.86000061035156,47.209999084472656,31415900.0
2024-10-29T04:00:00Z,47.09000015258789,47.220001220703125,46.880001068115234,46.91999816894531,27930900.0
2024-10-30T04:00:00Z,46.97999954223633,47.43000030517578,46.939998626708984,47.130001068115234,28704300.0
2024-10-31T04:00:00Z,47.06999969482422,47.209999084472656,46.47999954223633,46.47999954223633,53417100.0
2024-11-01T04:00:00Z,46.630001068115234,47.0,46.52000045776367,46.63999938964844,40139900.0
2024-11-04T05:00:00Z,46.61000061035156,46.650001525878906,46.029998779296875,46.279998779296875,41705600.0
2024-11-05T05:00:00Z,46.31999969482422,46.72999954223633,46.22999954223633,46.709999084472656,35221800.0
2024-11-06T05:00:00Z,49.040000915527344,49.68000030517578,48.70000076293945,49.54999923706055,153473400.0
2024-11-07T05:00:00Z,49.439998626708984,49.439998626708984,48.65999984741211,48.75,70611400.0
2024-11-08T05:00:00Z,49.099998474121094,49.470001220703125,48.849998474121094,49.189998626708984,60376500.0
2024-11-11T05:00:00Z,49.68000030517578,50.13999938964844,49.66999816894531,49.88999938964844,63654700.0
2024-11-12T05:00:00Z,49.869998931884766,49.939998626708984,49.59000015258789,49.7400016784668,58512400.0
2024-11-13T05:00:00Z,49.84000015258789,50.130001068115234,49.689998626708984,49.77000045776367,31880700.0
2024-11-14T05:00:00Z,49.880001068115234,49.9900016784668,49.54999923706055,49.63999938964844,38252800.0
2024-11-15T05:00:00Z,49.63999938964844,50.0099983215332,49.61000061035156,49.869998931884766,40741500.0
2024-11-18T05:00:00Z,49.90999984741211,50.11000061035156,49.70000076293945,50.02000045776367,27141600.0
2024-11-19T05:00:00Z,49.619998931884766,49.880001068115234,49.41999816894531,49.689998626708984,27014700.0
2024-11-20T05:00:00Z,49.88999938964844,49.91999816894531,49.29999923706055,49.540000915527344,33932500.0
2024-11-21T05:00:00Z,49.790000915527344,50.400001525878906,49.65999984741211,50.16999816894531,50881800.0
2024-11-22T05:00:00Z,50.13999938964844,50.779998779296875,50.130001068115234,50.72999954223633,42050800.0
2024-11-25T05:00:00Z,51.0099983215332,51.25,50.86000061035156,51.060001373291016,47492500.0
2024-11-26T05:00:00Z,51.08000183105469,51.2599983215332,50.7599983215332,51.15999984741211,28418400.0
2024-11-27T05:00:00Z,51.22999954223633,51.619998931884766,51.209999084472656,51.2599983215332,31803700.0
2024-11-29T05:00:00Z,51.439998626708984,51.56999969482422,51.25,51.34000015258789,15178400.0
2024-12-02T05:00:00Z,51.41999816894531,51.4900016784668,50.70000076293945,50.83000183105469,55483600.0
2024-12-03T05:00:00Z,51.130001068115234,51.130001068115234,50.45000076293945,50.45000076293945,46924300.0
2024-12-04T05:00:00Z,50.400001525878906,50.439998626708984,50.09000015258789,50.2599983215332,41017400.0
2024-12-05T05:00:00Z,50.34000015258789,50.66999816894531,50.29999923706055,50.40999984741211,33599300.0
2024-12-06T05:00:00Z,50.400001525878906,50.56999969482422,50.2599983215332,50.400001525878906,23439400.0
2024-12-09T05:00:00Z,50.439998626708984,50.4900016784668,49.689998626708984,49.709999084472656,41998300.0
2024-12-10T05:00:00Z,49.75,49.97999954223633,49.38999938964844,49.70000076293945,38861800.0
2024-12-11T05:00:00Z,49.900001525878906,49.91999816894531,49.58000183105469,49.79999923706055,35035900.0
2024-12-12T05:00:00Z,49.93000030517578,49.970001220703125,49.58000183105469,49.58000183105469,23107300.0
2024-12-13T05:00:00Z,49.779998779296875,49.79999923706055,49.43000030517578,49.540000915527344,39160400.0
2024-12-16T05:00:00Z,49.56999969482422,49.630001068115234,49.36000061035156,49.45000076293945,35242800.0
2024-12-17T05:00:00Z,49.2599983215332,49.27000045776367,48.93000030517578,49.099998474121094,46103300.0
2024-12-18T05:00:00Z,49.189998626708984,49.29999923706055,47.59000015258789,47.630001068115234,72399500.0
2024-12-19T05:00:00Z,48.16999816894531,48.529998779296875,47.790000915527344,47.79999923706055,63641000.0
2024-12-20T05:00:00Z,47.70000076293945,48.88999938964844,47.599998474121094,48.5099983215332,56066100.0
2024-12-23T05:00:00Z,48.060001373291016,48.459999084472656,47.869998931884766,48.41999816894531,43033300.0
2024-12-24T05:00:00Z,48.52000045776367,49.0099983215332,48.43000030517578,48.9900016784668,18350500.0
2024-12-26T05:00:00Z,48.77000045776367,49.130001068115234,48.7400016784668,49.11000061035156,20805600.0
2024-12-27T05:00:00Z,48.849998474121094,49.16999816894531,48.4900016784668,48.75,33852400.0
2024-12-30T05:00:00Z,48.25,48.5,47.86000061035156,48.279998779296875,34819800.0
2024-12-31T05:00:00Z,48.400001525878906,48.56999969482422,48.15999984741211,48.33000183105469,25170500.0
2025-01-02T05:00:00Z,48.58000183105469,48.77000045776367,47.939998626708984,48.209999084472656,35879100.0
2025-01-03T05:00:00Z,48.4900016784668,48.619998931884766,48.08000183105469,48.59000015258789,25198100.0
2025-01-06T05:00:00Z,48.79999923706055,49.02000045776367,48.349998474121094,48.439998626708984,54289900.0
2025-01-07T05:00:00Z,48.650001525878906,48.7599983215332,48.119998931884766,48.33000183105469,57682700.0
2025-01-08T05:00:00Z,48.34000015258789,48.5,48.02000045776367,48.4900016784668,36422000.0
2025-01-10T05:00:00Z,48.099998474121094,48.13999938964844,47.150001525878906,47.31999969482422,53128700.0
2025-01-13T05:00:00Z,47.08000183105469,47.68000030517578,47.040000915527344,47.65999984741211,36002800.0
2025-01-14T05:00:00Z,47.849998474121094,48.290000915527344,47.7400016784668,48.25,39353300.0
2025-01-15T05:00:00Z,49.279998779296875,49.61000061035156,49.0099983215332,49.47999954223633,61176900.0
2025-01-16T05:00:00Z,49.459999084472656,49.849998474121094,49.459999084472656,49.810001373291016,33830400.0
2025-01-17T05:00:00Z,49.90999984741211,50.31999969482422,49.72999954223633,50.22999954223633,43693100.0
2025-01-21T05:00:00Z,50.400001525878906,50.709999084472656,50.38999938964844,50.650001525878906,33267500.0
2025-01-22T05:00:00Z,50.650001525878906,50.65999984741211,50.209999084472656,50.40999984741211,37226400.0
2025-01-23T05:00:00Z,50.4900016784668,50.790000915527344,50.47999954223633,50.70000076293945,32048800.0
2025-01-24T05:00:00Z,50.529998779296875,50.900001525878906,50.47999954223633,50.849998474121094,39088700.0
2025-01-27T05:00:00Z,50.7599983215332,51.439998626708984,50.619998931884766,51.40999984741211,61707400.0
2025-01-28T05:00:00Z,51.349998474121094,51.54999923706055,51.11000061035156,51.31999969482422,39885300.0
2025-01-29T05:00:00Z,51.18000030517578,51.7400016784668,51.16999816894531,51.279998779296875,43612200.0
2025-01-30T05:00:00Z,51.75,52.040000915527344,51.43000030517578,51.77000045776367,64250500.0
2025-01-31T05:00:00Z,51.83000183105469,51.970001220703125,51.439998626708984,51.470001220703125,40424200.0
2025-02-03T05:00:00Z,50.75,51.400001525878906,50.40999984741211,51.2599983215332,77416200.0
2025-02-04T05:00:00Z,51.31999969482422,51.38999938964844,51.0,51.13999938964844,41742700.0
2025-02-05T05:00:00Z,51.36000061035156,51.689998626708984,51.13999938964844,51.68000030517578,34758600.0
2025-02-06T05:00:00Z,51.97999954223633,52.130001068115234,51.7599983215332,52.11000061035156,34355900.0
2025-02-07T05:00:00Z,52.16999816894531,52.2599983215332,51.779998779296875,51.81999969482422,40601400.0
2025-02-10T05:00:00Z,51.90999984741211,51.97999954223633,51.189998626708984,51.40999984741211,37921500.0
2025-02-11T05:00:00Z,51.33000183105469,51.63999938964844,51.02000045776367,51.540000915527344,45162900.0
2025-02-12T05:00:00Z,51.279998779296875,51.380001068115234,50.91999816894531,51.36000061035156,45473100.0
2025-02-13T05:00:00Z,51.5,51.77000045776367,51.279998779296875,51.70000076293945,36372200.0
2025-02-14T05:00:00Z,51.77000045776367,52.02000045776367,51.75,51.79999923706055,29574300.0
2025-02-18T05:00:00Z,51.880001068115234,52.20000076293945,51.75,52.16999816894531,33496800.0
2025-02-19T05:00:00Z,52.040000915527344,52.25,51.900001525878906,52.189998626708984,31748500.0
2025-02-20T05:00:00Z,52.11000061035156,52.150001525878906,51.040000915527344,51.38999938964844,47078900.0
2025-02-21T05:00:00Z,51.40999984741211,51.5,50.650001525878906,50.75,51789900.0
2025-02-24T05:00:00Z,50.9900016784668,51.40999984741211,50.68000030517578,50.970001220703125,56673900.0
2025-02-25T05:00:00Z,51.27000045776367,51.40999984741211,50.310001373291016,50.959999084472656,50132800.0
2025-02-26T05:00:00Z,50.970001220703125,51.31999969482422,50.75,50.849998474121094,31250500.0
2025-02-27T05:00:00Z,51.029998779296875,51.79999923706055,50.9900016784668,51.130001068115234,44378600.0
2025-02-28T05:00:00Z,51.38999938964844,52.2599983215332,51.16999816894531,52.18000030517578,63537100.0
2025-03-03T05:00:00Z,52.31999969482422,52.63999938964844,51.369998931884766,51.7400016784668,76100100.0
2025-03-04T05:00:00Z,51.220001220703125,51.279998779296875,49.63999938964844,49.91999816894531,99342400.0
2025-03-05T05:00:00Z,49.939998626708984,50.45000076293945,49.560001373291016,50.209999084472656,75561700.0
2025-03-06T05:00:00Z,49.619998931884766,49.959999084472656,49.060001373291016,49.380001068115234,55477700.0
2025-03-07T05:00:00Z,49.20000076293945,49.33000183105469,48.25,49.119998931884766,87351400.0
2025-03-10T04:00:00Z,48.290000915527344,48.61000061035156,47.459999084472656,48.02000045776367,78221400.0
2025-03-11T04:00:00Z,47.95000076293945,48.08000183105469,47.279998779296875,47.61000061035156,72972200.0
2025-03-12T04:00:00Z,48.119998931884766,48.189998626708984,47.220001220703125,47.68000030517578,60700100.0
2025-03-13T04:00:00Z,47.79999923706055,48.08000183105469,47.279998779296875,47.41999816894531,49986300.0
2025-03-14T04:00:00Z,47.869998931884766,48.599998474121094,47.619998931884766,48.52000045776367,49535700.0
2025-03-17T04:00:00Z,48.33000183105469,49.33000183105469,48.31999969482422,49.09000015258789,43570500.0
2025-03-18T04:00:00Z,49.130001068115234,49.290000915527344,48.849998474121094,49.029998779296875,32714200.0
2025-03-19T04:00:00Z,49.060001373291016,49.83000183105469,48.86000061035156,49.56999969482422,44290700.0
2025-03-20T04:00:00Z,49.290000915527344,49.97999954223633,49.20000076293945,49.63999938964844,46326000.0
2025-03-21T04:00:00Z,49.38999938964844,49.63999938964844,49.029998779296875,49.459999084472656,53382800.0
2025-03-24T04:00:00Z,49.790000915527344,50.27000045776367,49.65999984741211,50.150001525878906,43158200.0
2025-03-25T04:00:00Z,50.33000183105469,50.5099983215332,50.08000183105469,50.43000030517578,24873700.0
2025-03-26T04:00:00Z,50.58000183105469,50.90999984741211,50.09000015258789,50.279998779296875,39729200.0
2025-03-27T04:00:00Z,50.189998626708984,50.45000076293945,49.790000915527344,50.18000030517578,32299800.0
2025-03-28T04:00:00Z,50.029998779296875,50.29999923706055,49.02000045776367,49.209999084472656,45365400.0
2025-03-31T04:00:00Z,48.720001220703125,50.060001373291016,48.58000183105469,49.810001373291016,38042300.0
2025-04-01T04:00:00Z,49.619998931884766,49.970001220703125,49.20000076293945,49.75,37959100.0
2025-04-02T04:00:00Z,49.349998474121094,50.33000183105469,49.27000045776367,50.15999984741211,41792100.0
2025-04-03T04:00:00Z,48.20000076293945,48.650001525878906,47.599998474121094,47.689998626708984,101160600.0
2025-04-04T04:00:00Z,46.06999969482422,46.40999984741211,44.09000015258789,44.20000076293945,128135300.0
2025-04-07T04:00:00Z,42.84000015258789,45.650001525878906,42.209999084472656,44.09000015258789,179993200.0
2025-04-08T04:00:00Z,45.79999923706055,46.220001220703125,43.2400016784668,43.91999816894531,98804200.0
2025-04-09T04:00:00Z,43.2400016784668,47.61000061035156,43.06999969482422,47.22999954223633,177242900.0
2025-04-10T04:00:00Z,46.529998779296875,46.599998474121094,44.540000915527344,45.90999984741211,93318200.0
2025-04-11T04:00:00Z,45.599998474121094,46.970001220703125,45.369998931884766,46.66999816894531,63647400.0
2025-04-14T04:00:00Z,47.349998474121094,47.619998931884766,46.869998931884766,47.150001525878906,52008900.0
2025-04-15T04:00:00Z,47.41999816894531,47.900001525878906,47.22999954223633,47.27000045776367,41840100.0
2025-04-16T04:00:00Z,47.16999816894531,47.34000015258789,46.18000030517578,46.529998779296875,47934300.0
2025-04-17T04:00:00Z,46.5,47.209999084472656,46.43000030517578,46.650001525878906,61866600.0
2025-04-21T04:00:00Z,46.40999984741211,46.54999923706055,45.13999938964844,45.650001525878906,43082300.0
2025-04-22T04:00:00Z,46.34000015258789,47.279998779296875,46.20000076293945,47.15999984741211,38154800.0
2025-04-23T04:00:00Z,48.040000915527344,48.72999954223633,47.560001373291016,47.720001220703125,50290900.0
2025-04-24T04:00:00Z,47.54999923706055,48.34000015258789,47.36000061035156,48.25,26817900.0
2025-04-25T04:00:00Z,48.0099983215332,48.22999954223633,47.70000076293945,48.02000045776367,28113000.0
2025-04-28T04:00:00Z,48.220001220703125,48.56999969482422,47.83000183105469,48.16999816894531,33922800.0
2025-04-29T04:00:00Z,48.18000030517578,48.7599983215332,47.959999084472656,48.66999816894531,42475300.0
2025-04-30T04:00:00Z,48.150001525878906,48.93000030517578,47.5,48.7599983215332,33759900.0
2025-05-01T04:00:00Z,48.58000183105469,49.06999969482422,48.439998626708984,48.75,34420200.0
2025-05-02T04:00:00Z,49.4900016784668,49.939998626708984,49.33000183105469,49.7599983215332,35032100.0
2025-05-05T04:00:00Z,49.34000015258789,49.83000183105469,49.099998474121094,49.439998626708984,24139900.0
2025-05-06T04:00:00Z,49.0,49.560001373291016,48.970001220703125,49.15999984741211,28949100.0
2025-05-07T04:00:00Z,49.31999969482422,49.720001220703125,49.2599983215332,49.45000076293945,30070100.0
2025-05-08T04:00:00Z,49.84000015258789,50.369998931884766,49.72999954223633,49.86000061035156,31294200.0
2025-05-09T04:00:00Z,49.959999084472656,50.040000915527344,49.720001220703125,49.86000061035156,22075000.0
2025-05-12T04:00:00Z,51.11000061035156,51.20000076293945,50.54999923706055,50.869998931884766,44274100.0
2025-05-13T04:00:00Z,51.0,51.31999969482422,50.90999984741211,51.08000183105469,33986100.0
2025-05-14T04:00:00Z,51.11000061035156,51.16999816894531,50.790000915527344,50.939998626708984,38764200.0
2025-05-15T04:00:00Z,50.869998931884766,51.36000061035156,50.83000183105469,51.279998779296875,34742500.0
2025-05-16T04:00:00Z,51.27000045776367,51.66999816894531,51.15999984741211,51.59000015258789,53401000.0
2025-05-19T04:00:00Z,51.31999969482422,51.77000045776367,51.2400016784668,51.619998931884766,26348400.0
2025-05-20T04:00:00Z,51.380001068115234,51.52000045776367,51.11000061035156,51.34000015258789,26903000.0
2025-05-21T04:00:00Z,51.02000045776367,51.16999816894531,50.25,50.290000915527344,40022000.0
2025-05-22T04:00:00Z,50.18000030517578,50.52000045776367,49.970001220703125,50.22999954223633,33662800.0
2025-05-23T04:00:00Z,49.59000015258789,50.290000915527344,49.56999969482422,50.04999923706055,33645600.0
2025-05-27T04:00:00Z,50.439998626708984,50.959999084472656,50.2599983215332,50.93000030517578,38636400.0
2025-05-28T04:00:00Z,50.88999938964844,51.02000045776367,50.5099983215332,50.59000015258789,31730200.0
2025-05-29T04:00:00Z,50.7599983215332,50.86000061035156,50.36000061035156,50.849998474121094,34098400.0
2025-05-30T04:00:00Z,50.68000030517578,51.04999923706055,50.459999084472656,50.959999084472656,37953200.0
2025-06-02T04:00:00Z,50.61000061035156,51.0,50.290000915527344,50.97999954223633,30142300.0
2025-06-03T04:00:00Z,50.81999969482422,51.130001068115234,50.40999984741211,51.08000183105469,33705400.0
2025-06-04T04:00:00Z,51.150001525878906,51.209999084472656,50.779998779296875,50.790000915527344,24600500.0
2025-06-05T04:00:00Z,50.79999923706055,50.880001068115234,50.45000076293945,50.650001525878906,42014400.0
2025-06-06T04:00:00Z,51.16999816894531,51.439998626708984,51.04999923706055,51.279998779296875,34982800.0
2025-06-09T04:00:00Z,51.34000015258789,51.36000061035156,50.689998626708984,51.0,28322100.0
2025-06-10T04:00:00Z,50.9900016784668,51.08000183105469,50.880001068115234,51.060001373291016,27728600.0
2025-06-11T04:00:00Z,51.11000061035156,51.34000015258789,50.810001373291016,51.0,39368400.0
2025-06-12T04:00:00Z,50.70000076293945,51.0099983215332,50.5,51.0,25500900.0
2025-06-13T04:00:00Z,50.349998474121094,50.459999084472656,49.810001373291016,49.959999084472656,54921900.0
2025-06-16T04:00:00Z,50.31999969482422,50.880001068115234,50.310001373291016,50.529998779296875,35632400.0
2025-06-17T04:00:00Z,50.27000045776367,50.47999954223633,50.09000015258789,50.2400016784668,31130700.0
2025-06-18T04:00:00Z,50.220001220703125,50.77000045776367,50.150001525878906,50.220001220703125,45728200.0
2025-06-20T04:00:00Z,50.369998931884766,50.58000183105469,50.220001220703125,50.36000061035156,44456100.0
2025-06-23T04:00:00Z,50.20000076293945,50.84000015258789,49.84000015258789,50.81999969482422,43022700.0
2025-06-24T04:00:00Z,51.31999969482422,51.77000045776367,51.279998779296875,51.58000183105469,41225000.0
2025-06-25T04:00:00Z,51.59000015258789,51.599998474121094,51.29999923706055,51.40999984741211,33123900.0
2025-06-26T04:00:00Z,51.439998626708984,51.83000183105469,51.40999984741211,51.790000915527344,37866000.0
2025-06-27T04:00:00Z,51.75,52.22999954223633,51.70000076293945,51.939998626708984,38954100.0
2025-06-30T04:00:00Z,52.18000030517578,52.439998626708984,52.13999938964844,52.369998931884766,42472900.0
2025-07-01T04:00:00Z,52.2400016784668,52.77000045776367,52.209999084472656,52.65999984741211,33844800.0
2025-07-02T04:00:00Z,52.75,52.7599983215332,52.34000015258789,52.619998931884766,40791100.0
2025-07-03T04:00:00Z,52.75,53.27000045776367,52.70000076293945,53.189998626708984,25904800.0
2025-07-07T04:00:00Z,53.130001068115234,53.25,52.41999816894531,52.68000030517578,34049000.0
2025-07-08T04:00:00Z,52.560001373291016,52.599998474121094,52.18000030517578,52.209999084472656,53715000.0
2025-07-09T04:00:00Z,52.47999954223633,52.5,52.13999938964844,52.400001525878906,36634900.0
2025-07-10T04:00:00Z,52.279998779296875,52.7599983215332,52.279998779296875,52.709999084472656,27992600.0
2025-07-11T04:00:00Z,52.36000061035156,52.40999984741211,52.08000183105469,52.15999984741211,30289900.0
2025-07-14T04:00:00Z,52.150001525878906,52.58000183105469,52.02000045776367,52.54999923706055,27636500.0
2025-07-15T04:00:00Z,52.34000015258789,52.45000076293945,51.650001525878906,51.650001525878906,47704600.0
2025-07-16T04:00:00Z,51.93000030517578,52.060001373291016,51.33000183105469,52.0099983215332,46726500.0
2025-07-17T04:00:00Z,51.869998931884766,52.599998474121094,51.810001373291016,52.5099983215332,48213900.0
2025-07-18T04:00:00Z,52.58000183105469,52.650001525878906,52.43000030517578,52.540000915527344,29791300.0
2025-07-21T04:00:00Z,52.56999969482422,52.939998626708984,52.369998931884766,52.38999938964844,36871400.0
2025-07-22T04:00:00Z,52.5,52.75,52.470001220703125,52.68000030517578,32289100.0
2025-07-23T04:00:00Z,52.79999923706055,53.099998474121094,52.560001373291016,53.099998474121094,32111300.0
2025-07-24T04:00:00Z,53.119998931884766,53.439998626708984,53.0099983215332,53.06999969482422,32371900.0
2025-07-25T04:00:00Z,53.099998474121094,53.4900016784668,52.9900016784668,53.439998626708984,28964700.0
2025-07-28T04:00:00Z,53.380001068115234,53.439998626708984,52.959999084472656,53.06999969482422,29119300.0
2025-07-29T04:00:00Z,53.25,53.29999923706055,52.68000030517578,52.79999923706055,37883200.0
2025-07-30T04:00:00Z,52.779998779296875,53.029998779296875,52.439998626708984,52.70000076293945,37260100.0
2025-07-31T04:00:00Z,52.47999954223633,52.9900016784668,52.27000045776367,52.369998931884766,46179400.0
2025-08-01T04:00:00Z,51.720001220703125,51.7599983215332,51.04999923706055,51.400001525878906,63060800.0
2025-08-04T04:00:00Z,51.599998474121094,51.90999984741211,51.4900016784668,51.90999984741211,40053100.0
2025-08-05T04:00:00Z,52.04999923706055,52.09000015258789,51.36000061035156,51.70000076293945,33551000.0
2025-08-06T04:00:00Z,51.810001373291016,52.029998779296875,51.65999984741211,51.95000076293945,34198700.0
2025-08-07T04:00:00Z,52.18000030517578,52.25,51.220001220703125,51.369998931884766,43119400.0
2025-08-08T04:00:00Z,51.66999816894531,51.970001220703125,51.5,51.849998474121094,39484400.0
2025-08-11T04:00:00Z,51.959999084472656,52.029998779296875,51.720001220703125,51.83000183105469,29351200.0
2025-08-12T04:00:00Z,52.04999923706055,52.54999923706055,52.040000915527344,52.459999084472656,37510000.0
2025-08-13T04:00:00Z,52.65999984741211,52.90999984741211,52.4900016784668,52.7599983215332,41154900.0
2025-08-14T04:00:00Z,52.709999084472656,53.04999923706055,52.529998779296875,53.0099983215332,35841500.0
2025-08-15T04:00:00Z,53.130001068115234,53.15999984741211,52.41999816894531,52.459999084472656,46108500.0
2025-08-18T04:00:00Z,52.38999938964844,52.560001373291016,52.290000915527344,52.5,25405100.0
2025-08-19T04:00:00Z,52.45000076293945,52.869998931884766,52.45000076293945,52.599998474121094,24870800.0
2025-08-20T04:00:00Z,52.63999938964844,53.0099983215332,52.5099983215332,52.869998931884766,39138800.0
2025-08-21T04:00:00Z,52.720001220703125,52.79999923706055,52.349998474121094,52.70000076293945,29037000.0
2025-08-22T04:00:00Z,52.970001220703125,53.68000030517578,52.95000076293945,53.56999969482422,47249800.0
2025-08-25T04:00:00Z,53.470001220703125,53.58000183105469,53.2400016784668,53.2599983215332,24756500.0
2025-08-26T04:00:00Z,53.099998474121094,53.689998626708984,53.099998474121094,53.66999816894531,27907000.0
2025-08-27T04:00:00Z,53.540000915527344,53.939998626708984,53.5099983215332,53.779998779296875,39530100.0
2025-08-28T04:00:00Z,53.88999938964844,53.90999984741211,53.70000076293945,53.849998474121094,28837300.0
2025-08-29T04:00:00Z,53.900001525878906,54.13999938964844,53.79999923706055,53.9900016784668,36062400.0
2025-09-02T04:00:00Z,53.70000076293945,53.70000076293945,53.119998931884766,53.59000015258789,38733100.0
2025-09-03T04:00:00Z,53.5,53.599998474121094,53.130001068115234,53.5,36420100.0
2025-09-04T04:00:00Z,53.689998626708984,54.08000183105469,53.56999969482422,54.060001373291016,32730000.0
2025-09-05T04:00:00Z,54.11000061035156,54.25,52.869998931884766,53.06999969482422,58377100.0
2025-09-08T04:00:00Z,53.09000015258789,53.16999816894531,52.84000015258789,53.11000061035156,49490900.0
2025-09-09T04:00:00Z,52.97999954223633,53.59000015258789,52.959999084472656,53.34000015258789,38884500.0
2025-09-10T04:00:00Z,53.16999816894531,53.400001525878906,52.93000030517578,53.15999984741211,32915900.0
2025-09-11T04:00:00Z,53.189998626708984,54.06999969482422,53.18000030517578,54.029998779296875,36635400.0
2025-09-12T04:00:00Z,53.959999084472656,54.06999969482422,53.709999084472656,53.79999923706055,25705900.0
2025-09-15T04:00:00Z,53.88999938964844,54.09000015258789,53.619998931884766,53.68000030517578,31922000.0
2025-09-16T04:00:00Z,53.61000061035156,53.66999816894531,53.27000045776367,53.560001373291016,28482500.0
2025-09-17T04:00:00Z,53.66999816894531,54.33000183105469,53.650001525878906,54.08000183105469,47976100.0
2025-09-18T04:00:00Z,54.11000061035156,54.5,53.9900016784668,54.130001068115234,36609100.0
2025-09-19T04:00:00Z,54.2599983215332,54.40999984741211,53.91999816894531,54.25,46731400.0
2025-09-22T04:00:00Z,53.70000076293945,54.060001373291016,53.63999938964844,54.0,32393000.0
2025-09-23T04:00:00Z,53.95000076293945,54.4900016784668,53.630001068115234,53.7599983215332,28698900.0
2025-09-24T04:00:00Z,53.83000183105469,53.959999084472656,53.5,53.61000061035156,23893400.0
2025-09-25T04:00:00Z,53.470001220703125,53.709999084472656,53.2400016784668,53.470001220703125,24757500.0
2025-09-26T04:00:00Z,53.709999084472656,54.099998474121094,53.63999938964844,53.86000061035156,30686100.0
2025-09-29T04:00:00Z,54.040000915527344,54.150001525878906,53.7400016784668,54.130001068115234,20713800.0
2025-09-30T04:00:00Z,54.060001373291016,54.2400016784668,53.41999816894531,53.869998931884766,32442200.0
2025-10-01T04:00:00Z,53.61000061035156,53.7599983215332,53.369998931884766,53.38999938964844,33210100.0
2025-10-02T04:00:00Z,53.310001373291016,53.47999954223633,53.060001373291016,53.349998474121094,32443400.0
2025-10-03T04:00:00Z,53.41999816894531,53.970001220703125,53.380001068115234,53.720001220703125,32111600.0
2025-10-06T04:00:00Z,53.93000030517578,54.06999969482422,53.29999923706055,53.70000076293945,32001300.0
2025-10-07T04:00:00Z,53.880001068115234,54.04999923706055,53.52000045776367,53.77000045776367,31250500.0
2025-10-08T04:00:00Z,53.93000030517578,53.95000076293945,53.34000015258789,53.5099983215332,26848700.0
2025-10-09T04:00:00Z,53.630001068115234,53.810001373291016,53.189998626708984,53.31999969482422,33922400.0
2025-10-10T04:00:00Z,53.459999084472656,53.68000030517578,52.15999984741211,52.15999984741211,73596200.0
2025-10-13T04:00:00Z,52.54999923706055,52.81999969482422,52.34000015258789,52.65999984741211,39651900.0
2025-10-14T04:00:00Z,52.45000076293945,53.650001525878906,52.25,53.2400016784668,62588700.0
2025-10-15T04:00:00Z,53.43000030517578,53.7599983215332,52.86000061035156,53.2400016784668,39526600.0
2025-10-16T04:00:00Z,53.09000015258789,53.119998931884766,51.540000915527344,51.7599983215332,85420100.0
2025-10-17T04:00:00Z,51.900001525878906,52.36000061035156,51.72999954223633,52.18000030517578,52288900.0
2025-10-20T04:00:00Z,52.36000061035156,52.900001525878906,52.290000915527344,52.790000915527344,39479600.0
2025-10-21T04:00:00Z,52.65999984741211,53.130001068115234,52.65999984741211,52.72999954223633,31213600.0
2025-10-22T04:00:00Z,52.779998779296875,52.81999969482422,52.119998931884766,52.43000030517578,53727500.0
2025-10-23T04:00:00Z,52.59000015258789,52.68000030517578,52.290000915527344,52.540000915527344,29483700.0
2025-10-24T04:00:00Z,52.849998474121094,53.279998779296875,52.810001373291016,53.11000061035156,31947800.0
2025-10-27T04:00:00Z,53.369998931884766,53.43000030517578,53.20000076293945,53.33000183105469,27154100.0
2025-10-28T04:00:00Z,53.33000183105469,53.400001525878906,52.939998626708984,52.9900016784668,33648000.0
2025-10-29T04:00:00Z,52.45000076293945,52.58000183105469,51.869998931884766,52.09000015258789,61846300.0
2025-10-30T04:00:00Z,52.02000045776367,52.81999969482422,52.02000045776367,52.22999954223633,48568700.0
2025-10-31T04:00:00Z,52.0099983215332,52.5,51.939998626708984,52.369998931884766,40425800.0
2025-11-03T05:00:00Z,52.33000183105469,52.34000015258789,51.650001525878906,52.150001525878906,38693200.0
2025-11-04T05:00:00Z,51.95000076293945,52.540000915527344,51.84000015258789,52.41999816894531,44675200.0
2025-11-05T05:00:00Z,52.4900016784668,52.81999969482422,52.18000030517578,52.599998474121094,38036300.0
2025-11-06T05:00:00Z,52.5099983215332,52.70000076293945,52.16999816894531,52.40999984741211,42625700.0
2025-11-07T05:00:00Z,52.279998779296875,52.79999923706055,52.09000015258789,52.779998779296875,46218700.0
2025-11-10T05:00:00Z,52.93000030517578,53.150001525878906,52.650001525878906,52.970001220703125,42010600.0
2025-11-11T05:00:00Z,53.06999969482422,53.34000015258789,52.880001068115234,53.209999084472656,29995800.0
2025-11-12T05:00:00Z,53.220001220703125,53.88999938964844,53.220001220703125,53.66999816894531,46052700.0
2025-11-13T05:00:00Z,53.56999969482422,53.7599983215332,52.880001068115234,52.97999954223633,50455300.0
2025-11-14T05:00:00Z,52.810001373291016,52.810001373291016,52.27000045776367,52.45000076293945,46154600.0
2025-11-17T05:00:00Z,52.470001220703125,52.4900016784668,51.25,51.45000076293945,70048500.0
2025-11-18T05:00:00Z,51.279998779296875,51.75,51.150001525878906,51.369998931884766,66043600.0
2025-11-19T05:00:00Z,51.380001068115234,51.650001525878906,51.189998626708984,51.560001373291016,46003900.0
2025-11-20T05:00:00Z,52.029998779296875,52.38999938964844,51.08000183105469,51.11000061035156,70096400.0
2025-11-21T05:00:00Z,51.459999084472656,51.970001220703125,51.13999938964844,51.66999816894531,68942900.0
2025-11-24T05:00:00Z,51.7400016784668,51.970001220703125,51.33000183105469,51.88999938964844,43789100.0
2025-11-25T05:00:00Z,52.11000061035156,52.65999984741211,51.90999984741211,52.540000915527344,50989800.0
2025-11-26T05:00:00Z,52.66999816894531,53.150001525878906,52.599998474121094,52.95000076293945,35268500.0
2025-11-28T05:00:00Z,53.099998474121094,53.54999923706055,53.029998779296875,53.33000183105469,16136100.0
2025-12-01T05:00:00Z,53.06999969482422,53.400001525878906,52.84000015258789,52.88999938964844,29296300.0
2025-12-02T05:00:00Z,52.9900016784668,53.13999938964844,52.63999938964844,52.84000015258789,29771500.0
2025-12-03T05:00:00Z,52.939998626708984,53.599998474121094,52.880001068115234,53.54999923706055,32018000.0
2025-12-04T05:00:00Z,53.59000015258789,53.90999984741211,53.470001220703125,53.65999984741211,33678700.0
2025-12-05T05:00:00Z,53.540000915527344,53.93000030517578,53.45000076293945,53.68000030517578,28532300.0
2025-12-08T05:00:00Z,53.70000076293945,53.709999084472656,53.279998779296875,53.47999954223633,31164200.0
2025-12-09T05:00:00Z,53.5,53.95000076293945,53.25,53.279998779296875,46335400.0
2025-12-10T05:00:00Z,53.279998779296875,54.08000183105469,53.209999084472656,53.88999938964844,45437500.0
2025-12-11T05:00:00Z,53.959999084472656,54.97999954223633,53.93000030517578,54.869998931884766,51786500.0
2025-12-12T05:00:00Z,55.15999984741211,55.209999084472656,54.709999084472656,54.95000076293945,64428900.0
2025-12-15T05:00:00Z,55.18000030517578,55.310001373291016,54.81999969482422,54.9900016784668,35356800.0
2025-12-16T05:00:00Z,55.040000915527344,55.15999984741211,54.47999954223633,54.63999938964844,37342300.0
2025-12-17T05:00:00Z,54.79999923706055,55.06999969482422,54.58000183105469,54.630001068115234,41112400.0
2025-12-18T05:00:00Z,54.77000045776367,55.02000045776367,54.36000061035156,54.540000915527344,35021600.0
2025-12-19T05:00:00Z,54.560001373291016,55.02000045776367,54.560001373291016,54.84000015258789,46595300.0
2025-12-22T05:00:00Z,54.75,55.439998626708984,54.7400016784668,55.31999969482422,37987800.0
2025-12-23T05:00:00Z,55.310001373291016,55.560001373291016,55.310001373291016,55.43000030517578,24732900.0
2025-12-24T05:00:00Z,55.5099983215332,55.88999938964844,55.40999984741211,55.72999954223633,15685800.0
2025-12-26T05:00:00Z,55.709999084472656,55.79999923706055,55.439998626708984,55.619998931884766,20410100.0
2025-12-29T05:00:00Z,55.59000015258789,55.68000030517578,55.2599983215332,55.31999969482422,34223800.0
2025-12-30T05:00:00Z,55.400001525878906,55.400001525878906,55.13999938964844,55.18000030517578,16160900.0
2025-12-31T05:00:00Z,55.220001220703125,55.2599983215332,54.75,54.77000045776367,22996200.0
2026-01-02T05:00:00Z,54.83000183105469,55.0,54.34000015258789,54.93000030517578,36087100.0
2026-01-05T05:00:00Z,54.81999969482422,56.5099983215332,54.81999969482422,56.130001068115234,58044100.0
2026-01-06T05:00:00Z,56.040000915527344,56.52000045776367,55.9900016784668,56.400001525878906,38950800.0
2026-01-07T05:00:00Z,56.22999954223633,56.34000015258789,55.540000915527344,55.61000061035156,44720900.0
2026-01-08T05:00:00Z,55.45000076293945,56.25,55.40999984741211,55.900001525878906,35358300.0
2026-01-09T05:00:00Z,55.97999954223633,56.15999984741211,55.720001220703125,55.72999954223633,29544900.0
2026-01-12T05:00:00Z,55.029998779296875,55.36000061035156,54.84000015258789,55.290000915527344,42021600.0
2026-01-13T05:00:00Z,55.150001525878906,55.22999954223633,54.150001525878906,54.22999954223633,77045100.0
2026-01-14T05:00:00Z,54.04999923706055,54.18000030517578,53.689998626708984,54.150001525878906,59754600.0
2026-01-15T05:00:00Z,54.220001220703125,54.70000076293945,54.209999084472656,54.369998931884766,48490800.0
2026-01-16T05:00:00Z,54.369998931884766,54.7599983215332,54.290000915527344,54.439998626708984,44363200.0
2026-01-20T05:00:00Z,53.61000061035156,54.11000061035156,53.099998474121094,53.20000076293945,57030800.0
2026-01-21T05:00:00Z,53.369998931884766,53.83000183105469,53.2400016784668,53.459999084472656,49360300.0
2026-01-22T05:00:00Z,53.650001525878906,54.04999923706055,53.63999938964844,53.810001373291016,46919300.0
2026-01-23T05:00:00Z,53.4900016784668,53.5099983215332,52.880001068115234,53.06999969482422,47057500.0
2026-01-26T05:00:00Z,53.099998474121094,53.54999923706055,53.09000015258789,53.40999984741211,31072700.0
2026-01-27T05:00:00Z,53.31999969482422,53.43000030517578,52.84000015258789,53.0,38633700.0
2026-01-28T05:00:00Z,52.93000030517578,53.209999084472656,52.7599983215332,52.9900016784668,45450800.0
2026-01-29T05:00:00Z,53.31999969482422,53.630001068115234,52.9900016784668,53.54999923706055,51975400.0
2026-01-30T05:00:00Z,53.380001068115234,53.65999984741211,53.02000045776367,53.439998626708984,42767000.0
2026-02-02T05:00:00Z,53.45000076293945,54.09000015258789,53.20000076293945,54.029998779296875,48031500.0
2026-02-03T05:00:00Z,53.720001220703125,54.16999816894531,53.15999984741211,53.529998779296875,66887100.0
2026-02-04T05:00:00Z,53.5099983215332,54.18000030517578,53.400001525878906,53.959999084472656,59506400.0
2026-02-05T05:00:00Z,53.939998626708984,54.060001373291016,53.18000030517578,53.290000915527344,64475000.0
2026-02-06T05:00:00Z,53.83000183105469,54.349998474121094,53.83000183105469,54.2599983215332,53073800.0
2026-02-09T05:00:00Z,54.08000183105469,54.38999938964844,53.900001525878906,53.939998626708984,31699900.0
2026-02-10T05:00:00Z,53.70000076293945,54.2599983215332,53.119998931884766,53.54999923706055,57920800.0
2026-02-11T05:00:00Z,53.66999816894531,53.93000030517578,52.689998626708984,52.7400016784668,60339900.0
2026-02-12T05:00:00Z,52.900001525878906,53.11000061035156,51.43000030517578,51.689998626708984,94645100.0
2026-02-13T05:00:00Z,51.54999923706055,51.93000030517578,51.25,51.650001525878906,56449300.0
2026-02-17T05:00:00Z,51.81999969482422,52.40999984741211,51.81999969482422,52.20000076293945,54064700.0
2026-02-18T05:00:00Z,52.349998474121094,52.779998779296875,52.279998779296875,52.59000015258789,45224000.0
2026-02-19T05:00:00Z,52.13999938964844,52.380001068115234,51.7400016784668,52.150001525878906,47344400.0
2026-02-20T05:00:00Z,52.040000915527344,52.5,51.720001220703125,52.4900016784668,52934100.0
2026-02-23T05:00:00Z,52.189998626708984,52.470001220703125,50.63999938964844,50.72999954223633,94600400.0
2026-02-24T05:00:00Z,50.45000076293945,51.18000030517578,50.2400016784668,50.97999954223633,64114100.0
2026-02-25T05:00:00Z,51.2400016784668,51.88999938964844,51.16999816894531,51.869998931884766,47652800.0
2026-02-26T05:00:00Z,52.06999969482422,52.65999984741211,51.97999954223633,52.5,60884300.0
2026-02-27T05:00:00Z,51.880001068115234,52.060001373291016,51.0099983215332,51.43000030517578,81998700.0
2026-03-02T05:00:00Z,50.61000061035156,51.630001068115234,50.459999084472656,51.29999923706055,70107200.0
2026-03-03T05:00:00Z,50.290000915527344,51.54999923706055,50.08000183105469,51.209999084472656,94738700.0
2026-03-04T05:00:00Z,51.33000183105469,51.650001525878906,51.08000183105469,51.5,51472400.0
2026-03-05T05:00:00Z,51.2400016784668,51.81999969482422,50.90999984741211,51.22999954223633,58430700.0
2026-03-06T05:00:00Z,50.439998626708984,50.619998931884766,49.75,50.56999969482422,75632700.0
2026-03-09T04:00:00Z,49.91999816894531,50.52000045776367,49.18000030517578,50.33000183105469,78178700.0
2026-03-10T04:00:00Z,50.33000183105469,50.689998626708984,49.75,50.060001373291016,70834200.0
2026-03-11T04:00:00Z,49.97999954223633,50.119998931884766,49.220001220703125,49.63999938964844,56301200.0
2026-03-12T04:00:00Z,48.97999954223633,49.220001220703125,48.790000915527344,48.83000183105469,67871700.0
2026-03-13T04:00:00Z,49.11000061035156,49.459999084472656,48.849998474121094,48.88999938964844,47595200.0
2026-03-16T04:00:00Z,49.25,49.75,49.11000061035156,49.29999923706055,45720100.0
2026-03-17T04:00:00Z,49.70000076293945,50.189998626708984,49.5099983215332,49.560001373291016,46974000.0
2026-03-18T04:00:00Z,49.369998931884766,49.709999084472656,48.91999816894531,48.970001220703125,49239100.0
2026-03-19T04:00:00Z,48.77000045776367,49.18000030517578,48.52000045776367,48.9900016784668,58374000.0
2026-03-20T04:00:00Z,48.959999084472656,49.34000015258789,48.790000915527344,49.08000183105469,82914000.0
2026-03-23T04:00:00Z,49.70000076293945,49.86000061035156,49.220001220703125,49.27000045776367,81044800.0
2026-03-24T04:00:00Z,48.79999923706055,49.59000015258789,48.779998779296875,49.279998779296875,43296400.0
2026-03-25T04:00:00Z,49.59000015258789,49.95000076293945,48.9900016784668,49.34000015258789,40438800.0
2026-03-26T04:00:00Z,49.11000061035156,49.4900016784668,48.880001068115234,49.04999923706055,45035700.0
2026-03-27T04:00:00Z,48.790000915527344,48.84000015258789,47.66999816894531,47.810001373291016,64823900.0
2026-03-30T04:00:00Z,48.22999954223633,48.720001220703125,48.09000015258789,48.36000061035156,58128900.0
2026-03-31T04:00:00Z,48.91999816894531,49.459999084472656,48.5099983215332,49.369998931884766,85361900.0
2026-04-01T04:00:00Z,49.79999923706055,49.849998474121094,49.13999938964844,49.439998626708984,61558300.0
2026-04-02T04:00:00Z,48.83000183105469,49.810001373291016,48.599998474121094,49.529998779296875,39519800.0
2026-04-06T04:00:00Z,49.5099983215332,50.0099983215332,49.45000076293945,49.880001068115234,27345800.0
2026-04-07T04:00:00Z,49.619998931884766,50.02000045776367,49.5,49.880001068115234,31750000.0
2026-04-08T04:00:00Z,51.189998626708984,51.47999954223633,50.959999084472656,51.20000076293945,48175400.0
2026-04-09T04:00:00Z,50.939998626708984,51.540000915527344,50.79999923706055,51.33000183105469,30330500.0
2026-04-10T04:00:00Z,51.22999954223633,51.290000915527344,50.63999938964844,50.77000045776367,35427500.0
2026-04-13T04:00:00Z,50.5,51.66999816894531,50.41999816894531,51.65999984741211,33635900.0
2026-04-14T04:00:00Z,51.5099983215332,51.90999984741211,51.439998626708984,51.779998779296875,36498400.0
2026-04-15T04:00:00Z,52.06999969482422,52.33000183105469,51.81999969482422,52.16999816894531,33804700.0
2026-04-16T04:00:00Z,52.09000015258789,52.40999984741211,51.91999816894531,52.029998779296875,25432000.0
2026-04-17T04:00:00Z,52.369998931884766,52.97999954223633,52.29999923706055,52.43000030517578,45183400.0
2026-04-20T04:00:00Z,52.34000015258789,52.7599983215332,52.2599983215332,52.630001068115234,26160600.0
2026-04-21T04:00:00Z,52.709999084472656,53.189998626708984,52.20000076293945,52.29999923706055,34150100.0
2026-04-22T04:00:00Z,52.47999954223633,52.650001525878906,52.06999969482422,52.209999084472656,31838400.0
2026-04-23T04:00:00Z,52.08000183105469,52.16999816894531,51.29999923706055,51.79999923706055,44647900.0
2026-04-24T04:00:00Z,51.58000183105469,51.66999816894531,51.31999969482422,51.41999816894531,27225300.0
2026-04-27T04:00:00Z,51.310001373291016,51.900001525878906,51.27000045776367,51.810001373291016,25764300.0
2026-04-28T04:00:00Z,52.20000076293945,52.400001525878906,51.79999923706055,51.849998474121094,24337500.0
2026-04-29T04:00:00Z,52.130001068115234,52.29999923706055,51.70000076293945,51.91999816894531,22153100.0
2026-04-30T04:00:00Z,51.5099983215332,52.25,51.20000076293945,52.130001068115234,31406400.0
2026-05-01T04:00:00Z,52.400001525878906,52.61000061035156,51.91999816894531,51.91999816894531,39618200.0
2026-05-04T04:00:00Z,51.779998779296875,52.189998626708984,51.4900016784668,51.58000183105469,44456300.0
2026-05-05T04:00:00Z,51.56999969482422,51.77000045776367,51.380001068115234,51.59000015258789,27419600.0
2026-05-06T04:00:00Z,51.91999816894531,52.2400016784668,51.779998779296875,51.84000015258789,39084600.0
2026-05-07T04:00:00Z,51.779998779296875,52.08000183105469,51.41999816894531,51.54999923706055,36983100.0
2026-05-08T04:00:00Z,51.68000030517578,51.7400016784668,51.13999938964844,51.2400016784668,29627700.0
2026-05-11T04:00:00Z,51.2599983215332,51.459999084472656,50.959999084472656,51.18000030517578,30759200.0
2026-05-12T04:00:00Z,51.18000030517578,51.70000076293945,50.810001373291016,51.58000183105469,44193700.0
2026-05-13T04:00:00Z,51.13999938964844,51.33000183105469,50.959999084472656,50.9900016784668,33440200.0
2026-05-14T04:00:00Z,51.27000045776367,51.4900016784668,51.099998474121094,51.290000915527344,37059700.0
2026-05-15T04:00:00Z,51.31999969482422,51.5,51.040000915527344,51.099998474121094,29789800.0
2026-05-18T04:00:00Z,51.0099983215332,51.79999923706055,50.970001220703125,51.7400016784668,32974600.0
2026-05-19T04:00:00Z,51.630001068115234,51.790000915527344,51.04999923706055,51.099998474121094,35956300.0
2026-05-20T04:00:00Z,51.22999954223633,51.709999084472656,50.779998779296875,51.65999984741211,42148400.0
2026-05-21T04:00:00Z,51.459999084472656,51.83000183105469,51.209999084472656,51.72999954223633,33344200.0
2026-05-22T04:00:00Z,51.900001525878906,52.16999816894531,51.84000015258789,51.939998626708984,23308000.0
2026-05-26T04:00:00Z,52.0,52.22999954223633,51.720001220703125,51.849998474121094,24530200.0
2026-05-27T04:00:00Z,51.7400016784668,51.9900016784668,51.29999923706055,51.41999816894531,45239100.0
2026-05-28T04:00:00Z,51.189998626708984,51.5,51.02000045776367,51.27000045776367,40564600.0
2026-05-29T04:00:00Z,51.279998779296875,51.790000915527344,51.16999816894531,51.58000183105469,34240300.0
2026-06-01T04:00:00Z,51.22999954223633,51.599998474121094,51.189998626708984,51.43000030517578,34507600.0
2026-06-02T04:00:00Z,51.22999954223633,51.65999984741211,50.97999954223633,51.459999084472656,30988800.0
2026-06-03T04:00:00Z,51.13999938964844,51.15999984741211,50.52000045776367,50.869998931884766,44906700.0
2026-06-04T04:00:00Z,51.540000915527344,52.29999923706055,51.47999954223633,52.189998626708984,57368100.0
2026-06-05T04:00:00Z,52.380001068115234,52.47999954223633,52.060001373291016,52.29999923706055,42101700.0
2026-06-08T04:00:00Z,52.2400016784668,52.470001220703125,51.959999084472656,51.970001220703125,39102700.0
2026-06-09T04:00:00Z,52.18000030517578,52.70000076293945,52.040000915527344,52.459999084472656,41695100.0
2026-06-10T04:00:00Z,52.5,52.810001373291016,52.209999084472656,52.22999954223633,31128400.0
2026-06-11T04:00:00Z,52.349998474121094,52.77000045776367,52.040000915527344,52.619998931884766,41295600.0
2026-06-12T04:00:00Z,52.959999084472656,53.54999923706055,52.810001373291016,53.34000015258789,51023300.0
2026-06-15T04:00:00Z,53.7599983215332,53.970001220703125,53.47999954223633,53.560001373291016,37492400.0
2026-06-16T04:00:00Z,54.0099983215332,54.43000030517578,53.849998474121094,54.349998474121094,37478300.0
2026-06-17T04:00:00Z,54.290000915527344,54.88999938964844,53.900001525878906,54.04999923706055,49571900.0
2026-06-18T04:00:00Z,54.54999923706055,54.61000061035156,53.459999084472656,53.56999969482422,37816800.0
2026-06-22T04:00:00Z,53.619998931884766,54.02000045776367,53.56999969482422,53.70000076293945,27962800.0
2026-06-23T04:00:00Z,53.630001068115234,54.029998779296875,53.4900016784668,53.880001068115234,33375300.0
2026-06-24T04:00:00Z,53.86000061035156,54.099998474121094,53.540000915527344,53.720001220703125,30809600.0
2026-06-25T04:00:00Z,53.91999816894531,54.68000030517578,53.400001525878906,53.45000076293945,31634800.0
2026-06-26T04:00:00Z,53.560001373291016,53.939998626708984,53.20000076293945,53.56999969482422,26643000.0
2026-06-29T04:00:00Z,53.70000076293945,54.029998779296875,53.68000030517578,53.720001220703125,31628000.0
2026-06-30T04:00:00Z,53.65999984741211,53.849998474121094,53.400001525878906,53.61000061035156,27725300.0
2026-07-01T04:00:00Z,53.83000183105469,55.08000183105469,53.75,54.779998779296875,47809800.0
2026-07-02T04:00:00Z,55.279998779296875,55.63999938964844,55.0099983215332,55.619998931884766,46246100.0
2026-07-06T04:00:00Z,55.849998474121094,56.15999984741211,55.58000183105469,56.13999938964844,32043700.0
2026-07-07T04:00:00Z,56.310001373291016,56.59000015258789,56.0099983215332,56.04999923706055,27116500.0
2026-07-08T04:00:00Z,55.790000915527344,55.79999923706055,54.95000076293945,54.970001220703125,41648100.0
2026-07-09T04:00:00Z,55.06999969482422,55.689998626708984,54.970001220703125,55.540000915527344,26542000.0
2026-07-10T04:00:00Z,55.9900016784668,56.029998779296875,55.36000061035156,55.709999084472656,24046300.0
2026-07-13T04:00:00Z,55.97999954223633,56.15999984741211,55.61000061035156,56.06999969482422,33391000.0
2026-07-14T04:00:00Z,55.599998474121094,56.79999923706055,55.59000015258789,56.18000030517578,43208800.0
2026-07-15T04:00:00Z,56.29999923706055,56.81999969482422,56.18000030517578,56.560001373291016,49425400.0
2026-07-16T04:00:00Z,56.7599983215332,56.84000015258789,56.38999938964844,56.75,27591200.0
2026-07-17T04:00:00Z,56.43000030517578,56.939998626708984,56.119998931884766,56.2599983215332,42881800.0
2026-07-20T04:00:00Z,56.29999923706055,56.380001068115234,55.88999938964844,56.040000915527344,38162600.0
2026-07-21T04:00:00Z,55.9900016784668,56.34000015258789,55.720001220703125,56.11000061035156,26399000.0
2026-07-22T04:00:00Z,56.13999938964844,56.279998779296875,55.90999984741211,56.04999923706055,25430900.0
2026-07-23T04:00:00Z,55.68000030517578,55.86000061035156,55.45000076293945,55.83000183105469,24311000.0
2026-07-24T04:00:00Z,55.83000183105469,56.380001068115234,55.689998626708984,56.310001373291016,32212900.0
2026-07-27T04:00:00Z,56.7599983215332,57.130001068115234,56.59000015258789,56.880001068115234,29805900.0
2026-07-28T04:00:00Z,57.130001068115234,57.599998474121094,56.95000076293945,57.599998474121094,34204400.0
2026-07-29T04:00:00Z,57.290000915527344,57.470001220703125,56.59000015258789,56.68000030517578,49038800.0
2026-07-30T04:00:00Z,56.81999969482422,57.04999923706055,56.18000030517578,57.0,33184200.0
2026-07-31T04:00:00Z,56.810001373291016,57.119998931884766,56.689998626708984,56.939998626708984,32543500.0
2026-08-03T04:00:00Z,57.290000915527344,57.54999923706055,57.0,57.380001068115234,30995000.0
2026-08-04T04:00:00Z,57.220001220703125,57.9900016784668,57.189998626708984,57.88999938964844,14057779.0
