timestamp,open,high,low,close,volume
1998-12-22T05:00:00Z,15.125,15.125,14.914063453674316,14.914063453674316,15800.0
1998-12-23T05:00:00Z,14.898438453674316,14.898438453674316,14.820313453674316,14.851563453674316,48200.0
1998-12-24T05:00:00Z,15.109375,15.15625,15.078125,15.125,47600.0
1998-12-28T05:00:00Z,15.09375,15.125,15.023438453674316,15.046875,6200.0
1998-12-29T05:00:00Z,15.109375,15.335938453674316,15.109375,15.296875,24000.0
1998-12-30T05:00:00Z,15.375,15.414063453674316,15.171875,15.171875,140800.0
1998-12-31T05:00:00Z,15.117188453674316,15.117188453674316,15.015625,15.117188453674316,43200.0
1999-01-04T05:00:00Z,15.007813453674316,15.125,14.8125,14.875,218600.0
1999-01-05T05:00:00Z,14.992188453674316,15.054688453674316,14.929688453674316,15.054688453674316,222400.0
1999-01-06T05:00:00Z,15.101563453674316,15.257813453674316,15.101563453674316,15.210938453674316,82000.0
1999-01-07T05:00:00Z,15.210938453674316,15.367188453674316,15.125,15.15625,444600.0
1999-01-08T05:00:00Z,15.203125,15.257813453674316,15.054688453674316,15.242188453674316,271800.0
1999-01-11T05:00:00Z,15.15625,15.15625,14.78125,14.835938453674316,258000.0
1999-01-12T05:00:00Z,14.820313453674316,15.0625,14.765625,14.84375,14200.0
1999-01-13T05:00:00Z,14.75,15.054688453674316,14.75,14.945313453674316,51800.0
1999-01-14T05:00:00Z,14.734375,14.882813453674316,14.625,14.695313453674316,40000.0
1999-01-15T05:00:00Z,14.75,14.898438453674316,14.710938453674316,14.765625,13800.0
1999-01-19T05:00:00Z,15.21875,15.265625,15.0,15.265625,24400.0
1999-01-20T05:00:00Z,15.28125,15.367188453674316,15.140625,15.203125,65400.0
1999-01-21T05:00:00Z,15.3125,15.3125,15.148438453674316,15.148438453674316,41000.0
1999-01-22T05:00:00Z,15.046875,15.359375,14.984375,15.25,41600.0
1999-01-25T05:00:00Z,15.25,15.25,14.679688453674316,14.679688453674316,27200.0
1999-01-26T05:00:00Z,14.84375,14.96875,14.617188453674316,14.96875,30400.0
1999-01-27T05:00:00Z,14.929688453674316,14.929688453674316,14.742188453674316,14.742188453674316,15600.0
1999-01-28T05:00:00Z,14.78125,14.96875,14.765625,14.765625,35200.0
1999-01-29T05:00:00Z,14.765625,14.828125,14.601563453674316,14.742188453674316,79600.0
1999-02-01T05:00:00Z,14.828125,14.828125,14.625,14.710938453674316,24400.0
1999-02-02T05:00:00Z,14.523438453674316,14.554688453674316,14.328125,14.515625,55400.0
1999-02-03T05:00:00Z,14.4375,14.609375,14.4375,14.59375,65000.0
1999-02-04T05:00:00Z,14.570313453674316,14.570313453674316,14.375,14.375,36400.0
1999-02-05T05:00:00Z,14.429688453674316,14.507813453674316,14.382813453674316,14.382813453674316,16200.0
1999-02-08T05:00:00Z,14.390625,14.484375,14.359375,14.382813453674316,26600.0
1999-02-09T05:00:00Z,14.414063453674316,14.578125,14.382813453674316,14.445313453674316,24400.0
1999-02-10T05:00:00Z,14.445313453674316,14.492188453674316,14.335938453674316,14.34375,16000.0
1999-02-11T05:00:00Z,14.382813453674316,14.484375,14.335938453674316,14.40625,8800.0
1999-02-12T05:00:00Z,14.476563453674316,14.476563453674316,14.109375,14.171875,206000.0
1999-02-16T05:00:00Z,14.359375,14.429688453674316,14.320313453674316,14.429688453674316,118600.0
1999-02-17T05:00:00Z,14.390625,14.625,14.328125,14.328125,114800.0
1999-02-18T05:00:00Z,14.390625,14.78125,14.328125,14.585938453674316,28000.0
1999-02-19T05:00:00Z,14.507813453674316,14.578125,14.375,14.429688453674316,19200.0
1999-02-22T05:00:00Z,14.484375,14.898438453674316,14.484375,14.898438453674316,13800.0
1999-02-23T05:00:00Z,14.765625,14.765625,14.375,14.429688453674316,30200.0
1999-02-24T05:00:00Z,14.476563453674316,14.78125,14.476563453674316,14.5625,132000.0
1999-02-25T05:00:00Z,14.46875,14.484375,14.1875,14.25,47200.0
1999-02-26T05:00:00Z,14.351563453674316,14.351563453674316,14.132813453674316,14.335938453674316,22800.0
1999-03-01T05:00:00Z,14.21875,14.21875,14.039063453674316,14.125,16800.0
1999-03-02T05:00:00Z,14.21875,14.257813453674316,13.914063453674316,13.914063453674316,20600.0
1999-03-03T05:00:00Z,13.921875,14.007813453674316,13.921875,13.921875,9400.0
1999-03-04T05:00:00Z,14.039063453674316,14.140625,14.0,14.140625,11400.0
1999-03-05T05:00:00Z,14.375,14.40625,14.210938453674316,14.382813453674316,42000.0
1999-03-08T05:00:00Z,14.320313453674316,14.320313453674316,14.148438453674316,14.21875,78200.0
1999-03-09T05:00:00Z,14.234375,14.289063453674316,14.09375,14.179688453674316,11600.0
1999-03-10T05:00:00Z,14.117188453674316,14.1875,14.109375,14.132813453674316,68000.0
1999-03-11T05:00:00Z,14.148438453674316,14.328125,14.109375,14.242188453674316,19200.0
1999-03-12T05:00:00Z,14.445313453674316,14.460938453674316,14.328125,14.398438453674316,15600.0
1999-03-15T05:00:00Z,14.460938453674316,14.5,14.375,14.4375,31800.0
1999-03-16T05:00:00Z,14.390625,14.460938453674316,14.304688453674316,14.382813453674316,20200.0
1999-03-17T05:00:00Z,14.414063453674316,14.445313453674316,14.25,14.25,24200.0
1999-03-18T05:00:00Z,14.21875,14.460938453674316,14.21875,14.460938453674316,27600.0
1999-03-19T05:00:00Z,14.296875,14.375,14.101563453674316,14.101563453674316,102000.0
1999-03-22T05:00:00Z,14.101563453674316,14.265625,14.101563453674316,14.148438453674316,76800.0
1999-03-23T05:00:00Z,14.023438453674316,14.023438453674316,13.617188453674316,13.703125,68800.0
1999-03-24T05:00:00Z,13.796875,13.953125,13.625,13.890625,47400.0
1999-03-25T05:00:00Z,13.898438453674316,13.898438453674316,13.765625,13.84375,15200.0
1999-03-26T05:00:00Z,13.632813453674316,13.695313453674316,13.578125,13.664063453674316,24600.0
1999-03-29T05:00:00Z,13.695313453674316,13.773438453674316,13.59375,13.59375,29000.0
1999-03-30T05:00:00Z,13.46875,13.539063453674316,13.375,13.375,23000.0
1999-03-31T05:00:00Z,13.46875,13.492188453674316,13.34375,13.34375,41000.0
1999-04-01T05:00:00Z,13.398438453674316,13.625,13.398438453674316,13.625,22400.0
1999-04-05T04:00:00Z,13.664063453674316,13.789063453674316,13.59375,13.734375,16800.0
1999-04-06T04:00:00Z,13.75,13.8125,13.648438453674316,13.664063453674316,77800.0
1999-04-07T04:00:00Z,13.78125,13.875,13.71875,13.84375,58200.0
1999-04-08T04:00:00Z,13.890625,14.265625,13.890625,14.210938453674316,89800.0
1999-04-09T04:00:00Z,14.234375,14.234375,14.078125,14.109375,34600.0
1999-04-12T04:00:00Z,14.125,14.335938453674316,14.078125,14.3125,19000.0
1999-04-13T04:00:00Z,14.3125,14.328125,14.078125,14.078125,26000.0
1999-04-14T04:00:00Z,14.125,14.125,13.867188453674316,13.875,53200.0
1999-04-15T04:00:00Z,13.914063453674316,14.070313453674316,13.914063453674316,14.015625,35000.0
1999-04-16T04:00:00Z,14.09375,14.203125,14.085938453674316,14.171875,5600.0
1999-04-19T04:00:00Z,14.3125,14.5625,14.289063453674316,14.3125,23800.0
1999-04-20T04:00:00Z,14.328125,14.46875,14.328125,14.46875,20600.0
1999-04-21T04:00:00Z,14.53125,14.726563453674316,14.429688453674316,14.726563453674316,39200.0
1999-04-22T04:00:00Z,14.695313453674316,14.695313453674316,14.492188453674316,14.679688453674316,26400.0
1999-04-23T04:00:00Z,14.765625,14.765625,14.65625,14.671875,12200.0
1999-04-26T04:00:00Z,14.671875,14.773438453674316,14.59375,14.59375,12200.0
1999-04-27T04:00:00Z,14.523438453674316,14.6875,14.523438453674316,14.679688453674316,17400.0
1999-04-28T04:00:00Z,14.742188453674316,14.773438453674316,14.617188453674316,14.617188453674316,17400.0
1999-04-29T04:00:00Z,14.867188453674316,14.914063453674316,14.820313453674316,14.828125,27400.0
1999-04-30T04:00:00Z,14.765625,14.796875,14.5,14.632813453674316,65000.0
1999-05-03T04:00:00Z,14.679688453674316,14.898438453674316,14.679688453674316,14.851563453674316,8800.0
1999-05-04T04:00:00Z,14.9375,14.9375,14.6875,14.726563453674316,100400.0
1999-05-05T04:00:00Z,14.757813453674316,14.84375,14.695313453674316,14.84375,1254200.0
1999-05-06T04:00:00Z,14.734375,14.78125,14.53125,14.53125,33400.0
1999-05-07T04:00:00Z,14.710938453674316,14.796875,14.710938453674316,14.710938453674316,12200.0
1999-05-10T04:00:00Z,14.710938453674316,14.710938453674316,14.664063453674316,14.671875,8200.0
1999-05-11T04:00:00Z,14.632813453674316,14.734375,14.523438453674316,14.726563453674316,31200.0
1999-05-12T04:00:00Z,14.695313453674316,14.765625,14.617188453674316,14.765625,23600.0
1999-05-13T04:00:00Z,14.710938453674316,15.0,14.710938453674316,14.960938453674316,20600.0
1999-05-14T04:00:00Z,14.828125,14.828125,14.679688453674316,14.679688453674316,31200.0
1999-05-17T04:00:00Z,14.773438453674316,14.992188453674316,14.664063453674316,14.984375,20400.0
1999-05-18T04:00:00Z,14.960938453674316,14.960938453674316,14.632813453674316,14.65625,21600.0
1999-05-19T04:00:00Z,14.804688453674316,14.976563453674316,14.804688453674316,14.960938453674316,62200.0
1999-05-20T04:00:00Z,14.945313453674316,15.054688453674316,14.84375,14.929688453674316,56400.0
1999-05-21T04:00:00Z,14.84375,14.882813453674316,14.789063453674316,14.789063453674316,14000.0
1999-05-24T04:00:00Z,14.960938453674316,15.015625,14.851563453674316,14.9375,21800.0
1999-05-25T04:00:00Z,15.0,15.171875,14.9375,14.953125,41800.0
1999-05-26T04:00:00Z,14.929688453674316,15.070313453674316,14.859375,15.03125,29800.0
1999-05-27T04:00:00Z,14.96875,14.96875,14.765625,14.773438453674316,17800.0
1999-05-28T04:00:00Z,14.8125,14.851563453674316,14.804688453674316,14.804688453674316,6200.0
1999-06-01T04:00:00Z,14.757813453674316,14.796875,14.625,14.796875,10800.0
1999-06-02T04:00:00Z,14.851563453674316,14.867188453674316,14.703125,14.796875,120000.0
1999-06-03T04:00:00Z,14.796875,14.796875,14.601563453674316,14.65625,16400.0
1999-06-04T04:00:00Z,14.78125,14.875,14.765625,14.875,26800.0
1999-06-07T04:00:00Z,14.96875,15.039063453674316,14.914063453674316,15.0,21800.0
1999-06-08T04:00:00Z,15.085938453674316,15.132813453674316,15.0,15.0,8600.0
1999-06-09T04:00:00Z,15.0625,15.140625,15.046875,15.117188453674316,10000.0
1999-06-10T04:00:00Z,15.0,15.0,14.859375,14.992188453674316,9600.0
1999-06-11T04:00:00Z,15.0,15.015625,14.875,14.890625,14600.0
1999-06-14T04:00:00Z,15.078125,15.320313453674316,15.070313453674316,15.304688453674316,159200.0
1999-06-15T04:00:00Z,15.335938453674316,15.40625,15.3125,15.320313453674316,87000.0
1999-06-16T04:00:00Z,15.359375,15.5,15.359375,15.46875,249800.0
1999-06-17T04:00:00Z,15.351563453674316,15.421875,15.3125,15.335938453674316,8000.0
1999-06-18T04:00:00Z,15.390625,15.4375,15.273438453674316,15.296875,137000.0
1999-06-21T04:00:00Z,15.210938453674316,15.289063453674316,15.117188453674316,15.179688453674316,117200.0
1999-06-22T04:00:00Z,15.140625,15.226563453674316,15.125,15.125,22000.0
1999-06-23T04:00:00Z,15.179688453674316,15.179688453674316,15.046875,15.078125,17400.0
1999-06-24T04:00:00Z,14.960938453674316,14.960938453674316,14.835938453674316,14.914063453674316,10200.0
1999-06-25T04:00:00Z,14.859375,15.015625,14.835938453674316,14.835938453674316,36400.0
1999-06-28T04:00:00Z,14.96875,15.078125,14.96875,14.992188453674316,19800.0
1999-06-29T04:00:00Z,14.96875,15.03125,14.890625,15.0,7800.0
1999-06-30T04:00:00Z,15.101563453674316,15.460938453674316,15.015625,15.320313453674316,52200.0
1999-07-01T04:00:00Z,15.398438453674316,15.398438453674316,15.234375,15.265625,57000.0
1999-07-02T04:00:00Z,15.21875,15.273438453674316,15.171875,15.273438453674316,15200.0
1999-07-06T04:00:00Z,15.226563453674316,15.34375,15.148438453674316,15.226563453674316,22800.0
1999-07-07T04:00:00Z,15.28125,15.367188453674316,15.273438453674316,15.367188453674316,15400.0
1999-07-08T04:00:00Z,15.390625,15.390625,15.242188453674316,15.242188453674316,9800.0
1999-07-09T04:00:00Z,15.257813453674316,15.273438453674316,14.953125,15.242188453674316,62600.0
1999-07-12T04:00:00Z,15.296875,15.296875,15.132813453674316,15.179688453674316,14400.0
1999-07-13T04:00:00Z,15.242188453674316,15.25,15.109375,15.109375,2000.0
1999-07-14T04:00:00Z,15.132813453674316,15.203125,15.125,15.203125,26000.0
1999-07-15T04:00:00Z,15.273438453674316,15.4375,15.273438453674316,15.4375,14400.0
1999-07-16T04:00:00Z,15.515625,15.625,15.515625,15.617188453674316,3000.0
1999-07-19T04:00:00Z,15.625,15.625,15.46875,15.46875,11600.0
1999-07-20T04:00:00Z,15.507813453674316,15.617188453674316,15.492188453674316,15.539063453674316,10200.0
1999-07-21T04:00:00Z,15.5,15.710938453674316,15.5,15.632813453674316,29600.0
1999-07-22T04:00:00Z,15.46875,15.609375,15.46875,15.609375,8200.0
1999-07-23T04:00:00Z,15.554688453674316,15.601563453674316,15.507813453674316,15.507813453674316,6800.0
1999-07-26T04:00:00Z,15.460938453674316,15.648438453674316,15.460938453674316,15.53125,49200.0
1999-07-27T04:00:00Z,15.617188453674316,15.703125,15.546875,15.625,10800.0
1999-07-28T04:00:00Z,15.640625,15.679688453674316,15.585938453674316,15.59375,5200.0
1999-07-29T04:00:00Z,15.414063453674316,15.507813453674316,15.296875,15.335938453674316,31800.0
1999-07-30T04:00:00Z,15.414063453674316,15.46875,15.273438453674316,15.367188453674316,10200.0
1999-08-02T04:00:00Z,15.390625,15.65625,15.390625,15.601563453674316,94400.0
1999-08-03T04:00:00Z,15.664063453674316,15.734375,15.5,15.5,117200.0
1999-08-04T04:00:00Z,15.53125,15.578125,15.265625,15.265625,15400.0
1999-08-05T04:00:00Z,15.273438453674316,15.40625,15.164063453674316,15.40625,26200.0
1999-08-06T04:00:00Z,15.375,15.453125,15.34375,15.34375,5200.0
1999-08-09T04:00:00Z,15.4375,15.5,15.398438453674316,15.40625,17400.0
1999-08-10T04:00:00Z,15.429688453674316,15.429688453674316,15.117188453674316,15.125,32200.0
1999-08-11T04:00:00Z,14.148438453674316,15.226563453674316,14.148438453674316,15.046875,23400.0
1999-08-12T04:00:00Z,15.015625,15.117188453674316,14.96875,14.96875,47200.0
1999-08-13T04:00:00Z,15.023438453674316,15.226563453674316,15.023438453674316,15.164063453674316,24000.0
1999-08-16T04:00:00Z,15.117188453674316,15.179688453674316,15.046875,15.046875,5000.0
1999-08-17T04:00:00Z,15.257813453674316,15.257813453674316,15.132813453674316,15.210938453674316,60000.0
1999-08-18T04:00:00Z,15.226563453674316,15.226563453674316,15.085938453674316,15.117188453674316,53200.0
1999-08-19T04:00:00Z,14.960938453674316,15.0,14.796875,14.945313453674316,14800.0
1999-08-20T04:00:00Z,14.992188453674316,15.03125,14.90625,14.90625,25800.0
1999-08-23T04:00:00Z,14.921875,15.007813453674316,14.8125,14.976563453674316,16200.0
1999-08-24T04:00:00Z,14.921875,14.96875,14.875,14.9375,4600.0
1999-08-25T04:00:00Z,15.070313453674316,15.21875,15.039063453674316,15.148438453674316,77800.0
1999-08-26T04:00:00Z,15.195313453674316,15.226563453674316,15.101563453674316,15.15625,15400.0
1999-08-27T04:00:00Z,15.03125,15.0625,14.953125,14.953125,25600.0
1999-08-30T04:00:00Z,14.914063453674316,14.976563453674316,14.742188453674316,14.75,49400.0
1999-08-31T04:00:00Z,14.75,14.75,14.453125,14.632813453674316,40200.0
1999-09-01T04:00:00Z,14.53125,14.710938453674316,14.46875,14.6875,47600.0
1999-09-02T04:00:00Z,14.515625,14.515625,14.40625,14.484375,304400.0
1999-09-03T04:00:00Z,14.6875,14.78125,14.679688453674316,14.757813453674316,33600.0
1999-09-07T04:00:00Z,14.820313453674316,14.835938453674316,14.65625,14.65625,40800.0
1999-09-08T04:00:00Z,14.59375,14.617188453674316,14.429688453674316,14.445313453674316,12400.0
1999-09-09T04:00:00Z,14.390625,14.5,14.320313453674316,14.5,113400.0
1999-09-10T04:00:00Z,14.570313453674316,14.59375,14.5,14.554688453674316,23800.0
1999-09-13T04:00:00Z,14.5625,14.6875,14.515625,14.6875,14200.0
1999-09-14T04:00:00Z,14.59375,14.757813453674316,14.578125,14.695313453674316,11000.0
1999-09-15T04:00:00Z,14.875,14.90625,14.710938453674316,14.710938453674316,10800.0
1999-09-16T04:00:00Z,14.453125,14.632813453674316,14.453125,14.632813453674316,6000.0
1999-09-17T04:00:00Z,14.585938453674316,14.78125,14.585938453674316,14.710938453674316,21200.0
1999-09-20T04:00:00Z,14.71875,14.765625,13.945313453674316,14.632813453674316,23800.0
1999-09-21T04:00:00Z,14.59375,14.617188453674316,14.4375,14.4375,20600.0
1999-09-22T04:00:00Z,14.5,14.796875,14.5,14.710938453674316,29400.0
1999-09-23T04:00:00Z,14.664063453674316,14.75,14.5625,14.578125,34800.0
1999-09-24T04:00:00Z,14.4375,14.4375,14.265625,14.367188453674316,56000.0
1999-09-27T04:00:00Z,14.484375,14.617188453674316,14.484375,14.578125,24200.0
1999-09-28T04:00:00Z,14.492188453674316,14.492188453674316,14.398438453674316,14.414063453674316,1800.0
1999-09-29T04:00:00Z,14.78125,14.875,14.601563453674316,14.601563453674316,19000.0
1999-09-30T04:00:00Z,14.6875,14.890625,14.664063453674316,14.890625,17000.0
1999-10-01T04:00:00Z,14.796875,14.828125,14.632813453674316,14.789063453674316,26200.0
1999-10-04T04:00:00Z,14.890625,15.03125,14.867188453674316,15.03125,36600.0
1999-10-05T04:00:00Z,15.03125,15.085938453674316,14.601563453674316,14.632813453674316,26600.0
1999-10-06T04:00:00Z,14.773438453674316,14.890625,14.726563453674316,14.851563453674316,46800.0
1999-10-07T04:00:00Z,14.820313453674316,14.820313453674316,14.609375,14.640625,17800.0
1999-10-08T04:00:00Z,14.671875,14.890625,14.671875,14.75,6400.0
1999-10-11T04:00:00Z,14.695313453674316,14.71875,14.648438453674316,14.65625,21400.0
1999-10-12T04:00:00Z,14.554688453674316,14.554688453674316,14.34375,14.367188453674316,28400.0
1999-10-13T04:00:00Z,14.3125,14.539063453674316,14.273438453674316,14.5,13200.0
1999-10-14T04:00:00Z,14.453125,14.679688453674316,14.421875,14.59375,23400.0
1999-10-15T04:00:00Z,14.289063453674316,14.398438453674316,14.15625,14.25,25800.0
1999-10-18T04:00:00Z,14.21875,14.359375,14.132813453674316,14.359375,11800.0
1999-10-19T04:00:00Z,14.476563453674316,14.484375,14.15625,14.1875,13000.0
1999-10-20T04:00:00Z,14.203125,14.21875,14.039063453674316,14.210938453674316,33800.0
1999-10-21T04:00:00Z,14.09375,14.09375,13.882813453674316,13.992188453674316,13800.0
1999-10-22T04:00:00Z,14.078125,14.164063453674316,13.992188453674316,14.164063453674316,8800.0
1999-10-25T04:00:00Z,14.0625,14.132813453674316,13.976563453674316,14.007813453674316,220400.0
1999-10-26T04:00:00Z,14.273438453674316,14.273438453674316,14.09375,14.09375,16200.0
1999-10-27T04:00:00Z,14.234375,14.484375,14.234375,14.460938453674316,109600.0
1999-10-28T04:00:00Z,14.726563453674316,15.054688453674316,14.726563453674316,15.0,39400.0
1999-10-29T04:00:00Z,15.070313453674316,15.1875,14.96875,14.96875,55400.0
1999-11-01T05:00:00Z,15.0,15.109375,14.984375,15.109375,51800.0
1999-11-02T05:00:00Z,15.007813453674316,15.195313453674316,14.953125,14.96875,176600.0
1999-11-03T05:00:00Z,14.898438453674316,14.898438453674316,14.75,14.796875,8800.0
1999-11-04T05:00:00Z,14.890625,14.890625,14.65625,14.71875,21400.0
1999-11-05T05:00:00Z,14.921875,14.953125,14.789063453674316,14.84375,153600.0
1999-11-08T05:00:00Z,14.84375,14.9375,14.8125,14.9375,30800.0
1999-11-09T05:00:00Z,14.835938453674316,14.835938453674316,14.695313453674316,14.71875,7800.0
1999-11-10T05:00:00Z,14.671875,14.796875,14.671875,14.78125,46600.0
1999-11-11T05:00:00Z,14.765625,14.804688453674316,14.703125,14.734375,11400.0
1999-11-12T05:00:00Z,14.859375,14.859375,14.695313453674316,14.78125,7600.0
1999-11-15T05:00:00Z,14.726563453674316,14.75,14.65625,14.710938453674316,29600.0
1999-11-16T05:00:00Z,14.765625,14.765625,14.679688453674316,14.679688453674316,14600.0
1999-11-17T05:00:00Z,14.710938453674316,14.898438453674316,14.710938453674316,14.789063453674316,27000.0
1999-11-18T05:00:00Z,14.804688453674316,14.828125,14.679688453674316,14.679688453674316,21400.0
1999-11-19T05:00:00Z,14.5625,14.6875,14.5625,14.6875,26200.0
1999-11-22T05:00:00Z,14.601563453674316,14.640625,14.492188453674316,14.523438453674316,70600.0
1999-11-23T05:00:00Z,14.4375,14.46875,14.367188453674316,14.375,64800.0
1999-11-24T05:00:00Z,14.351563453674316,14.351563453674316,14.273438453674316,14.296875,37600.0
1999-11-26T05:00:00Z,14.375,14.53125,14.375,14.460938453674316,5000.0
1999-11-29T05:00:00Z,14.328125,14.34375,14.25,14.296875,52200.0
1999-11-30T05:00:00Z,14.421875,14.65625,14.40625,14.476563453674316,41400.0
1999-12-01T05:00:00Z,14.453125,14.585938453674316,14.453125,14.546875,9600.0
1999-12-02T05:00:00Z,14.53125,14.570313453674316,14.460938453674316,14.460938453674316,35400.0
1999-12-03T05:00:00Z,14.695313453674316,14.921875,14.695313453674316,14.742188453674316,25800.0
1999-12-06T05:00:00Z,14.820313453674316,14.820313453674316,14.601563453674316,14.640625,19800.0
1999-12-07T05:00:00Z,14.609375,14.84375,14.609375,14.75,219000.0
1999-12-08T05:00:00Z,14.671875,14.75,14.609375,14.632813453674316,20000.0
1999-12-09T05:00:00Z,14.710938453674316,14.78125,14.59375,14.648438453674316,16600.0
1999-12-10T05:00:00Z,14.648438453674316,14.664063453674316,14.539063453674316,14.539063453674316,16000.0
1999-12-13T05:00:00Z,14.5,14.578125,14.40625,14.53125,27800.0
1999-12-14T05:00:00Z,14.554688453674316,14.648438453674316,14.5,14.523438453674316,20400.0
1999-12-15T05:00:00Z,14.53125,14.648438453674316,14.476563453674316,14.585938453674316,25800.0
1999-12-16T05:00:00Z,14.421875,14.453125,14.359375,14.4375,22400.0
1999-12-17T05:00:00Z,14.46875,14.53125,14.34375,14.53125,948200.0
1999-12-20T05:00:00Z,14.46875,14.46875,14.195313453674316,14.195313453674316,373600.0
1999-12-21T05:00:00Z,14.3125,14.546875,14.234375,14.382813453674316,555000.0
1999-12-22T05:00:00Z,14.453125,14.492188453674316,14.3125,14.34375,169200.0
1999-12-23T05:00:00Z,14.367188453674316,14.476563453674316,14.304688453674316,14.414063453674316,595000.0
1999-12-27T05:00:00Z,14.4375,14.4375,13.914063453674316,14.03125,1824600.0
1999-12-28T05:00:00Z,14.046875,14.1875,14.046875,14.15625,198400.0
1999-12-29T05:00:00Z,14.15625,14.15625,13.945313453674316,13.945313453674316,55800.0
1999-12-30T05:00:00Z,13.945313453674316,14.03125,13.945313453674316,13.945313453674316,13600.0
1999-12-31T05:00:00Z,14.054688453674316,14.085938453674316,14.0,14.070313453674316,76200.0
2000-01-03T05:00:00Z,14.46875,14.46875,13.609375,13.726563453674316,353400.0
2000-01-04T05:00:00Z,13.734375,13.734375,13.3125,13.3125,187000.0
2000-01-05T05:00:00Z,13.609375,13.710938453674316,13.429688453674316,13.648438453674316,546800.0
2000-01-06T05:00:00Z,13.625,13.625,13.46875,13.625,69000.0
2000-01-07T05:00:00Z,13.648438453674316,13.742188453674316,13.585938453674316,13.742188453674316,92400.0
2000-01-10T05:00:00Z,13.734375,13.828125,13.710938453674316,13.789063453674316,31000.0
2000-01-11T05:00:00Z,13.726563453674316,13.726563453674316,13.539063453674316,13.640625,51400.0
2000-01-12T05:00:00Z,13.429688453674316,13.609375,13.429688453674316,13.5,73400.0
2000-01-13T05:00:00Z,13.625,13.625,13.367188453674316,13.375,279200.0
2000-01-14T05:00:00Z,13.390625,13.484375,13.328125,13.484375,91400.0
2000-01-18T05:00:00Z,13.46875,13.640625,13.429688453674316,13.429688453674316,92000.0
2000-01-19T05:00:00Z,13.390625,13.523438453674316,13.390625,13.4375,52000.0
2000-01-20T05:00:00Z,13.460938453674316,13.578125,13.429688453674316,13.5,225000.0
2000-01-21T05:00:00Z,13.78125,13.953125,13.6875,13.9375,402200.0
2000-01-24T05:00:00Z,13.96875,13.96875,13.75,13.75,128600.0
2000-01-25T05:00:00Z,13.578125,13.734375,13.3125,13.429688453674316,113800.0
2000-01-26T05:00:00Z,13.398438453674316,13.476563453674316,13.328125,13.367188453674316,62800.0
2000-01-27T05:00:00Z,13.40625,13.46875,13.28125,13.28125,37400.0
2000-01-28T05:00:00Z,13.265625,13.3125,13.117188453674316,13.210938453674316,56800.0
2000-01-31T05:00:00Z,13.132813453674316,13.820313453674316,13.117188453674316,13.820313453674316,829600.0
2000-02-01T05:00:00Z,13.796875,13.796875,13.65625,13.71875,46400.0
2000-02-02T05:00:00Z,13.75,13.773438453674316,13.648438453674316,13.648438453674316,29000.0
2000-02-03T05:00:00Z,13.664063453674316,13.804688453674316,13.59375,13.625,192200.0
2000-02-04T05:00:00Z,13.75,13.75,13.554688453674316,13.554688453674316,38600.0
2000-02-07T05:00:00Z,13.492188453674316,13.5625,13.453125,13.515625,46000.0
2000-02-08T05:00:00Z,13.679688453674316,13.75,13.546875,13.546875,65200.0
2000-02-09T05:00:00Z,13.578125,13.625,13.484375,13.546875,32600.0
2000-02-10T05:00:00Z,13.390625,13.523438453674316,13.34375,13.351563453674316,166400.0
2000-02-11T05:00:00Z,13.359375,13.359375,13.054688453674316,13.117188453674316,185000.0
2000-02-14T05:00:00Z,13.117188453674316,13.210938453674316,13.0625,13.132813453674316,23200.0
2000-02-15T05:00:00Z,13.109375,13.15625,13.046875,13.101563453674316,52200.0
2000-02-16T05:00:00Z,13.070313453674316,13.132813453674316,12.976563453674316,13.046875,308000.0
2000-02-17T05:00:00Z,13.039063453674316,13.039063453674316,12.9375,12.96875,21400.0
2000-02-18T05:00:00Z,12.84375,12.84375,12.484375,12.492188453674316,29800.0
2000-02-22T05:00:00Z,12.53125,12.539063453674316,12.382813453674316,12.445313453674316,64000.0
2000-02-23T05:00:00Z,12.46875,12.46875,12.132813453674316,12.1875,103800.0
2000-02-24T05:00:00Z,12.273438453674316,12.75,11.6875,11.78125,209400.0
2000-02-25T05:00:00Z,11.820313453674316,11.96875,11.71875,11.71875,14800.0
2000-02-28T05:00:00Z,11.757813453674316,12.164063453674316,11.6875,12.054688453674316,391000.0
2000-02-29T05:00:00Z,12.070313453674316,12.15625,12.015625,12.140625,18200.0
2000-03-01T05:00:00Z,12.578125,12.710938453674316,12.570313453674316,12.671875,92200.0
2000-03-02T05:00:00Z,12.796875,13.0625,12.796875,13.0,211200.0
2000-03-03T05:00:00Z,13.257813453674316,13.304688453674316,13.117188453674316,13.117188453674316,91200.0
2000-03-06T05:00:00Z,12.953125,12.953125,12.75,12.75,158400.0
2000-03-07T05:00:00Z,12.953125,13.023438453674316,12.523438453674316,12.601563453674316,163800.0
2000-03-08T05:00:00Z,12.460938453674316,12.960938453674316,12.460938453674316,12.6875,49800.0
2000-03-09T05:00:00Z,12.570313453674316,12.835938453674316,12.570313453674316,12.789063453674316,313400.0
2000-03-10T05:00:00Z,12.773438453674316,12.929688453674316,12.6875,12.789063453674316,45200.0
2000-03-13T05:00:00Z,12.578125,12.875,12.578125,12.828125,372400.0
2000-03-14T05:00:00Z,12.710938453674316,12.8125,12.625,12.742188453674316,340000.0
2000-03-15T05:00:00Z,12.625,12.976563453674316,12.609375,12.8125,427000.0
2000-03-16T05:00:00Z,13.046875,13.546875,13.023438453674316,13.3125,106000.0
2000-03-17T05:00:00Z,13.328125,13.546875,13.28125,13.320313453674316,125600.0
2000-03-20T05:00:00Z,13.375,13.40625,13.1875,13.265625,122600.0
2000-03-21T05:00:00Z,13.15625,13.296875,13.101563453674316,13.179688453674316,179400.0
2000-03-22T05:00:00Z,13.0625,13.15625,12.828125,12.875,97000.0
2000-03-23T05:00:00Z,12.96875,13.140625,12.851563453674316,13.09375,14200.0
2000-03-24T05:00:00Z,13.195313453674316,13.195313453674316,12.9375,12.96875,48600.0
2000-03-27T05:00:00Z,13.046875,13.171875,13.046875,13.148438453674316,66000.0
2000-03-28T05:00:00Z,13.171875,13.179688453674316,13.039063453674316,13.085938453674316,35200.0
2000-03-29T05:00:00Z,13.25,13.398438453674316,13.1875,13.320313453674316,25800.0
2000-03-30T05:00:00Z,13.3125,13.429688453674316,13.273438453674316,13.289063453674316,67200.0
2000-03-31T05:00:00Z,13.390625,13.40625,13.171875,13.367188453674316,118800.0
2000-04-03T04:00:00Z,13.320313453674316,13.484375,13.210938453674316,13.453125,161800.0
2000-04-04T04:00:00Z,13.773438453674316,14.03125,13.515625,13.640625,129000.0
2000-04-05T04:00:00Z,13.96875,14.070313453674316,13.820313453674316,13.820313453674316,22000.0
2000-04-06T04:00:00Z,13.945313453674316,14.0,13.828125,13.90625,258400.0
2000-04-07T04:00:00Z,13.960938453674316,13.960938453674316,13.757813453674316,13.867188453674316,339400.0
2000-04-10T04:00:00Z,13.773438453674316,14.0,13.75,13.835938453674316,53200.0
2000-04-11T04:00:00Z,13.953125,14.257813453674316,13.953125,14.195313453674316,56600.0
2000-04-12T04:00:00Z,14.328125,14.5,14.265625,14.320313453674316,152000.0
2000-04-13T04:00:00Z,14.328125,14.359375,14.226563453674316,14.335938453674316,50000.0
2000-04-14T04:00:00Z,14.351563453674316,14.367188453674316,13.679688453674316,13.8125,276600.0
2000-04-17T04:00:00Z,13.835938453674316,13.835938453674316,13.0,13.601563453674316,235600.0
2000-04-18T04:00:00Z,13.625,13.796875,13.625,13.640625,95200.0
2000-04-19T04:00:00Z,13.695313453674316,13.765625,13.640625,13.765625,14400.0
2000-04-20T04:00:00Z,13.867188453674316,13.875,13.8125,13.8125,16000.0
2000-04-24T04:00:00Z,13.890625,14.226563453674316,13.890625,14.1875,33400.0
2000-04-25T04:00:00Z,14.296875,14.65625,14.195313453674316,14.609375,36600.0
2000-04-26T04:00:00Z,14.617188453674316,14.6875,14.523438453674316,14.578125,46800.0
2000-04-27T04:00:00Z,14.4375,14.546875,14.25,14.25,22200.0
2000-04-28T04:00:00Z,14.25,14.328125,14.15625,14.242188453674316,19400.0
2000-05-01T04:00:00Z,14.117188453674316,14.289063453674316,14.117188453674316,14.242188453674316,55000.0
2000-05-02T04:00:00Z,14.148438453674316,14.21875,13.6875,13.726563453674316,48400.0
2000-05-03T04:00:00Z,13.75,14.25,13.679688453674316,13.773438453674316,367200.0
2000-05-04T04:00:00Z,13.59375,13.804688453674316,13.539063453674316,13.75,56000.0
2000-05-05T04:00:00Z,13.664063453674316,13.78125,13.65625,13.78125,29800.0
2000-05-08T04:00:00Z,13.625,14.03125,13.625,13.875,64600.0
2000-05-09T04:00:00Z,13.796875,13.890625,13.75,13.828125,20600.0
2000-05-10T04:00:00Z,13.890625,14.179688453674316,13.859375,14.09375,76400.0
2000-05-11T04:00:00Z,14.132813453674316,14.328125,14.132813453674316,14.304688453674316,95800.0
2000-05-12T04:00:00Z,14.273438453674316,14.273438453674316,14.03125,14.078125,24000.0
2000-05-15T04:00:00Z,14.015625,14.429688453674316,14.015625,14.351563453674316,1838600.0
2000-05-16T04:00:00Z,14.3125,14.40625,14.171875,14.289063453674316,1812800.0
2000-05-17T04:00:00Z,14.171875,14.171875,14.007813453674316,14.070313453674316,13200.0
2000-05-18T04:00:00Z,14.1875,14.328125,14.117188453674316,14.1875,24000.0
2000-05-19T04:00:00Z,13.90625,14.0,13.757813453674316,13.921875,14800.0
2000-05-22T04:00:00Z,14.015625,14.039063453674316,13.867188453674316,14.015625,29600.0
2000-05-23T04:00:00Z,13.984375,13.984375,13.757813453674316,13.757813453674316,30200.0
2000-05-24T04:00:00Z,13.914063453674316,14.085938453674316,13.898438453674316,13.992188453674316,29400.0
2000-05-25T04:00:00Z,14.03125,14.03125,13.757813453674316,13.757813453674316,50000.0
2000-05-26T04:00:00Z,13.984375,14.109375,13.859375,14.03125,229200.0
2000-05-30T04:00:00Z,14.140625,14.140625,13.96875,14.132813453674316,56800.0
2000-05-31T04:00:00Z,14.0625,14.234375,14.0625,14.210938453674316,18600.0
2000-06-01T04:00:00Z,14.164063453674316,14.3125,14.132813453674316,14.3125,13600.0
2000-06-02T04:00:00Z,14.257813453674316,14.34375,14.195313453674316,14.265625,101600.0
2000-06-05T04:00:00Z,14.078125,14.078125,13.9375,13.9375,33600.0
2000-06-06T04:00:00Z,14.03125,14.304688453674316,14.03125,14.265625,92400.0
2000-06-07T04:00:00Z,14.15625,14.367188453674316,14.15625,14.320313453674316,64800.0
2000-06-08T04:00:00Z,14.3125,14.429688453674316,14.25,14.40625,16200.0
2000-06-09T04:00:00Z,14.414063453674316,14.609375,14.414063453674316,14.585938453674316,268600.0
2000-06-12T04:00:00Z,14.640625,14.640625,14.484375,14.523438453674316,89600.0
2000-06-13T04:00:00Z,14.609375,14.882813453674316,14.609375,14.835938453674316,62400.0
2000-06-14T04:00:00Z,14.921875,14.921875,14.679688453674316,14.773438453674316,75600.0
2000-06-15T04:00:00Z,14.773438453674316,14.953125,14.695313453674316,14.695313453674316,454200.0
2000-06-16T04:00:00Z,14.578125,14.75,14.421875,14.421875,472000.0
2000-06-19T04:00:00Z,14.625,14.757813453674316,14.585938453674316,14.65625,183600.0
2000-06-20T04:00:00Z,14.539063453674316,14.570313453674316,14.398438453674316,14.5,480400.0
2000-06-21T04:00:00Z,14.40625,14.671875,14.40625,14.546875,351600.0
2000-06-22T04:00:00Z,14.476563453674316,14.523438453674316,14.453125,14.453125,30800.0
2000-06-23T04:00:00Z,14.484375,14.609375,14.484375,14.5,78400.0
2000-06-26T04:00:00Z,14.609375,14.625,14.453125,14.453125,28600.0
2000-06-27T04:00:00Z,14.40625,14.484375,14.0625,14.0625,6972600.0
2000-06-28T04:00:00Z,14.054688453674316,14.179688453674316,13.804688453674316,14.179688453674316,3541000.0
2000-06-29T04:00:00Z,13.929688453674316,14.015625,13.8125,13.953125,23000.0
2000-06-30T04:00:00Z,13.921875,14.109375,13.578125,13.625,8087800.0
2000-07-03T04:00:00Z,13.953125,14.0625,13.90625,14.03125,510200.0
2000-07-05T04:00:00Z,13.617188453674316,14.40625,13.617188453674316,14.15625,4350000.0
2000-07-06T04:00:00Z,14.164063453674316,14.3125,14.15625,14.171875,732800.0
2000-07-07T04:00:00Z,14.125,14.367188453674316,14.125,14.320313453674316,76000.0
2000-07-10T04:00:00Z,14.4375,14.507813453674316,14.296875,14.320313453674316,136200.0
2000-07-11T04:00:00Z,14.3125,14.3125,14.1875,14.1875,13600.0
2000-07-12T04:00:00Z,14.265625,14.3125,14.226563453674316,14.25,12200.0
2000-07-13T04:00:00Z,14.28125,14.3125,14.171875,14.3125,10400.0
2000-07-14T04:00:00Z,14.28125,14.28125,14.007813453674316,14.117188453674316,124000.0
2000-07-17T04:00:00Z,14.039063453674316,14.125,13.945313453674316,14.0,298400.0
2000-07-18T04:00:00Z,14.03125,14.125,13.914063453674316,13.945313453674316,344600.0
2000-07-19T04:00:00Z,14.15625,14.179688453674316,13.976563453674316,14.085938453674316,342000.0
2000-07-20T04:00:00Z,14.039063453674316,14.054688453674316,13.75,13.859375,185200.0
2000-07-21T04:00:00Z,13.976563453674316,14.125,13.867188453674316,14.0,23600.0
2000-07-24T04:00:00Z,13.9375,14.0625,13.882813453674316,13.953125,174800.0
2000-07-25T04:00:00Z,14.15625,14.171875,14.039063453674316,14.070313453674316,266200.0
2000-07-26T04:00:00Z,14.140625,14.140625,13.9375,13.9375,9800.0
2000-07-27T04:00:00Z,14.03125,14.03125,13.867188453674316,13.882813453674316,8800.0
2000-07-28T04:00:00Z,13.96875,13.96875,13.796875,13.796875,23000.0
2000-07-31T04:00:00Z,13.9375,13.984375,13.835938453674316,13.835938453674316,108000.0
2000-08-01T04:00:00Z,13.929688453674316,14.15625,13.90625,14.140625,19000.0
2000-08-02T04:00:00Z,14.171875,14.375,14.171875,14.375,59400.0
2000-08-03T04:00:00Z,14.375,14.523438453674316,14.375,14.398438453674316,119000.0
2000-08-04T04:00:00Z,14.234375,14.40625,14.117188453674316,14.320313453674316,35200.0
2000-08-07T04:00:00Z,14.28125,14.65625,14.28125,14.601563453674316,73800.0
2000-08-08T04:00:00Z,14.328125,14.328125,14.1875,14.21875,107200.0
2000-08-09T04:00:00Z,14.1875,14.21875,13.9375,13.992188453674316,150800.0
2000-08-10T04:00:00Z,14.0,14.03125,13.890625,13.992188453674316,9200.0
2000-08-11T04:00:00Z,14.054688453674316,14.296875,14.054688453674316,14.148438453674316,23800.0
2000-08-14T04:00:00Z,13.984375,14.28125,13.984375,14.234375,25000.0
2000-08-15T04:00:00Z,14.234375,14.375,14.171875,14.328125,14200.0
2000-08-16T04:00:00Z,14.25,14.265625,14.09375,14.125,33800.0
2000-08-17T04:00:00Z,14.09375,14.140625,13.9375,13.9375,25000.0
2000-08-18T04:00:00Z,13.90625,14.125,13.90625,14.015625,20800.0
2000-08-21T04:00:00Z,14.101563453674316,14.125,14.03125,14.109375,11200.0
2000-08-22T04:00:00Z,14.125,14.125,13.9375,13.9375,24400.0
2000-08-23T04:00:00Z,13.9375,14.0625,13.890625,14.046875,197400.0
2000-08-24T04:00:00Z,14.09375,14.09375,13.9375,14.015625,22400.0
2000-08-25T04:00:00Z,13.960938453674316,14.046875,13.953125,14.0,319800.0
2000-08-28T04:00:00Z,14.0625,14.351563453674316,14.0625,14.25,23800.0
2000-08-29T04:00:00Z,14.21875,14.21875,14.109375,14.125,20800.0
2000-08-30T04:00:00Z,14.125,14.296875,14.125,14.265625,14600.0
2000-08-31T04:00:00Z,14.375,14.515625,14.375,14.375,12000.0
2000-09-01T04:00:00Z,14.492188453674316,14.546875,14.390625,14.546875,484600.0
2000-09-05T04:00:00Z,14.625,14.6875,14.5625,14.601563453674316,312800.0
2000-09-06T04:00:00Z,14.757813453674316,14.8125,14.703125,14.78125,273800.0
2000-09-07T04:00:00Z,14.796875,14.875,14.71875,14.78125,70400.0
2000-09-08T04:00:00Z,14.875,15.28125,14.859375,15.25,1920800.0
2000-09-11T04:00:00Z,15.34375,15.679688453674316,15.34375,15.601563453674316,1127800.0
2000-09-12T04:00:00Z,15.578125,15.625,15.40625,15.5625,1380600.0
2000-09-13T04:00:00Z,15.5625,15.65625,15.4375,15.453125,203800.0
2000-09-14T04:00:00Z,15.4375,15.4375,15.171875,15.25,121000.0
2000-09-15T04:00:00Z,15.15625,15.359375,15.15625,15.265625,108400.0
2000-09-18T04:00:00Z,15.25,15.28125,15.15625,15.171875,122400.0
2000-09-19T04:00:00Z,15.21875,15.21875,14.921875,14.921875,100400.0
2000-09-20T04:00:00Z,14.875,14.875,14.59375,14.65625,192600.0
2000-09-21T04:00:00Z,14.75,14.765625,14.578125,14.765625,293800.0
2000-09-22T04:00:00Z,14.921875,15.140625,14.890625,15.140625,50600.0
2000-09-25T04:00:00Z,15.15625,15.25,15.125,15.25,114000.0
2000-09-26T04:00:00Z,15.3125,15.5625,15.3125,15.46875,33400.0
2000-09-27T04:00:00Z,15.40625,15.523438453674316,15.28125,15.40625,103600.0
2000-09-28T04:00:00Z,15.5,15.914063453674316,15.476563453674316,15.90625,225000.0
2000-09-29T04:00:00Z,15.9375,16.28125,15.921875,16.140625,118800.0
2000-10-02T04:00:00Z,15.992188453674316,16.234375,15.90625,16.234375,45400.0
2000-10-03T04:00:00Z,16.1171875,16.40625,16.03125,16.03125,183400.0
2000-10-04T04:00:00Z,16.140625,16.28125,15.890625,16.03125,117000.0
2000-10-05T04:00:00Z,16.2734375,16.2734375,16.125,16.171875,398400.0
2000-10-06T04:00:00Z,16.125,16.28125,16.0390625,16.09375,40800.0
2000-10-09T04:00:00Z,16.2265625,16.3125,16.0625,16.09375,80800.0
2000-10-10T04:00:00Z,16.234375,16.3359375,16.03125,16.0625,29800.0
2000-10-11T04:00:00Z,16.15625,16.15625,15.671875,15.8125,81800.0
2000-10-12T04:00:00Z,15.65625,15.882813453674316,15.40625,15.59375,125000.0
2000-10-13T04:00:00Z,15.65625,15.828125,15.640625,15.828125,116800.0
2000-10-16T04:00:00Z,15.921875,16.03125,15.890625,15.921875,157400.0
2000-10-17T04:00:00Z,16.0625,16.203125,16.015625,16.1328125,68200.0
2000-10-18T04:00:00Z,16.046875,16.1171875,15.90625,16.0,270000.0
2000-10-19T04:00:00Z,15.8125,16.0546875,15.8125,15.921875,77000.0
2000-10-20T04:00:00Z,15.8125,15.914063453674316,15.460938453674316,15.835938453674316,162200.0
2000-10-23T04:00:00Z,15.882813453674316,16.234375,15.882813453674316,16.171875,48800.0
2000-10-24T04:00:00Z,16.34375,16.34375,16.03125,16.1015625,22000.0
2000-10-25T04:00:00Z,16.140625,16.2734375,15.96875,16.0,153000.0
2000-10-26T04:00:00Z,16.0,16.046875,15.859375,15.945313453674316,59200.0
2000-10-27T04:00:00Z,16.046875,16.3125,15.96875,16.3125,54600.0
2000-10-30T05:00:00Z,16.640625,16.9765625,16.640625,16.9453125,104400.0
2000-10-31T05:00:00Z,16.90625,17.078125,16.875,17.078125,54200.0
2000-11-01T05:00:00Z,17.140625,17.1875,16.890625,16.9765625,80600.0
2000-11-02T05:00:00Z,17.015625,17.015625,16.75,16.984375,11800.0
2000-11-03T05:00:00Z,16.9140625,17.078125,16.8515625,16.90625,19600.0
2000-11-06T05:00:00Z,17.0,17.03125,16.828125,16.828125,26600.0
2000-11-07T05:00:00Z,16.859375,16.859375,16.71875,16.8515625,28800.0
2000-11-08T05:00:00Z,16.875,16.9375,16.7421875,16.9375,37200.0
2000-11-09T05:00:00Z,16.96875,17.078125,16.796875,17.03125,25400.0
2000-11-10T05:00:00Z,17.15625,17.203125,17.015625,17.0625,25800.0
2000-11-13T05:00:00Z,17.15625,17.2734375,17.046875,17.140625,51200.0
2000-11-14T05:00:00Z,16.953125,17.03125,16.7890625,16.84375,32600.0
2000-11-15T05:00:00Z,16.828125,16.984375,16.6796875,16.828125,39400.0
2000-11-16T05:00:00Z,17.046875,17.1171875,16.96875,17.0234375,42000.0
2000-11-17T05:00:00Z,16.796875,16.875,16.671875,16.765625,17600.0
2000-11-20T05:00:00Z,16.96875,16.984375,16.90625,16.9296875,22600.0
2000-11-21T05:00:00Z,16.78125,16.90625,16.7265625,16.765625,9600.0
2000-11-22T05:00:00Z,16.890625,16.984375,16.8359375,16.890625,50600.0
2000-11-24T05:00:00Z,16.96875,16.96875,16.84375,16.859375,13400.0
2000-11-27T05:00:00Z,16.75,16.84375,16.734375,16.7421875,70600.0
2000-11-28T05:00:00Z,16.765625,17.0234375,16.765625,16.984375,202800.0
2000-11-29T05:00:00Z,16.984375,17.125,16.984375,17.09375,82600.0
2000-11-30T05:00:00Z,17.1484375,17.1875,16.84375,17.0703125,44400.0
2000-12-01T05:00:00Z,17.0,17.0390625,16.6484375,16.7421875,27000.0
2000-12-04T05:00:00Z,16.796875,17.09375,16.796875,16.921875,40000.0
2000-12-05T05:00:00Z,16.96875,17.03125,16.8828125,17.03125,46600.0
2000-12-06T05:00:00Z,17.125,17.1484375,16.96875,17.09375,90600.0
2000-12-07T05:00:00Z,17.1875,17.2109375,17.0625,17.0859375,40200.0
2000-12-08T05:00:00Z,16.8671875,16.953125,16.671875,16.671875,88400.0
2000-12-11T05:00:00Z,16.609375,16.734375,16.53125,16.71875,37200.0
2000-12-12T05:00:00Z,16.78125,16.9375,16.7109375,16.765625,34400.0
2000-12-13T05:00:00Z,16.96875,17.203125,16.9375,17.1796875,67000.0
2000-12-14T05:00:00Z,17.1171875,17.171875,16.9296875,17.078125,61600.0
2000-12-15T05:00:00Z,16.9765625,16.9921875,16.765625,16.8125,57600.0
2000-12-18T05:00:00Z,16.796875,16.796875,16.6015625,16.65625,25600.0
2000-12-19T05:00:00Z,16.21875,16.5625,16.03125,16.078125,51200.0
2000-12-20T05:00:00Z,16.046875,16.15625,15.859375,15.929688453674316,49400.0
2000-12-21T05:00:00Z,15.804688453674316,15.9375,15.703125,15.835938453674316,66800.0
2000-12-22T05:00:00Z,15.921875,16.0859375,15.804688453674316,16.0859375,78600.0
2000-12-26T05:00:00Z,16.15625,16.578125,16.15625,16.5390625,15000.0
2000-12-27T05:00:00Z,16.515625,16.671875,16.4375,16.5390625,35600.0
2000-12-28T05:00:00Z,16.578125,16.609375,16.40625,16.40625,24400.0
2000-12-29T05:00:00Z,16.3828125,16.703125,16.359375,16.59375,37200.0
2001-01-02T05:00:00Z,16.46875,16.5,16.3203125,16.34375,14800.0
2001-01-03T05:00:00Z,16.71875,16.9609375,16.0,16.0,155800.0
2001-01-04T05:00:00Z,16.0,16.0,15.5,15.75,96800.0
2001-01-05T05:00:00Z,15.664063453674316,15.96875,15.59375,15.59375,70400.0
2001-01-08T05:00:00Z,15.773438453674316,15.859375,15.609375,15.828125,727800.0
2001-01-09T05:00:00Z,15.71875,16.0390625,15.71875,15.898438453674316,104000.0
2001-01-10T05:00:00Z,15.828125,16.046875,15.773438453674316,15.859375,39200.0
2001-01-11T05:00:00Z,15.765625,15.8125,15.4375,15.492188453674316,60200.0
2001-01-12T05:00:00Z,15.5,15.640625,15.28125,15.609375,93800.0
2001-01-16T05:00:00Z,15.359375,15.390625,15.03125,15.359375,87200.0
2001-01-17T05:00:00Z,15.328125,15.5,15.28125,15.398438453674316,57400.0
2001-01-18T05:00:00Z,15.46875,15.757813453674316,15.351563453674316,15.671875,35400.0
2001-01-19T05:00:00Z,15.484375,15.703125,15.453125,15.625,20600.0
2001-01-22T05:00:00Z,15.625,15.734375,15.46875,15.59375,39600.0
2001-01-23T05:00:00Z,15.710938453674316,15.804688453674316,15.5625,15.578125,83200.0
2001-01-24T05:00:00Z,15.609375,15.742188453674316,15.492188453674316,15.601563453674316,35800.0
2001-01-25T05:00:00Z,15.734375,15.757813453674316,15.5,15.710938453674316,32600.0
2001-01-26T05:00:00Z,15.734375,15.734375,15.203125,15.5625,51400.0
2001-01-29T05:00:00Z,15.75,15.875,15.664999961853027,15.805000305175781,105600.0
2001-01-30T05:00:00Z,15.625,15.805000305175781,15.614999771118164,15.805000305175781,17800.0
2001-01-31T05:00:00Z,15.625,15.670000076293945,15.5649995803833,15.65999984741211,16800.0
2001-02-01T05:00:00Z,15.725000381469727,15.850000381469727,15.640000343322754,15.850000381469727,29600.0
2001-02-02T05:00:00Z,15.680000305175781,15.800000190734863,15.675000190734863,15.675000190734863,18200.0
2001-02-05T05:00:00Z,15.824999809265137,15.824999809265137,15.680000305175781,15.789999961853027,15600.0
2001-02-06T05:00:00Z,15.770000457763672,15.949999809265137,15.770000457763672,15.885000228881836,76800.0
2001-02-07T05:00:00Z,15.960000038146973,15.984999656677246,15.850000381469727,15.890000343322754,14600.0
2001-02-08T05:00:00Z,16.030000686645508,16.065000534057617,15.954999923706055,16.030000686645508,28600.0
2001-02-09T05:00:00Z,16.125,16.219999313354492,15.975000381469727,16.010000228881836,460200.0
2001-02-12T05:00:00Z,16.049999237060547,16.354999542236328,15.979999542236328,16.024999618530273,21400.0
2001-02-13T05:00:00Z,16.059999465942383,16.2450008392334,15.895000457763672,16.15999984741211,62600.0
2001-02-14T05:00:00Z,16.100000381469727,16.100000381469727,15.890000343322754,15.890000343322754,22200.0
2001-02-15T05:00:00Z,15.949999809265137,16.059999465942383,15.800000190734863,15.914999961853027,40600.0
2001-02-16T05:00:00Z,15.984999656677246,16.149999618530273,15.9350004196167,16.0049991607666,58000.0
2001-02-20T05:00:00Z,16.05500030517578,16.274999618530273,16.03499984741211,16.079999923706055,39200.0
2001-02-21T05:00:00Z,16.125,16.149999618530273,15.890000343322754,15.890000343322754,18000.0
2001-02-22T05:00:00Z,15.925000190734863,16.114999771118164,15.904999732971191,16.059999465942383,48800.0
2001-02-23T05:00:00Z,15.84000015258789,15.970000267028809,15.600000381469727,15.970000267028809,19800.0
2001-02-26T05:00:00Z,16.0,16.209999084472656,16.0,16.149999618530273,33400.0
2001-02-27T05:00:00Z,16.274999618530273,16.334999084472656,16.155000686645508,16.170000076293945,27200.0
2001-02-28T05:00:00Z,16.209999084472656,16.209999084472656,15.875,15.984999656677246,31000.0
2001-03-01T05:00:00Z,15.899999618530273,15.930000305175781,15.774999618530273,15.8100004196167,18800.0
2001-03-02T05:00:00Z,15.494999885559082,15.949999809265137,15.449999809265137,15.850000381469727,31200.0
2001-03-05T05:00:00Z,15.899999618530273,15.90999984741211,15.6899995803833,15.819999694824219,86400.0
2001-03-06T05:00:00Z,15.854999542236328,15.925000190734863,15.795000076293945,15.800000190734863,26600.0
2001-03-07T05:00:00Z,15.755000114440918,15.829999923706055,15.619999885559082,15.725000381469727,65400.0
2001-03-08T05:00:00Z,15.824999809265137,16.030000686645508,15.774999618530273,16.020000457763672,109600.0
2001-03-09T05:00:00Z,15.925000190734863,15.975000381469727,15.739999771118164,15.739999771118164,20600.0
2001-03-12T05:00:00Z,15.739999771118164,15.9399995803833,15.739999771118164,15.920000076293945,38000.0
2001-03-13T05:00:00Z,15.460000038146973,15.585000038146973,15.425000190734863,15.550000190734863,321600.0
2001-03-14T05:00:00Z,15.25,15.354999542236328,14.880000114440918,15.015000343322754,90200.0
2001-03-15T05:00:00Z,15.100000381469727,15.295000076293945,15.100000381469727,15.279999732971191,7200.0
2001-03-16T05:00:00Z,15.074999809265137,15.25,14.984999656677246,15.050000190734863,549800.0
2001-03-19T05:00:00Z,14.925000190734863,15.239999771118164,14.699999809265137,15.239999771118164,158600.0
2001-03-20T05:00:00Z,15.045000076293945,15.175000190734863,14.975000381469727,15.020000457763672,37400.0
2001-03-21T05:00:00Z,15.024999618530273,15.050000190734863,14.649999618530273,14.6850004196167,89000.0
2001-03-22T05:00:00Z,14.630000114440918,14.630000114440918,14.1850004196167,14.5,458200.0
2001-03-23T05:00:00Z,14.204999923706055,14.484999656677246,14.149999618530273,14.475000381469727,198000.0
2001-03-26T05:00:00Z,14.875,15.029999732971191,14.789999961853027,14.954999923706055,237200.0
2001-03-27T05:00:00Z,15.25,15.529999732971191,15.25,15.505000114440918,57200.0
2001-03-28T05:00:00Z,15.475000381469727,15.475000381469727,15.074999809265137,15.175000190734863,21200.0
2001-03-29T05:00:00Z,15.074999809265137,15.529999732971191,15.0600004196167,15.529999732971191,42200.0
2001-03-30T05:00:00Z,15.600000381469727,15.6899995803833,15.515000343322754,15.645000457763672,19200.0
2001-04-02T04:00:00Z,15.645000457763672,15.96500015258789,15.550000190734863,15.694999694824219,111000.0
2001-04-03T04:00:00Z,15.75,15.75,15.53499984741211,15.619999885559082,32600.0
2001-04-04T04:00:00Z,15.550000190734863,15.729999542236328,15.460000038146973,15.680000305175781,19200.0
2001-04-05T04:00:00Z,15.475000381469727,15.574999809265137,15.390000343322754,15.574999809265137,10600.0
2001-04-06T04:00:00Z,15.550000190734863,15.680000305175781,14.970000267028809,15.28499984741211,782000.0
2001-04-09T04:00:00Z,15.375,15.670000076293945,15.375,15.619999885559082,41400.0
2001-04-10T04:00:00Z,15.649999618530273,15.994999885559082,15.649999618530273,15.944999694824219,35000.0
2001-04-11T04:00:00Z,15.944999694824219,16.0,15.585000038146973,15.729999542236328,186400.0
2001-04-12T04:00:00Z,15.75,15.779999732971191,15.529999732971191,15.720000267028809,48400.0
2001-04-16T04:00:00Z,15.699999809265137,15.970000267028809,15.699999809265137,15.970000267028809,23000.0
2001-04-17T04:00:00Z,16.0,16.34000015258789,16.0,16.34000015258789,60400.0
2001-04-18T04:00:00Z,16.299999237060547,16.325000762939453,15.949999809265137,16.0,1146800.0
2001-04-19T04:00:00Z,16.225000381469727,16.4950008392334,15.899999618530273,16.030000686645508,112800.0
2001-04-20T04:00:00Z,15.925000190734863,15.970000267028809,15.699999809265137,15.84000015258789,67200.0
2001-04-23T04:00:00Z,15.84000015258789,15.875,15.670000076293945,15.875,645000.0
2001-04-24T04:00:00Z,16.0,16.225000381469727,15.9350004196167,15.949999809265137,31800.0
2001-04-25T04:00:00Z,16.125,16.2450008392334,15.880000114440918,16.229999542236328,395200.0
2001-04-26T04:00:00Z,16.299999237060547,16.4950008392334,16.299999237060547,16.375,167800.0
2001-04-27T04:00:00Z,16.325000762939453,16.5,16.299999237060547,16.385000228881836,32400.0
2001-04-30T04:00:00Z,16.350000381469727,16.635000228881836,16.350000381469727,16.399999618530273,353000.0
2001-05-01T04:00:00Z,16.5,16.575000762939453,16.40999984741211,16.55500030517578,242600.0
2001-05-02T04:00:00Z,16.549999237060547,16.549999237060547,16.309999465942383,16.344999313354492,117600.0
2001-05-03T04:00:00Z,16.299999237060547,16.299999237060547,15.949999809265137,16.135000228881836,73200.0
2001-05-04T04:00:00Z,16.174999237060547,16.329999923706055,16.0,16.299999237060547,27600.0
2001-05-07T04:00:00Z,16.399999618530273,16.40999984741211,16.2549991607666,16.385000228881836,22600.0
2001-05-08T04:00:00Z,16.5,16.5,16.149999618530273,16.149999618530273,49200.0
2001-05-09T04:00:00Z,16.274999618530273,16.274999618530273,16.0049991607666,16.174999237060547,43800.0
2001-05-10T04:00:00Z,16.0,16.25,16.0,16.184999465942383,23600.0
2001-05-11T04:00:00Z,16.274999618530273,16.274999618530273,16.09000015258789,16.19499969482422,27000.0
2001-05-14T04:00:00Z,16.399999618530273,16.40999984741211,16.2450008392334,16.40999984741211,29800.0
2001-05-15T04:00:00Z,16.540000915527344,16.540000915527344,16.264999389648438,16.299999237060547,62800.0
2001-05-16T04:00:00Z,16.40999984741211,16.68000030517578,16.25,16.649999618530273,54000.0
2001-05-17T04:00:00Z,16.700000762939453,16.700000762939453,16.475000381469727,16.549999237060547,66400.0
2001-05-18T04:00:00Z,16.575000762939453,16.649999618530273,16.5,16.649999618530273,53200.0
2001-05-21T04:00:00Z,16.649999618530273,16.774999618530273,16.549999237060547,16.709999084472656,47200.0
2001-05-22T04:00:00Z,16.709999084472656,16.7549991607666,16.6299991607666,16.649999618530273,21200.0
2001-05-23T04:00:00Z,16.75,16.764999389648438,16.575000762939453,16.645000457763672,31800.0
2001-05-24T04:00:00Z,16.594999313354492,16.639999389648438,16.514999389648438,16.600000381469727,28400.0
2001-05-25T04:00:00Z,16.5,16.610000610351562,16.329999923706055,16.34000015258789,24600.0
2001-05-29T04:00:00Z,16.389999389648438,16.389999389648438,16.204999923706055,16.329999923706055,42600.0
2001-05-30T04:00:00Z,16.25,16.475000381469727,16.100000381469727,16.260000228881836,89600.0
2001-05-31T04:00:00Z,16.325000762939453,16.514999389648438,16.315000534057617,16.514999389648438,139000.0
2001-06-01T04:00:00Z,16.350000381469727,16.44499969482422,16.219999313354492,16.375,37400.0
2001-06-04T04:00:00Z,16.424999237060547,16.424999237060547,16.174999237060547,16.385000228881836,26200.0
2001-06-05T04:00:00Z,16.450000762939453,16.450000762939453,16.100000381469727,16.145000457763672,502200.0
2001-06-06T04:00:00Z,16.049999237060547,16.200000762939453,15.944999694824219,16.014999389648438,36400.0
2001-06-07T04:00:00Z,16.049999237060547,16.049999237060547,15.789999961853027,15.880000114440918,51000.0
2001-06-08T04:00:00Z,15.760000228881836,16.204999923706055,15.760000228881836,15.9399995803833,28600.0
2001-06-11T04:00:00Z,15.755000114440918,16.114999771118164,15.755000114440918,16.09000015258789,111400.0
2001-06-12T04:00:00Z,16.0,16.229999542236328,16.0,16.229999542236328,16600.0
2001-06-13T04:00:00Z,16.25,16.25,15.885000228881836,15.895000457763672,27800.0
2001-06-14T04:00:00Z,15.899999618530273,15.899999618530273,15.425000190734863,15.425000190734863,101800.0
2001-06-15T04:00:00Z,15.25,15.704999923706055,15.25,15.40999984741211,151200.0
2001-06-18T04:00:00Z,15.505000114440918,15.649999618530273,15.399999618530273,15.430000305175781,248800.0
2001-06-19T04:00:00Z,15.430000305175781,15.645000457763672,15.395000457763672,15.489999771118164,19800.0
2001-06-20T04:00:00Z,15.59000015258789,15.670000076293945,15.399999618530273,15.529999732971191,46600.0
2001-06-21T04:00:00Z,15.5,15.545000076293945,15.125,15.125,26600.0
2001-06-22T04:00:00Z,15.125,15.300000190734863,15.114999771118164,15.295000076293945,44200.0
2001-06-25T04:00:00Z,15.265000343322754,15.3100004196167,15.114999771118164,15.114999771118164,28600.0
2001-06-26T04:00:00Z,15.050000190734863,15.354999542236328,15.015000343322754,15.34000015258789,32800.0
2001-06-27T04:00:00Z,15.25,15.40999984741211,15.239999771118164,15.375,18800.0
2001-06-28T04:00:00Z,15.569999694824219,15.625,15.40999984741211,15.40999984741211,19000.0
2001-06-29T04:00:00Z,15.399999618530273,15.574999809265137,15.399999618530273,15.574999809265137,28400.0
2001-07-02T04:00:00Z,15.5,15.675000190734863,15.5,15.619999885559082,73600.0
2001-07-03T04:00:00Z,15.725000381469727,15.774999618530273,15.595000267028809,15.65999984741211,29800.0
2001-07-05T04:00:00Z,15.625,15.875,15.625,15.789999961853027,57600.0
2001-07-06T04:00:00Z,15.850000381469727,15.920000076293945,15.760000228881836,15.774999618530273,198800.0
2001-07-09T04:00:00Z,15.78499984741211,15.920000076293945,15.734999656677246,15.920000076293945,41600.0
2001-07-10T04:00:00Z,15.899999618530273,16.020000457763672,15.899999618530273,15.944999694824219,15800.0
2001-07-11T04:00:00Z,15.925000190734863,16.110000610351562,15.925000190734863,16.020000457763672,38800.0
2001-07-12T04:00:00Z,15.925000190734863,15.949999809265137,15.835000038146973,15.854999542236328,19000.0
2001-07-13T04:00:00Z,15.875,15.899999618530273,15.774999618530273,15.8149995803833,48800.0
2001-07-16T04:00:00Z,15.925000190734863,16.059999465942383,15.914999961853027,15.925000190734863,223600.0
2001-07-17T04:00:00Z,16.014999389648438,16.100000381469727,15.949999809265137,15.949999809265137,28800.0
2001-07-18T04:00:00Z,16.09000015258789,16.094999313354492,15.78499984741211,15.78499984741211,37800.0
2001-07-19T04:00:00Z,15.949999809265137,16.075000762939453,15.885000228881836,15.885000228881836,45800.0
2001-07-20T04:00:00Z,15.824999809265137,15.90999984741211,15.529999732971191,15.550000190734863,81000.0
2001-07-23T04:00:00Z,15.475000381469727,15.545000076293945,14.975000381469727,15.125,56000.0
2001-07-24T04:00:00Z,15.175000190734863,15.175000190734863,14.664999961853027,14.6899995803833,143000.0
2001-07-25T04:00:00Z,14.699999809265137,15.34000015258789,14.699999809265137,15.34000015258789,165000.0
2001-07-26T04:00:00Z,15.239999771118164,15.404999732971191,15.100000381469727,15.395000457763672,17200.0
2001-07-27T04:00:00Z,15.5,15.595000267028809,15.279999732971191,15.385000228881836,68400.0
2001-07-30T04:00:00Z,15.425000190734863,15.574999809265137,15.300000190734863,15.5600004196167,49400.0
2001-07-31T04:00:00Z,15.34000015258789,15.585000038146973,15.3149995803833,15.4350004196167,27400.0
2001-08-01T04:00:00Z,15.350000381469727,15.6850004196167,15.324999809265137,15.614999771118164,57600.0
2001-08-02T04:00:00Z,15.5,15.734999656677246,15.5,15.59000015258789,16800.0
2001-08-03T04:00:00Z,15.5,15.5649995803833,15.40999984741211,15.545000076293945,37000.0
2001-08-06T04:00:00Z,15.354999542236328,15.375,15.199999809265137,15.244999885559082,29200.0
2001-08-07T04:00:00Z,15.3149995803833,15.4399995803833,15.28499984741211,15.364999771118164,24600.0
2001-08-08T04:00:00Z,15.274999618530273,15.274999618530273,15.005000114440918,15.0600004196167,58200.0
2001-08-09T04:00:00Z,15.0,15.175000190734863,15.0,15.085000038146973,147200.0
2001-08-10T04:00:00Z,15.050000190734863,15.380000114440918,14.975000381469727,15.380000114440918,28400.0
2001-08-13T04:00:00Z,15.265000343322754,15.324999809265137,15.210000038146973,15.210000038146973,18000.0
2001-08-14T04:00:00Z,15.164999961853027,15.270000457763672,15.164999961853027,15.210000038146973,117200.0
2001-08-15T04:00:00Z,15.220000267028809,15.220000267028809,15.020000457763672,15.020000457763672,19600.0
2001-08-16T04:00:00Z,15.055000305175781,15.199999809265137,15.0,15.1850004196167,30600.0
2001-08-17T04:00:00Z,15.0,15.130000114440918,14.975000381469727,15.0,64800.0
2001-08-20T04:00:00Z,15.050000190734863,15.180000305175781,15.050000190734863,15.119999885559082,30800.0
2001-08-21T04:00:00Z,15.270000457763672,15.305000305175781,15.125,15.125,90200.0
2001-08-22T04:00:00Z,15.149999618530273,15.154999732971191,15.024999618530273,15.100000381469727,121800.0
2001-08-23T04:00:00Z,15.0,15.1850004196167,15.0,15.0649995803833,23000.0
2001-08-24T04:00:00Z,15.015000343322754,15.1850004196167,15.015000343322754,15.170000076293945,8800.0
2001-08-27T04:00:00Z,15.225000381469727,15.225000381469727,15.119999885559082,15.210000038146973,8400.0
2001-08-28T04:00:00Z,15.074999809265137,15.145000457763672,15.0600004196167,15.140000343322754,6400.0
2001-08-29T04:00:00Z,15.164999961853027,15.164999961853027,15.010000228881836,15.050000190734863,83000.0
2001-08-30T04:00:00Z,15.0,15.125,14.869999885559082,14.875,582000.0
2001-08-31T04:00:00Z,14.989999771118164,14.989999771118164,14.819999694824219,14.885000228881836,18600.0
2001-09-04T04:00:00Z,14.949999809265137,15.21500015258789,14.890000343322754,15.039999961853027,871000.0
2001-09-05T04:00:00Z,14.975000381469727,14.975000381469727,14.819999694824219,14.949999809265137,192200.0
2001-09-06T04:00:00Z,14.875,14.96500015258789,14.835000038146973,14.835000038146973,19200.0
2001-09-07T04:00:00Z,14.71500015258789,14.9350004196167,14.71500015258789,14.8149995803833,67800.0
2001-09-10T04:00:00Z,14.75,15.0600004196167,14.75,15.0600004196167,23400.0
2001-09-17T04:00:00Z,14.824999809265137,14.949999809265137,14.699999809265137,14.925000190734863,2367800.0
2001-09-18T04:00:00Z,14.875,15.125,14.824999809265137,15.029999732971191,190800.0
2001-09-19T04:00:00Z,15.074999809265137,15.1850004196167,14.729999542236328,14.914999961853027,20600.0
2001-09-20T04:00:00Z,14.829999923706055,15.114999771118164,14.829999923706055,15.104999542236328,48400.0
2001-09-21T04:00:00Z,14.5,14.920000076293945,14.5,14.5649995803833,49000.0
2001-09-24T04:00:00Z,14.5649995803833,14.699999809265137,14.5649995803833,14.614999771118164,44400.0
2001-09-25T04:00:00Z,14.574999809265137,14.850000381469727,14.574999809265137,14.835000038146973,87200.0
2001-09-26T04:00:00Z,14.5,14.630000114440918,14.430000305175781,14.479999542236328,91400.0
2001-09-27T04:00:00Z,14.475000381469727,14.475000381469727,14.194999694824219,14.300000190734863,116200.0
2001-09-28T04:00:00Z,14.420000076293945,14.6899995803833,14.420000076293945,14.630000114440918,25200.0
2001-10-01T04:00:00Z,14.604999542236328,14.765000343322754,14.520000457763672,14.755000114440918,90000.0
2001-10-02T04:00:00Z,14.600000381469727,14.970000267028809,14.600000381469727,14.914999961853027,19600.0
2001-10-03T04:00:00Z,14.975000381469727,15.079999923706055,14.975000381469727,15.074999809265137,40400.0
2001-10-04T04:00:00Z,15.125,15.125,14.925000190734863,14.925000190734863,24600.0
2001-10-05T04:00:00Z,15.125,15.125,14.954999923706055,14.954999923706055,21000.0
2001-10-08T04:00:00Z,15.050000190734863,15.154999732971191,15.045000076293945,15.095000267028809,62200.0
2001-10-09T04:00:00Z,14.984999656677246,15.079999923706055,14.960000038146973,15.020000457763672,146400.0
2001-10-10T04:00:00Z,14.944999694824219,15.0649995803833,14.899999618530273,15.050000190734863,57600.0
2001-10-11T04:00:00Z,15.039999961853027,15.0600004196167,14.78499984741211,14.829999923706055,2046200.0
2001-10-12T04:00:00Z,14.819999694824219,14.875,14.614999771118164,14.729999542236328,89000.0
2001-10-15T04:00:00Z,14.699999809265137,14.710000038146973,14.614999771118164,14.704999923706055,260000.0
2001-10-16T04:00:00Z,14.774999618530273,14.8149995803833,14.710000038146973,14.8149995803833,29400.0
2001-10-17T04:00:00Z,14.925000190734863,14.96500015258789,14.744999885559082,14.800000190734863,42200.0
2001-10-18T04:00:00Z,14.824999809265137,14.824999809265137,14.510000228881836,14.515000343322754,62600.0
2001-10-19T04:00:00Z,14.5600004196167,14.789999961853027,14.484999656677246,14.765000343322754,30600.0
2001-10-22T04:00:00Z,14.625,14.625,14.390000343322754,14.484999656677246,14000.0
2001-10-23T04:00:00Z,14.300000190734863,14.324999809265137,14.024999618530273,14.114999771118164,79400.0
2001-10-24T04:00:00Z,14.100000381469727,14.100000381469727,13.9399995803833,13.989999771118164,154000.0
2001-10-25T04:00:00Z,13.975000381469727,14.109999656677246,13.975000381469727,14.085000038146973,72400.0
2001-10-26T04:00:00Z,14.050000190734863,14.220000267028809,13.96500015258789,14.130000114440918,231000.0
2001-10-29T05:00:00Z,14.175000190734863,14.175000190734863,14.015000343322754,14.104999542236328,117200.0
2001-10-30T05:00:00Z,14.0,14.0,13.864999771118164,13.895000457763672,92000.0
2001-10-31T05:00:00Z,13.800000190734863,13.975000381469727,13.800000190734863,13.859999656677246,27400.0
2001-11-01T05:00:00Z,14.0,14.114999771118164,13.805000305175781,13.975000381469727,141000.0
2001-11-02T05:00:00Z,13.949999809265137,14.039999961853027,13.824999809265137,14.029999732971191,75400.0
2001-11-05T05:00:00Z,14.225000381469727,14.244999885559082,14.119999885559082,14.164999961853027,45800.0
2001-11-06T05:00:00Z,14.100000381469727,14.225000381469727,14.0,14.225000381469727,108800.0
2001-11-07T05:00:00Z,14.225000381469727,14.225000381469727,14.024999618530273,14.039999961853027,102000.0
2001-11-08T05:00:00Z,14.09000015258789,14.260000228881836,14.050000190734863,14.229999542236328,88600.0
2001-11-09T05:00:00Z,14.324999809265137,14.359999656677246,14.210000038146973,14.319999694824219,91800.0
2001-11-12T05:00:00Z,14.149999618530273,14.289999961853027,14.149999618530273,14.270000457763672,51200.0
2001-11-13T05:00:00Z,14.3149995803833,14.3149995803833,14.104999542236328,14.260000228881836,74800.0
2001-11-14T05:00:00Z,14.324999809265137,14.324999809265137,14.029999732971191,14.109999656677246,1393000.0
2001-11-15T05:00:00Z,14.074999809265137,14.149999618530273,14.0,14.085000038146973,441600.0
2001-11-16T05:00:00Z,14.225000381469727,14.3149995803833,14.204999923706055,14.234999656677246,2272400.0
2001-11-19T05:00:00Z,14.375,14.399999618530273,14.104999542236328,14.199999809265137,83000.0
2001-11-20T05:00:00Z,14.274999618530273,14.295000076293945,14.125,14.229999542236328,35000.0
2001-11-21T05:00:00Z,14.140000343322754,14.140000343322754,13.970000267028809,14.125,40200.0
2001-11-23T05:00:00Z,14.125,14.1850004196167,14.0,14.109999656677246,8600.0
2001-11-26T05:00:00Z,14.149999618530273,14.175000190734863,14.0,14.125,40000.0
2001-11-27T05:00:00Z,14.024999618530273,14.095000267028809,13.925000190734863,13.9350004196167,153200.0
2001-11-28T05:00:00Z,13.885000228881836,13.930000305175781,13.75,13.75,52400.0
2001-11-29T05:00:00Z,13.649999618530273,13.744999885559082,13.630000114440918,13.744999885559082,1354200.0
2001-11-30T05:00:00Z,13.774999618530273,13.800000190734863,13.6850004196167,13.6850004196167,56200.0
2001-12-03T05:00:00Z,13.614999771118164,13.779999732971191,13.600000381469727,13.710000038146973,293000.0
2001-12-04T05:00:00Z,13.710000038146973,13.864999771118164,13.600000381469727,13.864999771118164,85000.0
2001-12-05T05:00:00Z,13.875,13.975000381469727,13.800000190734863,13.96500015258789,82600.0
2001-12-06T05:00:00Z,13.800000190734863,13.890000343322754,13.75,13.835000038146973,69600.0
2001-12-07T05:00:00Z,13.800000190734863,13.925000190734863,13.75,13.850000381469727,27400.0
2001-12-10T05:00:00Z,13.824999809265137,13.824999809265137,13.675000190734863,13.755000114440918,38400.0
2001-12-11T05:00:00Z,13.725000381469727,13.725000381469727,13.494999885559082,13.53499984741211,67600.0
2001-12-12T05:00:00Z,13.595000267028809,13.6850004196167,13.319999694824219,13.6850004196167,1023000.0
2001-12-13T05:00:00Z,13.494999885559082,13.694999694824219,13.494999885559082,13.670000076293945,83200.0
2001-12-14T05:00:00Z,13.625,13.649999618530273,13.539999961853027,13.574999809265137,56400.0
2001-12-17T05:00:00Z,13.600000381469727,13.704999923706055,13.595000267028809,13.635000228881836,48200.0
2001-12-18T05:00:00Z,13.75,13.8100004196167,13.725000381469727,13.760000228881836,102600.0
2001-12-19T05:00:00Z,13.824999809265137,14.055000305175781,13.649999618530273,14.055000305175781,105200.0
2001-12-20T05:00:00Z,13.9399995803833,14.0,13.8149995803833,13.984999656677246,83600.0
2001-12-21T05:00:00Z,13.800000190734863,13.864999771118164,13.755000114440918,13.779999732971191,166200.0
2001-12-24T05:00:00Z,13.850000381469727,13.890000343322754,13.774999618530273,13.890000343322754,64200.0
2001-12-26T05:00:00Z,13.925000190734863,13.970000267028809,13.875,13.875,42800.0
2001-12-27T05:00:00Z,13.850000381469727,14.0600004196167,13.850000381469727,14.0600004196167,31400.0
2001-12-28T05:00:00Z,14.074999809265137,14.104999542236328,13.979999542236328,14.010000228881836,71600.0
2001-12-31T05:00:00Z,14.100000381469727,14.149999618530273,14.005000114440918,14.015000343322754,114800.0
2002-01-02T05:00:00Z,13.949999809265137,14.225000381469727,13.845000267028809,14.21500015258789,45000.0
2002-01-03T05:00:00Z,14.25,14.289999961853027,14.0600004196167,14.289999961853027,143400.0
2002-01-04T05:00:00Z,14.324999809265137,14.350000381469727,14.149999618530273,14.225000381469727,152400.0
2002-01-07T05:00:00Z,14.300000190734863,14.350000381469727,14.180000305175781,14.239999771118164,79600.0
2002-01-08T05:00:00Z,14.149999618530273,14.194999694824219,14.0600004196167,14.0649995803833,781200.0
2002-01-09T05:00:00Z,14.074999809265137,14.119999885559082,13.925000190734863,13.9399995803833,52000.0
2002-01-10T05:00:00Z,13.850000381469727,14.079999923706055,13.824999809265137,14.050000190734863,70200.0
2002-01-11T05:00:00Z,14.149999618530273,14.149999618530273,13.914999961853027,13.914999961853027,525800.0
2002-01-14T05:00:00Z,13.850000381469727,14.114999771118164,13.850000381469727,14.045000076293945,84800.0
2002-01-15T05:00:00Z,14.1850004196167,14.1850004196167,13.96500015258789,14.050000190734863,173200.0
2002-01-16T05:00:00Z,14.045000076293945,14.085000038146973,13.975000381469727,13.989999771118164,80000.0
2002-01-17T05:00:00Z,13.949999809265137,13.970000267028809,13.78499984741211,13.850000381469727,87400.0
2002-01-18T05:00:00Z,13.755000114440918,13.869999885559082,13.725000381469727,13.824999809265137,68200.0
2002-01-22T05:00:00Z,13.75,13.75,13.524999618530273,13.524999618530273,157200.0
2002-01-23T05:00:00Z,13.550000190734863,13.774999618530273,13.550000190734863,13.725000381469727,257800.0
2002-01-24T05:00:00Z,13.75,13.819999694824219,13.604999542236328,13.694999694824219,127200.0
2002-01-25T05:00:00Z,13.649999618530273,13.654999732971191,13.555000305175781,13.609999656677246,434400.0
2002-01-28T05:00:00Z,13.600000381469727,13.640000343322754,13.550000190734863,13.609999656677246,28000.0
2002-01-29T05:00:00Z,13.710000038146973,13.720000267028809,13.399999618530273,13.4350004196167,55400.0
2002-01-30T05:00:00Z,13.350000381469727,13.420000076293945,13.140000343322754,13.420000076293945,99000.0
2002-01-31T05:00:00Z,13.324999809265137,13.545000076293945,13.324999809265137,13.510000228881836,158800.0
2002-02-01T05:00:00Z,13.625,13.670000076293945,13.524999618530273,13.539999961853027,34400.0
2002-02-04T05:00:00Z,13.625,13.625,13.329999923706055,13.399999618530273,37600.0
2002-02-05T05:00:00Z,13.295000076293945,13.395000457763672,13.149999618530273,13.220000267028809,29600.0
2002-02-06T05:00:00Z,13.199999809265137,13.25,12.890000343322754,12.954999923706055,246200.0
2002-02-07T05:00:00Z,12.90999984741211,13.21500015258789,12.90999984741211,13.140000343322754,199400.0
2002-02-08T05:00:00Z,13.050000190734863,13.239999771118164,13.050000190734863,13.210000038146973,107600.0
2002-02-11T05:00:00Z,13.244999885559082,13.300000190734863,13.100000381469727,13.300000190734863,127000.0
2002-02-12T05:00:00Z,13.274999618530273,13.414999961853027,13.239999771118164,13.300000190734863,213800.0
2002-02-13T05:00:00Z,13.350000381469727,13.475000381469727,13.324999809265137,13.380000114440918,93000.0
2002-02-14T05:00:00Z,13.305000305175781,13.494999885559082,13.305000305175781,13.40999984741211,165600.0
2002-02-15T05:00:00Z,13.494999885559082,13.494999885559082,13.324999809265137,13.385000228881836,131400.0
2002-02-19T05:00:00Z,13.300000190734863,13.380000114440918,13.154999732971191,13.154999732971191,99800.0
2002-02-20T05:00:00Z,13.255000114440918,13.319999694824219,13.0,13.319999694824219,46600.0
2002-02-21T05:00:00Z,13.199999809265137,13.295000076293945,12.975000381469727,13.055000305175781,102400.0
2002-02-22T05:00:00Z,13.074999809265137,13.260000228881836,12.920000076293945,13.234999656677246,68200.0
2002-02-25T05:00:00Z,13.305000305175781,13.404999732971191,13.199999809265137,13.385000228881836,64800.0
2002-02-26T05:00:00Z,13.5,13.5,13.345000267028809,13.369999885559082,892800.0
2002-02-27T05:00:00Z,13.479999542236328,13.604999542236328,13.4350004196167,13.460000038146973,109400.0
2002-02-28T05:00:00Z,13.555000305175781,13.645000457763672,13.484999656677246,13.484999656677246,51000.0
2002-03-01T05:00:00Z,13.625,13.774999618530273,13.600000381469727,13.774999618530273,510200.0
2002-03-04T05:00:00Z,13.875,13.9399995803833,13.770000457763672,13.9399995803833,200800.0
2002-03-05T05:00:00Z,13.949999809265137,13.984999656677246,13.845000267028809,13.949999809265137,177200.0
2002-03-06T05:00:00Z,13.975000381469727,14.225000381469727,13.949999809265137,14.225000381469727,524000.0
2002-03-07T05:00:00Z,14.25,14.25,14.024999618530273,14.140000343322754,112000.0
2002-03-08T05:00:00Z,14.149999618530273,14.270000457763672,14.0,14.100000381469727,127800.0
2002-03-11T05:00:00Z,14.050000190734863,14.145000457763672,13.979999542236328,14.145000457763672,151600.0
2002-03-12T05:00:00Z,14.050000190734863,14.095000267028809,13.960000038146973,14.0,93200.0
2002-03-13T05:00:00Z,14.050000190734863,14.09000015258789,13.979999542236328,14.0,37200.0
2002-03-14T05:00:00Z,14.09000015258789,14.100000381469727,13.925000190734863,13.949999809265137,112400.0
2002-03-15T05:00:00Z,13.899999618530273,14.024999618530273,13.899999618530273,13.954999923706055,43000.0
2002-03-18T05:00:00Z,13.805000305175781,14.039999961853027,13.805000305175781,14.020000457763672,139400.0
2002-03-19T05:00:00Z,14.095000267028809,14.100000381469727,13.944999694824219,14.085000038146973,96400.0
2002-03-20T05:00:00Z,14.074999809265137,14.114999771118164,13.920000076293945,14.0,50600.0
2002-03-21T05:00:00Z,14.100000381469727,14.149999618530273,14.029999732971191,14.149999618530273,49400.0
2002-03-22T05:00:00Z,14.149999618530273,14.180000305175781,13.984999656677246,13.984999656677246,238200.0
2002-03-25T05:00:00Z,13.984999656677246,14.0649995803833,13.899999618530273,14.005000114440918,109400.0
2002-03-26T05:00:00Z,14.050000190734863,14.055000305175781,13.875,13.930000305175781,85400.0
2002-03-27T05:00:00Z,13.975000381469727,14.069999694824219,13.875,13.96500015258789,457000.0
2002-03-28T05:00:00Z,14.125,14.1850004196167,13.989999771118164,14.09000015258789,67000.0
2002-04-01T05:00:00Z,13.949999809265137,13.96500015258789,13.850000381469727,13.944999694824219,72600.0
2002-04-02T05:00:00Z,13.824999809265137,14.024999618530273,13.824999809265137,14.024999618530273,71600.0
2002-04-03T05:00:00Z,13.975000381469727,14.050000190734863,13.904999732971191,14.024999618530273,29200.0
2002-04-04T05:00:00Z,14.0,14.095000267028809,13.954999923706055,14.045000076293945,48000.0
2002-04-05T05:00:00Z,14.125,14.125,13.899999618530273,13.970000267028809,24800.0
2002-04-08T04:00:00Z,13.949999809265137,13.949999809265137,13.765000343322754,13.869999885559082,103000.0
2002-04-09T04:00:00Z,13.949999809265137,13.949999809265137,13.574999809265137,13.574999809265137,733400.0
2002-04-10T04:00:00Z,13.59000015258789,13.859999656677246,13.59000015258789,13.859999656677246,50200.0
2002-04-11T04:00:00Z,13.720000267028809,13.720000267028809,13.430000305175781,13.444999694824219,525200.0
2002-04-12T04:00:00Z,13.449999809265137,13.53499984741211,13.324999809265137,13.53499984741211,39800.0
2002-04-15T04:00:00Z,13.430000305175781,13.430000305175781,13.3100004196167,13.324999809265137,203600.0
2002-04-16T04:00:00Z,13.475000381469727,13.680000305175781,13.4399995803833,13.649999618530273,108400.0
2002-04-17T04:00:00Z,13.75,13.805000305175781,13.675000190734863,13.720000267028809,83000.0
2002-04-18T04:00:00Z,13.725000381469727,13.725000381469727,13.449999809265137,13.6850004196167,204400.0
2002-04-19T04:00:00Z,13.579999923706055,13.579999923706055,13.475000381469727,13.5649995803833,95400.0
2002-04-22T04:00:00Z,13.40999984741211,13.425000190734863,13.350000381469727,13.359999656677246,37800.0
2002-04-23T04:00:00Z,13.399999618530273,13.619999885559082,13.399999618530273,13.425000190734863,240000.0
2002-04-24T04:00:00Z,13.350000381469727,13.585000038146973,13.350000381469727,13.460000038146973,99200.0
2002-04-25T04:00:00Z,13.255000114440918,13.460000038146973,13.255000114440918,13.369999885559082,74000.0
2002-04-26T04:00:00Z,13.265000343322754,13.324999809265137,12.699999809265137,13.154999732971191,44600.0
2002-04-29T04:00:00Z,13.199999809265137,13.199999809265137,12.960000038146973,12.960000038146973,453800.0
2002-04-30T04:00:00Z,13.074999809265137,13.244999885559082,13.020000457763672,13.234999656677246,113600.0
2002-05-01T04:00:00Z,13.154999732971191,13.390000343322754,13.055000305175781,13.359999656677246,90600.0
2002-05-02T04:00:00Z,13.385000228881836,13.385000228881836,13.225000381469727,13.274999618530273,23400.0
2002-05-03T04:00:00Z,13.329999923706055,13.329999923706055,13.15999984741211,13.199999809265137,50200.0
2002-05-06T04:00:00Z,13.25,13.274999618530273,13.125,13.130000114440918,147600.0
2002-05-07T04:00:00Z,13.045000076293945,13.095000267028809,12.975000381469727,13.0,58000.0
2002-05-08T04:00:00Z,13.029999732971191,13.229999542236328,13.010000228881836,13.1850004196167,69000.0
2002-05-09T04:00:00Z,13.109999656677246,13.270000457763672,13.074999809265137,13.074999809265137,351400.0
2002-05-10T04:00:00Z,13.09000015258789,13.104999542236328,12.765000343322754,12.774999618530273,475800.0
2002-05-13T04:00:00Z,12.75,12.970000267028809,12.675000190734863,12.930000305175781,354400.0
2002-05-14T04:00:00Z,13.020000457763672,13.130000114440918,13.0,13.125,138000.0
2002-05-15T04:00:00Z,13.114999771118164,13.180000305175781,13.050000190734863,13.055000305175781,114800.0
2002-05-16T04:00:00Z,13.154999732971191,13.210000038146973,13.0649995803833,13.104999542236328,27600.0
2002-05-17T04:00:00Z,13.010000228881836,13.0600004196167,12.829999923706055,12.979999542236328,91200.0
2002-05-20T04:00:00Z,12.994999885559082,13.074999809265137,12.930000305175781,13.050000190734863,64400.0
2002-05-21T04:00:00Z,13.09000015258789,13.28499984741211,13.050000190734863,13.145000457763672,108800.0
2002-05-22T04:00:00Z,13.204999923706055,13.380000114440918,13.1850004196167,13.380000114440918,214200.0
2002-05-23T04:00:00Z,13.319999694824219,13.625,13.319999694824219,13.619999885559082,71400.0
2002-05-24T04:00:00Z,13.574999809265137,13.625,13.479999542236328,13.479999542236328,156400.0
2002-05-28T04:00:00Z,13.449999809265137,13.579999923706055,13.430000305175781,13.574999809265137,41800.0
2002-05-29T04:00:00Z,13.475000381469727,13.475000381469727,13.3100004196167,13.350000381469727,38800.0
2002-05-30T04:00:00Z,13.239999771118164,13.324999809265137,13.079999923706055,13.225000381469727,102800.0
2002-05-31T04:00:00Z,13.149999618530273,13.300000190734863,13.119999885559082,13.125,1310400.0
2002-06-03T04:00:00Z,13.095000267028809,13.154999732971191,12.824999809265137,12.824999809265137,850400.0
2002-06-04T04:00:00Z,12.755000114440918,12.954999923706055,12.755000114440918,12.869999885559082,79600.0
2002-06-05T04:00:00Z,12.869999885559082,12.989999771118164,12.75,12.819999694824219,54400.0
2002-06-06T04:00:00Z,12.835000038146973,12.835000038146973,12.444999694824219,12.444999694824219,942200.0
2002-06-07T04:00:00Z,12.4350004196167,12.645000457763672,12.425000190734863,12.59000015258789,112200.0
2002-06-10T04:00:00Z,12.595000267028809,12.755000114440918,12.510000228881836,12.635000228881836,94600.0
2002-06-11T04:00:00Z,12.699999809265137,12.755000114440918,12.425000190734863,12.425000190734863,31400.0
2002-06-12T04:00:00Z,12.524999618530273,12.6850004196167,12.460000038146973,12.680000305175781,46200.0
2002-06-13T04:00:00Z,12.680000305175781,12.774999618530273,12.65999984741211,12.664999961853027,28600.0
2002-06-14T04:00:00Z,12.364999771118164,12.545000076293945,12.305000305175781,12.505000114440918,58200.0
2002-06-17T04:00:00Z,12.619999885559082,12.78499984741211,12.619999885559082,12.78499984741211,93200.0
2002-06-18T04:00:00Z,12.819999694824219,12.914999961853027,12.75,12.880000114440918,62000.0
2002-06-19T04:00:00Z,12.899999618530273,12.899999618530273,12.484999656677246,12.524999618530273,114600.0
2002-06-20T04:00:00Z,12.520000457763672,12.520000457763672,12.3100004196167,12.375,77800.0
2002-06-21T04:00:00Z,12.244999885559082,12.300000190734863,12.125,12.300000190734863,123800.0
2002-06-24T04:00:00Z,12.239999771118164,12.239999771118164,12.029999732971191,12.095000267028809,80800.0
2002-06-25T04:00:00Z,12.100000381469727,12.1850004196167,11.984999656677246,12.015000343322754,281000.0
2002-06-26T04:00:00Z,11.729999542236328,11.949999809265137,11.729999542236328,11.890000343322754,61200.0
2002-06-27T04:00:00Z,11.920000076293945,12.005000114440918,11.664999961853027,11.880000114440918,90400.0
2002-06-28T04:00:00Z,11.9399995803833,12.125,11.875,12.125,60400.0
2002-07-01T04:00:00Z,12.1850004196167,12.1850004196167,11.875,11.875,88800.0
2002-07-02T04:00:00Z,11.819999694824219,11.875,11.5600004196167,11.625,83600.0
2002-07-03T04:00:00Z,11.640000343322754,11.675000190734863,11.494999885559082,11.555000305175781,64800.0
2002-07-05T04:00:00Z,11.555000305175781,11.6899995803833,11.489999771118164,11.6899995803833,67400.0
2002-07-08T04:00:00Z,11.649999618530273,11.729999542236328,11.53499984741211,11.539999961853027,52800.0
2002-07-09T04:00:00Z,11.529999732971191,11.555000305175781,11.210000038146973,11.234999656677246,159000.0
2002-07-10T04:00:00Z,11.15999984741211,11.15999984741211,10.585000038146973,10.600000381469727,193600.0
2002-07-11T04:00:00Z,10.449999809265137,10.970000267028809,10.420000076293945,10.970000267028809,126600.0
2002-07-12T04:00:00Z,10.680000305175781,10.720000267028809,10.444999694824219,10.5600004196167,129800.0
2002-07-15T04:00:00Z,10.494999885559082,10.725000381469727,9.824999809265137,10.725000381469727,324400.0
2002-07-16T04:00:00Z,10.755000114440918,10.755000114440918,10.380000114440918,10.40999984741211,254600.0
2002-07-17T04:00:00Z,10.649999618530273,10.649999618530273,10.21500015258789,10.21500015258789,113400.0
2002-07-18T04:00:00Z,10.199999809265137,10.239999771118164,9.975000381469727,9.975000381469727,129000.0
2002-07-19T04:00:00Z,9.824999809265137,9.824999809265137,9.34000015258789,9.414999961853027,343200.0
2002-07-22T04:00:00Z,9.550000190734863,9.550000190734863,9.03499984741211,9.1850004196167,207600.0
2002-07-23T04:00:00Z,9.28499984741211,9.375,8.335000038146973,8.470000267028809,555400.0
2002-07-24T04:00:00Z,8.199999809265137,9.225000381469727,8.199999809265137,9.225000381469727,761800.0
2002-07-25T04:00:00Z,9.25,9.664999961853027,9.005000114440918,9.5,540400.0
2002-07-26T04:00:00Z,9.680000305175781,9.680000305175781,9.255000114440918,9.375,278600.0
2002-07-29T04:00:00Z,9.524999618530273,9.625,9.3100004196167,9.524999618530273,229000.0
2002-07-30T04:00:00Z,9.550000190734863,10.300000190734863,9.454999923706055,10.300000190734863,529600.0
2002-07-31T04:00:00Z,10.324999809265137,10.765000343322754,10.005000114440918,10.34000015258789,372600.0
2002-08-01T04:00:00Z,10.399999618530273,10.5,10.0,10.1899995803833,374000.0
2002-08-02T04:00:00Z,10.164999961853027,10.239999771118164,9.890000343322754,9.989999771118164,235600.0
2002-08-05T04:00:00Z,9.899999618530273,10.140000343322754,9.8149995803833,9.8149995803833,175800.0
2002-08-06T04:00:00Z,10.175000190734863,10.279999732971191,10.100000381469727,10.220000267028809,294400.0
2002-08-07T04:00:00Z,10.300000190734863,10.399999618530273,10.109999656677246,10.295000076293945,595800.0
2002-08-08T04:00:00Z,10.375,10.484999656677246,10.234999656677246,10.484999656677246,190400.0
2002-08-09T04:00:00Z,10.5,10.579999923706055,10.319999694824219,10.510000228881836,206800.0
2002-08-12T04:00:00Z,10.5,10.739999771118164,10.425000190734863,10.6899995803833,328200.0
2002-08-13T04:00:00Z,10.539999961853027,10.675000190734863,10.395000457763672,10.395000457763672,220200.0
2002-08-14T04:00:00Z,10.494999885559082,10.710000038146973,10.369999885559082,10.710000038146973,150600.0
2002-08-15T04:00:00Z,10.75,10.845000267028809,10.635000228881836,10.729999542236328,338000.0
2002-08-16T04:00:00Z,10.829999923706055,10.829999923706055,10.520000457763672,10.5600004196167,168000.0
2002-08-19T04:00:00Z,10.595000267028809,10.725000381469727,10.53499984741211,10.725000381469727,143000.0
2002-08-20T04:00:00Z,10.710000038146973,10.84000015258789,10.59000015258789,10.694999694824219,107200.0
2002-08-21T04:00:00Z,10.8149995803833,11.045000076293945,10.6850004196167,11.024999618530273,267800.0
2002-08-22T04:00:00Z,11.0649995803833,11.300000190734863,11.0649995803833,11.25,227800.0
2002-08-23T04:00:00Z,11.25,11.25,11.024999618530273,11.074999809265137,151600.0
2002-08-26T04:00:00Z,11.175000190734863,11.265000343322754,11.109999656677246,11.25,123600.0
2002-08-27T04:00:00Z,11.25,11.369999885559082,11.085000038146973,11.140000343322754,118400.0
2002-08-28T04:00:00Z,11.199999809265137,11.199999809265137,10.925000190734863,11.069999694824219,314400.0
2002-08-29T04:00:00Z,10.979999542236328,10.989999771118164,10.800000190734863,10.914999961853027,211000.0
2002-08-30T04:00:00Z,11.0,11.0,10.699999809265137,10.75,146400.0
2002-09-03T04:00:00Z,10.774999618530273,10.774999618530273,10.375,10.454999923706055,223400.0
2002-09-04T04:00:00Z,10.5,10.5,10.239999771118164,10.390000343322754,142600.0
2002-09-05T04:00:00Z,10.399999618530273,10.420000076293945,10.28499984741211,10.359999656677246,179400.0
2002-09-06T04:00:00Z,10.5,10.600000381469727,10.319999694824219,10.359999656677246,145800.0
2002-09-09T04:00:00Z,10.260000228881836,10.385000228881836,10.074999809265137,10.34000015258789,367000.0
2002-09-10T04:00:00Z,10.375,10.375,10.050000190734863,10.104999542236328,101400.0
2002-09-11T04:00:00Z,10.149999618530273,10.199999809265137,10.039999961853027,10.114999771118164,175000.0
2002-09-12T04:00:00Z,10.024999618530273,10.100000381469727,9.850000381469727,9.854999542236328,263400.0
2002-09-13T04:00:00Z,9.975000381469727,10.015000343322754,9.78499984741211,10.0,169200.0
2002-09-16T04:00:00Z,10.114999771118164,10.114999771118164,9.744999885559082,9.885000228881836,243000.0
2002-09-17T04:00:00Z,9.899999618530273,10.03499984741211,9.515000343322754,9.524999618530273,281600.0
2002-09-18T04:00:00Z,9.600000381469727,9.914999961853027,9.430000305175781,9.84000015258789,384000.0
2002-09-19T04:00:00Z,9.84000015258789,9.84000015258789,9.619999885559082,9.635000228881836,724400.0
2002-09-20T04:00:00Z,9.34000015258789,9.524999618530273,9.130000114440918,9.295000076293945,1179400.0
2002-09-23T04:00:00Z,9.324999809265137,9.324999809265137,8.899999618530273,9.050000190734863,326600.0
2002-09-24T04:00:00Z,8.994999885559082,8.994999885559082,8.720000267028809,8.755000114440918,346200.0
2002-09-25T04:00:00Z,8.755000114440918,9.104999542236328,8.755000114440918,9.015000343322754,810400.0
2002-09-26T04:00:00Z,9.125,9.369999885559082,9.125,9.369999885559082,3267600.0
2002-09-27T04:00:00Z,9.46500015258789,9.46500015258789,9.140000343322754,9.210000038146973,649200.0
2002-09-30T04:00:00Z,9.050000190734863,9.350000381469727,9.0,9.335000038146973,219000.0
2002-10-01T04:00:00Z,9.444999694824219,9.505000114440918,9.180000305175781,9.484999656677246,556800.0
2002-10-02T04:00:00Z,9.399999618530273,9.555000305175781,9.149999618530273,9.199999809265137,739200.0
2002-10-03T04:00:00Z,9.425000190734863,9.425000190734863,9.104999542236328,9.149999618530273,453200.0
2002-10-04T04:00:00Z,9.175000190734863,9.175000190734863,8.699999809265137,8.729999542236328,655800.0
2002-10-07T04:00:00Z,8.699999809265137,8.920000076293945,8.649999618530273,8.649999618530273,522600.0
2002-10-08T04:00:00Z,8.774999618530273,8.774999618530273,7.885000228881836,8.324999809265137,6561200.0
2002-10-09T04:00:00Z,8.350000381469727,8.350000381469727,7.570000171661377,7.614999771118164,1933600.0
2002-10-10T04:00:00Z,7.619999885559082,8.25,7.449999809265137,8.130000114440918,2877600.0
2002-10-11T04:00:00Z,8.375,8.425000190734863,8.149999618530273,8.239999771118164,2885800.0
2002-10-14T04:00:00Z,7.925000190734863,8.25,7.925000190734863,8.225000381469727,618600.0
2002-10-15T04:00:00Z,8.350000381469727,8.375,8.199999809265137,8.25,1477400.0
2002-10-16T04:00:00Z,8.289999961853027,8.289999961853027,7.900000095367432,7.965000152587891,2539600.0
2002-10-17T04:00:00Z,8.180000305175781,8.199999809265137,7.920000076293945,8.100000381469727,2138600.0
2002-10-18T04:00:00Z,8.149999618530273,8.229999542236328,7.860000133514404,8.170000076293945,1338400.0
2002-10-21T04:00:00Z,8.170000076293945,8.675000190734863,8.170000076293945,8.649999618530273,2606000.0
2002-10-22T04:00:00Z,8.649999618530273,8.84000015258789,8.430000305175781,8.539999961853027,2724000.0
2002-10-23T04:00:00Z,8.550000190734863,8.75,8.53499984741211,8.694999694824219,1099600.0
2002-10-24T04:00:00Z,8.850000381469727,8.925000190734863,8.574999809265137,8.699999809265137,2642000.0
2002-10-25T04:00:00Z,8.824999809265137,8.880000114440918,8.600000381469727,8.824999809265137,1566400.0
2002-10-28T05:00:00Z,8.975000381469727,9.104999542236328,8.925000190734863,9.0,1187000.0
2002-10-29T05:00:00Z,9.050000190734863,9.100000381469727,8.779999732971191,8.9399995803833,1771200.0
2002-10-30T05:00:00Z,8.96500015258789,9.140000343322754,8.904999732971191,9.140000343322754,631400.0
2002-10-31T05:00:00Z,9.199999809265137,9.199999809265137,9.020000457763672,9.119999885559082,491400.0
2002-11-01T05:00:00Z,9.069999694824219,9.220000267028809,9.0649995803833,9.164999961853027,716400.0
2002-11-04T05:00:00Z,9.28499984741211,9.640000343322754,9.274999618530273,9.494999885559082,1130400.0
2002-11-05T05:00:00Z,9.539999961853027,9.539999961853027,9.375,9.494999885559082,426000.0
2002-11-06T05:00:00Z,9.539999961853027,9.694999694824219,9.5,9.694999694824219,844400.0
2002-11-07T05:00:00Z,9.505000114440918,9.505000114440918,9.149999618530273,9.244999885559082,924200.0
2002-11-08T05:00:00Z,9.255000114440918,9.295000076293945,8.949999809265137,8.960000038146973,632000.0
2002-11-11T05:00:00Z,8.949999809265137,8.994999885559082,8.755000114440918,8.859999656677246,1934400.0
2002-11-12T05:00:00Z,8.850000381469727,9.045000076293945,8.649999618530273,8.694999694824219,2796000.0
2002-11-13T05:00:00Z,8.675000190734863,8.850000381469727,8.654999732971191,8.75,1621800.0
2002-11-14T05:00:00Z,8.899999618530273,8.994999885559082,8.854999542236328,8.944999694824219,1023200.0
2002-11-15T05:00:00Z,8.949999809265137,9.119999885559082,8.925000190734863,9.074999809265137,633200.0
2002-11-18T05:00:00Z,9.074999809265137,9.244999885559082,9.050000190734863,9.050000190734863,588600.0
2002-11-19T05:00:00Z,9.074999809265137,9.15999984741211,8.984999656677246,9.100000381469727,1185600.0
2002-11-20T05:00:00Z,9.109999656677246,9.199999809265137,9.0,9.095000267028809,717400.0
2002-11-21T05:00:00Z,9.199999809265137,9.329999923706055,9.154999732971191,9.25,1195800.0
2002-11-22T05:00:00Z,9.25,9.550000190734863,9.225000381469727,9.510000228881836,1527800.0
2002-11-25T05:00:00Z,9.550000190734863,9.6899995803833,9.399999618530273,9.529999732971191,1641200.0
2002-11-26T05:00:00Z,9.510000228881836,9.579999923706055,9.279999732971191,9.289999961853027,1482800.0
2002-11-27T05:00:00Z,9.369999885559082,9.4350004196167,9.225000381469727,9.345000267028809,335800.0
2002-11-29T05:00:00Z,9.380000114440918,9.399999618530273,9.260000228881836,9.385000228881836,226800.0
2002-12-02T05:00:00Z,9.425000190734863,9.470000267028809,9.1850004196167,9.244999885559082,444600.0
2002-12-03T05:00:00Z,9.300000190734863,9.425000190734863,9.154999732971191,9.345000267028809,615200.0
2002-12-04T05:00:00Z,9.375,9.449999809265137,9.119999885559082,9.135000228881836,2003800.0
2002-12-05T05:00:00Z,9.199999809265137,9.274999618530273,9.020000457763672,9.104999542236328,1370800.0
2002-12-06T05:00:00Z,9.100000381469727,9.125,8.960000038146973,9.095000267028809,1718000.0
2002-12-09T05:00:00Z,9.149999618530273,9.295000076293945,9.125,9.220000267028809,3216200.0
2002-12-10T05:00:00Z,9.25,9.324999809265137,9.154999732971191,9.289999961853027,945000.0
2002-12-11T05:00:00Z,9.21500015258789,9.40999984741211,9.199999809265137,9.375,544400.0
2002-12-12T05:00:00Z,9.425000190734863,9.449999809265137,9.350000381469727,9.404999732971191,564400.0
2002-12-13T05:00:00Z,9.524999618530273,9.600000381469727,9.4350004196167,9.5,1904600.0
2002-12-16T05:00:00Z,9.574999809265137,9.654999732971191,9.529999732971191,9.649999618530273,2224400.0
2002-12-17T05:00:00Z,9.699999809265137,9.744999885559082,9.649999618530273,9.65999984741211,2132400.0
2002-12-18T05:00:00Z,9.65999984741211,9.739999771118164,9.604999542236328,9.630000114440918,763200.0
2002-12-19T05:00:00Z,9.6899995803833,9.725000381469727,9.574999809265137,9.640000343322754,660000.0
2002-12-20T05:00:00Z,9.600000381469727,9.675000190734863,9.574999809265137,9.625,975000.0
2002-12-23T05:00:00Z,9.625,9.694999694824219,9.529999732971191,9.585000038146973,760000.0
2002-12-24T05:00:00Z,9.600000381469727,9.609999656677246,9.524999618530273,9.545000076293945,346800.0
2002-12-26T05:00:00Z,9.619999885559082,9.734999656677246,9.555000305175781,9.604999542236328,447200.0
2002-12-27T05:00:00Z,9.555000305175781,9.734999656677246,9.460000038146973,9.569999694824219,466400.0
2002-12-30T05:00:00Z,9.550000190734863,9.630000114440918,9.479999542236328,9.595000267028809,779600.0
2002-12-31T05:00:00Z,9.649999618530273,9.649999618530273,9.5,9.574999809265137,749600.0
2003-01-02T05:00:00Z,9.6899995803833,9.824999809265137,9.604999542236328,9.800000190734863,1050000.0
2003-01-03T05:00:00Z,9.899999618530273,10.0,9.835000038146973,9.899999618530273,1241800.0
2003-01-06T05:00:00Z,9.875,10.350000381469727,9.875,10.345000267028809,4366200.0
2003-01-07T05:00:00Z,10.25,10.350000381469727,10.010000228881836,10.119999885559082,2822200.0
2003-01-08T05:00:00Z,10.149999618530273,10.25,10.050000190734863,10.1899995803833,2331000.0
2003-01-09T05:00:00Z,10.239999771118164,10.260000228881836,10.114999771118164,10.140000343322754,1329400.0
2003-01-10T05:00:00Z,10.199999809265137,10.199999809265137,10.074999809265137,10.140000343322754,1121000.0
2003-01-13T05:00:00Z,10.274999618530273,10.274999618530273,9.859999656677246,9.925000190734863,1595200.0
2003-01-14T05:00:00Z,9.975000381469727,9.975000381469727,9.824999809265137,9.944999694824219,1967600.0
2003-01-15T05:00:00Z,9.9399995803833,9.975000381469727,9.854999542236328,9.914999961853027,811200.0
2003-01-16T05:00:00Z,9.970000267028809,10.039999961853027,9.890000343322754,9.899999618530273,1459200.0
2003-01-17T05:00:00Z,9.925000190734863,9.994999885559082,9.800000190734863,9.854999542236328,1060000.0
2003-01-21T05:00:00Z,9.875,9.949999809265137,9.649999618530273,9.649999618530273,813000.0
2003-01-22T05:00:00Z,9.6850004196167,9.699999809265137,9.449999809265137,9.5649995803833,1652000.0
2003-01-23T05:00:00Z,9.625,9.795000076293945,9.625,9.739999771118164,830400.0
2003-01-24T05:00:00Z,9.614999771118164,9.694999694824219,9.430000305175781,9.489999771118164,1075800.0
2003-01-27T05:00:00Z,9.489999771118164,9.520000457763672,9.109999656677246,9.125,777200.0
2003-01-28T05:00:00Z,9.25,9.414999961853027,9.199999809265137,9.399999618530273,1289800.0
2003-01-29T05:00:00Z,9.399999618530273,9.475000381469727,9.239999771118164,9.395000457763672,959000.0
2003-01-30T05:00:00Z,9.484999656677246,9.484999656677246,9.234999656677246,9.244999885559082,1651800.0
2003-01-31T05:00:00Z,9.274999618530273,9.350000381469727,9.210000038146973,9.350000381469727,681800.0
2003-02-03T05:00:00Z,9.399999618530273,9.420000076293945,9.3100004196167,9.380000114440918,570400.0
2003-02-04T05:00:00Z,9.345000267028809,9.354999542236328,9.255000114440918,9.335000038146973,343400.0
2003-02-05T05:00:00Z,9.345000267028809,9.345000267028809,9.130000114440918,9.194999694824219,388000.0
2003-02-06T05:00:00Z,9.225000381469727,9.229999542236328,9.045000076293945,9.109999656677246,543400.0
2003-02-07T05:00:00Z,9.149999618530273,9.149999618530273,8.904999732971191,8.949999809265137,1351400.0
2003-02-10T05:00:00Z,8.994999885559082,9.050000190734863,8.899999618530273,8.979999542236328,655000.0
2003-02-11T05:00:00Z,9.079999923706055,9.095000267028809,8.779999732971191,8.829999923706055,1032000.0
2003-02-12T05:00:00Z,8.850000381469727,8.875,8.5,8.524999618530273,1419800.0
2003-02-13T05:00:00Z,8.510000228881836,8.774999618530273,8.354999542236328,8.645000457763672,1006400.0
2003-02-14T05:00:00Z,8.75,8.789999961853027,8.649999618530273,8.789999961853027,826400.0
2003-02-18T05:00:00Z,8.850000381469727,8.949999809265137,8.8100004196167,8.885000228881836,1273200.0
2003-02-19T05:00:00Z,8.899999618530273,8.970000267028809,8.8149995803833,8.890000343322754,1499800.0
2003-02-20T05:00:00Z,8.9399995803833,9.0,8.864999771118164,8.885000228881836,797200.0
2003-02-21T05:00:00Z,8.994999885559082,9.085000038146973,8.885000228881836,9.0,633600.0
2003-02-24T05:00:00Z,9.050000190734863,9.050000190734863,8.899999618530273,8.9399995803833,1722800.0
2003-02-25T05:00:00Z,8.979999542236328,9.050000190734863,8.859999656677246,9.0,1316400.0
2003-02-26T05:00:00Z,9.0,9.0,8.805000305175781,8.845000267028809,1510000.0
2003-02-27T05:00:00Z,8.899999618530273,8.970000267028809,8.824999809265137,8.859999656677246,1273200.0
2003-02-28T05:00:00Z,8.859999656677246,8.96500015258789,8.850000381469727,8.850000381469727,1975000.0
2003-03-03T05:00:00Z,8.949999809265137,9.045000076293945,8.899999618530273,8.90999984741211,427400.0
2003-03-04T05:00:00Z,8.880000114440918,8.970000267028809,8.824999809265137,8.854999542236328,625200.0
2003-03-05T05:00:00Z,8.895000457763672,8.949999809265137,8.8149995803833,8.944999694824219,479000.0
2003-03-06T05:00:00Z,8.975000381469727,8.989999771118164,8.854999542236328,8.944999694824219,871200.0
2003-03-07T05:00:00Z,8.960000038146973,9.024999618530273,8.875,8.975000381469727,842800.0
2003-03-10T05:00:00Z,8.970000267028809,8.970000267028809,8.75,8.765000343322754,1979400.0
2003-03-11T05:00:00Z,8.824999809265137,8.890000343322754,8.734999656677246,8.75,1734000.0
2003-03-12T05:00:00Z,8.78499984741211,8.850000381469727,8.694999694824219,8.765000343322754,546600.0
2003-03-13T05:00:00Z,8.899999618530273,8.970000267028809,8.800000190734863,8.920000076293945,858400.0
2003-03-14T05:00:00Z,8.970000267028809,9.020000457763672,8.904999732971191,8.954999923706055,845200.0
2003-03-17T05:00:00Z,9.0,9.15999984741211,8.944999694824219,9.154999732971191,920600.0
2003-03-18T05:00:00Z,9.175000190734863,9.270000457763672,9.130000114440918,9.260000228881836,1044600.0
2003-03-19T05:00:00Z,9.324999809265137,9.34000015258789,9.1899995803833,9.210000038146973,627800.0
2003-03-20T05:00:00Z,9.300000190734863,9.350000381469727,9.21500015258789,9.3149995803833,1068600.0
2003-03-21T05:00:00Z,9.300000190734863,9.369999885559082,9.244999885559082,9.369999885559082,1209200.0
2003-03-24T05:00:00Z,9.274999618530273,9.300000190734863,9.109999656677246,9.140000343322754,574800.0
2003-03-25T05:00:00Z,9.1850004196167,9.345000267028809,9.149999618530273,9.265000343322754,637800.0
2003-03-26T05:00:00Z,9.364999771118164,9.369999885559082,9.15999984741211,9.1850004196167,815600.0
2003-03-27T05:00:00Z,9.145000457763672,9.300000190734863,9.104999542236328,9.229999542236328,1173200.0
2003-03-28T05:00:00Z,9.274999618530273,9.295000076293945,9.199999809265137,9.244999885559082,589000.0
2003-03-31T05:00:00Z,9.25,9.319999694824219,9.135000228881836,9.199999809265137,617200.0
2003-04-01T05:00:00Z,9.255000114440918,9.289999961853027,9.154999732971191,9.265000343322754,992400.0
2003-04-02T05:00:00Z,9.420000076293945,9.420000076293945,9.265000343322754,9.270000457763672,1286200.0
2003-04-03T05:00:00Z,9.350000381469727,9.350000381469727,9.204999923706055,9.234999656677246,848600.0
2003-04-04T05:00:00Z,9.300000190734863,9.375,9.239999771118164,9.350000381469727,487200.0
2003-04-07T04:00:00Z,9.550000190734863,9.574999809265137,9.3100004196167,9.350000381469727,628800.0
2003-04-08T04:00:00Z,9.375,9.420000076293945,9.274999618530273,9.289999961853027,616000.0
2003-04-09T04:00:00Z,9.390000343322754,9.414999961853027,9.229999542236328,9.270000457763672,790600.0
2003-04-10T04:00:00Z,9.350000381469727,9.350000381469727,9.255000114440918,9.350000381469727,384400.0
2003-04-11T04:00:00Z,9.430000305175781,9.4350004196167,9.270000457763672,9.319999694824219,485800.0
2003-04-14T04:00:00Z,9.404999732971191,9.449999809265137,9.324999809265137,9.4399995803833,823800.0
2003-04-15T04:00:00Z,9.46500015258789,9.975000381469727,9.414999961853027,9.5600004196167,683600.0
2003-04-16T04:00:00Z,9.625,9.635000228881836,9.5,9.550000190734863,596400.0
2003-04-17T04:00:00Z,9.600000381469727,9.625,9.510000228881836,9.569999694824219,475600.0
2003-04-21T04:00:00Z,9.675000190734863,9.694999694824219,9.609999656677246,9.65999984741211,597600.0
2003-04-22T04:00:00Z,9.625,9.805000305175781,9.5600004196167,9.795000076293945,741400.0
2003-04-23T04:00:00Z,9.824999809265137,9.824999809265137,9.640000343322754,9.795000076293945,988800.0
2003-04-24T04:00:00Z,9.850000381469727,10.0,9.835000038146973,9.885000228881836,1252000.0
2003-04-25T04:00:00Z,9.944999694824219,9.989999771118164,9.819999694824219,9.859999656677246,605800.0
2003-04-28T04:00:00Z,9.899999618530273,10.050000190734863,9.899999618530273,9.994999885559082,889800.0
2003-04-29T04:00:00Z,10.100000381469727,10.119999885559082,9.949999809265137,10.010000228881836,2158200.0
2003-04-30T04:00:00Z,10.055000305175781,10.079999923706055,9.960000038146973,9.994999885559082,727200.0
2003-05-01T04:00:00Z,10.0,10.0,9.805000305175781,9.859999656677246,1731400.0
2003-05-02T04:00:00Z,9.899999618530273,9.949999809265137,9.84000015258789,9.9399995803833,1047800.0
2003-05-05T04:00:00Z,10.0,10.045000076293945,9.925000190734863,9.979999542236328,1012400.0
2003-05-06T04:00:00Z,10.074999809265137,10.074999809265137,9.9350004196167,9.96500015258789,1348400.0
2003-05-07T04:00:00Z,10.0,10.0,9.895000457763672,9.949999809265137,1895800.0
2003-05-08T04:00:00Z,9.949999809265137,9.960000038146973,9.875,9.9350004196167,553800.0
2003-05-09T04:00:00Z,9.960000038146973,10.050000190734863,9.949999809265137,10.0,722800.0
2003-05-12T04:00:00Z,10.095000267028809,10.119999885559082,9.984999656677246,10.074999809265137,428800.0
2003-05-13T04:00:00Z,10.109999656677246,10.109999656677246,10.024999618530273,10.095000267028809,1081800.0
2003-05-14T04:00:00Z,10.145000457763672,10.149999618530273,10.0600004196167,10.140000343322754,1072000.0
2003-05-15T04:00:00Z,10.175000190734863,10.335000038146973,10.175000190734863,10.295000076293945,1778600.0
2003-05-16T04:00:00Z,10.345000267028809,10.520000457763672,10.305000305175781,10.510000228881836,1771400.0
2003-05-19T04:00:00Z,10.399999618530273,10.470000267028809,10.34000015258789,10.345000267028809,1648200.0
2003-05-20T04:00:00Z,10.260000228881836,10.449999809265137,10.25,10.390000343322754,1044200.0
2003-05-21T04:00:00Z,10.420000076293945,10.420000076293945,10.300000190734863,10.364999771118164,1208400.0
2003-05-22T04:00:00Z,10.414999961853027,10.585000038146973,10.375,10.550000190734863,5728800.0
2003-05-23T04:00:00Z,10.619999885559082,11.045000076293945,10.585000038146973,10.949999809265137,4469800.0
2003-05-27T04:00:00Z,10.875,11.15999984741211,10.875,11.109999656677246,2547400.0
2003-05-28T04:00:00Z,11.210000038146973,11.210000038146973,11.050000190734863,11.0600004196167,2897800.0
2003-05-29T04:00:00Z,11.135000228881836,11.194999694824219,10.824999809265137,10.895000457763672,3267800.0
2003-05-30T04:00:00Z,10.96500015258789,11.074999809265137,10.510000228881836,11.005000114440918,2462400.0
2003-06-02T04:00:00Z,11.149999618530273,11.175000190734863,11.050000190734863,11.100000381469727,2364400.0
2003-06-03T04:00:00Z,11.135000228881836,11.1899995803833,11.050000190734863,11.145000457763672,966800.0
2003-06-04T04:00:00Z,11.175000190734863,11.3149995803833,11.130000114440918,11.300000190734863,2277200.0
2003-06-05T04:00:00Z,11.239999771118164,11.324999809265137,11.125,11.170000076293945,1815200.0
2003-06-06T04:00:00Z,11.350000381469727,11.350000381469727,11.050000190734863,11.050000190734863,1720200.0
2003-06-09T04:00:00Z,11.050000190734863,11.114999771118164,11.005000114440918,11.039999961853027,1904800.0
2003-06-10T04:00:00Z,11.125,11.125,11.024999618530273,11.09000015258789,852600.0
2003-06-11T04:00:00Z,11.09000015258789,11.194999694824219,11.050000190734863,11.175000190734863,1227200.0
2003-06-12T04:00:00Z,11.220000267028809,11.3100004196167,11.140000343322754,11.3100004196167,1319000.0
2003-06-13T04:00:00Z,11.324999809265137,11.345000267028809,11.104999542236328,11.15999984741211,842200.0
2003-06-16T04:00:00Z,11.199999809265137,11.375,11.199999809265137,11.375,1673600.0
2003-06-17T04:00:00Z,11.475000381469727,11.475000381469727,11.289999961853027,11.319999694824219,3238200.0
2003-06-18T04:00:00Z,11.329999923706055,11.385000228881836,11.255000114440918,11.375,686600.0
2003-06-19T04:00:00Z,11.475000381469727,11.475000381469727,11.354999542236328,11.40999984741211,1066200.0
2003-06-20T04:00:00Z,11.395000457763672,11.404999732971191,11.260000228881836,11.260000228881836,891000.0
2003-06-23T04:00:00Z,11.25,11.260000228881836,11.095000267028809,11.140000343322754,1031000.0
2003-06-24T04:00:00Z,11.164999961853027,11.164999961853027,10.979999542236328,11.069999694824219,1317000.0
2003-06-25T04:00:00Z,11.100000381469727,11.199999809265137,11.03499984741211,11.050000190734863,707000.0
2003-06-26T04:00:00Z,11.100000381469727,11.15999984741211,11.0600004196167,11.154999732971191,758600.0
2003-06-27T04:00:00Z,11.145000457763672,11.15999984741211,11.005000114440918,11.010000228881836,491600.0
2003-06-30T04:00:00Z,11.149999618530273,11.149999618530273,11.010000228881836,11.0600004196167,370400.0
2003-07-01T04:00:00Z,10.994999885559082,11.069999694824219,10.850000381469727,10.984999656677246,1376800.0
2003-07-02T04:00:00Z,10.96500015258789,11.09000015258789,10.949999809265137,11.0649995803833,630200.0
2003-07-03T04:00:00Z,11.0649995803833,11.125,10.960000038146973,11.0,591800.0
2003-07-07T04:00:00Z,11.0,11.09000015258789,11.0,11.020000457763672,432000.0
2003-07-08T04:00:00Z,11.015000343322754,11.029999732971191,10.895000457763672,10.9350004196167,954800.0
2003-07-09T04:00:00Z,10.880000114440918,10.975000381469727,10.824999809265137,10.854999542236328,781800.0
2003-07-10T04:00:00Z,10.854999542236328,10.854999542236328,10.5600004196167,10.65999984741211,1218400.0
2003-07-11T04:00:00Z,10.675000190734863,10.734999656677246,10.625,10.725000381469727,1014000.0
2003-07-14T04:00:00Z,10.789999961853027,10.835000038146973,10.649999618530273,10.710000038146973,524800.0
2003-07-15T04:00:00Z,10.6899995803833,10.699999809265137,10.5,10.5,2393400.0
2003-07-16T04:00:00Z,10.574999809265137,10.574999809265137,10.28499984741211,10.324999809265137,1175000.0
2003-07-17T04:00:00Z,10.324999809265137,10.399999618530273,10.25,10.300000190734863,779200.0
2003-07-18T04:00:00Z,10.425000190734863,10.5,10.354999542236328,10.460000038146973,406800.0
2003-07-21T04:00:00Z,10.494999885559082,10.494999885559082,10.255000114440918,10.3100004196167,655400.0
2003-07-22T04:00:00Z,10.359999656677246,10.524999618530273,10.28499984741211,10.484999656677246,703200.0
2003-07-23T04:00:00Z,10.494999885559082,10.5,10.380000114440918,10.420000076293945,584200.0
2003-07-24T04:00:00Z,10.449999809265137,10.550000190734863,10.404999732971191,10.414999961853027,681000.0
2003-07-25T04:00:00Z,10.489999771118164,10.53499984741211,10.399999618530273,10.5,670000.0
2003-07-28T04:00:00Z,10.574999809265137,10.574999809265137,10.385000228881836,10.425000190734863,570000.0
2003-07-29T04:00:00Z,10.5600004196167,10.5600004196167,10.324999809265137,10.380000114440918,1551800.0
2003-07-30T04:00:00Z,10.479999542236328,10.479999542236328,10.305000305175781,10.305000305175781,1002400.0
2003-07-31T04:00:00Z,10.350000381469727,10.430000305175781,10.300000190734863,10.319999694824219,2011600.0
2003-08-01T04:00:00Z,10.380000114440918,10.380000114440918,10.239999771118164,10.274999618530273,1935000.0
2003-08-04T04:00:00Z,10.319999694824219,10.319999694824219,10.135000228881836,10.274999618530273,444200.0
2003-08-05T04:00:00Z,10.300000190734863,10.300000190734863,10.085000038146973,10.114999771118164,1177600.0
2003-08-06T04:00:00Z,10.074999809265137,10.270000457763672,10.0600004196167,10.175000190734863,1280800.0
2003-08-07T04:00:00Z,10.279999732971191,10.300000190734863,10.149999618530273,10.270000457763672,881600.0
2003-08-08T04:00:00Z,10.255000114440918,10.345000267028809,10.25,10.319999694824219,552000.0
2003-08-11T04:00:00Z,10.364999771118164,10.385000228881836,10.255000114440918,10.319999694824219,568000.0
2003-08-12T04:00:00Z,10.369999885559082,10.460000038146973,10.305000305175781,10.460000038146973,787800.0
2003-08-13T04:00:00Z,10.494999885559082,10.494999885559082,10.354999542236328,10.359999656677246,1283800.0
2003-08-14T04:00:00Z,10.40999984741211,10.494999885559082,10.354999542236328,10.399999618530273,310400.0
2003-08-15T04:00:00Z,10.449999809265137,10.46500015258789,10.324999809265137,10.380000114440918,191800.0
2003-08-18T04:00:00Z,10.460000038146973,10.460000038146973,10.3149995803833,10.354999542236328,468600.0
2003-08-19T04:00:00Z,10.420000076293945,10.420000076293945,10.28499984741211,10.364999771118164,819400.0
2003-08-20T04:00:00Z,10.425000190734863,10.475000381469727,10.3100004196167,10.46500015258789,1173000.0
2003-08-21T04:00:00Z,10.4350004196167,10.550000190734863,10.40999984741211,10.505000114440918,1131400.0
2003-08-22T04:00:00Z,10.510000228881836,10.550000190734863,10.359999656677246,10.359999656677246,1136800.0
2003-08-25T04:00:00Z,10.3149995803833,10.4399995803833,10.3149995803833,10.40999984741211,420200.0
2003-08-26T04:00:00Z,10.444999694824219,10.5,10.369999885559082,10.4399995803833,483800.0
2003-08-27T04:00:00Z,10.399999618530273,10.494999885559082,10.399999618530273,10.475000381469727,885000.0
2003-08-28T04:00:00Z,10.425000190734863,10.515000343322754,10.425000190734863,10.5,1055800.0
2003-08-29T04:00:00Z,10.5,10.524999618530273,10.4399995803833,10.524999618530273,1060600.0
2003-09-02T04:00:00Z,10.484999656677246,10.720000267028809,10.484999656677246,10.720000267028809,1921000.0
2003-09-03T04:00:00Z,10.6899995803833,10.789999961853027,10.6899995803833,10.755000114440918,1926400.0
2003-09-04T04:00:00Z,10.779999732971191,10.800000190734863,10.729999542236328,10.760000228881836,1985200.0
2003-09-05T04:00:00Z,10.819999694824219,10.829999923706055,10.704999923706055,10.739999771118164,1858000.0
2003-09-08T04:00:00Z,10.800000190734863,10.864999771118164,10.725000381469727,10.819999694824219,1332800.0
2003-09-09T04:00:00Z,10.914999961853027,10.914999961853027,10.755000114440918,10.795000076293945,709800.0
2003-09-10T04:00:00Z,10.795000076293945,10.829999923706055,10.739999771118164,10.779999732971191,672200.0
2003-09-11T04:00:00Z,10.869999885559082,10.869999885559082,10.75,10.75,2797800.0
2003-09-12T04:00:00Z,10.75,10.850000381469727,10.710000038146973,10.829999923706055,4241000.0
2003-09-15T04:00:00Z,10.869999885559082,10.869999885559082,10.739999771118164,10.770000457763672,1135600.0
2003-09-16T04:00:00Z,10.800000190734863,10.885000228881836,10.755000114440918,10.864999771118164,296200.0
2003-09-17T04:00:00Z,10.875,10.885000228881836,10.800000190734863,10.835000038146973,1008800.0
2003-09-18T04:00:00Z,10.854999542236328,10.984999656677246,10.835000038146973,10.954999923706055,494000.0
2003-09-19T04:00:00Z,10.885000228881836,10.920000076293945,10.824999809265137,10.875,479000.0
2003-09-22T04:00:00Z,10.9399995803833,10.9399995803833,10.755000114440918,10.8149995803833,669000.0
2003-09-23T04:00:00Z,10.819999694824219,10.925000190734863,10.78499984741211,10.864999771118164,384800.0
2003-09-24T04:00:00Z,10.885000228881836,10.885000228881836,10.725000381469727,10.734999656677246,576200.0
2003-09-25T04:00:00Z,10.739999771118164,10.829999923706055,10.725000381469727,10.755000114440918,487600.0
2003-09-26T04:00:00Z,10.75,10.875,10.6850004196167,10.854999542236328,1868800.0
2003-09-29T04:00:00Z,10.829999923706055,10.970000267028809,10.824999809265137,10.970000267028809,506400.0
2003-09-30T04:00:00Z,10.875,10.949999809265137,10.8149995803833,10.949999809265137,350400.0
2003-10-01T04:00:00Z,10.984999656677246,11.0,10.805000305175781,10.96500015258789,1570600.0
2003-10-02T04:00:00Z,10.949999809265137,11.074999809265137,10.949999809265137,11.069999694824219,384000.0
2003-10-03T04:00:00Z,11.085000038146973,11.170000076293945,11.050000190734863,11.095000267028809,664400.0
2003-10-06T04:00:00Z,11.125,11.125,11.050000190734863,11.079999923706055,351600.0
2003-10-07T04:00:00Z,11.050000190734863,11.100000381469727,10.96500015258789,11.045000076293945,756000.0
2003-10-08T04:00:00Z,11.079999923706055,11.095000267028809,10.979999542236328,11.005000114440918,1096200.0
2003-10-09T04:00:00Z,11.050000190734863,11.109999656677246,11.005000114440918,11.024999618530273,798800.0
2003-10-10T04:00:00Z,11.135000228881836,11.135000228881836,10.96500015258789,10.989999771118164,407800.0
2003-10-13T04:00:00Z,10.984999656677246,11.09000015258789,10.949999809265137,11.0600004196167,680200.0
2003-10-14T04:00:00Z,11.039999961853027,11.100000381469727,11.005000114440918,11.09000015258789,992600.0
2003-10-15T04:00:00Z,11.125,11.125,10.9350004196167,10.949999809265137,1691000.0
2003-10-16T04:00:00Z,10.944999694824219,11.029999732971191,10.9399995803833,11.0,784600.0
2003-10-17T04:00:00Z,11.125,11.125,10.930000305175781,10.930000305175781,381200.0
2003-10-20T04:00:00Z,11.005000114440918,11.005000114440918,10.914999961853027,10.984999656677246,406800.0
2003-10-21T04:00:00Z,11.0,11.055000305175781,10.949999809265137,10.970000267028809,699000.0
2003-10-22T04:00:00Z,11.024999618530273,11.085000038146973,10.949999809265137,10.96500015258789,617800.0
2003-10-23T04:00:00Z,10.994999885559082,11.024999618530273,10.904999732971191,10.984999656677246,829600.0
2003-10-24T04:00:00Z,11.015000343322754,11.069999694824219,10.904999732971191,10.949999809265137,872800.0
2003-10-27T05:00:00Z,11.0,11.074999809265137,10.954999923706055,10.994999885559082,663800.0
2003-10-28T05:00:00Z,11.0,11.069999694824219,10.880000114440918,10.96500015258789,1834200.0
2003-10-29T05:00:00Z,10.96500015258789,11.024999618530273,10.920000076293945,10.954999923706055,942400.0
2003-10-30T05:00:00Z,11.119999885559082,11.125,10.960000038146973,11.045000076293945,817000.0
2003-10-31T05:00:00Z,11.09000015258789,11.095000267028809,10.975000381469727,11.024999618530273,413000.0
2003-11-03T05:00:00Z,11.085000038146973,11.125,11.010000228881836,11.079999923706055,705600.0
2003-11-04T05:00:00Z,11.085000038146973,11.145000457763672,10.979999542236328,11.024999618530273,638200.0
2003-11-05T05:00:00Z,11.020000457763672,11.045000076293945,10.925000190734863,11.020000457763672,496200.0
2003-11-06T05:00:00Z,11.100000381469727,11.100000381469727,10.904999732971191,10.975000381469727,911200.0
2003-11-07T05:00:00Z,10.979999542236328,11.015000343322754,10.880000114440918,10.904999732971191,682200.0
2003-11-10T05:00:00Z,10.970000267028809,10.994999885559082,10.880000114440918,10.880000114440918,1830200.0
2003-11-11T05:00:00Z,10.880000114440918,10.920000076293945,10.850000381469727,10.890000343322754,1063600.0
2003-11-12T05:00:00Z,10.895000457763672,10.960000038146973,10.885000228881836,10.914999961853027,1218000.0
2003-11-13T05:00:00Z,10.9350004196167,10.960000038146973,10.880000114440918,10.930000305175781,1345200.0
2003-11-14T05:00:00Z,10.904999732971191,10.984999656677246,10.904999732971191,10.914999961853027,1348000.0
2003-11-17T05:00:00Z,10.880000114440918,10.899999618530273,10.760000228881836,10.824999809265137,1760800.0
2003-11-18T05:00:00Z,10.880000114440918,10.975000381469727,10.630000114440918,10.630000114440918,592000.0
2003-11-19T05:00:00Z,10.635000228881836,11.199999809265137,10.625,10.765000343322754,1381600.0
2003-11-20T05:00:00Z,10.819999694824219,10.850000381469727,10.675000190734863,10.739999771118164,1862400.0
2003-11-21T05:00:00Z,10.6899995803833,10.770000457763672,10.675000190734863,10.720000267028809,966200.0
2003-11-24T05:00:00Z,10.789999961853027,10.904999732971191,10.774999618530273,10.885000228881836,2257000.0
2003-11-25T05:00:00Z,10.914999961853027,10.960000038146973,10.850000381469727,10.944999694824219,650200.0
2003-11-26T05:00:00Z,10.930000305175781,11.050000190734863,10.925000190734863,11.024999618530273,942000.0
2003-11-28T05:00:00Z,11.045000076293945,11.050000190734863,10.989999771118164,11.050000190734863,508200.0
2003-12-01T05:00:00Z,11.095000267028809,11.114999771118164,11.0,11.079999923706055,780000.0
2003-12-02T05:00:00Z,11.015000343322754,11.130000114440918,11.015000343322754,11.100000381469727,550000.0
2003-12-03T05:00:00Z,11.170000076293945,11.170000076293945,11.055000305175781,11.079999923706055,582000.0
2003-12-04T05:00:00Z,11.079999923706055,11.119999885559082,11.029999732971191,11.104999542236328,960600.0
2003-12-05T05:00:00Z,11.130000114440918,11.244999885559082,11.100000381469727,11.164999961853027,839200.0
2003-12-08T05:00:00Z,11.194999694824219,11.239999771118164,11.149999618530273,11.194999694824219,603800.0
2003-12-09T05:00:00Z,11.244999885559082,11.270000457763672,11.100000381469727,11.100000381469727,594400.0
2003-12-10T05:00:00Z,11.175000190734863,11.399999618530273,11.125,11.149999618530273,253200.0
2003-12-11T05:00:00Z,11.145000457763672,11.225000381469727,11.130000114440918,11.199999809265137,2181200.0
2003-12-12T05:00:00Z,11.274999618530273,11.274999618530273,11.149999618530273,11.225000381469727,1920200.0
2003-12-15T05:00:00Z,11.345000267028809,11.350000381469727,11.1850004196167,11.1850004196167,719200.0
2003-12-16T05:00:00Z,11.300000190734863,11.319999694824219,11.204999923706055,11.255000114440918,2967000.0
2003-12-17T05:00:00Z,11.28499984741211,11.350000381469727,11.199999809265137,11.305000305175781,3506200.0
2003-12-18T05:00:00Z,11.4399995803833,11.475000381469727,11.3149995803833,11.449999809265137,5651200.0
2003-12-19T05:00:00Z,11.40999984741211,11.475000381469727,11.305000305175781,11.369999885559082,937200.0
2003-12-22T05:00:00Z,11.470000267028809,11.475000381469727,11.354999542236328,11.475000381469727,483600.0
2003-12-23T05:00:00Z,11.5649995803833,11.569999694824219,11.489999771118164,11.53499984741211,843800.0
2003-12-24T05:00:00Z,11.619999885559082,11.619999885559082,11.505000114440918,11.555000305175781,250400.0
2003-12-26T05:00:00Z,11.550000190734863,11.600000381469727,11.53499984741211,11.569999694824219,330600.0
2003-12-29T05:00:00Z,11.5,11.65999984741211,11.5,11.654999732971191,438200.0
2003-12-30T05:00:00Z,11.6899995803833,11.71500015258789,11.640000343322754,11.6850004196167,361600.0
2003-12-31T05:00:00Z,11.739999771118164,11.739999771118164,11.604999542236328,11.664999961853027,1125800.0
2004-01-02T05:00:00Z,11.699999809265137,11.744999885559082,11.600000381469727,11.635000228881836,404800.0
2004-01-05T05:00:00Z,11.704999923706055,11.720000267028809,11.550000190734863,11.654999732971191,818800.0
2004-01-06T05:00:00Z,11.699999809265137,11.699999809265137,11.555000305175781,11.630000114440918,375400.0
2004-01-07T05:00:00Z,11.699999809265137,11.699999809265137,11.585000038146973,11.6899995803833,903000.0
2004-01-08T05:00:00Z,11.725000381469727,11.725000381469727,11.649999618530273,11.6850004196167,468800.0
2004-01-09T05:00:00Z,11.664999961853027,11.710000038146973,11.625,11.645000457763672,1283800.0
2004-01-12T05:00:00Z,11.670000076293945,11.6850004196167,11.59000015258789,11.640000343322754,1109400.0
2004-01-13T05:00:00Z,11.645000457763672,11.65999984741211,11.5649995803833,11.585000038146973,1831000.0
2004-01-14T05:00:00Z,11.645000457763672,11.725000381469727,11.600000381469727,11.725000381469727,550600.0
2004-01-15T05:00:00Z,11.744999885559082,11.75,11.625,11.6850004196167,512000.0
2004-01-16T05:00:00Z,11.75,11.75,11.625,11.664999961853027,1305000.0
2004-01-20T05:00:00Z,11.640000343322754,11.770000457763672,11.630000114440918,11.75,713800.0
2004-01-21T05:00:00Z,11.725000381469727,11.979999542236328,11.710000038146973,11.954999923706055,3247600.0
2004-01-22T05:00:00Z,12.0,12.020000457763672,11.890000343322754,12.0,543800.0
2004-01-23T05:00:00Z,12.0600004196167,12.0600004196167,11.875,11.895000457763672,567200.0
2004-01-26T05:00:00Z,11.920000076293945,11.9399995803833,11.75,11.824999809265137,1229000.0
2004-01-27T05:00:00Z,11.925000190734863,11.925000190734863,11.774999618530273,11.78499984741211,664800.0
2004-01-28T05:00:00Z,11.765000343322754,11.994999885559082,11.765000343322754,11.829999923706055,816600.0
2004-01-29T05:00:00Z,11.930000305175781,11.975000381469727,11.824999809265137,11.925000190734863,1412800.0
2004-01-30T05:00:00Z,11.970000267028809,11.994999885559082,11.829999923706055,11.904999732971191,410200.0
2004-02-02T05:00:00Z,11.994999885559082,11.994999885559082,11.829999923706055,11.835000038146973,453000.0
2004-02-03T05:00:00Z,11.850000381469727,11.9399995803833,11.800000190734863,11.9399995803833,480600.0
2004-02-04T05:00:00Z,11.994999885559082,11.994999885559082,11.704999923706055,11.744999885559082,1511400.0
2004-02-05T05:00:00Z,11.770000457763672,11.805000305175781,11.654999732971191,11.675000190734863,1305400.0
2004-02-06T05:00:00Z,11.774999618530273,11.800000190734863,11.675000190734863,11.774999618530273,816600.0
2004-02-09T05:00:00Z,11.859999656677246,11.859999656677246,11.760000228881836,11.845000267028809,3244000.0
2004-02-10T05:00:00Z,11.744999885559082,11.944999694824219,11.744999885559082,11.944999694824219,656800.0
2004-02-11T05:00:00Z,11.904999732971191,12.0,11.835000038146973,11.9350004196167,391600.0
2004-02-12T05:00:00Z,11.920000076293945,12.005000114440918,11.899999618530273,11.899999618530273,509000.0
2004-02-13T05:00:00Z,11.949999809265137,11.96500015258789,11.829999923706055,11.885000228881836,515600.0
2004-02-17T05:00:00Z,11.949999809265137,12.005000114440918,11.899999618530273,11.975000381469727,939800.0
2004-02-18T05:00:00Z,11.96500015258789,12.045000076293945,11.96500015258789,12.015000343322754,576800.0
2004-02-19T05:00:00Z,12.050000190734863,12.069999694824219,11.899999618530273,11.9350004196167,1158400.0
2004-02-20T05:00:00Z,11.949999809265137,11.975000381469727,11.779999732971191,11.819999694824219,693000.0
2004-02-23T05:00:00Z,11.774999618530273,11.914999961853027,11.774999618530273,11.864999771118164,642200.0
2004-02-24T05:00:00Z,11.930000305175781,11.930000305175781,11.760000228881836,11.800000190734863,453600.0
2004-02-25T05:00:00Z,11.824999809265137,11.954999923706055,11.8100004196167,11.920000076293945,906200.0
2004-02-26T05:00:00Z,11.904999732971191,12.010000228881836,11.904999732971191,12.0,597000.0
2004-02-27T05:00:00Z,11.970000267028809,12.140000343322754,11.970000267028809,12.130000114440918,1003400.0
2004-03-01T05:00:00Z,12.229999542236328,12.25,12.130000114440918,12.1899995803833,720000.0
2004-03-02T05:00:00Z,12.25,12.25,12.130000114440918,12.135000228881836,959600.0
2004-03-03T05:00:00Z,12.21500015258789,12.21500015258789,12.055000305175781,12.130000114440918,478800.0
2004-03-04T05:00:00Z,12.225000381469727,12.225000381469727,12.145000457763672,12.21500015258789,496400.0
2004-03-05T05:00:00Z,12.199999809265137,12.3100004196167,12.1850004196167,12.3100004196167,1195400.0
2004-03-08T05:00:00Z,12.359999656677246,12.375,12.25,12.274999618530273,1093000.0
2004-03-09T05:00:00Z,12.234999656677246,12.265000343322754,12.180000305175781,12.204999923706055,474800.0
2004-03-10T05:00:00Z,12.1850004196167,12.260000228881836,12.0649995803833,12.0649995803833,577800.0
2004-03-11T05:00:00Z,12.125,12.145000457763672,11.890000343322754,11.890000343322754,2798200.0
2004-03-12T05:00:00Z,11.9350004196167,12.03499984741211,11.899999618530273,12.005000114440918,1639000.0
2004-03-15T05:00:00Z,12.015000343322754,12.0600004196167,11.9399995803833,11.970000267028809,3430600.0
2004-03-16T05:00:00Z,12.0,12.100000381469727,11.90999984741211,12.085000038146973,1155800.0
2004-03-17T05:00:00Z,12.135000228881836,12.295000076293945,12.125,12.274999618530273,2148600.0
2004-03-18T05:00:00Z,12.175000190734863,12.300000190734863,12.135000228881836,12.220000267028809,622200.0
2004-03-19T05:00:00Z,12.149999618530273,12.199999809265137,12.050000190734863,12.050000190734863,578800.0
2004-03-22T05:00:00Z,12.125,12.125,11.890000343322754,11.90999984741211,944800.0
2004-03-23T05:00:00Z,12.03499984741211,12.03499984741211,11.890000343322754,11.904999732971191,928200.0
2004-03-24T05:00:00Z,11.994999885559082,11.994999885559082,11.859999656677246,11.930000305175781,821600.0
2004-03-25T05:00:00Z,11.954999923706055,11.994999885559082,11.899999618530273,11.949999809265137,1280600.0
2004-03-26T05:00:00Z,12.0,12.024999618530273,11.949999809265137,11.989999771118164,1013600.0
2004-03-29T05:00:00Z,12.029999732971191,12.069999694824219,11.9350004196167,12.0649995803833,13357800.0
2004-03-30T05:00:00Z,12.024999618530273,12.125,12.0,12.109999656677246,811000.0
2004-03-31T05:00:00Z,12.125,12.1850004196167,12.074999809265137,12.15999984741211,1374800.0
2004-04-01T05:00:00Z,12.1850004196167,12.225000381469727,12.154999732971191,12.194999694824219,788000.0
2004-04-02T05:00:00Z,12.199999809265137,12.229999542236328,12.114999771118164,12.135000228881836,2592600.0
2004-04-05T04:00:00Z,12.229999542236328,12.229999542236328,12.125,12.170000076293945,1275800.0
2004-04-06T04:00:00Z,12.149999618530273,12.204999923706055,12.130000114440918,12.175000190734863,1375400.0
2004-04-07T04:00:00Z,12.199999809265137,12.199999809265137,12.050000190734863,12.050000190734863,2013200.0
2004-04-08T04:00:00Z,12.114999771118164,12.15999984741211,12.020000457763672,12.039999961853027,664600.0
2004-04-12T04:00:00Z,12.050000190734863,12.09000015258789,11.819999694824219,11.850000381469727,2081800.0
2004-04-13T04:00:00Z,11.835000038146973,11.850000381469727,11.555000305175781,11.635000228881836,5355200.0
2004-04-14T04:00:00Z,11.5,11.6899995803833,11.475000381469727,11.649999618530273,4540000.0
2004-04-15T04:00:00Z,11.625,11.800000190734863,11.625,11.71500015258789,3260200.0
2004-04-16T04:00:00Z,11.710000038146973,11.770000457763672,11.699999809265137,11.755000114440918,841400.0
2004-04-19T04:00:00Z,11.699999809265137,11.765000343322754,11.675000190734863,11.680000305175781,527600.0
2004-04-20T04:00:00Z,11.755000114440918,11.760000228881836,11.550000190734863,11.550000190734863,2492000.0
2004-04-21T04:00:00Z,11.524999618530273,11.640000343322754,11.524999618530273,11.640000343322754,1051000.0
2004-04-22T04:00:00Z,11.664999961853027,11.774999618530273,11.359999656677246,11.770000457763672,967600.0
2004-04-23T04:00:00Z,11.774999618530273,11.800000190734863,11.680000305175781,11.774999618530273,783800.0
2004-04-26T04:00:00Z,11.75,11.899999618530273,11.744999885559082,11.8100004196167,1133600.0
2004-04-27T04:00:00Z,11.774999618530273,11.899999618530273,11.755000114440918,11.829999923706055,1321600.0
2004-04-28T04:00:00Z,11.744999885559082,11.854999542236328,11.744999885559082,11.84000015258789,1540000.0
2004-04-29T04:00:00Z,11.8149995803833,11.880000114440918,11.645000457763672,11.654999732971191,1344000.0
2004-04-30T04:00:00Z,11.59000015258789,11.800000190734863,11.510000228881836,11.640000343322754,1931000.0
2004-05-03T04:00:00Z,11.744999885559082,11.744999885559082,11.604999542236328,11.720000267028809,1108800.0
2004-05-04T04:00:00Z,11.71500015258789,11.819999694824219,11.654999732971191,11.765000343322754,1966800.0
2004-05-05T04:00:00Z,11.755000114440918,11.78499984741211,11.664999961853027,11.6850004196167,1068000.0
2004-05-06T04:00:00Z,11.640000343322754,11.729999542236328,11.569999694824219,11.725000381469727,4005600.0
2004-05-07T04:00:00Z,11.6899995803833,11.6899995803833,11.3100004196167,11.369999885559082,4308600.0
2004-05-10T04:00:00Z,11.295000076293945,11.324999809265137,11.125,11.210000038146973,3753200.0
2004-05-11T04:00:00Z,11.225000381469727,11.300000190734863,11.119999885559082,11.180000305175781,2910800.0
2004-05-12T04:00:00Z,11.100000381469727,11.199999809265137,11.03499984741211,11.170000076293945,4191800.0
2004-05-13T04:00:00Z,11.069999694824219,11.239999771118164,11.069999694824219,11.21500015258789,2026400.0
2004-05-14T04:00:00Z,11.114999771118164,11.359999656677246,11.114999771118164,11.274999618530273,4348200.0
2004-05-17T04:00:00Z,11.1899995803833,11.239999771118164,11.130000114440918,11.154999732971191,1825600.0
2004-05-18T04:00:00Z,11.335000038146973,11.350000381469727,11.25,11.25,1141200.0
2004-05-19T04:00:00Z,11.260000228881836,11.354999542236328,11.170000076293945,11.170000076293945,1320800.0
2004-05-20T04:00:00Z,11.194999694824219,11.34000015258789,11.194999694824219,11.28499984741211,1252800.0
2004-05-21T04:00:00Z,11.274999618530273,11.364999771118164,11.234999656677246,11.270000457763672,801400.0
2004-05-24T04:00:00Z,11.375,11.449999809265137,11.34000015258789,11.425000190734863,1274600.0
2004-05-25T04:00:00Z,11.4350004196167,11.645000457763672,11.375,11.630000114440918,1699400.0
2004-05-26T04:00:00Z,11.649999618530273,11.739999771118164,11.569999694824219,11.635000228881836,1494000.0
2004-05-27T04:00:00Z,11.699999809265137,11.805000305175781,11.625,11.755000114440918,1467600.0
2004-05-28T04:00:00Z,11.699999809265137,11.8149995803833,11.65999984741211,11.779999732971191,1001200.0
2004-06-01T04:00:00Z,11.795000076293945,11.829999923706055,11.704999923706055,11.765000343322754,741800.0
2004-06-02T04:00:00Z,11.734999656677246,11.829999923706055,11.625,11.78499984741211,472800.0
2004-06-03T04:00:00Z,11.824999809265137,11.824999809265137,11.65999984741211,11.65999984741211,1417000.0
2004-06-04T04:00:00Z,11.65999984741211,11.75,11.65999984741211,11.699999809265137,880800.0
2004-06-07T04:00:00Z,11.729999542236328,11.800000190734863,11.675000190734863,11.800000190734863,992400.0
2004-06-08T04:00:00Z,11.729999542236328,11.78499984741211,11.670000076293945,11.6899995803833,2149000.0
2004-06-09T04:00:00Z,11.59000015258789,11.729999542236328,11.59000015258789,11.614999771118164,1660400.0
2004-06-10T04:00:00Z,11.600000381469727,11.694999694824219,11.600000381469727,11.694999694824219,858000.0
2004-06-14T04:00:00Z,11.59000015258789,11.680000305175781,11.59000015258789,11.614999771118164,1277000.0
2004-06-15T04:00:00Z,11.635000228881836,11.774999618530273,11.600000381469727,11.664999961853027,1319000.0
2004-06-16T04:00:00Z,11.704999923706055,11.75,11.645000457763672,11.729999542236328,1427600.0
2004-06-17T04:00:00Z,11.710000038146973,11.84000015258789,11.704999923706055,11.8100004196167,2386400.0
2004-06-18T04:00:00Z,11.6899995803833,11.774999618530273,11.649999618530273,11.770000457763672,2819000.0
2004-06-21T04:00:00Z,11.835000038146973,11.899999618530273,11.75,11.850000381469727,4804400.0
2004-06-22T04:00:00Z,11.869999885559082,11.885000228881836,11.779999732971191,11.805000305175781,851600.0
2004-06-23T04:00:00Z,11.789999961853027,11.914999961853027,11.789999961853027,11.895000457763672,1074800.0
2004-06-24T04:00:00Z,11.90999984741211,11.960000038146973,11.895000457763672,11.9350004196167,593000.0
2004-06-25T04:00:00Z,11.954999923706055,11.960000038146973,11.845000267028809,11.864999771118164,756200.0
2004-06-28T04:00:00Z,11.875,12.024999618530273,11.875,11.920000076293945,1107200.0
2004-06-29T04:00:00Z,11.920000076293945,11.925000190734863,11.75,11.829999923706055,1472000.0
2004-06-30T04:00:00Z,11.8100004196167,11.890000343322754,11.720000267028809,11.880000114440918,1510000.0
2004-07-01T04:00:00Z,11.9350004196167,11.9350004196167,11.704999923706055,11.739999771118164,591400.0
2004-07-02T04:00:00Z,11.65999984741211,11.899999618530273,11.654999732971191,11.859999656677246,927000.0
2004-07-06T04:00:00Z,11.850000381469727,11.899999618530273,11.805000305175781,11.84000015258789,786800.0
2004-07-07T04:00:00Z,11.824999809265137,11.875,11.774999618530273,11.864999771118164,1242200.0
2004-07-08T04:00:00Z,11.774999618530273,11.880000114440918,11.774999618530273,11.819999694824219,1739800.0
2004-07-09T04:00:00Z,11.805000305175781,11.899999618530273,11.729999542236328,11.795000076293945,1874400.0
2004-07-12T04:00:00Z,11.765000343322754,11.819999694824219,11.755000114440918,11.819999694824219,919600.0
2004-07-13T04:00:00Z,11.850000381469727,11.850000381469727,11.760000228881836,11.795000076293945,1047200.0
2004-07-14T04:00:00Z,11.755000114440918,11.9350004196167,11.755000114440918,11.899999618530273,842800.0
2004-07-15T04:00:00Z,11.925000190734863,11.984999656677246,11.880000114440918,11.954999923706055,798200.0
2004-07-16T04:00:00Z,11.984999656677246,12.050000190734863,11.975000381469727,12.039999961853027,898800.0
2004-07-19T04:00:00Z,12.0600004196167,12.119999885559082,12.03499984741211,12.095000267028809,1535200.0
2004-07-20T04:00:00Z,12.095000267028809,12.145000457763672,12.0600004196167,12.119999885559082,965200.0
2004-07-21T04:00:00Z,12.145000457763672,12.149999618530273,11.914999961853027,11.930000305175781,897800.0
2004-07-22T04:00:00Z,11.869999885559082,11.904999732971191,11.779999732971191,11.850000381469727,621600.0
2004-07-23T04:00:00Z,11.890000343322754,11.890000343322754,11.765000343322754,11.779999732971191,535000.0
2004-07-26T04:00:00Z,11.765000343322754,11.845000267028809,11.720000267028809,11.75,1523800.0
2004-07-27T04:00:00Z,11.850000381469727,11.850000381469727,11.6899995803833,11.734999656677246,1646800.0
2004-07-28T04:00:00Z,11.84000015258789,11.890000343322754,11.725000381469727,11.890000343322754,1016800.0
2004-07-29T04:00:00Z,11.954999923706055,12.03499984741211,11.925000190734863,11.975000381469727,2930600.0
2004-07-30T04:00:00Z,11.875,12.0600004196167,11.875,12.0600004196167,1599400.0
2004-08-02T04:00:00Z,12.104999542236328,12.164999961853027,12.024999618530273,12.149999618530273,2224200.0
2004-08-03T04:00:00Z,12.1850004196167,12.1850004196167,12.085000038146973,12.125,1795200.0
2004-08-04T04:00:00Z,12.154999732971191,12.234999656677246,12.050000190734863,12.229999542236328,1229200.0
2004-08-05T04:00:00Z,12.149999618530273,12.234999656677246,12.085000038146973,12.085000038146973,4024800.0
2004-08-06T04:00:00Z,11.984999656677246,12.274999618530273,11.979999542236328,12.175000190734863,3563200.0
2004-08-09T04:00:00Z,12.274999618530273,12.274999618530273,12.125,12.145000457763672,1292800.0
2004-08-10T04:00:00Z,12.1899995803833,12.239999771118164,12.119999885559082,12.234999656677246,2030000.0
2004-08-11T04:00:00Z,12.220000267028809,12.28499984741211,12.100000381469727,12.28499984741211,938600.0
2004-08-12T04:00:00Z,12.350000381469727,12.350000381469727,12.229999542236328,12.279999732971191,1329600.0
2004-08-13T04:00:00Z,12.3100004196167,12.335000038146973,12.180000305175781,12.234999656677246,908800.0
2004-08-16T04:00:00Z,12.005000114440918,12.305000305175781,12.005000114440918,12.289999961853027,548800.0
2004-08-17T04:00:00Z,12.375,12.390000343322754,12.239999771118164,12.28499984741211,1041600.0
2004-08-18T04:00:00Z,12.350000381469727,12.444999694824219,12.295000076293945,12.364999771118164,962600.0
2004-08-19T04:00:00Z,12.380000114440918,12.404999732971191,12.300000190734863,12.305000305175781,3975400.0
2004-08-20T04:00:00Z,12.369999885559082,12.380000114440918,12.244999885559082,12.354999542236328,656800.0
2004-08-23T04:00:00Z,12.404999732971191,12.414999961853027,12.329999923706055,12.329999923706055,842400.0
2004-08-24T04:00:00Z,12.420000076293945,12.420000076293945,12.305000305175781,12.354999542236328,890200.0
2004-08-25T04:00:00Z,12.414999961853027,12.425000190734863,12.335000038146973,12.404999732971191,911000.0
2004-08-26T04:00:00Z,12.444999694824219,12.444999694824219,12.364999771118164,12.404999732971191,711800.0
2004-08-27T04:00:00Z,12.454999923706055,12.454999923706055,12.350000381469727,12.399999618530273,1057200.0
2004-08-30T04:00:00Z,12.399999618530273,12.449999809265137,12.359999656677246,12.430000305175781,1087000.0
2004-08-31T04:00:00Z,12.479999542236328,12.550000190734863,12.380000114440918,12.550000190734863,1687200.0
2004-09-01T04:00:00Z,12.5649995803833,12.59000015258789,12.510000228881836,12.510000228881836,1482400.0
2004-09-02T04:00:00Z,12.59000015258789,12.635000228881836,12.515000343322754,12.625,857800.0
2004-09-03T04:00:00Z,12.699999809265137,12.744999885559082,12.524999618530273,12.579999923706055,1170600.0
2004-09-07T04:00:00Z,12.579999923706055,12.680000305175781,12.579999923706055,12.670000076293945,1078200.0
2004-09-08T04:00:00Z,12.664999961853027,12.664999961853027,12.505000114440918,12.550000190734863,2896600.0
2004-09-09T04:00:00Z,12.539999961853027,12.654999732971191,12.539999961853027,12.604999542236328,1910400.0
2004-09-10T04:00:00Z,12.5649995803833,12.65999984741211,12.53499984741211,12.630000114440918,1039400.0
2004-09-13T04:00:00Z,12.670000076293945,12.670000076293945,12.515000343322754,12.529999732971191,611200.0
2004-09-14T04:00:00Z,12.545000076293945,12.585000038146973,12.505000114440918,12.510000228881836,1099000.0
2004-09-15T04:00:00Z,12.574999809265137,12.579999923706055,12.460000038146973,12.53499984741211,2477200.0
2004-09-16T04:00:00Z,12.510000228881836,12.654999732971191,12.510000228881836,12.609999656677246,2232600.0
2004-09-17T04:00:00Z,12.625,12.635000228881836,12.510000228881836,12.579999923706055,817800.0
2004-09-20T04:00:00Z,12.550000190734863,12.585000038146973,12.524999618530273,12.53499984741211,506000.0
2004-09-21T04:00:00Z,12.529999732971191,12.625,12.520000457763672,12.604999542236328,783200.0
2004-09-22T04:00:00Z,12.53499984741211,12.59000015258789,12.494999885559082,12.550000190734863,1283800.0
2004-09-23T04:00:00Z,12.550000190734863,12.5649995803833,12.425000190734863,12.425000190734863,603600.0
2004-09-24T04:00:00Z,12.414999961853027,12.475000381469727,12.390000343322754,12.430000305175781,2289600.0
2004-09-27T04:00:00Z,12.425000190734863,12.479999542236328,12.385000228881836,12.444999694824219,1899000.0
2004-09-28T04:00:00Z,12.53499984741211,12.574999809265137,12.5,12.524999618530273,1182000.0
2004-09-29T04:00:00Z,12.524999618530273,12.550000190734863,12.4399995803833,12.5,1103800.0
2004-09-30T04:00:00Z,12.484999656677246,12.5649995803833,12.454999923706055,12.524999618530273,3325200.0
2004-10-01T04:00:00Z,12.529999732971191,12.664999961853027,12.524999618530273,12.625,808600.0
2004-10-04T04:00:00Z,12.744999885559082,12.75,12.649999618530273,12.675000190734863,1293800.0
2004-10-05T04:00:00Z,12.65999984741211,12.75,12.65999984741211,12.729999542236328,1217000.0
2004-10-06T04:00:00Z,12.725000381469727,12.789999961853027,12.6899995803833,12.779999732971191,1233600.0
2004-10-07T04:00:00Z,12.795000076293945,12.819999694824219,12.704999923706055,12.710000038146973,2245200.0
2004-10-08T04:00:00Z,12.739999771118164,12.854999542236328,12.6850004196167,12.765000343322754,1482600.0
2004-10-11T04:00:00Z,12.819999694824219,12.819999694824219,12.725000381469727,12.729999542236328,683200.0
2004-10-12T04:00:00Z,12.654999732971191,12.84000015258789,12.654999732971191,12.835000038146973,1771600.0
2004-10-13T04:00:00Z,12.850000381469727,12.854999542236328,12.614999771118164,12.664999961853027,2048600.0
2004-10-14T04:00:00Z,12.720000267028809,12.720000267028809,12.630000114440918,12.6899995803833,1065800.0
2004-10-15T04:00:00Z,12.75,12.824999809265137,12.694999694824219,12.789999961853027,1248200.0
2004-10-18T04:00:00Z,12.824999809265137,12.824999809265137,12.699999809265137,12.699999809265137,1094400.0
2004-10-19T04:00:00Z,12.670000076293945,12.795000076293945,12.640000343322754,12.680000305175781,1660600.0
2004-10-20T04:00:00Z,12.670000076293945,12.729999542236328,12.600000381469727,12.694999694824219,1933600.0
2004-10-21T04:00:00Z,12.725000381469727,12.765000343322754,12.680000305175781,12.75,673400.0
2004-10-22T04:00:00Z,12.824999809265137,12.859999656677246,12.720000267028809,12.829999923706055,1798800.0
2004-10-25T04:00:00Z,12.800000190734863,13.03499984741211,12.800000190734863,13.024999618530273,1775200.0
2004-10-26T04:00:00Z,13.095000267028809,13.1899995803833,13.0,13.154999732971191,1374000.0
2004-10-27T04:00:00Z,13.274999618530273,13.274999618530273,13.09000015258789,13.140000343322754,2545200.0
2004-10-28T04:00:00Z,13.074999809265137,13.145000457763672,12.970000267028809,13.0649995803833,2034600.0
2004-10-29T04:00:00Z,13.125,13.170000076293945,13.045000076293945,13.135000228881836,2271400.0
2004-11-01T05:00:00Z,13.210000038146973,13.255000114440918,13.135000228881836,13.239999771118164,3091000.0
2004-11-02T05:00:00Z,13.279999732971191,13.279999732971191,12.975000381469727,12.979999542236328,2294200.0
2004-11-03T05:00:00Z,13.225000381469727,13.279999732971191,13.140000343322754,13.255000114440918,1607400.0
2004-11-04T05:00:00Z,13.324999809265137,13.555000305175781,13.225000381469727,13.520000457763672,1970400.0
2004-11-05T05:00:00Z,13.640000343322754,13.649999618530273,13.359999656677246,13.470000267028809,5742200.0
2004-11-08T05:00:00Z,13.449999809265137,13.619999885559082,13.449999809265137,13.600000381469727,5159000.0
2004-11-09T05:00:00Z,13.670000076293945,13.670000076293945,13.5649995803833,13.604999542236328,3365200.0
2004-11-10T05:00:00Z,13.604999542236328,13.649999618530273,13.524999618530273,13.600000381469727,3991200.0
2004-11-11T05:00:00Z,13.635000228881836,13.774999618530273,13.569999694824219,13.744999885559082,6062400.0
2004-11-12T05:00:00Z,13.774999618530273,13.914999961853027,13.729999542236328,13.90999984741211,3411800.0
2004-11-15T05:00:00Z,13.925000190734863,13.9350004196167,13.779999732971191,13.84000015258789,1151000.0
2004-11-16T05:00:00Z,13.8149995803833,13.90999984741211,13.800000190734863,13.8149995803833,2084000.0
2004-11-17T05:00:00Z,13.829999923706055,13.90999984741211,13.664999961853027,13.699999809265137,1730600.0
2004-11-18T05:00:00Z,13.654999732971191,13.770000457763672,13.654999732971191,13.699999809265137,4391400.0
2004-11-19T05:00:00Z,13.789999961853027,13.789999961853027,13.595000267028809,13.649999618530273,3828000.0
2004-11-22T05:00:00Z,13.699999809265137,13.875,13.6850004196167,13.864999771118164,1290600.0
2004-11-23T05:00:00Z,13.949999809265137,13.989999771118164,13.845000267028809,13.949999809265137,1944600.0
2004-11-24T05:00:00Z,13.975000381469727,14.069999694824219,13.96500015258789,14.0,1996600.0
2004-11-26T05:00:00Z,14.074999809265137,14.095000267028809,14.024999618530273,14.055000305175781,736400.0
2004-11-29T05:00:00Z,14.125,14.125,13.829999923706055,13.869999885559082,2376600.0
2004-11-30T05:00:00Z,13.845000267028809,13.890000343322754,13.704999923706055,13.720000267028809,3941600.0
2004-12-01T05:00:00Z,13.649999618530273,13.699999809265137,13.53499984741211,13.600000381469727,3187600.0
2004-12-02T05:00:00Z,13.5,13.600000381469727,13.375,13.430000305175781,7479600.0
2004-12-03T05:00:00Z,13.399999618530273,13.5649995803833,13.399999618530273,13.529999732971191,3010400.0
2004-12-06T05:00:00Z,13.5649995803833,13.675000190734863,13.484999656677246,13.654999732971191,1342400.0
2004-12-07T05:00:00Z,13.675000190734863,13.6899995803833,13.539999961853027,13.550000190734863,1283200.0
2004-12-08T05:00:00Z,13.475000381469727,13.569999694824219,13.4399995803833,13.479999542236328,1543200.0
2004-12-09T05:00:00Z,13.5,13.520000457763672,13.40999984741211,13.484999656677246,2819200.0
2004-12-10T05:00:00Z,13.425000190734863,13.579999923706055,13.420000076293945,13.53499984741211,1574000.0
2004-12-13T05:00:00Z,13.600000381469727,13.75,13.529999732971191,13.734999656677246,2880000.0
2004-12-14T05:00:00Z,13.850000381469727,13.875,13.694999694824219,13.78499984741211,3310800.0
2004-12-15T05:00:00Z,13.850000381469727,13.880000114440918,13.75,13.850000381469727,1084400.0
2004-12-16T05:00:00Z,13.925000190734863,13.9399995803833,13.789999961853027,13.854999542236328,4399800.0
2004-12-17T05:00:00Z,13.664999961853027,13.774999618530273,13.649999618530273,13.760000228881836,1950400.0
2004-12-20T05:00:00Z,13.755000114440918,13.960000038146973,13.755000114440918,13.835000038146973,1253200.0
2004-12-21T05:00:00Z,13.925000190734863,13.979999542236328,13.859999656677246,13.979999542236328,1220400.0
2004-12-22T05:00:00Z,13.989999771118164,14.050000190734863,13.975000381469727,14.010000228881836,4668800.0
2004-12-23T05:00:00Z,14.074999809265137,14.074999809265137,13.96500015258789,14.005000114440918,1457200.0
2004-12-27T05:00:00Z,14.100000381469727,14.100000381469727,13.895000457763672,13.914999961853027,1644800.0
2004-12-28T05:00:00Z,13.930000305175781,13.975000381469727,13.880000114440918,13.949999809265137,1148400.0
2004-12-29T05:00:00Z,13.979999542236328,14.015000343322754,13.930000305175781,13.989999771118164,1410200.0
2004-12-30T05:00:00Z,14.010000228881836,14.055000305175781,13.989999771118164,13.994999885559082,1260200.0
2004-12-31T05:00:00Z,14.050000190734863,14.050000190734863,13.925000190734863,13.925000190734863,1350200.0
2005-01-03T05:00:00Z,13.899999618530273,14.024999618530273,13.739999771118164,13.765000343322754,4052800.0
2005-01-04T05:00:00Z,13.75,13.824999809265137,13.649999618530273,13.670000076293945,2575200.0
2005-01-05T05:00:00Z,13.699999809265137,13.699999809265137,13.454999923706055,13.454999923706055,2863800.0
2005-01-06T05:00:00Z,13.449999809265137,13.5649995803833,13.449999809265137,13.524999618530273,1544400.0
2005-01-07T05:00:00Z,13.625,13.670000076293945,13.505000114440918,13.524999618530273,735600.0
2005-01-10T05:00:00Z,13.484999656677246,13.640000343322754,13.484999656677246,13.595000267028809,4130400.0
2005-01-11T05:00:00Z,13.550000190734863,13.604999542236328,13.470000267028809,13.555000305175781,724600.0
2005-01-12T05:00:00Z,13.539999961853027,13.619999885559082,13.470000267028809,13.595000267028809,394400.0
2005-01-13T05:00:00Z,13.640000343322754,13.770000457763672,13.604999542236328,13.65999984741211,1750400.0
2005-01-14T05:00:00Z,13.760000228881836,13.8100004196167,13.640000343322754,13.774999618530273,1598200.0
2005-01-18T05:00:00Z,13.75,13.904999732971191,13.675000190734863,13.895000457763672,1188400.0
2005-01-19T05:00:00Z,13.949999809265137,13.949999809265137,13.835000038146973,13.835000038146973,2247200.0
2005-01-20T05:00:00Z,13.734999656677246,13.880000114440918,13.734999656677246,13.789999961853027,1616000.0
2005-01-21T05:00:00Z,13.734999656677246,13.84000015258789,13.729999542236328,13.734999656677246,6548800.0
2005-01-24T05:00:00Z,13.789999961853027,13.920000076293945,13.734999656677246,13.854999542236328,1772800.0
2005-01-25T05:00:00Z,13.859999656677246,13.9350004196167,13.755000114440918,13.774999618530273,2205400.0
2005-01-26T05:00:00Z,13.800000190734863,13.989999771118164,13.774999618530273,13.975000381469727,2795200.0
2005-01-27T05:00:00Z,14.020000457763672,14.0649995803833,13.890000343322754,14.045000076293945,2358000.0
2005-01-28T05:00:00Z,13.954999923706055,14.0600004196167,13.925000190734863,14.0600004196167,740000.0
2005-01-31T05:00:00Z,14.119999885559082,14.220000267028809,14.085000038146973,14.220000267028809,1918400.0
2005-02-01T05:00:00Z,14.25,14.350000381469727,14.1899995803833,14.3149995803833,3780000.0
2005-02-02T05:00:00Z,14.4350004196167,14.4350004196167,14.3149995803833,14.369999885559082,3402800.0
2005-02-03T05:00:00Z,14.4350004196167,14.4350004196167,14.270000457763672,14.40999984741211,3504400.0
2005-02-04T05:00:00Z,14.5,14.59000015258789,14.449999809265137,14.550000190734863,1476000.0
2005-02-07T05:00:00Z,14.649999618530273,14.675000190734863,14.5,14.520000457763672,1742800.0
2005-02-08T05:00:00Z,14.609999656677246,14.625,14.539999961853027,14.604999542236328,2912600.0
2005-02-09T05:00:00Z,14.595000267028809,14.619999885559082,14.520000457763672,14.520000457763672,3361400.0
2005-02-10T05:00:00Z,14.53499984741211,14.614999771118164,14.5,14.53499984741211,7394800.0
2005-02-11T05:00:00Z,14.625,14.670000076293945,14.46500015258789,14.545000076293945,5149200.0
2005-02-14T05:00:00Z,14.640000343322754,14.704999923706055,14.515000343322754,14.675000190734863,2036400.0
2005-02-15T05:00:00Z,14.774999618530273,14.774999618530273,14.630000114440918,14.649999618530273,1690200.0
2005-02-16T05:00:00Z,14.699999809265137,14.729999542236328,14.550000190734863,14.6899995803833,2099200.0
2005-02-17T05:00:00Z,14.789999961853027,14.789999961853027,14.619999885559082,14.65999984741211,2468200.0
2005-02-18T05:00:00Z,14.614999771118164,14.619999885559082,14.460000038146973,14.505000114440918,2133800.0
2005-02-22T05:00:00Z,14.524999618530273,14.524999618530273,14.125,14.15999984741211,8505200.0
2005-02-23T05:00:00Z,14.21500015258789,14.305000305175781,14.199999809265137,14.234999656677246,3474400.0
2005-02-24T05:00:00Z,14.274999618530273,14.364999771118164,14.210000038146973,14.345000267028809,3999200.0
2005-02-25T05:00:00Z,14.399999618530273,14.670000076293945,14.350000381469727,14.625,7096200.0
2005-02-28T05:00:00Z,14.65999984741211,14.6899995803833,14.470000267028809,14.524999618530273,3939400.0
2005-03-01T05:00:00Z,14.550000190734863,14.664999961853027,14.5,14.5649995803833,2960200.0
2005-03-02T05:00:00Z,14.625,14.640000343322754,14.479999542236328,14.550000190734863,5140800.0
2005-03-03T05:00:00Z,14.625,14.65999984741211,14.5,14.625,4624600.0
2005-03-04T05:00:00Z,14.720000267028809,14.875,14.649999618530273,14.854999542236328,3420400.0
2005-03-07T05:00:00Z,14.875,14.989999771118164,14.875,14.960000038146973,2259000.0
2005-03-08T05:00:00Z,14.984999656677246,14.984999656677246,14.819999694824219,14.859999656677246,3523800.0
2005-03-09T05:00:00Z,14.9350004196167,14.9350004196167,14.579999923706055,14.595000267028809,7904600.0
2005-03-10T05:00:00Z,14.625,14.734999656677246,14.515000343322754,14.6899995803833,4798600.0
2005-03-11T05:00:00Z,14.699999809265137,14.770000457763672,14.59000015258789,14.625,3512800.0
2005-03-14T05:00:00Z,14.635000228881836,14.859999656677246,14.604999542236328,14.850000381469727,1106600.0
2005-03-15T05:00:00Z,14.854999542236328,14.960000038146973,14.78499984741211,14.78499984741211,5102200.0
2005-03-16T05:00:00Z,14.774999618530273,14.824999809265137,14.574999809265137,14.649999618530273,7517600.0
2005-03-17T05:00:00Z,14.675000190734863,14.779999732971191,14.65999984741211,14.734999656677246,1667200.0
2005-03-18T05:00:00Z,14.725000381469727,14.725000381469727,14.484999656677246,14.579999923706055,2703800.0
2005-03-21T05:00:00Z,14.649999618530273,14.649999618530273,14.53499984741211,14.574999809265137,1853800.0
2005-03-22T05:00:00Z,14.59000015258789,14.635000228881836,14.265000343322754,14.279999732971191,7424200.0
2005-03-23T05:00:00Z,14.289999961853027,14.289999961853027,14.0649995803833,14.210000038146973,13146000.0
2005-03-24T05:00:00Z,14.274999618530273,14.420000076293945,14.25,14.359999656677246,4757400.0
2005-03-28T05:00:00Z,14.449999809265137,14.484999656677246,14.369999885559082,14.385000228881836,1636000.0
2005-03-29T05:00:00Z,14.449999809265137,14.449999809265137,14.1850004196167,14.204999923706055,2611400.0
2005-03-30T05:00:00Z,14.289999961853027,14.4350004196167,14.210000038146973,14.4350004196167,2348600.0
2005-03-31T05:00:00Z,14.489999771118164,14.595000267028809,14.350000381469727,14.574999809265137,1538600.0
2005-04-01T05:00:00Z,14.699999809265137,14.75,14.510000228881836,14.625,3409600.0
2005-04-04T04:00:00Z,14.744999885559082,14.744999885559082,14.529999732971191,14.664999961853027,3349000.0
2005-04-05T04:00:00Z,14.649999618530273,14.760000228881836,14.635000228881836,14.75,2446000.0
2005-04-06T04:00:00Z,14.789999961853027,14.845000267028809,14.699999809265137,14.704999923706055,1521200.0
2005-04-07T04:00:00Z,14.75,14.859999656677246,14.720000267028809,14.84000015258789,2021000.0
2005-04-08T04:00:00Z,14.899999618530273,14.899999618530273,14.694999694824219,14.725000381469727,2119600.0
2005-04-11T04:00:00Z,14.8149995803833,14.90999984741211,14.710000038146973,14.869999885559082,2937000.0
2005-04-12T04:00:00Z,14.949999809265137,15.050000190734863,14.734999656677246,15.010000228881836,1536200.0
2005-04-13T04:00:00Z,15.050000190734863,15.050000190734863,14.880000114440918,14.904999732971191,1356400.0
2005-04-14T04:00:00Z,14.854999542236328,14.904999732971191,14.75,14.765000343322754,1567800.0
2005-04-15T04:00:00Z,14.720000267028809,14.8149995803833,14.479999542236328,14.505000114440918,2339800.0
2005-04-18T04:00:00Z,14.494999885559082,14.630000114440918,14.399999618530273,14.5600004196167,1978800.0
2005-04-19T04:00:00Z,14.600000381469727,14.774999618530273,14.5,14.765000343322754,1609600.0
2005-04-20T04:00:00Z,14.800000190734863,14.800000190734863,14.630000114440918,14.635000228881836,1558800.0
2005-04-21T04:00:00Z,14.555000305175781,14.8149995803833,14.555000305175781,14.765000343322754,7696400.0
2005-04-22T04:00:00Z,14.824999809265137,14.875,14.739999771118164,14.859999656677246,3618000.0
2005-04-25T04:00:00Z,14.949999809265137,14.984999656677246,14.875,14.960000038146973,1294600.0
2005-04-26T04:00:00Z,14.989999771118164,14.989999771118164,14.770000457763672,14.770000457763672,2495800.0
2005-04-27T04:00:00Z,14.850000381469727,14.949999809265137,14.65999984741211,14.880000114440918,1151400.0
2005-04-28T04:00:00Z,14.944999694824219,14.949999809265137,14.765000343322754,14.8149995803833,4466000.0
2005-04-29T04:00:00Z,14.774999618530273,15.029999732971191,14.774999618530273,15.024999618530273,1881000.0
2005-05-02T04:00:00Z,15.109999656677246,15.149999618530273,15.020000457763672,15.0649995803833,2191400.0
2005-05-03T04:00:00Z,15.149999618530273,15.149999618530273,14.944999694824219,14.989999771118164,4590600.0
2005-05-04T04:00:00Z,15.09000015258789,15.09000015258789,14.895000457763672,15.005000114440918,2991400.0
2005-05-05T04:00:00Z,15.100000381469727,15.100000381469727,14.805000305175781,14.944999694824219,2096200.0
2005-05-06T04:00:00Z,14.899999618530273,14.994999885559082,14.895000457763672,14.90999984741211,2999200.0
2005-05-09T04:00:00Z,14.90999984741211,15.039999961853027,14.8149995803833,15.03499984741211,6276200.0
2005-05-10T04:00:00Z,15.050000190734863,15.050000190734863,14.90999984741211,14.925000190734863,1676200.0
2005-05-11T04:00:00Z,15.0,15.020000457763672,14.854999542236328,14.994999885559082,1370600.0
2005-05-12T04:00:00Z,15.039999961853027,15.039999961853027,14.819999694824219,14.824999809265137,1563000.0
2005-05-13T04:00:00Z,14.779999732971191,14.975000381469727,14.350000381469727,14.585000038146973,4103000.0
2005-05-16T04:00:00Z,14.59000015258789,14.680000305175781,14.510000228881836,14.680000305175781,5991000.0
2005-05-17T04:00:00Z,14.75,14.869999885559082,14.630000114440918,14.850000381469727,1534400.0
2005-05-18T04:00:00Z,14.944999694824219,14.979999542236328,14.84000015258789,14.854999542236328,2534800.0
2005-05-19T04:00:00Z,14.90999984741211,14.960000038146973,14.850000381469727,14.9399995803833,978400.0
2005-05-20T04:00:00Z,14.755000114440918,14.960000038146973,14.755000114440918,14.9350004196167,1737000.0
2005-05-23T04:00:00Z,14.859999656677246,14.9350004196167,14.824999809265137,14.880000114440918,1258400.0
2005-05-24T04:00:00Z,14.890000343322754,14.925000190734863,14.824999809265137,14.880000114440918,904400.0
2005-05-25T04:00:00Z,14.914999961853027,14.9399995803833,14.835000038146973,14.920000076293945,797600.0
2005-05-26T04:00:00Z,14.859999656677246,14.994999885559082,14.859999656677246,14.960000038146973,1760600.0
2005-05-27T04:00:00Z,14.960000038146973,15.03499984741211,14.925000190734863,15.020000457763672,2850200.0
2005-05-31T04:00:00Z,15.0600004196167,15.114999771118164,14.975000381469727,15.015000343322754,3087000.0
2005-06-01T04:00:00Z,15.069999694824219,15.279999732971191,15.024999618530273,15.210000038146973,4260200.0
2005-06-02T04:00:00Z,15.25,15.25,15.175000190734863,15.1899995803833,2777000.0
2005-06-03T04:00:00Z,15.210000038146973,15.270000457763672,15.109999656677246,15.239999771118164,2327800.0
2005-06-06T04:00:00Z,15.25,15.25,15.149999618530273,15.225000381469727,1858400.0
2005-06-07T04:00:00Z,15.225000381469727,15.430000305175781,15.225000381469727,15.260000228881836,6210600.0
2005-06-08T04:00:00Z,15.300000190734863,15.390000343322754,15.255000114440918,15.289999961853027,2055400.0
2005-06-09T04:00:00Z,15.274999618530273,15.305000305175781,15.175000190734863,15.305000305175781,1989000.0
2005-06-10T04:00:00Z,15.295000076293945,15.40999984741211,15.28499984741211,15.359999656677246,2473200.0
2005-06-13T04:00:00Z,15.399999618530273,15.449999809265137,15.295000076293945,15.425000190734863,956400.0
2005-06-14T04:00:00Z,15.4399995803833,15.529999732971191,15.40999984741211,15.46500015258789,2369600.0
2005-06-15T04:00:00Z,15.454999923706055,15.5,15.300000190734863,15.390000343322754,1037800.0
2005-06-16T04:00:00Z,15.475000381469727,15.475000381469727,15.279999732971191,15.364999771118164,2318200.0
2005-06-17T04:00:00Z,15.359999656677246,15.475000381469727,15.28499984741211,15.4350004196167,1842400.0
2005-06-20T04:00:00Z,15.470000267028809,15.475000381469727,15.324999809265137,15.46500015258789,2707800.0
2005-06-21T04:00:00Z,15.425000190734863,15.515000343322754,15.425000190734863,15.484999656677246,1493200.0
2005-06-22T04:00:00Z,15.960000038146973,15.960000038146973,15.449999809265137,15.625,3799000.0
2005-06-23T04:00:00Z,15.649999618530273,15.75,15.59000015258789,15.670000076293945,2717600.0
2005-06-24T04:00:00Z,15.699999809265137,15.720000267028809,15.545000076293945,15.5600004196167,1816600.0
2005-06-27T04:00:00Z,15.595000267028809,15.65999984741211,15.510000228881836,15.654999732971191,1812800.0
2005-06-28T04:00:00Z,15.720000267028809,15.8149995803833,15.654999732971191,15.8100004196167,2219600.0
2005-06-29T04:00:00Z,15.890000343322754,15.890000343322754,15.720000267028809,15.765000343322754,4702600.0
2005-06-30T04:00:00Z,15.829999923706055,15.90999984741211,15.765000343322754,15.779999732971191,4616400.0
2005-07-01T04:00:00Z,15.854999542236328,15.944999694824219,15.78499984741211,15.925000190734863,1279200.0
2005-07-05T04:00:00Z,15.90999984741211,16.014999389648438,15.835000038146973,15.954999923706055,2177800.0
2005-07-06T04:00:00Z,15.954999923706055,16.0049991607666,15.6850004196167,15.6850004196167,2426600.0
2005-07-07T04:00:00Z,15.579999923706055,15.835000038146973,15.5,15.8100004196167,4351600.0
2005-07-08T04:00:00Z,15.84000015258789,15.994999885559082,15.800000190734863,15.994999885559082,2970600.0
2005-07-11T04:00:00Z,16.049999237060547,16.114999771118164,15.994999885559082,16.084999084472656,2863400.0
2005-07-12T04:00:00Z,16.174999237060547,16.190000534057617,16.05500030517578,16.1299991607666,3862200.0
2005-07-13T04:00:00Z,16.170000076293945,16.209999084472656,16.114999771118164,16.174999237060547,3888000.0
2005-07-14T04:00:00Z,16.270000457763672,16.299999237060547,15.925000190734863,16.014999389648438,3005400.0
2005-07-15T04:00:00Z,16.014999389648438,16.075000762939453,15.949999809265137,16.010000228881836,2163600.0
2005-07-18T04:00:00Z,16.010000228881836,16.045000076293945,15.96500015258789,16.0,2093200.0
2005-07-19T04:00:00Z,16.0049991607666,16.049999237060547,15.9350004196167,16.014999389648438,2161200.0
2005-07-20T04:00:00Z,16.045000076293945,16.110000610351562,15.90999984741211,16.100000381469727,1889200.0
2005-07-21T04:00:00Z,16.125,16.125,15.75,15.8100004196167,7560600.0
2005-07-22T04:00:00Z,15.765000343322754,15.970000267028809,15.765000343322754,15.899999618530273,2408200.0
2005-07-25T04:00:00Z,16.010000228881836,16.079999923706055,15.904999732971191,15.904999732971191,2857200.0
2005-07-26T04:00:00Z,15.984999656677246,16.03499984741211,15.914999961853027,15.960000038146973,6289600.0
2005-07-27T04:00:00Z,16.024999618530273,16.05500030517578,15.944999694824219,16.030000686645508,7921200.0
2005-07-28T04:00:00Z,16.045000076293945,16.139999389648438,15.960000038146973,16.1299991607666,5216200.0
2005-07-29T04:00:00Z,16.229999542236328,16.229999542236328,16.114999771118164,16.135000228881836,6117800.0
2005-08-01T04:00:00Z,16.225000381469727,16.2450008392334,15.899999618530273,15.925000190734863,3935800.0
2005-08-02T04:00:00Z,15.975000381469727,16.295000076293945,15.949999809265137,16.295000076293945,6515000.0
2005-08-03T04:00:00Z,16.295000076293945,16.5,16.19499969482422,16.34000015258789,10550600.0
2005-08-04T04:00:00Z,16.399999618530273,16.399999618530273,16.204999923706055,16.235000610351562,3349600.0
2005-08-05T04:00:00Z,16.229999542236328,16.229999542236328,15.854999542236328,15.954999923706055,5554600.0
2005-08-08T04:00:00Z,15.9399995803833,16.024999618530273,15.585000038146973,15.630000114440918,13951600.0
2005-08-09T04:00:00Z,15.649999618530273,15.795000076293945,15.649999618530273,15.795000076293945,4979800.0
2005-08-10T04:00:00Z,15.75,16.040000915527344,15.71500015258789,15.789999961853027,5640600.0
2005-08-11T04:00:00Z,15.850000381469727,15.949999809265137,15.734999656677246,15.885000228881836,2047800.0
2005-08-12T04:00:00Z,15.880000114440918,15.920000076293945,15.75,15.869999885559082,3078000.0
2005-08-15T04:00:00Z,15.895000457763672,15.944999694824219,15.829999923706055,15.930000305175781,2146000.0
2005-08-16T04:00:00Z,15.885000228881836,15.944999694824219,15.680000305175781,15.680000305175781,4025400.0
2005-08-17T04:00:00Z,15.725000381469727,15.725000381469727,15.520000457763672,15.664999961853027,4702400.0
2005-08-18T04:00:00Z,15.600000381469727,15.75,15.529999732971191,15.725000381469727,3405000.0
2005-08-19T04:00:00Z,15.835000038146973,15.835000038146973,15.744999885559082,15.819999694824219,1862200.0
2005-08-22T04:00:00Z,15.835000038146973,15.96500015258789,15.800000190734863,15.925000190734863,2365600.0
2005-08-23T04:00:00Z,15.960000038146973,16.09000015258789,15.9350004196167,16.05500030517578,6001600.0
2005-08-24T04:00:00Z,16.094999313354492,16.209999084472656,15.949999809265137,15.979999542236328,3380800.0
2005-08-25T04:00:00Z,16.190000534057617,16.190000534057617,16.0049991607666,16.100000381469727,2616000.0
2005-08-26T04:00:00Z,16.104999542236328,16.149999618530273,16.0049991607666,16.075000762939453,1742800.0
2005-08-29T04:00:00Z,16.024999618530273,16.165000915527344,15.9350004196167,16.139999389648438,3239200.0
2005-08-30T04:00:00Z,16.100000381469727,16.174999237060547,15.984999656677246,16.114999771118164,1763800.0
2005-08-31T04:00:00Z,16.1299991607666,16.280000686645508,16.09000015258789,16.239999771118164,4233200.0
2005-09-01T04:00:00Z,16.200000762939453,16.520000457763672,16.200000762939453,16.4950008392334,5161400.0
2005-09-02T04:00:00Z,16.510000228881836,16.575000762939453,16.454999923706055,16.5,3962600.0
2005-09-06T04:00:00Z,16.600000381469727,16.739999771118164,16.559999465942383,16.655000686645508,4060600.0
2005-09-07T04:00:00Z,16.665000915527344,16.700000762939453,16.565000534057617,16.665000915527344,3086800.0
2005-09-08T04:00:00Z,16.68000030517578,16.690000534057617,16.485000610351562,16.520000457763672,3081600.0
2005-09-09T04:00:00Z,16.575000762939453,16.760000228881836,16.549999237060547,16.71500015258789,6849800.0
2005-09-12T04:00:00Z,16.795000076293945,16.875,16.610000610351562,16.700000762939453,2375400.0
2005-09-13T04:00:00Z,16.760000228881836,16.760000228881836,16.55500030517578,16.55500030517578,3511800.0
2005-09-14T04:00:00Z,16.600000381469727,16.690000534057617,16.549999237060547,16.614999771118164,1405800.0
2005-09-15T04:00:00Z,16.71500015258789,16.78499984741211,16.700000762939453,16.770000457763672,3383400.0
2005-09-16T04:00:00Z,16.75,16.799999237060547,16.594999313354492,16.795000076293945,3313600.0
2005-09-19T04:00:00Z,16.80500030517578,16.885000228881836,16.729999542236328,16.7450008392334,2119800.0
2005-09-20T04:00:00Z,16.790000915527344,16.834999084472656,16.639999389648438,16.68000030517578,2863800.0
2005-09-21T04:00:00Z,16.670000076293945,16.700000762939453,16.25,16.389999389648438,5385800.0
2005-09-22T04:00:00Z,16.309999465942383,16.360000610351562,16.190000534057617,16.299999237060547,4635400.0
2005-09-23T04:00:00Z,16.30500030517578,16.364999771118164,16.225000381469727,16.34000015258789,3701400.0
2005-09-26T04:00:00Z,16.440000534057617,16.510000228881836,16.3700008392334,16.475000381469727,1440400.0
2005-09-27T04:00:00Z,16.475000381469727,16.530000686645508,16.34000015258789,16.479999542236328,2001600.0
2005-09-28T04:00:00Z,16.579999923706055,16.684999465942383,16.520000457763672,16.649999618530273,3179800.0
2005-09-29T04:00:00Z,16.610000610351562,16.885000228881836,16.579999923706055,16.815000534057617,3830600.0
2005-09-30T04:00:00Z,16.825000762939453,16.889999389648438,16.729999542236328,16.799999237060547,2996600.0
2005-10-03T04:00:00Z,16.899999618530273,16.9950008392334,16.780000686645508,16.989999771118164,5137600.0
2005-10-04T04:00:00Z,16.850000381469727,17.024999618530273,16.665000915527344,16.69499969482422,5837200.0
2005-10-05T04:00:00Z,16.649999618530273,16.75,16.18000030517578,16.209999084472656,8687400.0
2005-10-06T04:00:00Z,16.149999618530273,16.219999313354492,15.725000381469727,15.994999885559082,15069600.0
2005-10-07T04:00:00Z,16.030000686645508,16.165000915527344,15.960000038146973,16.135000228881836,3483800.0
2005-10-10T04:00:00Z,16.270000457763672,16.344999313354492,15.800000190734863,15.850000381469727,4345400.0
2005-10-11T04:00:00Z,15.899999618530273,16.030000686645508,15.845000267028809,15.885000228881836,4506400.0
2005-10-12T04:00:00Z,15.819999694824219,15.984999656677246,15.53499984741211,15.585000038146973,8781200.0
2005-10-13T04:00:00Z,15.449999809265137,15.524999618530273,15.135000228881836,15.255000114440918,17077800.0
2005-10-14T04:00:00Z,15.300000190734863,15.4350004196167,15.229999542236328,15.430000305175781,8394600.0
2005-10-17T04:00:00Z,15.329999923706055,15.699999809265137,15.329999923706055,15.600000381469727,6898800.0
2005-10-18T04:00:00Z,15.6899995803833,15.6899995803833,15.265000343322754,15.34000015258789,4659800.0
2005-10-19T04:00:00Z,15.300000190734863,15.395000457763672,15.0649995803833,15.380000114440918,13618800.0
2005-10-20T04:00:00Z,15.274999618530273,15.414999961853027,14.895000457763672,14.975000381469727,6448800.0
2005-10-21T04:00:00Z,14.850000381469727,15.25,14.505000114440918,15.175000190734863,5301800.0
2005-10-24T04:00:00Z,15.069999694824219,15.585000038146973,15.069999694824219,15.5649995803833,4865800.0
2005-10-25T04:00:00Z,15.475000381469727,15.71500015258789,15.430000305175781,15.585000038146973,8672800.0
2005-10-26T04:00:00Z,15.649999618530273,15.649999618530273,15.354999542236328,15.395000457763672,8892200.0
2005-10-27T04:00:00Z,15.3100004196167,15.475000381469727,15.204999923706055,15.220000267028809,4434600.0
2005-10-28T04:00:00Z,15.135000228881836,15.5600004196167,15.135000228881836,15.524999618530273,6898400.0
2005-10-31T05:00:00Z,15.720000267028809,15.795000076293945,15.574999809265137,15.725000381469727,5210200.0
2005-11-01T05:00:00Z,15.774999618530273,15.774999618530273,15.399999618530273,15.414999961853027,6676200.0
2005-11-02T05:00:00Z,15.359999656677246,15.5,15.255000114440918,15.475000381469727,9907400.0
2005-11-03T05:00:00Z,15.404999732971191,15.585000038146973,15.390000343322754,15.46500015258789,7871200.0
2005-11-04T05:00:00Z,15.449999809265137,15.635000228881836,15.40999984741211,15.444999694824219,5804600.0
2005-11-07T05:00:00Z,15.800000190734863,15.800000190734863,15.354999542236328,15.404999732971191,8340400.0
2005-11-08T05:00:00Z,15.324999809265137,15.515000343322754,15.300000190734863,15.399999618530273,3496200.0
2005-11-09T05:00:00Z,15.324999809265137,15.630000114440918,15.324999809265137,15.53499984741211,6465400.0
2005-11-10T05:00:00Z,15.505000114440918,15.595000267028809,15.265000343322754,15.460000038146973,5773000.0
2005-11-11T05:00:00Z,15.449999809265137,15.489999771118164,15.25,15.319999694824219,3694600.0
2005-11-14T05:00:00Z,15.25,15.385000228881836,15.204999923706055,15.220000267028809,5521400.0
2005-11-15T05:00:00Z,15.300000190734863,15.364999771118164,15.149999618530273,15.25,4649000.0
2005-11-16T05:00:00Z,15.234999656677246,15.444999694824219,15.229999542236328,15.390000343322754,6909800.0
2005-11-17T05:00:00Z,15.404999732971191,15.635000228881836,15.404999732971191,15.614999771118164,6213600.0
2005-11-18T05:00:00Z,15.640000343322754,15.734999656677246,15.414999961853027,15.585000038146973,6402800.0
2005-11-21T05:00:00Z,15.625,15.680000305175781,15.550000190734863,15.619999885559082,3569400.0
2005-11-22T05:00:00Z,15.649999618530273,15.694999694824219,15.539999961853027,15.619999885559082,5947200.0
2005-11-23T05:00:00Z,15.65999984741211,15.864999771118164,15.604999542236328,15.8149995803833,5802800.0
2005-11-25T05:00:00Z,15.819999694824219,15.875,15.805000305175781,15.875,596800.0
2005-11-28T05:00:00Z,15.8100004196167,15.899999618530273,15.755000114440918,15.8149995803833,3520000.0
2005-11-29T05:00:00Z,15.914999961853027,15.984999656677246,15.829999923706055,15.854999542236328,3621000.0
2005-11-30T05:00:00Z,15.96500015258789,15.970000267028809,15.6850004196167,15.699999809265137,4444400.0
2005-12-01T05:00:00Z,15.729999542236328,16.174999237060547,15.229999542236328,15.760000228881836,3621600.0
2005-12-02T05:00:00Z,15.789999961853027,15.805000305175781,15.694999694824219,15.78499984741211,3127600.0
2005-12-05T05:00:00Z,15.755000114440918,15.864999771118164,15.65999984741211,15.774999618530273,8597400.0
2005-12-06T05:00:00Z,15.800000190734863,15.850000381469727,15.729999542236328,15.729999542236328,1697600.0
2005-12-07T05:00:00Z,15.725000381469727,15.829999923706055,15.579999923706055,15.654999732971191,3133600.0
2005-12-08T05:00:00Z,15.5600004196167,15.869999885559082,15.5600004196167,15.819999694824219,2392800.0
2005-12-09T05:00:00Z,15.779999732971191,16.020000457763672,15.774999618530273,16.0,2687600.0
2005-12-12T05:00:00Z,15.984999656677246,16.059999465942383,15.845000267028809,15.850000381469727,4763000.0
2005-12-13T05:00:00Z,15.835000038146973,16.084999084472656,15.835000038146973,16.084999084472656,2338600.0
2005-12-14T05:00:00Z,16.100000381469727,16.290000915527344,16.084999084472656,16.264999389648438,3858800.0
2005-12-15T05:00:00Z,16.290000915527344,16.364999771118164,16.225000381469727,16.299999237060547,6277600.0
2005-12-16T05:00:00Z,16.274999618530273,16.375,16.145000457763672,16.155000686645508,1548000.0
2005-12-19T05:00:00Z,16.135000228881836,16.184999465942383,15.899999618530273,15.9399995803833,4548800.0
2005-12-20T05:00:00Z,15.914999961853027,16.010000228881836,15.880000114440918,15.96500015258789,2798400.0
2005-12-21T05:00:00Z,15.970000267028809,16.079999923706055,15.78499984741211,15.819999694824219,6245200.0
2005-12-22T05:00:00Z,15.800000190734863,15.90999984741211,15.729999542236328,15.890000343322754,2015400.0
2005-12-23T05:00:00Z,15.869999885559082,15.960000038146973,15.869999885559082,15.920000076293945,1799600.0
2005-12-27T05:00:00Z,15.8100004196167,15.920000076293945,15.8100004196167,15.890000343322754,4150000.0
2005-12-28T05:00:00Z,15.914999961853027,15.925000190734863,15.744999885559082,15.8100004196167,12630000.0
2005-12-29T05:00:00Z,15.845000267028809,15.864999771118164,15.760000228881836,15.779999732971191,2721000.0
2005-12-30T05:00:00Z,15.675000190734863,15.75,15.640000343322754,15.694999694824219,4595200.0
2006-01-03T05:00:00Z,15.795000076293945,16.040000915527344,15.640000343322754,16.0,7824400.0
2006-01-04T05:00:00Z,16.045000076293945,16.059999465942383,15.805000305175781,16.024999618530273,9364800.0
2006-01-05T05:00:00Z,15.984999656677246,16.100000381469727,15.899999618530273,15.920000076293945,3114000.0
2006-01-06T05:00:00Z,16.0,16.094999313354492,15.920000076293945,16.09000015258789,1878200.0
2006-01-09T05:00:00Z,16.05500030517578,16.084999084472656,15.9350004196167,15.989999771118164,4000400.0
2006-01-10T05:00:00Z,15.904999732971191,16.049999237060547,15.895000457763672,16.014999389648438,4960600.0
2006-01-11T05:00:00Z,15.954999923706055,16.045000076293945,15.944999694824219,15.989999771118164,4717800.0
2006-01-12T05:00:00Z,15.975000381469727,16.06999969482422,15.954999923706055,15.989999771118164,4048000.0
2006-01-13T05:00:00Z,15.5,16.110000610351562,15.5,16.100000381469727,3303000.0
2006-01-17T05:00:00Z,16.100000381469727,16.274999618530273,16.0049991607666,16.270000457763672,14462800.0
2006-01-18T05:00:00Z,16.149999618530273,16.3700008392334,16.149999618530273,16.30500030517578,17299000.0
2006-01-19T05:00:00Z,16.469999313354492,16.4950008392334,16.2549991607666,16.450000762939453,15591000.0
2006-01-20T05:00:00Z,16.5,16.559999465942383,16.25,16.354999542236328,8118200.0
2006-01-23T05:00:00Z,16.825000762939453,16.825000762939453,16.280000686645508,16.329999923706055,12328800.0
2006-01-24T05:00:00Z,16.385000228881836,16.485000610351562,16.34000015258789,16.475000381469727,4413600.0
2006-01-25T05:00:00Z,16.360000610351562,16.545000076293945,16.149999618530273,16.25,8334200.0
2006-01-26T05:00:00Z,16.315000534057617,16.375,16.030000686645508,16.104999542236328,6276600.0
2006-01-27T05:00:00Z,16.190000534057617,16.299999237060547,16.125,16.19499969482422,4570200.0
2006-01-30T05:00:00Z,16.135000228881836,16.21500015258789,16.079999923706055,16.084999084472656,2719000.0
2006-01-31T05:00:00Z,16.094999313354492,16.170000076293945,16.03499984741211,16.075000762939453,5353600.0
2006-02-01T05:00:00Z,16.145000457763672,16.18000030517578,16.0,16.1200008392334,5569200.0
2006-02-02T05:00:00Z,16.065000534057617,16.170000076293945,15.84000015258789,15.90999984741211,11062400.0
2006-02-03T05:00:00Z,15.914999961853027,15.920000076293945,15.71500015258789,15.829999923706055,5053000.0
2006-02-06T05:00:00Z,15.770000457763672,15.970000267028809,15.770000457763672,15.925000190734863,4918200.0
2006-02-07T05:00:00Z,15.859999656677246,16.100000381469727,15.779999732971191,15.829999923706055,3524200.0
2006-02-08T05:00:00Z,15.789999961853027,16.299999237060547,15.760000228881836,15.824999809265137,4107600.0
2006-02-09T05:00:00Z,15.789999961853027,15.975000381469727,15.78499984741211,15.880000114440918,6154400.0
2006-02-10T05:00:00Z,15.850000381469727,16.014999389648438,15.795000076293945,15.890000343322754,7536600.0
2006-02-13T05:00:00Z,15.829999923706055,15.944999694824219,15.829999923706055,15.869999885559082,3225200.0
2006-02-14T05:00:00Z,15.930000305175781,15.930000305175781,15.649999618530273,15.854999542236328,5407800.0
2006-02-15T05:00:00Z,15.829999923706055,16.0,15.789999961853027,15.880000114440918,5782600.0
2006-02-16T05:00:00Z,15.8100004196167,16.350000381469727,15.8100004196167,16.0049991607666,2389400.0
2006-02-17T05:00:00Z,16.225000381469727,16.225000381469727,15.824999809265137,16.149999618530273,8530600.0
2006-02-21T05:00:00Z,16.18000030517578,16.299999237060547,16.104999542236328,16.174999237060547,6605600.0
2006-02-22T05:00:00Z,16.270000457763672,16.30500030517578,16.174999237060547,16.235000610351562,3347600.0
2006-02-23T05:00:00Z,16.25,16.280000686645508,16.15999984741211,16.21500015258789,3892400.0
2006-02-24T05:00:00Z,16.690000534057617,16.690000534057617,16.19499969482422,16.264999389648438,2729000.0
2006-02-27T05:00:00Z,16.309999465942383,16.459999084472656,16.309999465942383,16.395000457763672,11080800.0
2006-02-28T05:00:00Z,16.415000915527344,16.485000610351562,16.21500015258789,16.28499984741211,2967000.0
2006-03-01T05:00:00Z,16.139999389648438,16.344999313354492,16.139999389648438,16.239999771118164,3313000.0
2006-03-02T05:00:00Z,16.0049991607666,16.260000228881836,16.0049991607666,16.229999542236328,4785600.0
2006-03-03T05:00:00Z,16.18000030517578,16.325000762939453,16.110000610351562,16.149999618530273,4645000.0
2006-03-06T05:00:00Z,16.174999237060547,16.200000762939453,15.800000190734863,15.890000343322754,7917600.0
2006-03-07T05:00:00Z,15.755000114440918,15.824999809265137,15.704999923706055,15.8149995803833,8348400.0
2006-03-08T05:00:00Z,15.729999542236328,15.9350004196167,15.5600004196167,15.800000190734863,7746000.0
2006-03-09T05:00:00Z,15.779999732971191,16.0,15.725000381469727,15.755000114440918,6089800.0
2006-03-10T05:00:00Z,15.71500015258789,15.890000343322754,15.710000038146973,15.854999542236328,6773000.0
2006-03-13T05:00:00Z,15.864999771118164,15.949999809265137,15.819999694824219,15.875,5657600.0
2006-03-14T05:00:00Z,15.854999542236328,16.079999923706055,15.854999542236328,16.045000076293945,3967000.0
2006-03-15T05:00:00Z,16.0049991607666,16.15999984741211,15.869999885559082,16.149999618530273,2580800.0
2006-03-16T05:00:00Z,16.149999618530273,16.30500030517578,16.110000610351562,16.235000610351562,4835400.0
2006-03-17T05:00:00Z,16.174999237060547,16.174999237060547,16.024999618530273,16.075000762939453,3145600.0
2006-03-20T05:00:00Z,16.125,16.125,15.819999694824219,15.84000015258789,3418200.0
2006-03-21T05:00:00Z,15.770000457763672,15.845000267028809,15.649999618530273,15.720000267028809,4810400.0
2006-03-22T05:00:00Z,15.699999809265137,15.845000267028809,15.635000228881836,15.795000076293945,5665400.0
2006-03-23T05:00:00Z,15.770000457763672,15.795000076293945,15.694999694824219,15.774999618530273,4530000.0
2006-03-24T05:00:00Z,15.800000190734863,15.824999809265137,15.704999923706055,15.744999885559082,2384000.0
2006-03-27T05:00:00Z,15.6850004196167,15.739999771118164,15.604999542236328,15.640000343322754,3688000.0
2006-03-28T05:00:00Z,15.574999809265137,15.6899995803833,15.505000114440918,15.574999809265137,11749400.0
2006-03-29T05:00:00Z,15.529999732971191,15.75,15.529999732971191,15.670000076293945,4986800.0
2006-03-30T05:00:00Z,15.5600004196167,15.720000267028809,15.479999542236328,15.529999732971191,5367600.0
2006-03-31T05:00:00Z,15.539999961853027,15.600000381469727,15.390000343322754,15.414999961853027,8153000.0
2006-04-03T04:00:00Z,15.489999771118164,15.604999542236328,15.425000190734863,15.4350004196167,5227800.0
2006-04-04T04:00:00Z,15.404999732971191,15.664999961853027,15.399999618530273,15.600000381469727,10026200.0
2006-04-05T04:00:00Z,15.604999542236328,15.795000076293945,15.555000305175781,15.75,6336800.0
2006-04-06T04:00:00Z,15.744999885559082,15.8100004196167,15.479999542236328,15.555000305175781,5143600.0
2006-04-07T04:00:00Z,15.505000114440918,15.555000305175781,15.255000114440918,15.335000038146973,7476800.0
2006-04-10T04:00:00Z,15.210000038146973,15.444999694824219,15.210000038146973,15.329999923706055,4847000.0
2006-04-11T04:00:00Z,15.335000038146973,15.369999885559082,15.130000114440918,15.154999732971191,4737400.0
2006-04-12T04:00:00Z,15.1899995803833,15.210000038146973,15.140000343322754,15.1899995803833,5144000.0
2006-04-13T04:00:00Z,15.100000381469727,15.180000305175781,15.079999923706055,15.119999885559082,3653000.0
2006-04-17T04:00:00Z,15.074999809265137,15.130000114440918,15.050000190734863,15.104999542236328,3108000.0
2006-04-18T04:00:00Z,15.104999542236328,15.449999809265137,15.074999809265137,15.395000457763672,11153800.0
2006-04-19T04:00:00Z,15.335000038146973,15.5,15.335000038146973,15.444999694824219,4935600.0
2006-04-20T04:00:00Z,15.399999618530273,15.645000457763672,15.375,15.555000305175781,3912200.0
2006-04-21T04:00:00Z,15.640000343322754,15.75,15.5600004196167,15.625,5328800.0
2006-04-24T04:00:00Z,15.600000381469727,15.779999732971191,15.505000114440918,15.770000457763672,3796200.0
2006-04-25T04:00:00Z,15.729999542236328,15.729999542236328,15.479999542236328,15.545000076293945,5770200.0
2006-04-26T04:00:00Z,15.510000228881836,15.569999694824219,15.350000381469727,15.390000343322754,4907200.0
2006-04-27T04:00:00Z,15.270000457763672,15.670000076293945,15.25,15.595000267028809,10782000.0
2006-04-28T04:00:00Z,15.5,15.680000305175781,15.454999923706055,15.65999984741211,3661600.0
2006-05-01T04:00:00Z,15.670000076293945,15.71500015258789,15.4350004196167,15.515000343322754,4286600.0
2006-05-02T04:00:00Z,15.515000343322754,15.8100004196167,15.515000343322754,15.765000343322754,8833200.0
2006-05-03T04:00:00Z,15.699999809265137,15.755000114440918,15.630000114440918,15.71500015258789,6527800.0
2006-05-04T04:00:00Z,15.699999809265137,15.765000343322754,15.649999618530273,15.734999656677246,3594400.0
2006-05-05T04:00:00Z,15.824999809265137,16.09000015258789,15.805000305175781,16.09000015258789,8053400.0
2006-05-08T04:00:00Z,16.094999313354492,16.094999313354492,15.920000076293945,15.96500015258789,3015800.0
2006-05-09T04:00:00Z,15.975000381469727,15.989999771118164,15.805000305175781,15.829999923706055,2469600.0
2006-05-10T04:00:00Z,15.829999923706055,15.954999923706055,15.755000114440918,15.954999923706055,4458800.0
2006-05-11T04:00:00Z,15.954999923706055,15.954999923706055,15.720000267028809,15.805000305175781,4840400.0
2006-05-12T04:00:00Z,15.725000381469727,15.8149995803833,15.614999771118164,15.630000114440918,5898400.0
2006-05-15T04:00:00Z,15.555000305175781,15.789999961853027,15.5,15.729999542236328,4453200.0
2006-05-16T04:00:00Z,15.755000114440918,15.774999618530273,15.645000457763672,15.65999984741211,4704800.0
2006-05-17T04:00:00Z,15.53499984741211,15.635000228881836,15.354999542236328,15.420000076293945,13855800.0
2006-05-18T04:00:00Z,15.375,15.539999961853027,15.345000267028809,15.414999961853027,9508400.0
2006-05-19T04:00:00Z,15.449999809265137,15.675000190734863,15.420000076293945,15.545000076293945,6721000.0
2006-05-22T04:00:00Z,15.505000114440918,15.770000457763672,15.470000267028809,15.664999961853027,7505200.0
2006-05-23T04:00:00Z,15.6850004196167,15.765000343322754,15.4399995803833,15.444999694824219,4266200.0
2006-05-24T04:00:00Z,15.414999961853027,15.5649995803833,15.274999618530273,15.5,10581400.0
2006-05-25T04:00:00Z,15.600000381469727,15.664999961853027,15.505000114440918,15.645000457763672,6395200.0
2006-05-26T04:00:00Z,15.675000190734863,15.829999923706055,15.654999732971191,15.8149995803833,5237400.0
2006-05-30T04:00:00Z,15.800000190734863,15.845000267028809,15.654999732971191,15.654999732971191,4331800.0
2006-05-31T04:00:00Z,15.75,16.024999618530273,15.75,15.914999961853027,4585800.0
2006-06-01T04:00:00Z,15.854999542236328,16.09000015258789,15.78499984741211,16.075000762939453,5381000.0
2006-06-02T04:00:00Z,16.170000076293945,16.280000686645508,16.040000915527344,16.270000457763672,9453600.0
2006-06-05T04:00:00Z,16.274999618530273,16.299999237060547,16.075000762939453,16.075000762939453,4454200.0
2006-06-06T04:00:00Z,16.049999237060547,16.19499969482422,15.925000190734863,16.104999542236328,8070800.0
2006-06-07T04:00:00Z,16.125,16.209999084472656,16.030000686645508,16.045000076293945,5118600.0
2006-06-08T04:00:00Z,16.075000762939453,16.15999984741211,15.970000267028809,16.100000381469727,27671400.0
2006-06-09T04:00:00Z,16.225000381469727,16.299999237060547,16.065000534057617,16.235000610351562,6560400.0
2006-06-12T04:00:00Z,16.315000534057617,16.385000228881836,16.21500015258789,16.270000457763672,15448200.0
2006-06-13T04:00:00Z,16.274999618530273,16.315000534057617,16.03499984741211,16.075000762939453,13612000.0
2006-06-14T04:00:00Z,16.075000762939453,16.100000381469727,15.84000015258789,15.954999923706055,5490200.0
2006-06-15T04:00:00Z,16.075000762939453,16.2450008392334,15.975000381469727,16.200000762939453,8949600.0
2006-06-16T04:00:00Z,16.024999618530273,16.149999618530273,15.975000381469727,16.05500030517578,4604200.0
2006-06-19T04:00:00Z,16.040000915527344,16.174999237060547,15.765000343322754,15.835000038146973,9327600.0
2006-06-20T04:00:00Z,15.850000381469727,15.960000038146973,15.78499984741211,15.875,5016000.0
2006-06-21T04:00:00Z,15.925000190734863,15.954999923706055,15.805000305175781,15.859999656677246,3059400.0
2006-06-22T04:00:00Z,15.805000305175781,15.854999542236328,15.664999961853027,15.805000305175781,5575600.0
2006-06-23T04:00:00Z,15.6850004196167,15.975000381469727,15.6850004196167,15.829999923706055,2125000.0
2006-06-26T04:00:00Z,15.800000190734863,15.90999984741211,15.800000190734863,15.895000457763672,3518200.0
2006-06-27T04:00:00Z,15.914999961853027,16.030000686645508,15.78499984741211,15.835000038146973,5037800.0
2006-06-28T04:00:00Z,15.819999694824219,15.9350004196167,15.819999694824219,15.880000114440918,8194200.0
2006-06-29T04:00:00Z,15.904999732971191,16.1200008392334,15.904999732971191,16.084999084472656,4614200.0
2006-06-30T04:00:00Z,16.084999084472656,16.209999084472656,16.075000762939453,16.145000457763672,7159200.0
2006-07-03T04:00:00Z,16.200000762939453,16.325000762939453,16.1299991607666,16.325000762939453,1772400.0
2006-07-05T04:00:00Z,16.200000762939453,16.325000762939453,16.18000030517578,16.21500015258789,4111800.0
2006-07-06T04:00:00Z,16.264999389648438,16.28499984741211,16.075000762939453,16.1299991607666,3356800.0
2006-07-07T04:00:00Z,16.155000686645508,16.325000762939453,16.1299991607666,16.2549991607666,2831800.0
2006-07-10T04:00:00Z,16.264999389648438,16.395000457763672,16.264999389648438,16.344999313354492,10965200.0
2006-07-11T04:00:00Z,16.3700008392334,16.485000610351562,16.350000381469727,16.469999313354492,8200000.0
2006-07-12T04:00:00Z,16.46500015258789,16.5,16.334999084472656,16.389999389648438,7673400.0
2006-07-13T04:00:00Z,16.274999618530273,16.475000381469727,16.25,16.329999923706055,13370800.0
2006-07-14T04:00:00Z,16.395000457763672,16.395000457763672,16.174999237060547,16.329999923706055,11278200.0
2006-07-17T04:00:00Z,16.28499984741211,16.43000030517578,16.28499984741211,16.375,5797600.0
2006-07-18T04:00:00Z,16.375,16.424999237060547,16.334999084472656,16.399999618530273,9235800.0
2006-07-19T04:00:00Z,16.469999313354492,16.665000915527344,16.454999923706055,16.649999618530273,6703400.0
2006-07-20T04:00:00Z,16.649999618530273,16.780000686645508,16.614999771118164,16.690000534057617,4513200.0
2006-07-21T04:00:00Z,16.65999984741211,16.829999923706055,16.65999984741211,16.729999542236328,8471800.0
2006-07-24T04:00:00Z,16.854999542236328,16.90999984741211,16.774999618530273,16.885000228881836,7035600.0
2006-07-25T04:00:00Z,16.920000076293945,17.0,16.860000610351562,16.954999923706055,3685400.0
2006-07-26T04:00:00Z,16.9950008392334,17.05500030517578,16.924999237060547,17.014999389648438,6762600.0
2006-07-27T04:00:00Z,17.139999389648438,17.139999389648438,16.8799991607666,16.8799991607666,9748800.0
2006-07-28T04:00:00Z,16.905000686645508,17.110000610351562,16.8799991607666,16.9950008392334,8747400.0
2006-07-31T04:00:00Z,17.0049991607666,17.065000534057617,16.905000686645508,16.920000076293945,3267400.0
2006-08-01T04:00:00Z,16.920000076293945,17.1299991607666,16.860000610351562,17.1299991607666,9669600.0
2006-08-02T04:00:00Z,17.139999389648438,17.19499969482422,17.075000762939453,17.114999771118164,12914200.0
2006-08-03T04:00:00Z,17.100000381469727,17.145000457763672,16.979999542236328,17.030000686645508,10891200.0
2006-08-04T04:00:00Z,17.19499969482422,17.209999084472656,16.985000610351562,17.03499984741211,8844800.0
2006-08-07T04:00:00Z,17.045000076293945,17.1200008392334,16.829999923706055,16.834999084472656,3156800.0
2006-08-08T04:00:00Z,16.84000015258789,17.065000534057617,16.84000015258789,16.9950008392334,6435400.0
2006-08-09T04:00:00Z,17.010000228881836,17.125,16.985000610351562,17.0,5074200.0
2006-08-10T04:00:00Z,17.020000457763672,17.030000686645508,16.90999984741211,16.975000381469727,5806400.0
2006-08-11T04:00:00Z,16.9950008392334,17.0049991607666,16.90999984741211,16.934999465942383,4424200.0
2006-08-14T04:00:00Z,17.0,17.104999542236328,17.0,17.049999237060547,4906600.0
2006-08-15T04:00:00Z,17.09000015258789,17.204999923706055,17.09000015258789,17.15999984741211,8078000.0
2006-08-16T04:00:00Z,17.229999542236328,17.239999771118164,16.985000610351562,17.0,7653800.0
2006-08-17T04:00:00Z,17.0,17.0,16.84000015258789,16.979999542236328,9750600.0
2006-08-18T04:00:00Z,16.940000534057617,17.174999237060547,16.940000534057617,17.170000076293945,5736400.0
2006-08-21T04:00:00Z,17.135000228881836,17.25,17.1299991607666,17.204999923706055,5533600.0
2006-08-22T04:00:00Z,17.15999984741211,17.295000076293945,17.15999984741211,17.264999389648438,2438200.0
2006-08-23T04:00:00Z,17.350000381469727,17.350000381469727,17.06999969482422,17.084999084472656,4768000.0
2006-08-24T04:00:00Z,17.19499969482422,17.19499969482422,17.084999084472656,17.155000686645508,5220000.0
2006-08-25T04:00:00Z,17.149999618530273,17.21500015258789,17.125,17.155000686645508,4129400.0
2006-08-28T04:00:00Z,17.19499969482422,17.329999923706055,17.135000228881836,17.28499984741211,10673600.0
2006-08-29T04:00:00Z,17.334999084472656,17.350000381469727,17.209999084472656,17.299999237060547,5315600.0
2006-08-30T04:00:00Z,17.3700008392334,17.3700008392334,17.200000762939453,17.209999084472656,4816800.0
2006-08-31T04:00:00Z,17.21500015258789,17.434999465942383,17.21500015258789,17.385000228881836,3989800.0
2006-09-01T04:00:00Z,17.459999084472656,17.459999084472656,17.364999771118164,17.399999618530273,7302200.0
2006-09-05T04:00:00Z,17.399999618530273,17.434999465942383,17.170000076293945,17.21500015258789,7821800.0
2006-09-06T04:00:00Z,17.149999618530273,17.235000610351562,17.079999923706055,17.149999618530273,9831400.0
2006-09-07T04:00:00Z,17.049999237060547,17.190000534057617,17.049999237060547,17.174999237060547,5273800.0
2006-09-08T04:00:00Z,17.139999389648438,17.219999313354492,17.139999389648438,17.174999237060547,10658800.0
2006-09-11T04:00:00Z,17.114999771118164,17.200000762939453,17.075000762939453,17.114999771118164,13065000.0
2006-09-12T04:00:00Z,17.079999923706055,17.274999618530273,16.950000762939453,17.024999618530273,21279200.0
2006-09-13T04:00:00Z,17.0,17.065000534057617,16.864999771118164,17.059999465942383,11254400.0
2006-09-14T04:00:00Z,16.989999771118164,17.155000686645508,16.924999237060547,16.989999771118164,6365400.0
2006-09-15T04:00:00Z,16.924999237060547,16.924999237060547,16.834999084472656,16.860000610351562,6978000.0
2006-09-18T04:00:00Z,16.809999465942383,16.895000457763672,16.735000610351562,16.809999465942383,6055800.0
2006-09-19T04:00:00Z,16.78499984741211,16.889999389648438,16.780000686645508,16.844999313354492,13599200.0
2006-09-20T04:00:00Z,16.81999969482422,16.905000686645508,16.809999465942383,16.81999969482422,7130800.0
2006-09-21T04:00:00Z,16.790000915527344,16.84000015258789,16.719999313354492,16.795000076293945,23680800.0
2006-09-22T04:00:00Z,16.795000076293945,16.809999465942383,16.7450008392334,16.774999618530273,7675800.0
2006-09-25T04:00:00Z,16.774999618530273,17.06999969482422,16.774999618530273,17.010000228881836,6472000.0
2006-09-26T04:00:00Z,16.875,17.459999084472656,16.18000030517578,16.985000610351562,9025200.0
2006-09-27T04:00:00Z,16.950000762939453,17.229999542236328,16.950000762939453,17.219999313354492,7536000.0
2006-09-28T04:00:00Z,17.274999618530273,17.295000076293945,17.100000381469727,17.165000915527344,5287200.0
2006-09-29T04:00:00Z,17.2450008392334,17.2450008392334,16.969999313354492,16.9950008392334,6435600.0
2006-10-02T04:00:00Z,17.094999313354492,17.21500015258789,17.0049991607666,17.1200008392334,5348600.0
2006-10-03T04:00:00Z,17.059999465942383,17.25,16.96500015258789,17.190000534057617,11991000.0
2006-10-04T04:00:00Z,17.229999542236328,17.260000228881836,17.135000228881836,17.260000228881836,9170600.0
2006-10-05T04:00:00Z,17.229999542236328,17.46500015258789,17.15999984741211,17.204999923706055,7106400.0
2006-10-06T04:00:00Z,17.135000228881836,17.18000030517578,17.03499984741211,17.110000610351562,11096000.0
2006-10-09T04:00:00Z,17.09000015258789,17.139999389648438,17.010000228881836,17.094999313354492,6039800.0
2006-10-10T04:00:00Z,17.110000610351562,17.219999313354492,17.040000915527344,17.219999313354492,7317200.0
2006-10-11T04:00:00Z,17.19499969482422,17.28499984741211,17.155000686645508,17.260000228881836,6087200.0
2006-10-12T04:00:00Z,17.299999237060547,17.299999237060547,17.184999465942383,17.2549991607666,10996600.0
2006-10-13T04:00:00Z,17.229999542236328,17.290000915527344,17.18000030517578,17.274999618530273,7140400.0
2006-10-16T04:00:00Z,17.225000381469727,17.360000610351562,17.225000381469727,17.360000610351562,6296000.0
2006-10-17T04:00:00Z,17.354999542236328,17.489999771118164,17.235000610351562,17.434999465942383,9282400.0
2006-10-18T04:00:00Z,17.709999084472656,17.709999084472656,17.46500015258789,17.625,4493200.0
2006-10-19T04:00:00Z,17.665000915527344,17.7450008392334,17.600000381469727,17.69499969482422,5627200.0
2006-10-20T04:00:00Z,17.81999969482422,17.829999923706055,17.684999465942383,17.80500030517578,5364800.0
2006-10-23T04:00:00Z,17.799999237060547,17.889999389648438,17.65999984741211,17.825000762939453,9150000.0
2006-10-24T04:00:00Z,17.844999313354492,17.8700008392334,17.760000228881836,17.84000015258789,6332800.0
2006-10-25T04:00:00Z,17.80500030517578,18.079999923706055,17.80500030517578,18.030000686645508,17519600.0
2006-10-26T04:00:00Z,18.075000762939453,18.075000762939453,17.915000915527344,17.950000762939453,8186600.0
2006-10-27T04:00:00Z,17.899999618530273,17.950000762939453,17.84000015258789,17.885000228881836,5731000.0
2006-10-30T05:00:00Z,17.8700008392334,17.934999465942383,17.825000762939453,17.875,5614400.0
2006-10-31T05:00:00Z,17.875,17.94499969482422,17.829999923706055,17.895000457763672,5779000.0
2006-11-01T05:00:00Z,17.969999313354492,18.065000534057617,17.924999237060547,18.0049991607666,13786800.0
2006-11-02T05:00:00Z,17.93000030517578,18.020000457763672,17.844999313354492,17.920000076293945,7131600.0
2006-11-03T05:00:00Z,17.9950008392334,17.9950008392334,17.71500015258789,17.790000915527344,10295800.0
2006-11-06T05:00:00Z,17.799999237060547,17.799999237060547,17.604999542236328,17.709999084472656,13867800.0
2006-11-07T05:00:00Z,17.71500015258789,17.844999313354492,17.6299991607666,17.649999618530273,10324400.0
2006-11-08T05:00:00Z,17.635000228881836,17.899999618530273,17.6200008392334,17.825000762939453,8084400.0
2006-11-09T05:00:00Z,17.809999465942383,17.899999618530273,17.700000762939453,17.81999969482422,15956200.0
2006-11-10T05:00:00Z,17.829999923706055,17.96500015258789,17.829999923706055,17.954999923706055,5819000.0
2006-11-13T05:00:00Z,17.989999771118164,18.020000457763672,17.93000030517578,17.950000762939453,4510200.0
2006-11-14T05:00:00Z,17.979999542236328,18.03499984741211,17.899999618530273,17.9950008392334,7564200.0
2006-11-15T05:00:00Z,18.0,18.0,17.920000076293945,17.934999465942383,6539600.0
2006-11-16T05:00:00Z,17.979999542236328,18.09000015258789,17.959999084472656,18.0,7460000.0
2006-11-17T05:00:00Z,18.135000228881836,18.139999389648438,17.940000534057617,18.020000457763672,3571200.0
2006-11-20T05:00:00Z,18.024999618530273,18.045000076293945,17.959999084472656,17.959999084472656,2093400.0
2006-11-21T05:00:00Z,17.975000381469727,18.014999389648438,17.934999465942383,17.989999771118164,1950600.0
2006-11-22T05:00:00Z,17.96500015258789,18.075000762939453,17.96500015258789,18.030000686645508,3316000.0
2006-11-24T05:00:00Z,18.075000762939453,18.100000381469727,18.020000457763672,18.100000381469727,592800.0
2006-11-27T05:00:00Z,18.075000762939453,18.09000015258789,17.875,17.899999618530273,4694800.0
2006-11-28T05:00:00Z,17.90999984741211,18.06999969482422,17.81999969482422,18.030000686645508,3828600.0
2006-11-29T05:00:00Z,18.110000610351562,18.280000686645508,18.059999465942383,18.2549991607666,6338800.0
2006-11-30T05:00:00Z,18.274999618530273,18.3700008392334,18.209999084472656,18.3700008392334,5285800.0
2006-12-01T05:00:00Z,18.3700008392334,18.43000030517578,18.280000686645508,18.360000610351562,5054800.0
2006-12-04T05:00:00Z,18.440000534057617,18.59000015258789,18.364999771118164,18.5049991607666,3972400.0
2006-12-05T05:00:00Z,18.579999923706055,18.69499969482422,18.524999618530273,18.549999237060547,8059600.0
2006-12-06T05:00:00Z,18.614999771118164,18.625,18.454999923706055,18.459999084472656,3987400.0
2006-12-07T05:00:00Z,18.4950008392334,18.575000762939453,18.395000457763672,18.440000534057617,6034600.0
2006-12-08T05:00:00Z,18.40999984741211,18.469999313354492,18.309999465942383,18.385000228881836,3972400.0
2006-12-11T05:00:00Z,18.405000686645508,18.485000610351562,18.385000228881836,18.485000610351562,3794000.0
2006-12-12T05:00:00Z,18.520000457763672,18.56999969482422,18.44499969482422,18.55500030517578,5601600.0
2006-12-13T05:00:00Z,18.594999313354492,18.639999389648438,18.520000457763672,18.625,3572000.0
2006-12-14T05:00:00Z,18.565000534057617,18.719999313354492,18.565000534057617,18.655000686645508,5976800.0
2006-12-15T05:00:00Z,18.549999237060547,18.584999084472656,18.43000030517578,18.469999313354492,5525600.0
2006-12-18T05:00:00Z,18.469999313354492,18.5,18.309999465942383,18.34000015258789,3792400.0
2006-12-19T05:00:00Z,18.280000686645508,18.475000381469727,18.239999771118164,18.420000076293945,4836200.0
2006-12-20T05:00:00Z,18.424999237060547,18.475000381469727,18.354999542236328,18.360000610351562,2092000.0
2006-12-21T05:00:00Z,18.375,18.420000076293945,18.264999389648438,18.350000381469727,8272800.0
2006-12-22T05:00:00Z,18.299999237060547,18.364999771118164,18.239999771118164,18.28499984741211,5183400.0
2006-12-26T05:00:00Z,18.280000686645508,18.40999984741211,18.25,18.375,2786600.0
2006-12-27T05:00:00Z,18.44499969482422,18.5049991607666,18.40999984741211,18.475000381469727,2894800.0
2006-12-28T05:00:00Z,18.549999237060547,18.549999237060547,18.364999771118164,18.364999771118164,2822400.0
2006-12-29T05:00:00Z,18.405000686645508,18.405000686645508,18.299999237060547,18.360000610351562,2627000.0
2007-01-03T05:00:00Z,18.204999923706055,18.549999237060547,18.204999923706055,18.40999984741211,8458600.0
2007-01-04T05:00:00Z,18.43000030517578,18.469999313354492,18.334999084472656,18.385000228881836,5916800.0
2007-01-05T05:00:00Z,18.334999084472656,18.334999084472656,17.9950008392334,18.05500030517578,7569000.0
2007-01-08T05:00:00Z,17.985000610351562,18.110000610351562,17.96500015258789,18.045000076293945,4830000.0
2007-01-09T05:00:00Z,17.969999313354492,18.09000015258789,17.934999465942383,18.059999465942383,4684200.0
2007-01-10T05:00:00Z,17.9950008392334,18.100000381469727,17.975000381469727,18.065000534057617,3836200.0
2007-01-11T05:00:00Z,18.094999313354492,18.18000030517578,18.020000457763672,18.084999084472656,8518600.0
2007-01-12T05:00:00Z,17.989999771118164,18.125,17.860000610351562,17.934999465942383,19840200.0
2007-01-16T05:00:00Z,17.915000915527344,18.03499984741211,17.915000915527344,17.989999771118164,8103400.0
2007-01-17T05:00:00Z,17.9950008392334,18.030000686645508,17.924999237060547,18.030000686645508,3444800.0
2007-01-18T05:00:00Z,18.094999313354492,18.094999313354492,17.950000762939453,18.020000457763672,4420600.0
2007-01-19T05:00:00Z,17.93000030517578,18.049999237060547,17.850000381469727,18.024999618530273,4854200.0
2007-01-22T05:00:00Z,18.024999618530273,18.065000534057617,17.985000610351562,18.020000457763672,5557000.0
2007-01-23T05:00:00Z,18.020000457763672,18.125,17.934999465942383,18.125,6916400.0
2007-01-24T05:00:00Z,18.125,18.235000610351562,18.075000762939453,18.184999465942383,5941600.0
2007-01-25T05:00:00Z,18.184999465942383,18.25,18.114999771118164,18.170000076293945,8875600.0
2007-01-26T05:00:00Z,18.190000534057617,18.190000534057617,18.040000915527344,18.125,3900400.0
2007-01-29T05:00:00Z,18.125,18.184999465942383,18.104999542236328,18.184999465942383,4779200.0
2007-01-30T05:00:00Z,18.139999389648438,18.239999771118164,18.139999389648438,18.239999771118164,3974200.0
2007-01-31T05:00:00Z,18.170000076293945,18.334999084472656,18.125,18.295000076293945,12648800.0
2007-02-01T05:00:00Z,18.325000762939453,18.469999313354492,18.315000534057617,18.450000762939453,5996200.0
2007-02-02T05:00:00Z,18.454999923706055,18.549999237060547,18.299999237060547,18.549999237060547,4350600.0
2007-02-05T05:00:00Z,18.584999084472656,18.78499984741211,18.5,18.75,6018200.0
2007-02-06T05:00:00Z,18.729999542236328,18.90999984741211,18.729999542236328,18.850000381469727,5376200.0
2007-02-07T05:00:00Z,18.81999969482422,18.93000030517578,18.81999969482422,18.920000076293945,3190600.0
2007-02-08T05:00:00Z,18.825000762939453,19.024999618530273,18.825000762939453,18.954999923706055,3440000.0
2007-02-09T05:00:00Z,18.9950008392334,19.145000457763672,18.924999237060547,19.020000457763672,7764800.0
2007-02-12T05:00:00Z,19.05500030517578,19.06999969482422,18.950000762939453,18.950000762939453,4263000.0
2007-02-13T05:00:00Z,18.96500015258789,19.125,18.96500015258789,19.114999771118164,6208600.0
2007-02-14T05:00:00Z,19.05500030517578,19.290000915527344,19.05500030517578,19.25,5196200.0
2007-02-15T05:00:00Z,19.204999923706055,19.25,19.075000762939453,19.084999084472656,12545600.0
2007-02-16T05:00:00Z,19.05500030517578,19.1200008392334,18.9950008392334,19.1200008392334,5775400.0
2007-02-20T05:00:00Z,19.094999313354492,19.200000762939453,19.05500030517578,19.170000076293945,4562000.0
2007-02-21T05:00:00Z,19.139999389648438,19.145000457763672,19.020000457763672,19.09000015258789,3876000.0
2007-02-22T05:00:00Z,19.100000381469727,19.184999465942383,19.020000457763672,19.114999771118164,4039000.0
2007-02-23T05:00:00Z,19.125,19.350000381469727,19.09000015258789,19.334999084472656,7970400.0
2007-02-26T05:00:00Z,19.75,20.149999618530273,19.71500015258789,19.795000076293945,15757200.0
2007-02-27T05:00:00Z,19.725000381469727,19.795000076293945,19.0,19.075000762939453,13859400.0
2007-02-28T05:00:00Z,19.149999618530273,19.405000686645508,19.1299991607666,19.264999389648438,12916400.0
2007-03-01T05:00:00Z,19.110000610351562,19.43000030517578,18.934999465942383,19.325000762939453,11586000.0
2007-03-02T05:00:00Z,19.31999969482422,19.31999969482422,19.024999618530273,19.024999618530273,15438200.0
2007-03-05T05:00:00Z,18.954999923706055,19.104999542236328,18.735000610351562,18.78499984741211,5271000.0
2007-03-06T05:00:00Z,18.90999984741211,19.065000534057617,18.834999084472656,19.065000534057617,12444200.0
2007-03-07T05:00:00Z,19.049999237060547,19.15999984741211,18.985000610351562,19.024999618530273,4641600.0
2007-03-08T05:00:00Z,19.389999389648438,19.389999389648438,19.03499984741211,19.125,5005400.0
2007-03-09T05:00:00Z,19.135000228881836,19.19499969482422,19.014999389648438,19.100000381469727,6890000.0
2007-03-12T04:00:00Z,19.100000381469727,19.315000534057617,19.045000076293945,19.290000915527344,12854200.0
2007-03-13T04:00:00Z,19.28499984741211,19.3799991607666,19.0049991607666,19.030000686645508,7774400.0
2007-03-14T04:00:00Z,19.079999923706055,19.19499969482422,18.875,19.125,15603200.0
2007-03-15T04:00:00Z,19.15999984741211,19.415000915527344,19.059999465942383,19.3700008392334,18242600.0
2007-03-16T04:00:00Z,19.260000228881836,19.344999313354492,19.135000228881836,19.200000762939453,4713000.0
2007-03-19T04:00:00Z,19.325000762939453,19.3799991607666,19.190000534057617,19.34000015258789,6289200.0
2007-03-20T04:00:00Z,19.299999237060547,19.6299991607666,19.264999389648438,19.6200008392334,6914200.0
2007-03-21T04:00:00Z,19.684999465942383,19.899999618530273,19.5,19.850000381469727,8379000.0
2007-03-22T04:00:00Z,19.895000457763672,19.920000076293945,19.725000381469727,19.829999923706055,8487600.0
2007-03-23T04:00:00Z,19.850000381469727,19.93000030517578,19.75,19.924999237060547,7127600.0
2007-03-26T04:00:00Z,19.969999313354492,20.040000915527344,19.809999465942383,20.010000228881836,7329600.0
2007-03-27T04:00:00Z,20.030000686645508,20.045000076293945,19.885000228881836,19.979999542236328,5655800.0
2007-03-28T04:00:00Z,19.895000457763672,20.135000228881836,19.895000457763672,19.940000534057617,5758400.0
2007-03-29T04:00:00Z,20.065000534057617,20.125,19.924999237060547,20.05500030517578,4386400.0
2007-03-30T04:00:00Z,20.125,20.145000457763672,19.68000030517578,19.850000381469727,14920600.0
2007-04-02T04:00:00Z,19.905000686645508,20.329999923706055,19.899999618530273,20.325000762939453,10297200.0
2007-04-03T04:00:00Z,20.350000381469727,20.450000762939453,20.25,20.350000381469727,8103400.0
2007-04-04T04:00:00Z,20.375,20.405000686645508,20.225000381469727,20.260000228881836,6662600.0
2007-04-05T04:00:00Z,20.315000534057617,20.3700008392334,20.219999313354492,20.350000381469727,4443200.0
2007-04-09T04:00:00Z,20.475000381469727,20.5049991607666,20.389999389648438,20.5,6893600.0
2007-04-10T04:00:00Z,20.5,20.55500030517578,20.450000762939453,20.5049991607666,5419200.0
2007-04-11T04:00:00Z,20.524999618530273,20.59000015258789,20.424999237060547,20.454999923706055,8438000.0
2007-04-12T04:00:00Z,20.475000381469727,20.475000381469727,20.2450008392334,20.364999771118164,6087800.0
2007-04-13T04:00:00Z,20.364999771118164,20.395000457763672,20.264999389648438,20.360000610351562,4328800.0
2007-04-16T04:00:00Z,20.364999771118164,20.479999542236328,20.34000015258789,20.479999542236328,3145000.0
2007-04-17T04:00:00Z,20.5,20.645000457763672,20.424999237060547,20.575000762939453,5958600.0
2007-04-18T04:00:00Z,20.575000762939453,20.725000381469727,20.545000076293945,20.725000381469727,2969000.0
2007-04-19T04:00:00Z,20.639999389648438,20.68000030517578,20.530000686645508,20.625,8233000.0
2007-04-20T04:00:00Z,20.735000610351562,20.809999465942383,20.6299991607666,20.78499984741211,5327200.0
2007-04-23T04:00:00Z,20.760000228881836,20.985000610351562,20.760000228881836,20.940000534057617,8679200.0
2007-04-24T04:00:00Z,20.96500015258789,21.09000015258789,20.885000228881836,21.09000015258789,5355400.0
2007-04-25T04:00:00Z,21.104999542236328,21.229999542236328,21.100000381469727,21.149999618530273,5975200.0
2007-04-26T04:00:00Z,21.174999237060547,21.270000457763672,21.05500030517578,21.079999923706055,4964600.0
2007-04-27T04:00:00Z,21.024999618530273,21.024999618530273,20.875,20.905000686645508,8398400.0
2007-04-30T04:00:00Z,21.014999389648438,21.049999237060547,20.75,20.825000762939453,9461600.0
2007-05-01T04:00:00Z,20.81999969482422,21.014999389648438,20.725000381469727,20.9950008392334,6862000.0
2007-05-02T04:00:00Z,21.040000915527344,21.1299991607666,20.979999542236328,21.110000610351562,5510400.0
2007-05-03T04:00:00Z,21.18000030517578,21.18000030517578,20.989999771118164,21.084999084472656,3175600.0
2007-05-04T04:00:00Z,21.174999237060547,21.174999237060547,21.020000457763672,21.045000076293945,5498000.0
2007-05-07T04:00:00Z,21.100000381469727,21.295000076293945,21.079999923706055,21.295000076293945,4043400.0
2007-05-08T04:00:00Z,21.2450008392334,21.2450008392334,21.09000015258789,21.200000762939453,5735000.0
2007-05-09T04:00:00Z,21.155000686645508,21.239999771118164,21.110000610351562,21.21500015258789,4325200.0
2007-05-10T04:00:00Z,21.18000030517578,21.209999084472656,20.969999313354492,21.0,7770600.0
2007-05-11T04:00:00Z,21.030000686645508,21.155000686645508,21.0,21.100000381469727,7263000.0
2007-05-14T04:00:00Z,21.170000076293945,21.280000686645508,21.170000076293945,21.184999465942383,4680600.0
2007-05-15T04:00:00Z,21.290000915527344,21.510000228881836,21.264999389648438,21.299999237060547,10174400.0
2007-05-16T04:00:00Z,21.344999313354492,21.434999465942383,21.295000076293945,21.350000381469727,7685800.0
2007-05-17T04:00:00Z,21.354999542236328,21.375,21.2450008392334,21.299999237060547,5862800.0
2007-05-18T04:00:00Z,21.30500030517578,21.415000915527344,21.295000076293945,21.415000915527344,4657200.0
2007-05-21T04:00:00Z,21.40999984741211,21.44499969482422,21.354999542236328,21.385000228881836,6269000.0
2007-05-22T04:00:00Z,21.475000381469727,21.549999237060547,21.325000762939453,21.344999313354492,9125600.0
2007-05-23T04:00:00Z,21.434999465942383,21.434999465942383,21.010000228881836,21.010000228881836,15891200.0
2007-05-24T04:00:00Z,21.010000228881836,21.094999313354492,20.479999542236328,20.540000915527344,29815200.0
2007-05-25T04:00:00Z,20.559999465942383,20.674999237060547,20.295000076293945,20.549999237060547,25081400.0
2007-05-29T04:00:00Z,20.434999465942383,20.760000228881836,20.434999465942383,20.610000610351562,21561800.0
2007-05-30T04:00:00Z,20.514999389648438,20.864999771118164,20.475000381469727,20.864999771118164,13212400.0
2007-05-31T04:00:00Z,20.8799991607666,20.975000381469727,20.799999237060547,20.920000076293945,12427800.0
2007-06-01T04:00:00Z,20.950000762939453,21.0049991607666,20.735000610351562,20.80500030517578,23265800.0
2007-06-04T04:00:00Z,20.71500015258789,20.790000915527344,20.55500030517578,20.725000381469727,21484800.0
2007-06-05T04:00:00Z,20.600000381469727,20.704999923706055,20.350000381469727,20.450000762939453,31517600.0
2007-06-06T04:00:00Z,20.309999465942383,20.350000381469727,20.059999465942383,20.125,30835600.0
2007-06-07T04:00:00Z,20.049999237060547,20.075000762939453,19.475000381469727,19.5,54704200.0
2007-06-08T04:00:00Z,19.53499984741211,19.780000686645508,19.424999237060547,19.639999389648438,39518200.0
2007-06-11T04:00:00Z,19.639999389648438,20.014999389648438,19.604999542236328,19.899999618530273,19060200.0
2007-06-12T04:00:00Z,19.75,19.885000228881836,19.575000762939453,19.575000762939453,22909400.0
2007-06-13T04:00:00Z,19.760000228881836,20.014999389648438,19.725000381469727,19.96500015258789,16314400.0
2007-06-14T04:00:00Z,19.96500015258789,20.204999923706055,19.96500015258789,20.09000015258789,15249200.0
2007-06-15T04:00:00Z,20.174999237060547,20.325000762939453,20.125,20.219999313354492,26657800.0
2007-06-18T04:00:00Z,20.25,20.274999618530273,20.0,20.0,16640600.0
2007-06-19T04:00:00Z,20.020000457763672,20.135000228881836,19.920000076293945,20.1299991607666,12901000.0
2007-06-20T04:00:00Z,20.1299991607666,20.204999923706055,19.53499984741211,19.604999542236328,18962800.0
2007-06-21T04:00:00Z,19.55500030517578,19.815000534057617,19.475000381469727,19.729999542236328,20163200.0
2007-06-22T04:00:00Z,19.610000610351562,19.719999313354492,19.34000015258789,19.354999542236328,16200200.0
2007-06-25T04:00:00Z,19.440000534057617,20.149999618530273,19.350000381469727,19.459999084472656,18769800.0
2007-06-26T04:00:00Z,19.530000686645508,19.9950008392334,19.344999313354492,19.354999542236328,25432800.0
2007-06-27T04:00:00Z,19.2450008392334,19.709999084472656,19.200000762939453,19.639999389648438,24822400.0
2007-06-28T04:00:00Z,19.704999923706055,19.950000762939453,19.625,19.635000228881836,19422600.0
2007-06-29T04:00:00Z,19.674999237060547,19.885000228881836,19.524999618530273,19.790000915527344,21681800.0
2007-07-02T04:00:00Z,19.940000534057617,21.575000762939453,19.80500030517578,20.075000762939453,9469000.0
2007-07-03T04:00:00Z,20.155000686645508,20.270000457763672,19.969999313354492,20.075000762939453,10809000.0
2007-07-05T04:00:00Z,20.014999389648438,20.21500015258789,19.770000457763672,20.03499984741211,19362600.0
2007-07-06T04:00:00Z,20.024999618530273,20.040000915527344,19.735000610351562,19.93000030517578,12849600.0
2007-07-09T04:00:00Z,19.954999923706055,20.059999465942383,19.950000762939453,19.959999084472656,7130200.0
2007-07-10T04:00:00Z,19.915000915527344,19.989999771118164,19.684999465942383,19.774999618530273,12918000.0
2007-07-11T04:00:00Z,19.719999313354492,19.825000762939453,19.684999465942383,19.825000762939453,13168000.0
2007-07-12T04:00:00Z,19.864999771118164,20.149999618530273,19.864999771118164,20.075000762939453,14501400.0
2007-07-13T04:00:00Z,20.104999542236328,20.459999084472656,20.09000015258789,20.375,13498800.0
2007-07-16T04:00:00Z,20.360000610351562,20.405000686645508,20.075000762939453,20.079999923706055,17067400.0
2007-07-17T04:00:00Z,20.075000762939453,20.229999542236328,20.05500030517578,20.100000381469727,14782000.0
2007-07-18T04:00:00Z,20.0049991607666,20.270000457763672,19.9950008392334,20.25,17107800.0
2007-07-19T04:00:00Z,20.344999313354492,20.665000915527344,20.264999389648438,20.575000762939453,20502400.0
2007-07-20T04:00:00Z,20.559999465942383,20.875,20.235000610351562,20.350000381469727,15927000.0
2007-07-23T04:00:00Z,20.434999465942383,20.55500030517578,20.334999084472656,20.3700008392334,9559800.0
2007-07-24T04:00:00Z,20.405000686645508,20.415000915527344,19.670000076293945,19.760000228881836,20030600.0
2007-07-25T04:00:00Z,19.764999389648438,19.975000381469727,19.43000030517578,19.799999237060547,26054400.0
2007-07-26T04:00:00Z,19.55500030517578,19.645000457763672,18.954999923706055,19.350000381469727,36789200.0
2007-07-27T04:00:00Z,19.264999389648438,19.315000534057617,18.774999618530273,18.774999618530273,25293600.0
2007-07-30T04:00:00Z,18.850000381469727,19.110000610351562,18.684999465942383,19.03499984741211,23906400.0
2007-07-31T04:00:00Z,19.235000610351562,19.395000457763672,18.850000381469727,19.0,28249800.0
2007-08-01T04:00:00Z,18.94499969482422,19.549999237060547,18.94499969482422,19.43000030517578,32873200.0
2007-08-02T04:00:00Z,19.395000457763672,19.729999542236328,19.395000457763672,19.639999389648438,18611200.0
2007-08-03T04:00:00Z,19.584999084472656,19.760000228881836,18.864999771118164,18.975000381469727,28384600.0
2007-08-06T04:00:00Z,19.079999923706055,19.614999771118164,18.725000381469727,19.56999969482422,21913400.0
2007-08-07T04:00:00Z,19.520000457763672,20.149999618530273,19.389999389648438,19.924999237060547,15354400.0
2007-08-08T04:00:00Z,20.079999923706055,20.3799991607666,19.924999237060547,20.21500015258789,24928400.0
2007-08-09T04:00:00Z,19.959999084472656,20.19499969482422,19.674999237060547,19.850000381469727,24525600.0
2007-08-10T04:00:00Z,19.670000076293945,19.989999771118164,19.385000228881836,19.5049991607666,25061800.0
2007-08-13T04:00:00Z,19.665000915527344,19.850000381469727,19.575000762939453,19.604999542236328,15341200.0
2007-08-14T04:00:00Z,19.56999969482422,19.649999618530273,19.174999237060547,19.274999618530273,13579400.0
2007-08-15T04:00:00Z,19.229999542236328,19.545000076293945,18.915000915527344,19.014999389648438,16452600.0
2007-08-16T04:00:00Z,18.764999389648438,19.149999618530273,18.344999313354492,19.149999618530273,36094400.0
2007-08-17T04:00:00Z,19.475000381469727,19.815000534057617,18.864999771118164,19.315000534057617,37989400.0
2007-08-20T04:00:00Z,19.44499969482422,19.510000228881836,19.104999542236328,19.420000076293945,14353000.0
2007-08-21T04:00:00Z,19.315000534057617,19.6200008392334,19.280000686645508,19.399999618530273,13883200.0
2007-08-22T04:00:00Z,19.670000076293945,19.709999084472656,19.459999084472656,19.625,11637200.0
2007-08-23T04:00:00Z,19.729999542236328,19.885000228881836,19.600000381469727,19.684999465942383,26340200.0
2007-08-24T04:00:00Z,19.815000534057617,19.895000457763672,19.59000015258789,19.80500030517578,12040000.0
2007-08-27T04:00:00Z,19.860000610351562,19.860000610351562,19.209999084472656,19.299999237060547,54412200.0
2007-08-28T04:00:00Z,19.174999237060547,19.30500030517578,18.989999771118164,19.0,22988200.0
2007-08-29T04:00:00Z,19.06999969482422,19.549999237060547,19.06999969482422,19.375,10766200.0
2007-08-30T04:00:00Z,19.2549991607666,19.4950008392334,19.174999237060547,19.34000015258789,10056000.0
2007-08-31T04:00:00Z,19.389999389648438,19.53499984741211,19.225000381469727,19.299999237060547,11073800.0
2007-09-04T04:00:00Z,19.385000228881836,19.834999084472656,19.350000381469727,19.674999237060547,9258000.0
2007-09-05T04:00:00Z,19.610000610351562,19.635000228881836,19.40999984741211,19.625,13255600.0
2007-09-06T04:00:00Z,19.540000915527344,19.799999237060547,19.5049991607666,19.649999618530273,9554000.0
2007-09-07T04:00:00Z,19.600000381469727,19.684999465942383,19.389999389648438,19.5049991607666,11090800.0
2007-09-10T04:00:00Z,19.565000534057617,19.625,19.360000610351562,19.520000457763672,9491600.0
2007-09-11T04:00:00Z,19.575000762939453,19.7450008392334,19.5049991607666,19.649999618530273,10580400.0
2007-09-12T04:00:00Z,19.704999923706055,19.895000457763672,19.655000686645508,19.815000534057617,6792600.0
2007-09-13T04:00:00Z,19.924999237060547,19.975000381469727,19.815000534057617,19.854999542236328,8636000.0
2007-09-14T04:00:00Z,19.80500030517578,19.989999771118164,19.780000686645508,19.850000381469727,7779600.0
2007-09-17T04:00:00Z,19.940000534057617,19.940000534057617,19.735000610351562,19.864999771118164,5232400.0
2007-09-18T04:00:00Z,19.774999618530273,20.325000762939453,19.625,20.325000762939453,10630000.0
2007-09-19T04:00:00Z,20.280000686645508,20.575000762939453,20.2549991607666,20.549999237060547,14020000.0
2007-09-20T04:00:00Z,20.524999618530273,20.53499984741211,20.270000457763672,20.270000457763672,7418000.0
2007-09-21T04:00:00Z,20.25,20.395000457763672,20.15999984741211,20.15999984741211,8169200.0
2007-09-24T04:00:00Z,20.209999084472656,20.40999984741211,20.204999923706055,20.235000610351562,8082400.0
2007-09-25T04:00:00Z,20.190000534057617,20.399999618530273,20.15999984741211,20.260000228881836,8202000.0
2007-09-26T04:00:00Z,20.344999313354492,20.479999542236328,20.28499984741211,20.360000610351562,9764400.0
2007-09-27T04:00:00Z,20.3700008392334,20.43000030517578,20.165000915527344,20.21500015258789,10945200.0
2007-09-28T04:00:00Z,20.229999542236328,20.274999618530273,19.899999618530273,19.899999618530273,7080200.0
2007-10-01T04:00:00Z,20.045000076293945,20.264999389648438,19.954999923706055,20.170000076293945,11402400.0
2007-10-02T04:00:00Z,20.100000381469727,20.299999237060547,20.100000381469727,20.2450008392334,4999000.0
2007-10-03T04:00:00Z,20.139999389648438,20.2450008392334,20.125,20.18000030517578,10759400.0
2007-10-04T04:00:00Z,20.18000030517578,20.395000457763672,20.18000030517578,20.290000915527344,7332200.0
2007-10-05T04:00:00Z,20.290000915527344,20.579999923706055,20.290000915527344,20.450000762939453,9970600.0
2007-10-08T04:00:00Z,20.530000686645508,20.584999084472656,20.375,20.420000076293945,5835200.0
2007-10-09T04:00:00Z,20.489999771118164,20.7450008392334,20.434999465942383,20.645000457763672,8175600.0
2007-10-10T04:00:00Z,20.645000457763672,20.68000030517578,20.489999771118164,20.489999771118164,5832000.0
2007-10-11T04:00:00Z,20.68000030517578,20.815000534057617,20.524999618530273,20.700000762939453,11032800.0
2007-10-12T04:00:00Z,20.725000381469727,20.834999084472656,20.645000457763672,20.645000457763672,7765200.0
2007-10-15T04:00:00Z,20.655000686645508,20.7549991607666,20.344999313354492,20.4950008392334,10624800.0
2007-10-16T04:00:00Z,20.469999313354492,20.579999923706055,20.375,20.44499969482422,9074400.0
2007-10-17T04:00:00Z,20.545000076293945,20.6299991607666,20.25,20.5,10155000.0
2007-10-18T04:00:00Z,20.315000534057617,20.475000381469727,20.309999465942383,20.31999969482422,5874600.0
2007-10-19T04:00:00Z,20.280000686645508,20.31999969482422,19.809999465942383,19.8700008392334,12966000.0
2007-10-22T04:00:00Z,19.774999618530273,20.075000762939453,19.665000915527344,20.010000228881836,8822800.0
2007-10-23T04:00:00Z,20.084999084472656,20.184999465942383,19.90999984741211,20.020000457763672,7211600.0
2007-10-24T04:00:00Z,19.940000534057617,20.1299991607666,19.81999969482422,20.0,10129400.0
2007-10-25T04:00:00Z,20.114999771118164,20.540000915527344,20.079999923706055,20.489999771118164,10816200.0
2007-10-26T04:00:00Z,20.020000457763672,20.829999923706055,20.020000457763672,20.770000457763672,9860600.0
2007-10-29T04:00:00Z,20.895000457763672,21.045000076293945,20.854999542236328,20.954999923706055,5461400.0
2007-10-30T04:00:00Z,21.05500030517578,21.125,20.844999313354492,20.979999542236328,7014200.0
2007-10-31T04:00:00Z,21.25,21.329999923706055,21.0,21.225000381469727,11509600.0
2007-11-01T04:00:00Z,20.954999923706055,21.260000228881836,20.790000915527344,20.790000915527344,12996800.0
2007-11-02T04:00:00Z,21.110000610351562,21.110000610351562,20.760000228881836,20.959999084472656,12822800.0
2007-11-05T05:00:00Z,20.905000686645508,21.309999465942383,20.860000610351562,21.190000534057617,20123400.0
2007-11-06T05:00:00Z,21.450000762939453,21.450000762939453,20.920000076293945,21.209999084472656,9859800.0
2007-11-07T05:00:00Z,20.934999465942383,21.139999389648438,20.709999084472656,20.725000381469727,21120000.0
2007-11-08T05:00:00Z,20.729999542236328,21.170000076293945,20.594999313354492,21.1299991607666,16941000.0
2007-11-09T05:00:00Z,21.045000076293945,21.204999923706055,20.885000228881836,20.96500015258789,11569200.0
2007-11-12T05:00:00Z,21.1299991607666,21.149999618530273,20.600000381469727,20.600000381469727,16557200.0
2007-11-13T05:00:00Z,20.885000228881836,20.885000228881836,20.434999465942383,20.774999618530273,11647800.0
2007-11-14T05:00:00Z,20.809999465942383,20.940000534057617,20.649999618530273,20.649999618530273,7871200.0
2007-11-15T05:00:00Z,20.459999084472656,20.94499969482422,20.459999084472656,20.834999084472656,11841800.0
2007-11-16T05:00:00Z,21.0,21.0049991607666,20.604999542236328,20.84000015258789,8805400.0
2007-11-19T05:00:00Z,20.84000015258789,20.9950008392334,20.764999389648438,20.899999618530273,7318600.0
2007-11-20T05:00:00Z,21.0,21.28499984741211,20.975000381469727,21.155000686645508,15486800.0
2007-11-21T05:00:00Z,21.170000076293945,21.264999389648438,20.969999313354492,20.979999542236328,11251800.0
2007-11-23T05:00:00Z,21.0049991607666,21.2450008392334,20.815000534057617,20.959999084472656,2328800.0
2007-11-26T05:00:00Z,20.885000228881836,21.325000762939453,20.875,20.924999237060547,11085400.0
2007-11-27T05:00:00Z,21.200000762939453,21.200000762939453,20.834999084472656,21.0049991607666,12500000.0
2007-11-28T05:00:00Z,21.104999542236328,21.3700008392334,21.010000228881836,21.3700008392334,9764000.0
2007-11-29T05:00:00Z,21.270000457763672,21.375,21.149999618530273,21.225000381469727,7344000.0
2007-11-30T05:00:00Z,21.315000534057617,21.440000534057617,21.295000076293945,21.364999771118164,15875200.0
2007-12-03T05:00:00Z,21.719999313354492,21.829999923706055,21.364999771118164,21.575000762939453,7099600.0
2007-12-04T05:00:00Z,21.6200008392334,21.885000228881836,21.40999984741211,21.729999542236328,15338200.0
2007-12-05T05:00:00Z,21.950000762939453,22.1200008392334,21.799999237060547,22.104999542236328,13597600.0
2007-12-06T05:00:00Z,22.200000762939453,22.229999542236328,21.885000228881836,21.975000381469727,8212800.0
2007-12-07T05:00:00Z,22.18000030517578,22.235000610351562,21.950000762939453,22.09000015258789,12234600.0
2007-12-10T05:00:00Z,22.200000762939453,22.2450008392334,22.100000381469727,22.190000534057617,6041200.0
2007-12-11T05:00:00Z,22.329999923706055,22.329999923706055,21.670000076293945,21.674999237060547,12979000.0
2007-12-12T05:00:00Z,21.795000076293945,22.1200008392334,21.524999618530273,21.68000030517578,15409200.0
2007-12-13T05:00:00Z,21.5049991607666,22.0,21.5049991607666,22.0,9644000.0
2007-12-14T05:00:00Z,21.934999465942383,21.959999084472656,21.59000015258789,21.59000015258789,9793200.0
2007-12-17T05:00:00Z,21.510000228881836,21.635000228881836,21.30500030517578,21.389999389648438,8340000.0
2007-12-18T05:00:00Z,21.584999084472656,21.735000610351562,21.450000762939453,21.579999923706055,8003200.0
2007-12-19T05:00:00Z,21.600000381469727,21.815000534057617,21.5,21.524999618530273,6876800.0
2007-12-20T05:00:00Z,21.530000686645508,21.75,21.420000076293945,21.6200008392334,8566000.0
2007-12-21T05:00:00Z,21.68000030517578,21.700000762939453,21.4950008392334,21.5,9957600.0
2007-12-24T05:00:00Z,21.59000015258789,21.604999542236328,21.4950008392334,21.604999542236328,4431800.0
2007-12-26T05:00:00Z,21.655000686645508,21.655000686645508,21.450000762939453,21.4950008392334,3882200.0
2007-12-27T05:00:00Z,21.575000762939453,21.600000381469727,21.28499984741211,21.30500030517578,5911600.0
2007-12-28T05:00:00Z,21.55500030517578,21.55500030517578,21.325000762939453,21.459999084472656,3126000.0
2007-12-31T05:00:00Z,21.4950008392334,21.4950008392334,21.155000686645508,21.165000915527344,3816200.0
2008-01-02T05:00:00Z,21.075000762939453,21.3700008392334,20.950000762939453,21.045000076293945,9997800.0
2008-01-03T05:00:00Z,20.985000610351562,21.290000915527344,20.985000610351562,21.014999389648438,10287200.0
2008-01-04T05:00:00Z,21.049999237060547,21.309999465942383,20.93000030517578,21.174999237060547,14046600.0
2008-01-07T05:00:00Z,21.299999237060547,21.674999237060547,21.200000762939453,21.614999771118164,18309000.0
2008-01-08T05:00:00Z,21.639999389648438,22.05500030517578,21.6200008392334,21.6200008392334,19207800.0
2008-01-09T05:00:00Z,21.790000915527344,21.924999237060547,21.594999313354492,21.854999542236328,18160000.0
2008-01-10T05:00:00Z,21.81999969482422,21.9950008392334,21.610000610351562,21.719999313354492,16979600.0
2008-01-11T05:00:00Z,21.530000686645508,21.854999542236328,21.530000686645508,21.71500015258789,10732400.0
2008-01-14T05:00:00Z,21.90999984741211,21.934999465942383,21.635000228881836,21.7450008392334,9706000.0
2008-01-15T05:00:00Z,21.604999542236328,21.844999313354492,21.454999923706055,21.514999389648438,17486800.0
2008-01-16T05:00:00Z,21.389999389648438,21.639999389648438,21.100000381469727,21.1299991607666,19357400.0
2008-01-17T05:00:00Z,21.040000915527344,21.149999618530273,20.280000686645508,20.315000534057617,28722400.0
2008-01-18T05:00:00Z,20.264999389648438,20.5,19.829999923706055,20.014999389648438,21770200.0
2008-01-22T05:00:00Z,18.469999313354492,19.649999618530273,18.024999618530273,19.325000762939453,27875400.0
2008-01-23T05:00:00Z,18.635000228881836,20.024999618530273,18.635000228881836,19.84000015258789,29698800.0
2008-01-24T05:00:00Z,20.104999542236328,20.104999542236328,19.299999237060547,19.299999237060547,26884400.0
2008-01-25T05:00:00Z,19.4950008392334,19.639999389648438,18.93000030517578,19.09000015258789,25056600.0
2008-01-28T05:00:00Z,19.100000381469727,19.420000076293945,19.084999084472656,19.389999389648438,11460000.0
2008-01-29T05:00:00Z,19.4950008392334,19.6299991607666,19.360000610351562,19.454999923706055,12135200.0
2008-01-30T05:00:00Z,19.389999389648438,19.790000915527344,19.25,19.354999542236328,13005000.0
2008-01-31T05:00:00Z,19.405000686645508,19.975000381469727,19.139999389648438,19.610000610351562,8879400.0
2008-02-01T05:00:00Z,19.7450008392334,20.149999618530273,19.729999542236328,20.1200008392334,8869600.0
2008-02-04T05:00:00Z,20.139999389648438,20.604999542236328,20.139999389648438,20.40999984741211,9367800.0
2008-02-05T05:00:00Z,20.25,20.31999969482422,19.729999542236328,19.795000076293945,12556400.0
2008-02-06T05:00:00Z,19.815000534057617,20.05500030517578,19.665000915527344,19.760000228881836,8484000.0
2008-02-07T05:00:00Z,19.625,19.725000381469727,19.454999923706055,19.655000686645508,14332000.0
2008-02-08T05:00:00Z,19.5,19.65999984741211,19.424999237060547,19.5,9948800.0
2008-02-11T05:00:00Z,19.5,19.725000381469727,19.459999084472656,19.65999984741211,6739200.0
2008-02-12T05:00:00Z,19.670000076293945,20.100000381469727,19.670000076293945,19.9950008392334,8388200.0
2008-02-13T05:00:00Z,20.024999618530273,20.135000228881836,19.825000762939453,19.899999618530273,11250600.0
2008-02-14T05:00:00Z,19.985000610351562,20.174999237060547,19.639999389648438,19.649999618530273,10169800.0
2008-02-15T05:00:00Z,19.639999389648438,19.924999237060547,19.420000076293945,19.924999237060547,7648600.0
2008-02-19T05:00:00Z,20.1299991607666,20.1299991607666,19.684999465942383,19.764999389648438,7995000.0
2008-02-20T05:00:00Z,19.5049991607666,19.80500030517578,19.5049991607666,19.80500030517578,9425800.0
2008-02-21T05:00:00Z,19.80500030517578,19.84000015258789,19.3700008392334,19.3700008392334,10102800.0
2008-02-22T05:00:00Z,19.510000228881836,19.709999084472656,19.31999969482422,19.709999084472656,11214400.0
2008-02-25T05:00:00Z,19.80500030517578,19.809999465942383,19.559999465942383,19.729999542236328,12142400.0
2008-02-26T05:00:00Z,19.540000915527344,20.0,19.53499984741211,19.985000610351562,8719000.0
2008-02-27T05:00:00Z,19.899999618530273,19.899999618530273,19.5049991607666,19.5049991607666,14281000.0
2008-02-28T05:00:00Z,19.440000534057617,19.514999389648438,19.274999618530273,19.375,12738200.0
2008-02-29T05:00:00Z,19.325000762939453,19.3700008392334,18.75,18.80500030517578,20464400.0
2008-03-03T05:00:00Z,18.799999237060547,19.100000381469727,18.75,19.09000015258789,12819200.0
2008-03-04T05:00:00Z,18.905000686645508,19.450000762939453,18.860000610351562,19.420000076293945,15920600.0
2008-03-05T05:00:00Z,19.440000534057617,19.454999923706055,19.100000381469727,19.364999771118164,12454600.0
2008-03-06T05:00:00Z,19.25,19.3700008392334,18.959999084472656,18.969999313354492,14616400.0
2008-03-07T05:00:00Z,18.774999618530273,18.954999923706055,18.674999237060547,18.850000381469727,22971400.0
2008-03-10T04:00:00Z,18.81999969482422,18.959999084472656,18.649999618530273,18.825000762939453,14422200.0
2008-03-11T04:00:00Z,19.290000915527344,19.375,18.899999618530273,19.149999618530273,16424000.0
2008-03-12T04:00:00Z,19.104999542236328,19.530000686645508,19.075000762939453,19.149999618530273,9664000.0
2008-03-13T04:00:00Z,18.760000228881836,19.200000762939453,18.760000228881836,19.09000015258789,15517200.0
2008-03-14T04:00:00Z,19.25,19.260000228881836,18.684999465942383,18.950000762939453,14957600.0
2008-03-17T04:00:00Z,18.5049991607666,19.09000015258789,18.5049991607666,18.959999084472656,10877000.0
2008-03-18T04:00:00Z,19.030000686645508,19.325000762939453,18.94499969482422,19.295000076293945,8959000.0
2008-03-19T04:00:00Z,19.299999237060547,19.7450008392334,18.81999969482422,18.915000915527344,11941400.0
2008-03-20T04:00:00Z,19.104999542236328,19.104999542236328,18.049999237060547,18.725000381469727,14983600.0
2008-03-24T04:00:00Z,18.850000381469727,18.9950008392334,18.655000686645508,18.78499984741211,11896200.0
2008-03-25T04:00:00Z,18.860000610351562,18.975000381469727,18.729999542236328,18.729999542236328,8519000.0
2008-03-26T04:00:00Z,18.709999084472656,19.020000457763672,18.709999084472656,18.799999237060547,10933400.0
2008-03-27T04:00:00Z,18.815000534057617,19.225000381469727,18.815000534057617,18.989999771118164,14689000.0
2008-03-28T04:00:00Z,19.0,19.204999923706055,18.795000076293945,18.815000534057617,10660200.0
2008-03-31T04:00:00Z,18.875,19.094999313354492,18.780000686645508,18.969999313354492,7890800.0
2008-04-01T04:00:00Z,19.125,19.549999237060547,19.100000381469727,19.459999084472656,17906600.0
2008-04-02T04:00:00Z,19.479999542236328,19.78499984741211,19.479999542236328,19.709999084472656,5949400.0
2008-04-03T04:00:00Z,19.690000534057617,19.709999084472656,19.395000457763672,19.604999542236328,9502000.0
2008-04-04T04:00:00Z,19.540000915527344,20.0,19.520000457763672,19.584999084472656,15743600.0
2008-04-07T04:00:00Z,19.635000228881836,19.78499984741211,19.524999618530273,19.670000076293945,7483800.0
2008-04-08T04:00:00Z,19.584999084472656,19.850000381469727,19.584999084472656,19.799999237060547,8156800.0
2008-04-09T04:00:00Z,19.790000915527344,19.895000457763672,19.65999984741211,19.75,9749600.0
2008-04-10T04:00:00Z,19.780000686645508,19.78499984741211,19.559999465942383,19.610000610351562,8073000.0
2008-04-11T04:00:00Z,19.594999313354492,19.739999771118164,19.565000534057617,19.635000228881836,14399400.0
2008-04-14T04:00:00Z,19.635000228881836,19.71500015258789,19.540000915527344,19.604999542236328,4660800.0
2008-04-15T04:00:00Z,19.735000610351562,19.850000381469727,19.670000076293945,19.81999969482422,8404200.0
2008-04-16T04:00:00Z,19.774999618530273,20.299999237060547,19.774999618530273,20.235000610351562,9311800.0
2008-04-17T04:00:00Z,20.31999969482422,20.43000030517578,20.170000076293945,20.274999618530273,7203400.0
2008-04-18T04:00:00Z,20.440000534057617,20.5,20.19499969482422,20.34000015258789,7004000.0
2008-04-21T04:00:00Z,20.225000381469727,20.344999313354492,20.024999618530273,20.155000686645508,7014200.0
2008-04-22T04:00:00Z,20.079999923706055,20.1299991607666,19.969999313354492,20.094999313354492,7886000.0
2008-04-23T04:00:00Z,20.165000915527344,20.25,20.03499984741211,20.125,5506200.0
2008-04-24T04:00:00Z,20.329999923706055,20.329999923706055,19.979999542236328,20.104999542236328,10186800.0
2008-04-25T04:00:00Z,20.125,20.2450008392334,20.075000762939453,20.170000076293945,7983800.0
2008-04-28T04:00:00Z,20.170000076293945,20.25,19.825000762939453,19.975000381469727,12568600.0
2008-04-29T04:00:00Z,20.0049991607666,20.149999618530273,19.96500015258789,20.06999969482422,8417000.0
2008-04-30T04:00:00Z,20.05500030517578,20.274999618530273,19.940000534057617,19.940000534057617,7644600.0
2008-05-01T04:00:00Z,20.049999237060547,20.299999237060547,20.014999389648438,20.174999237060547,17753000.0
2008-05-02T04:00:00Z,20.350000381469727,20.584999084472656,20.299999237060547,20.510000228881836,8195000.0
2008-05-05T04:00:00Z,20.354999542236328,20.40999984741211,20.110000610351562,20.21500015258789,7438400.0
2008-05-06T04:00:00Z,20.014999389648438,20.2450008392334,19.915000915527344,20.209999084472656,5495400.0
2008-05-07T04:00:00Z,20.100000381469727,20.229999542236328,19.885000228881836,19.905000686645508,6664000.0
2008-05-08T04:00:00Z,19.885000228881836,20.06999969482422,19.815000534057617,19.954999923706055,7365600.0
2008-05-09T04:00:00Z,19.90999984741211,20.1299991607666,19.780000686645508,20.020000457763672,6072400.0
2008-05-12T04:00:00Z,20.059999465942383,20.2549991607666,20.0049991607666,20.21500015258789,5150000.0
2008-05-13T04:00:00Z,20.31999969482422,20.329999923706055,20.049999237060547,20.184999465942383,5960600.0
2008-05-14T04:00:00Z,20.329999923706055,20.399999618530273,20.149999618530273,20.260000228881836,7699200.0
2008-05-15T04:00:00Z,20.260000228881836,20.354999542236328,20.15999984741211,20.239999771118164,7326200.0
2008-05-16T04:00:00Z,20.264999389648438,20.459999084472656,20.239999771118164,20.389999389648438,5946000.0
2008-05-19T04:00:00Z,20.3700008392334,20.71500015258789,20.3700008392334,20.6200008392334,4759800.0
2008-05-20T04:00:00Z,20.600000381469727,20.8799991607666,20.600000381469727,20.760000228881836,9398200.0
2008-05-21T04:00:00Z,20.674999237060547,20.989999771118164,20.625,20.655000686645508,8209600.0
2008-05-22T04:00:00Z,20.774999618530273,20.905000686645508,20.584999084472656,20.774999618530273,6137200.0
2008-05-23T04:00:00Z,20.7549991607666,20.764999389648438,20.399999618530273,20.454999923706055,3566600.0
2008-05-27T04:00:00Z,20.225000381469727,20.600000381469727,20.225000381469727,20.559999465942383,5035400.0
2008-05-28T04:00:00Z,20.655000686645508,20.655000686645508,20.44499969482422,20.575000762939453,5405200.0
2008-05-29T04:00:00Z,20.604999542236328,20.809999465942383,20.530000686645508,20.795000076293945,5759200.0
2008-05-30T04:00:00Z,20.864999771118164,20.8700008392334,20.594999313354492,20.655000686645508,6926000.0
2008-06-02T04:00:00Z,20.674999237060547,20.735000610351562,20.3799991607666,20.5049991607666,10984600.0
2008-06-03T04:00:00Z,20.559999465942383,20.649999618530273,20.28499984741211,20.325000762939453,9034200.0
2008-06-04T04:00:00Z,20.360000610351562,20.639999389648438,20.30500030517578,20.56999969482422,8773400.0
2008-06-05T04:00:00Z,20.649999618530273,20.844999313354492,20.46500015258789,20.815000534057617,5602400.0
2008-06-06T04:00:00Z,20.739999771118164,20.809999465942383,20.270000457763672,20.270000457763672,9284000.0
2008-06-09T04:00:00Z,20.31999969482422,20.690000534057617,20.274999618530273,20.584999084472656,7790200.0
2008-06-10T04:00:00Z,20.729999542236328,20.729999542236328,20.3700008392334,20.565000534057617,7648000.0
2008-06-11T04:00:00Z,20.604999542236328,20.69499969482422,20.415000915527344,20.545000076293945,9388600.0
2008-06-12T04:00:00Z,20.56999969482422,20.56999969482422,20.375,20.459999084472656,7738800.0
2008-06-13T04:00:00Z,20.459999084472656,20.774999618530273,20.424999237060547,20.645000457763672,19537200.0
2008-06-16T04:00:00Z,20.639999389648438,20.770000457763672,20.420000076293945,20.665000915527344,6174400.0
2008-06-17T04:00:00Z,20.760000228881836,20.885000228881836,20.719999313354492,20.780000686645508,8294200.0
2008-06-18T04:00:00Z,20.655000686645508,20.8700008392334,20.604999542236328,20.700000762939453,7824400.0
2008-06-19T04:00:00Z,20.645000457763672,20.889999389648438,20.645000457763672,20.725000381469727,8909600.0
2008-06-20T04:00:00Z,20.594999313354492,20.71500015258789,20.334999084472656,20.334999084472656,14011400.0
2008-06-23T04:00:00Z,20.454999923706055,20.75,20.454999923706055,20.579999923706055,8810600.0
2008-06-24T04:00:00Z,20.454999923706055,20.600000381469727,20.40999984741211,20.40999984741211,9228400.0
2008-06-25T04:00:00Z,20.469999313354492,20.704999923706055,20.469999313354492,20.649999618530273,10219000.0
2008-06-26T04:00:00Z,20.415000915527344,20.69499969482422,20.03499984741211,20.03499984741211,11244800.0
2008-06-27T04:00:00Z,20.03499984741211,20.204999923706055,19.854999542236328,19.864999771118164,12820600.0
2008-06-30T04:00:00Z,19.915000915527344,20.4950008392334,19.899999618530273,20.350000381469727,14565800.0
2008-07-01T04:00:00Z,20.155000686645508,20.579999923706055,20.094999313354492,20.454999923706055,23949000.0
2008-07-02T04:00:00Z,20.545000076293945,20.719999313354492,20.354999542236328,20.399999618530273,8653600.0
2008-07-03T04:00:00Z,20.549999237060547,20.600000381469727,20.190000534057617,20.190000534057617,10881200.0
2008-07-07T04:00:00Z,20.19499969482422,20.44499969482422,19.875,19.989999771118164,13056600.0
2008-07-08T04:00:00Z,19.985000610351562,20.28499984741211,19.899999618530273,20.094999313354492,19448800.0
2008-07-09T04:00:00Z,20.139999389648438,20.450000762939453,20.114999771118164,20.334999084472656,9646800.0
2008-07-10T04:00:00Z,20.3799991607666,20.454999923706055,20.290000915527344,20.385000228881836,11225800.0
2008-07-11T04:00:00Z,20.2549991607666,20.514999389648438,20.049999237060547,20.229999542236328,18472200.0
2008-07-14T04:00:00Z,20.479999542236328,20.479999542236328,19.954999923706055,20.09000015258789,13299000.0
2008-07-15T04:00:00Z,19.959999084472656,20.03499984741211,19.709999084472656,19.950000762939453,15423400.0
2008-07-16T04:00:00Z,19.96500015258789,19.96500015258789,19.40999984741211,19.55500030517578,14100200.0
2008-07-17T04:00:00Z,19.520000457763672,19.55500030517578,19.024999618530273,19.2450008392334,23315400.0
2008-07-18T04:00:00Z,19.270000457763672,19.6200008392334,19.1299991607666,19.264999389648438,13107800.0
2008-07-21T04:00:00Z,19.295000076293945,19.65999984741211,19.2549991607666,19.604999542236328,18286200.0
2008-07-22T04:00:00Z,19.5049991607666,19.799999237060547,19.475000381469727,19.540000915527344,10501000.0
2008-07-23T04:00:00Z,19.670000076293945,19.670000076293945,18.989999771118164,19.065000534057617,16906600.0
2008-07-24T04:00:00Z,19.06999969482422,19.204999923706055,18.7450008392334,19.03499984741211,12823400.0
2008-07-25T04:00:00Z,19.020000457763672,19.100000381469727,18.78499984741211,18.80500030517578,12635400.0
2008-07-28T04:00:00Z,18.80500030517578,19.065000534057617,18.75,18.850000381469727,10399000.0
2008-07-29T04:00:00Z,18.84000015258789,18.940000534057617,18.760000228881836,18.875,8235200.0
2008-07-30T04:00:00Z,18.875,19.2450008392334,18.850000381469727,19.2450008392334,10627800.0
2008-07-31T04:00:00Z,19.190000534057617,19.274999618530273,19.03499984741211,19.040000915527344,10823800.0
2008-08-01T04:00:00Z,19.170000076293945,19.174999237060547,18.450000762939453,18.4950008392334,19705600.0
2008-08-04T04:00:00Z,18.549999237060547,18.610000610351562,18.225000381469727,18.295000076293945,13916400.0
2008-08-05T04:00:00Z,18.274999618530273,18.6200008392334,18.1200008392334,18.44499969482422,17429400.0
2008-08-06T04:00:00Z,18.424999237060547,18.7450008392334,18.399999618530273,18.545000076293945,11404800.0
2008-08-07T04:00:00Z,18.5,18.75,18.260000228881836,18.530000686645508,10907200.0
2008-08-08T04:00:00Z,18.399999618530273,18.69499969482422,18.334999084472656,18.584999084472656,11339600.0
2008-08-11T04:00:00Z,18.690000534057617,18.94499969482422,18.549999237060547,18.790000915527344,9311400.0
2008-08-12T04:00:00Z,18.774999618530273,18.850000381469727,18.395000457763672,18.56999969482422,11249800.0
2008-08-13T04:00:00Z,18.485000610351562,18.725000381469727,18.440000534057617,18.56999969482422,7837200.0
2008-08-14T04:00:00Z,18.584999084472656,18.584999084472656,18.325000762939453,18.40999984741211,8689600.0
2008-08-15T04:00:00Z,18.459999084472656,18.545000076293945,18.415000915527344,18.475000381469727,5562600.0
2008-08-18T04:00:00Z,18.559999465942383,18.665000915527344,18.479999542236328,18.5,5934400.0
2008-08-19T04:00:00Z,18.575000762939453,18.610000610351562,18.475000381469727,18.600000381469727,4267000.0
2008-08-20T04:00:00Z,18.559999465942383,18.709999084472656,18.469999313354492,18.670000076293945,6973000.0
2008-08-21T04:00:00Z,18.575000762939453,18.940000534057617,18.545000076293945,18.850000381469727,8225000.0
2008-08-22T04:00:00Z,18.93000030517578,19.014999389648438,18.875,18.924999237060547,5306600.0
2008-08-25T04:00:00Z,18.915000915527344,18.969999313354492,18.639999389648438,18.725000381469727,6928200.0
2008-08-26T04:00:00Z,18.700000762939453,18.9950008392334,18.674999237060547,18.93000030517578,5091800.0
2008-08-27T04:00:00Z,19.03499984741211,19.125,18.90999984741211,19.065000534057617,5246200.0
2008-08-28T04:00:00Z,19.170000076293945,19.200000762939453,19.049999237060547,19.094999313354492,3599600.0
2008-08-29T04:00:00Z,19.06999969482422,19.200000762939453,18.829999923706055,18.829999923706055,4412000.0
2008-09-02T04:00:00Z,19.290000915527344,19.290000915527344,18.545000076293945,18.600000381469727,12448200.0
2008-09-03T04:00:00Z,18.594999313354492,18.594999313354492,18.235000610351562,18.30500030517578,6881400.0
2008-09-04T04:00:00Z,18.274999618530273,18.3700008392334,18.020000457763672,18.075000762939453,8399200.0
2008-09-05T04:00:00Z,18.030000686645508,18.059999465942383,17.6200008392334,17.69499969482422,12309000.0
2008-09-08T04:00:00Z,17.78499984741211,18.190000534057617,17.78499984741211,18.139999389648438,13014400.0
2008-09-09T04:00:00Z,18.25,18.260000228881836,17.520000457763672,17.56999969482422,17798600.0
2008-09-10T04:00:00Z,17.655000686645508,17.844999313354492,17.604999542236328,17.764999389648438,8508600.0
2008-09-11T04:00:00Z,17.625,17.979999542236328,17.450000762939453,17.905000686645508,16788800.0
2008-09-12T04:00:00Z,17.844999313354492,18.299999237060547,17.844999313354492,18.239999771118164,12394200.0
2008-09-15T04:00:00Z,17.684999465942383,18.114999771118164,17.604999542236328,17.604999542236328,16740200.0
2008-09-16T04:00:00Z,17.645000457763672,17.665000915527344,16.59000015258789,17.34000015258789,37290600.0
2008-09-17T04:00:00Z,17.165000915527344,17.31999969482422,16.5,16.5,30698600.0
2008-09-18T04:00:00Z,16.584999084472656,17.165000915527344,16.524999618530273,17.104999542236328,35972000.0
2008-09-19T04:00:00Z,17.44499969482422,18.375,17.045000076293945,17.5,18711400.0
2008-09-22T04:00:00Z,17.5049991607666,17.5049991607666,17.020000457763672,17.065000534057617,11316600.0
2008-09-23T04:00:00Z,17.0049991607666,17.21500015258789,16.770000457763672,16.770000457763672,7041600.0
2008-09-24T04:00:00Z,16.81999969482422,16.924999237060547,16.604999542236328,16.924999237060547,6613200.0
2008-09-25T04:00:00Z,16.885000228881836,17.44499969482422,16.885000228881836,17.260000228881836,8399000.0
2008-09-26T04:00:00Z,16.760000228881836,17.399999618530273,16.760000228881836,17.264999389648438,6415400.0
2008-09-29T04:00:00Z,17.06999969482422,17.06999969482422,16.2549991607666,16.360000610351562,15995800.0
2008-09-30T04:00:00Z,16.3700008392334,16.6299991607666,16.28499984741211,16.614999771118164,6718400.0
2008-10-01T04:00:00Z,16.665000915527344,16.704999923706055,16.239999771118164,16.545000076293945,13449000.0
2008-10-02T04:00:00Z,16.399999618530273,16.68000030517578,16.100000381469727,16.30500030517578,10482600.0
2008-10-03T04:00:00Z,16.389999389648438,16.639999389648438,15.989999771118164,16.059999465942383,16253400.0
2008-10-06T04:00:00Z,15.640000343322754,16.149999618530273,14.75,15.274999618530273,19281800.0
2008-10-07T04:00:00Z,15.260000228881836,15.5600004196167,14.609999656677246,14.649999618530273,18079800.0
2008-10-08T04:00:00Z,14.109999656677246,14.895000457763672,14.005000114440918,14.395000457763672,20994200.0
2008-10-09T04:00:00Z,14.574999809265137,14.885000228881836,13.425000190734863,13.425000190734863,19532600.0
2008-10-10T04:00:00Z,13.09000015258789,13.399999618530273,11.640000343322754,12.880000114440918,29658400.0
2008-10-13T04:00:00Z,13.635000228881836,14.579999923706055,13.104999542236328,14.4350004196167,12139600.0
2008-10-14T04:00:00Z,15.430000305175781,15.430000305175781,13.744999885559082,14.3149995803833,22166600.0
2008-10-15T04:00:00Z,14.0649995803833,14.34000015258789,13.199999809265137,13.25,17348800.0
2008-10-16T04:00:00Z,13.520000457763672,13.75,12.680000305175781,13.635000228881836,21499600.0
2008-10-17T04:00:00Z,13.859999656677246,14.59000015258789,13.274999618530273,13.704999923706055,22400800.0
2008-10-20T04:00:00Z,13.8100004196167,14.979999542236328,13.800000190734863,14.859999656677246,19937600.0
2008-10-21T04:00:00Z,14.800000190734863,14.845000267028809,14.28499984741211,14.390000343322754,14374200.0
2008-10-22T04:00:00Z,14.460000038146973,14.460000038146973,13.109999656677246,13.779999732971191,19488400.0
2008-10-23T04:00:00Z,13.71500015258789,14.425000190734863,13.220000267028809,14.109999656677246,31864400.0
2008-10-24T04:00:00Z,13.260000228881836,14.074999809265137,13.1850004196167,13.734999656677246,27834400.0
2008-10-27T04:00:00Z,13.59000015258789,13.895000457763672,13.199999809265137,13.199999809265137,15016000.0
2008-10-28T04:00:00Z,14.0,14.699999809265137,13.1850004196167,14.529999732971191,15944600.0
2008-10-29T04:00:00Z,14.614999771118164,14.824999809265137,14.0649995803833,14.0649995803833,17527000.0
2008-10-30T04:00:00Z,14.579999923706055,14.930000305175781,14.3100004196167,14.850000381469727,20751400.0
2008-10-31T04:00:00Z,15.024999618530273,15.210000038146973,14.4399995803833,14.454999923706055,23792400.0
2008-11-03T05:00:00Z,14.729999542236328,14.744999885559082,14.359999656677246,14.604999542236328,12163000.0
2008-11-04T05:00:00Z,14.829999923706055,15.154999732971191,14.664999961853027,14.880000114440918,15579800.0
2008-11-05T05:00:00Z,14.595000267028809,14.899999618530273,14.359999656677246,14.604999542236328,17569400.0
2008-11-06T05:00:00Z,14.375,14.470000267028809,13.654999732971191,13.920000076293945,19744800.0
2008-11-07T05:00:00Z,13.994999885559082,14.545000076293945,13.78499984741211,14.529999732971191,16855200.0
2008-11-10T05:00:00Z,14.744999885559082,14.795000076293945,13.914999961853027,14.180000305175781,16641600.0
2008-11-11T05:00:00Z,14.125,14.420000076293945,13.765000343322754,14.180000305175781,15994600.0
2008-11-12T05:00:00Z,13.84000015258789,14.024999618530273,13.710000038146973,13.710000038146973,13861800.0
2008-11-13T05:00:00Z,13.720000267028809,14.795000076293945,13.600000381469727,14.75,29509400.0
2008-11-14T05:00:00Z,14.390000343322754,15.0600004196167,14.125,14.399999618530273,26159200.0
2008-11-17T05:00:00Z,14.369999885559082,14.774999618530273,14.0649995803833,14.375,20978200.0
2008-11-18T05:00:00Z,14.039999961853027,14.539999961853027,13.890000343322754,14.220000267028809,24702200.0
2008-11-19T05:00:00Z,14.125,14.670000076293945,13.890000343322754,13.914999961853027,21096600.0
2008-11-20T05:00:00Z,13.805000305175781,14.125,12.989999771118164,13.104999542236328,31769200.0
2008-11-21T05:00:00Z,13.220000267028809,14.414999961853027,13.220000267028809,14.414999961853027,38402000.0
2008-11-24T05:00:00Z,14.430000305175781,14.904999732971191,14.220000267028809,14.5600004196167,20148600.0
2008-11-25T05:00:00Z,14.850000381469727,15.0,14.375,14.850000381469727,23220400.0
2008-11-26T05:00:00Z,14.5,14.850000381469727,14.345000267028809,14.800000190734863,19436600.0
2008-11-28T05:00:00Z,14.869999885559082,15.069999694824219,14.550000190734863,15.0600004196167,5949200.0
2008-12-01T05:00:00Z,14.880000114440918,14.975000381469727,14.0600004196167,14.0600004196167,18470600.0
2008-12-02T05:00:00Z,14.289999961853027,14.425000190734863,13.970000267028809,14.425000190734863,22121200.0
2008-12-03T05:00:00Z,14.3149995803833,14.779999732971191,14.125,14.675000190734863,19609600.0
2008-12-04T05:00:00Z,14.630000114440918,14.704999923706055,13.829999923706055,14.145000457763672,22819400.0
2008-12-05T05:00:00Z,13.854999542236328,14.414999961853027,13.494999885559082,14.234999656677246,23859000.0
2008-12-08T05:00:00Z,14.78499984741211,14.78499984741211,14.244999885559082,14.46500015258789,16384200.0
2008-12-09T05:00:00Z,14.46500015258789,14.539999961853027,14.149999618530273,14.260000228881836,17933800.0
2008-12-10T05:00:00Z,14.239999771118164,14.5600004196167,14.239999771118164,14.475000381469727,11493200.0
2008-12-11T05:00:00Z,14.520000457763672,14.734999656677246,14.255000114440918,14.359999656677246,12761800.0
2008-12-12T05:00:00Z,14.319999694824219,14.460000038146973,14.0,14.449999809265137,13821200.0
2008-12-15T05:00:00Z,14.524999618530273,14.529999732971191,14.039999961853027,14.225000381469727,13640800.0
2008-12-16T05:00:00Z,14.710000038146973,14.774999618530273,14.244999885559082,14.710000038146973,14474200.0
2008-12-17T05:00:00Z,14.614999771118164,14.675000190734863,14.210000038146973,14.265000343322754,18228800.0
2008-12-18T05:00:00Z,14.3100004196167,14.65999984741211,14.28499984741211,14.385000228881836,19819800.0
2008-12-19T05:00:00Z,14.34000015258789,14.529999732971191,14.180000305175781,14.289999961853027,15981800.0
2008-12-22T05:00:00Z,14.265000343322754,14.324999809265137,13.944999694824219,14.100000381469727,12642800.0
2008-12-23T05:00:00Z,14.114999771118164,14.289999961853027,13.875,13.9399995803833,6867000.0
2008-12-24T05:00:00Z,13.880000114440918,14.0600004196167,13.880000114440918,14.010000228881836,2107600.0
2008-12-26T05:00:00Z,14.079999923706055,14.1899995803833,14.029999732971191,14.039999961853027,2173200.0
2008-12-29T05:00:00Z,14.010000228881836,14.164999961853027,13.890000343322754,14.069999694824219,3731800.0
2008-12-30T05:00:00Z,14.234999656677246,14.3100004196167,14.109999656677246,14.28499984741211,7981600.0
2008-12-31T05:00:00Z,14.34000015258789,14.604999542236328,14.305000305175781,14.515000343322754,8562000.0
2009-01-02T05:00:00Z,14.670000076293945,14.96500015258789,14.505000114440918,14.854999542236328,10751000.0
2009-01-05T05:00:00Z,14.869999885559082,15.0649995803833,14.805000305175781,15.0649995803833,13622000.0
2009-01-06T05:00:00Z,15.0649995803833,15.234999656677246,14.789999961853027,14.850000381469727,19155200.0
2009-01-07T05:00:00Z,14.729999542236328,14.774999618530273,14.555000305175781,14.729999542236328,9761000.0
2009-01-08T05:00:00Z,14.574999809265137,14.694999694824219,14.524999618530273,14.654999732971191,16787400.0
2009-01-09T05:00:00Z,14.75,14.75,14.479999542236328,14.539999961853027,8962400.0
2009-01-12T05:00:00Z,14.574999809265137,14.680000305175781,14.5,14.545000076293945,9365600.0
2009-01-13T05:00:00Z,14.595000267028809,14.604999542236328,14.175000190734863,14.270000457763672,15602000.0
2009-01-14T05:00:00Z,14.100000381469727,14.15999984741211,13.774999618530273,14.095000267028809,13091600.0
2009-01-15T05:00:00Z,14.114999771118164,14.204999923706055,13.880000114440918,14.170000076293945,15866600.0
2009-01-16T05:00:00Z,14.354999542236328,14.574999809265137,14.25,14.449999809265137,12058200.0
2009-01-20T05:00:00Z,14.449999809265137,14.5600004196167,14.1850004196167,14.199999809265137,11946400.0
2009-01-21T05:00:00Z,14.470000267028809,14.470000267028809,14.024999618530273,14.359999656677246,12102000.0
2009-01-22T05:00:00Z,14.274999618530273,14.470000267028809,14.199999809265137,14.354999542236328,13549800.0
2009-01-23T05:00:00Z,14.109999656677246,14.444999694824219,14.029999732971191,14.385000228881836,15356800.0
2009-01-26T05:00:00Z,14.4399995803833,14.859999656677246,14.414999961853027,14.729999542236328,12336000.0
2009-01-27T05:00:00Z,14.770000457763672,14.90999984741211,14.635000228881836,14.800000190734863,9917400.0
2009-01-28T05:00:00Z,14.979999542236328,15.0,14.444999694824219,14.895000457763672,14158600.0
2009-01-29T05:00:00Z,14.8100004196167,15.09000015258789,14.71500015258789,14.78499984741211,16365200.0
2009-01-30T05:00:00Z,14.829999923706055,14.904999732971191,14.369999885559082,14.489999771118164,16238800.0
2009-02-02T05:00:00Z,14.324999809265137,14.619999885559082,14.210000038146973,14.569999694824219,14614800.0
2009-02-03T05:00:00Z,14.520000457763672,14.734999656677246,14.4399995803833,14.635000228881836,13319400.0
2009-02-04T05:00:00Z,14.78499984741211,14.914999961853027,14.614999771118164,14.744999885559082,16164800.0
2009-02-05T05:00:00Z,14.699999809265137,14.9350004196167,14.604999542236328,14.850000381469727,16522200.0
2009-02-06T05:00:00Z,14.850000381469727,15.109999656677246,14.725000381469727,14.944999694824219,15762800.0
2009-02-09T05:00:00Z,14.984999656677246,15.024999618530273,14.710000038146973,14.859999656677246,14593000.0
2009-02-10T05:00:00Z,14.824999809265137,14.864999771118164,14.335000038146973,14.4399995803833,19127600.0
2009-02-11T05:00:00Z,14.555000305175781,14.555000305175781,14.260000228881836,14.395000457763672,17739800.0
2009-02-12T05:00:00Z,14.130000114440918,14.28499984741211,13.895000457763672,14.270000457763672,23816000.0
2009-02-13T05:00:00Z,14.164999961853027,14.354999542236328,14.145000457763672,14.1850004196167,13779000.0
2009-02-17T05:00:00Z,13.994999885559082,13.994999885559082,13.510000228881836,13.569999694824219,18619400.0
2009-02-18T05:00:00Z,13.53499984741211,13.595000267028809,13.265000343322754,13.364999771118164,17247600.0
2009-02-19T05:00:00Z,13.460000038146973,13.579999923706055,13.354999542236328,13.425000190734863,15639200.0
2009-02-20T05:00:00Z,13.28499984741211,13.350000381469727,12.880000114440918,13.119999885559082,22692600.0
2009-02-23T05:00:00Z,13.1899995803833,13.265000343322754,12.725000381469727,12.805000305175781,11566800.0
2009-02-24T05:00:00Z,12.8100004196167,13.274999618530273,12.8100004196167,13.175000190734863,15448800.0
2009-02-25T05:00:00Z,13.119999885559082,13.234999656677246,13.005000114440918,13.09000015258789,13112200.0
2009-02-26T05:00:00Z,13.145000457763672,13.25,12.819999694824219,12.875,13448600.0
2009-02-27T05:00:00Z,12.774999618530273,12.890000343322754,12.460000038146973,12.675000190734863,18289200.0
2009-03-02T05:00:00Z,12.515000343322754,12.680000305175781,12.1899995803833,12.274999618530273,22989000.0
2009-03-03T05:00:00Z,12.319999694824219,12.460000038146973,11.755000114440918,11.835000038146973,12226800.0
2009-03-04T05:00:00Z,11.90999984741211,12.119999885559082,11.779999732971191,11.944999694824219,11401800.0
2009-03-05T05:00:00Z,11.805000305175781,11.930000305175781,11.399999618530273,11.604999542236328,22642800.0
2009-03-06T05:00:00Z,11.619999885559082,11.925000190734863,11.319999694824219,11.59000015258789,19932800.0
2009-03-09T04:00:00Z,11.470000267028809,11.600000381469727,11.239999771118164,11.369999885559082,20237000.0
2009-03-10T04:00:00Z,11.414999961853027,11.710000038146973,11.385000228881836,11.520000457763672,17170400.0
2009-03-11T04:00:00Z,11.649999618530273,11.675000190734863,11.479999542236328,11.5,18785400.0
2009-03-12T04:00:00Z,11.520000457763672,11.725000381469727,11.40999984741211,11.649999618530273,13032800.0
2009-03-13T04:00:00Z,11.75,11.895000457763672,11.71500015258789,11.8100004196167,14314000.0
2009-03-16T04:00:00Z,11.9399995803833,12.350000381469727,11.890000343322754,12.130000114440918,17967600.0
2009-03-17T04:00:00Z,12.164999961853027,12.369999885559082,12.03499984741211,12.319999694824219,12627800.0
2009-03-18T04:00:00Z,12.319999694824219,12.800000190734863,12.170000076293945,12.720000267028809,17795800.0
2009-03-19T04:00:00Z,12.854999542236328,12.9399995803833,12.680000305175781,12.904999732971191,17495200.0
2009-03-20T04:00:00Z,12.78499984741211,12.970000267028809,12.630000114440918,12.675000190734863,15713400.0
2009-03-23T04:00:00Z,12.920000076293945,13.194999694824219,12.805000305175781,13.164999961853027,14104800.0
2009-03-24T04:00:00Z,13.100000381469727,13.164999961853027,12.880000114440918,12.880000114440918,12890200.0
2009-03-25T04:00:00Z,12.960000038146973,13.114999771118164,12.675000190734863,12.875,14151200.0
2009-03-26T04:00:00Z,12.960000038146973,13.0649995803833,12.720000267028809,13.029999732971191,13922600.0
2009-03-27T04:00:00Z,12.96500015258789,12.970000267028809,12.8100004196167,12.899999618530273,15390000.0
2009-03-30T04:00:00Z,12.680000305175781,12.739999771118164,12.484999656677246,12.645000457763672,17798400.0
2009-03-31T04:00:00Z,12.680000305175781,13.015000343322754,12.625,12.774999618530273,15403400.0
2009-04-01T04:00:00Z,12.609999656677246,12.949999809265137,12.484999656677246,12.824999809265137,11081000.0
2009-04-02T04:00:00Z,13.09000015258789,13.164999961853027,12.795000076293945,12.989999771118164,18623800.0
2009-04-03T04:00:00Z,13.085000038146973,13.135000228881836,12.949999809265137,13.074999809265137,10420200.0
2009-04-06T04:00:00Z,12.96500015258789,13.154999732971191,12.864999771118164,12.96500015258789,11021600.0
2009-04-07T04:00:00Z,12.869999885559082,13.010000228881836,12.704999923706055,12.904999732971191,9097400.0
2009-04-08T04:00:00Z,12.9350004196167,13.069999694824219,12.835000038146973,13.029999732971191,8950600.0
2009-04-09T04:00:00Z,13.270000457763672,13.475000381469727,12.904999732971191,13.03499984741211,12327600.0
2009-04-13T04:00:00Z,13.005000114440918,13.029999732971191,12.795000076293945,12.864999771118164,9148200.0
2009-04-14T04:00:00Z,12.760000228881836,12.880000114440918,12.645000457763672,12.699999809265137,12807000.0
2009-04-15T04:00:00Z,12.635000228881836,12.880000114440918,12.635000228881836,12.819999694824219,9851600.0
2009-04-16T04:00:00Z,12.869999885559082,12.989999771118164,12.78499984741211,12.90999984741211,40656400.0
2009-04-17T04:00:00Z,12.9399995803833,12.979999542236328,12.8149995803833,12.890000343322754,13649000.0
2009-04-20T04:00:00Z,12.760000228881836,12.895000457763672,12.734999656677246,12.744999885559082,9955000.0
2009-04-21T04:00:00Z,12.744999885559082,12.875,12.71500015258789,12.789999961853027,2376600.0
2009-04-22T04:00:00Z,12.744999885559082,12.8100004196167,12.595000267028809,12.654999732971191,12536800.0
2009-04-23T04:00:00Z,12.694999694824219,12.710000038146973,12.569999694824219,12.699999809265137,12980400.0
2009-04-24T04:00:00Z,12.729999542236328,12.795000076293945,12.5649995803833,12.680000305175781,11440200.0
2009-04-27T04:00:00Z,12.510000228881836,12.885000228881836,12.505000114440918,12.770000457763672,11312600.0
2009-04-28T04:00:00Z,12.65999984741211,12.930000305175781,12.654999732971191,12.819999694824219,9082000.0
2009-04-29T04:00:00Z,12.854999542236328,12.984999656677246,12.835000038146973,12.914999961853027,13377000.0
2009-04-30T04:00:00Z,12.954999923706055,13.100000381469727,12.779999732971191,12.925000190734863,17077600.0
2009-05-01T04:00:00Z,13.074999809265137,13.265000343322754,12.850000381469727,13.265000343322754,6983800.0
2009-05-04T04:00:00Z,13.300000190734863,13.479999542236328,13.210000038146973,13.46500015258789,15229200.0
2009-05-05T04:00:00Z,13.4399995803833,13.475000381469727,13.28499984741211,13.4399995803833,7705800.0
2009-05-06T04:00:00Z,13.574999809265137,13.574999809265137,13.295000076293945,13.359999656677246,9706800.0
2009-05-07T04:00:00Z,13.364999771118164,13.520000457763672,13.335000038146973,13.430000305175781,13806200.0
2009-05-08T04:00:00Z,13.489999771118164,13.90999984741211,13.449999809265137,13.625,16211600.0
2009-05-11T04:00:00Z,13.510000228881836,13.694999694824219,13.489999771118164,13.5649995803833,7803400.0
2009-05-12T04:00:00Z,13.649999618530273,13.75,13.53499984741211,13.65999984741211,9010400.0
2009-05-13T04:00:00Z,13.529999732971191,13.600000381469727,13.279999732971191,13.295000076293945,14817400.0
2009-05-14T04:00:00Z,13.350000381469727,13.425000190734863,13.125,13.28499984741211,9007400.0
2009-05-15T04:00:00Z,13.199999809265137,13.210000038146973,12.829999923706055,12.970000267028809,20801600.0
2009-05-18T04:00:00Z,13.0600004196167,13.074999809265137,12.824999809265137,12.970000267028809,10848400.0
2009-05-19T04:00:00Z,12.994999885559082,13.265000343322754,12.960000038146973,13.204999923706055,13592800.0
2009-05-20T04:00:00Z,13.265000343322754,13.274999618530273,12.954999923706055,12.96500015258789,14184600.0
2009-05-21T04:00:00Z,12.84000015258789,12.890000343322754,12.760000228881836,12.8100004196167,11570200.0
2009-05-22T04:00:00Z,12.779999732971191,13.029999732971191,12.779999732971191,12.914999961853027,9785000.0
2009-05-26T04:00:00Z,12.829999923706055,13.289999961853027,12.789999961853027,13.289999961853027,14246800.0
2009-05-27T04:00:00Z,13.3149995803833,13.3149995803833,12.989999771118164,13.020000457763672,11873800.0
2009-05-28T04:00:00Z,13.039999961853027,13.354999542236328,13.039999961853027,13.289999961853027,12950000.0
2009-05-29T04:00:00Z,13.3149995803833,13.430000305175781,13.175000190734863,13.385000228881836,10360600.0
2009-06-01T04:00:00Z,13.484999656677246,13.859999656677246,13.430000305175781,13.8149995803833,17635800.0
2009-06-02T04:00:00Z,13.755000114440918,13.864999771118164,13.640000343322754,13.649999618530273,13052600.0
2009-06-03T04:00:00Z,13.609999656677246,13.675000190734863,13.289999961853027,13.420000076293945,12674800.0
2009-06-04T04:00:00Z,13.505000114440918,13.569999694824219,13.425000190734863,13.545000076293945,7206000.0
2009-06-05T04:00:00Z,13.71500015258789,13.75,13.4399995803833,13.5600004196167,12327000.0
2009-06-08T04:00:00Z,13.585000038146973,13.614999771118164,13.324999809265137,13.475000381469727,12834200.0
2009-06-09T04:00:00Z,13.505000114440918,13.569999694824219,13.380000114440918,13.4399995803833,8099200.0
2009-06-10T04:00:00Z,13.539999961853027,13.680000305175781,13.470000267028809,13.649999618530273,27226400.0
2009-06-11T04:00:00Z,13.694999694824219,14.079999923706055,13.649999618530273,13.914999961853027,27251600.0
2009-06-12T04:00:00Z,13.84000015258789,14.180000305175781,13.75,14.09000015258789,23854800.0
2009-06-15T04:00:00Z,13.994999885559082,14.020000457763672,13.6850004196167,13.805000305175781,14234200.0
2009-06-16T04:00:00Z,13.854999542236328,13.925000190734863,13.680000305175781,13.710000038146973,13608400.0
2009-06-17T04:00:00Z,13.725000381469727,13.885000228881836,13.664999961853027,13.75,18168800.0
2009-06-18T04:00:00Z,13.789999961853027,14.079999923706055,13.770000457763672,14.0600004196167,23837200.0
2009-06-19T04:00:00Z,13.949999809265137,14.03499984741211,13.704999923706055,13.734999656677246,19960000.0
2009-06-22T04:00:00Z,13.670000076293945,13.845000267028809,13.579999923706055,13.694999694824219,20484200.0
2009-06-23T04:00:00Z,13.694999694824219,13.755000114440918,13.520000457763672,13.574999809265137,16793400.0
2009-06-24T04:00:00Z,13.645000457763672,13.779999732971191,13.585000038146973,13.6899995803833,11261200.0
2009-06-25T04:00:00Z,13.800000190734863,13.975000381469727,13.5649995803833,13.920000076293945,17455200.0
2009-06-26T04:00:00Z,13.914999961853027,13.994999885559082,13.789999961853027,13.869999885559082,6678800.0
2009-06-29T04:00:00Z,13.949999809265137,14.0649995803833,13.84000015258789,14.050000190734863,8966200.0
2009-06-30T04:00:00Z,14.1850004196167,14.1850004196167,13.78499984741211,13.944999694824219,13243200.0
2009-07-01T04:00:00Z,13.949999809265137,14.175000190734863,13.925000190734863,14.125,15529400.0
2009-07-02T04:00:00Z,14.0,14.125,13.704999923706055,13.720000267028809,18944200.0
2009-07-06T04:00:00Z,13.645000457763672,13.850000381469727,13.5649995803833,13.800000190734863,13281800.0
2009-07-07T04:00:00Z,13.854999542236328,13.854999542236328,13.5,13.524999618530273,17148800.0
2009-07-08T04:00:00Z,13.545000076293945,13.6899995803833,13.359999656677246,13.46500015258789,17561000.0
2009-07-09T04:00:00Z,13.489999771118164,13.614999771118164,13.350000381469727,13.470000267028809,12672400.0
2009-07-10T04:00:00Z,13.484999656677246,13.524999618530273,13.350000381469727,13.454999923706055,13236600.0
2009-07-13T04:00:00Z,13.454999923706055,13.710000038146973,13.375,13.6899995803833,12579600.0
2009-07-14T04:00:00Z,13.774999618530273,13.800000190734863,13.609999656677246,13.795000076293945,11578000.0
2009-07-15T04:00:00Z,13.970000267028809,14.074999809265137,13.829999923706055,14.069999694824219,15265000.0
2009-07-16T04:00:00Z,14.045000076293945,14.140000343322754,13.875,14.074999809265137,8756000.0
2009-07-17T04:00:00Z,14.145000457763672,14.145000457763672,13.885000228881836,14.010000228881836,7596000.0
2009-07-20T04:00:00Z,14.010000228881836,14.125,13.920000076293945,14.114999771118164,8794200.0
2009-07-21T04:00:00Z,14.164999961853027,14.274999618530273,14.109999656677246,14.255000114440918,13569200.0
2009-07-22T04:00:00Z,14.255000114440918,14.305000305175781,14.125,14.180000305175781,11785800.0
2009-07-23T04:00:00Z,14.204999923706055,14.609999656677246,14.170000076293945,14.550000190734863,15589200.0
2009-07-24T04:00:00Z,14.550000190734863,14.779999732971191,14.454999923706055,14.779999732971191,10510400.0
2009-07-27T04:00:00Z,14.755000114440918,14.779999732971191,14.640000343322754,14.744999885559082,6353600.0
2009-07-28T04:00:00Z,14.729999542236328,14.75,14.385000228881836,14.505000114440918,9412400.0
2009-07-29T04:00:00Z,14.449999809265137,14.539999961853027,14.265000343322754,14.4350004196167,10645800.0
2009-07-30T04:00:00Z,14.600000381469727,14.734999656677246,14.494999885559082,14.654999732971191,12898800.0
2009-07-31T04:00:00Z,14.614999771118164,14.6850004196167,14.460000038146973,14.470000267028809,10675200.0
2009-08-03T04:00:00Z,14.53499984741211,14.619999885559082,14.444999694824219,14.614999771118164,12321600.0
2009-08-04T04:00:00Z,14.569999694824219,14.569999694824219,14.385000228881836,14.399999618530273,12990800.0
2009-08-05T04:00:00Z,14.470000267028809,14.494999885559082,14.204999923706055,14.300000190734863,9034200.0
2009-08-06T04:00:00Z,14.369999885559082,14.369999885559082,14.229999542236328,14.324999809265137,10230800.0
2009-08-07T04:00:00Z,14.399999618530273,14.520000457763672,14.324999809265137,14.460000038146973,14344800.0
2009-08-10T04:00:00Z,14.454999923706055,14.5,14.295000076293945,14.489999771118164,6442600.0
2009-08-11T04:00:00Z,14.479999542236328,14.5,14.364999771118164,14.5,5669600.0
2009-08-12T04:00:00Z,14.510000228881836,14.670000076293945,14.399999618530273,14.569999694824219,9098000.0
2009-08-13T04:00:00Z,14.585000038146973,14.619999885559082,14.430000305175781,14.520000457763672,11472600.0
2009-08-14T04:00:00Z,14.46500015258789,14.59000015258789,14.375,14.520000457763672,7126200.0
2009-08-17T04:00:00Z,14.350000381469727,14.404999732971191,14.289999961853027,14.319999694824219,9564200.0
2009-08-18T04:00:00Z,14.420000076293945,14.420000076293945,14.25,14.350000381469727,9345200.0
2009-08-19T04:00:00Z,14.324999809265137,14.489999771118164,14.28499984741211,14.454999923706055,7654600.0
2009-08-20T04:00:00Z,14.489999771118164,14.574999809265137,14.399999618530273,14.574999809265137,6626200.0
2009-08-21T04:00:00Z,14.614999771118164,14.864999771118164,14.600000381469727,14.859999656677246,14245200.0
2009-08-24T04:00:00Z,14.895000457763672,14.930000305175781,14.779999732971191,14.885000228881836,6479200.0
2009-08-25T04:00:00Z,14.885000228881836,14.9399995803833,14.78499984741211,14.789999961853027,6565600.0
2009-08-26T04:00:00Z,14.805000305175781,14.84000015258789,14.680000305175781,14.774999618530273,6671000.0
2009-08-27T04:00:00Z,14.805000305175781,14.8100004196167,14.670000076293945,14.774999618530273,9706000.0
2009-08-28T04:00:00Z,14.795000076293945,14.829999923706055,14.654999732971191,14.739999771118164,6695000.0
2009-08-31T04:00:00Z,14.704999923706055,14.725000381469727,14.574999809265137,14.614999771118164,14720000.0
2009-09-01T04:00:00Z,14.5600004196167,14.725000381469727,14.475000381469727,14.5,13162200.0
2009-09-02T04:00:00Z,14.444999694824219,14.489999771118164,14.350000381469727,14.399999618530273,10472000.0
2009-09-03T04:00:00Z,14.46500015258789,14.46500015258789,14.3100004196167,14.390000343322754,7518400.0
2009-09-04T04:00:00Z,14.46500015258789,14.494999885559082,14.369999885559082,14.460000038146973,11043800.0
2009-09-08T04:00:00Z,14.569999694824219,14.579999923706055,14.4350004196167,14.494999885559082,6193000.0
2009-09-09T04:00:00Z,14.489999771118164,14.555000305175781,14.460000038146973,14.475000381469727,9241600.0
2009-09-10T04:00:00Z,14.449999809265137,14.515000343322754,14.380000114440918,14.475000381469727,10601400.0
2009-09-11T04:00:00Z,14.5,14.550000190734863,14.4350004196167,14.470000267028809,14205400.0
2009-09-14T04:00:00Z,14.430000305175781,14.680000305175781,14.399999618530273,14.680000305175781,13520200.0
2009-09-15T04:00:00Z,14.6899995803833,14.795000076293945,14.595000267028809,14.789999961853027,8370000.0
2009-09-16T04:00:00Z,14.835000038146973,15.029999732971191,14.710000038146973,15.024999618530273,11341800.0
2009-09-17T04:00:00Z,15.0,15.055000305175781,14.904999732971191,14.925000190734863,10708000.0
2009-09-18T04:00:00Z,14.774999618530273,14.869999885559082,14.774999618530273,14.84000015258789,9569200.0
2009-09-21T04:00:00Z,14.760000228881836,14.819999694824219,14.654999732971191,14.770000457763672,12258800.0
2009-09-22T04:00:00Z,14.835000038146973,14.835000038146973,14.699999809265137,14.729999542236328,9885800.0
2009-09-23T04:00:00Z,14.75,14.920000076293945,14.664999961853027,14.680000305175781,19368800.0
2009-09-24T04:00:00Z,14.6850004196167,14.78499984741211,14.640000343322754,14.640000343322754,9617200.0
2009-09-25T04:00:00Z,14.625,14.699999809265137,14.595000267028809,14.600000381469727,5916000.0
2009-09-28T04:00:00Z,14.640000343322754,14.835000038146973,14.585000038146973,14.725000381469727,7440800.0
2009-09-29T04:00:00Z,14.805000305175781,14.819999694824219,14.664999961853027,14.755000114440918,11010800.0
2009-09-30T04:00:00Z,14.8100004196167,14.819999694824219,14.579999923706055,14.664999961853027,13267000.0
2009-10-01T04:00:00Z,14.680000305175781,14.680000305175781,14.390000343322754,14.414999961853027,18486000.0
2009-10-02T04:00:00Z,14.295000076293945,14.324999809265137,14.210000038146973,14.260000228881836,12871200.0
2009-10-05T04:00:00Z,14.265000343322754,14.449999809265137,14.175000190734863,14.414999961853027,13698400.0
2009-10-06T04:00:00Z,14.460000038146973,14.59000015258789,14.414999961853027,14.524999618530273,7927000.0
2009-10-07T04:00:00Z,14.5,14.555000305175781,14.430000305175781,14.53499984741211,6563000.0
2009-10-08T04:00:00Z,14.625,14.625,14.510000228881836,14.53499984741211,18317400.0
2009-10-09T04:00:00Z,14.5600004196167,14.664999961853027,14.479999542236328,14.625,9148400.0
2009-10-12T04:00:00Z,14.619999885559082,14.774999618530273,14.619999885559082,14.774999618530273,4933600.0
2009-10-13T04:00:00Z,14.720000267028809,14.720000267028809,14.609999656677246,14.670000076293945,9727400.0
2009-10-14T04:00:00Z,14.734999656677246,14.770000457763672,14.600000381469727,14.680000305175781,15955600.0
2009-10-15T04:00:00Z,14.645000457763672,14.8149995803833,14.645000457763672,14.795000076293945,15067400.0
2009-10-16T04:00:00Z,14.725000381469727,14.904999732971191,14.680000305175781,14.845000267028809,15137600.0
2009-10-19T04:00:00Z,14.850000381469727,15.114999771118164,14.789999961853027,15.055000305175781,17785200.0
2009-10-20T04:00:00Z,15.085000038146973,15.095000267028809,14.845000267028809,14.904999732971191,12402400.0
2009-10-21T04:00:00Z,14.899999618530273,15.104999542236328,14.885000228881836,14.925000190734863,16686800.0
2009-10-22T04:00:00Z,14.9399995803833,14.975000381469727,14.805000305175781,14.960000038146973,8429200.0
2009-10-23T04:00:00Z,15.005000114440918,15.005000114440918,14.670000076293945,14.71500015258789,14337000.0
2009-10-26T04:00:00Z,14.739999771118164,14.920000076293945,14.475000381469727,14.520000457763672,24405200.0
2009-10-27T04:00:00Z,14.569999694824219,14.664999961853027,14.4350004196167,14.484999656677246,21525400.0
2009-10-28T04:00:00Z,14.479999542236328,14.545000076293945,14.319999694824219,14.34000015258789,31477800.0
2009-10-29T04:00:00Z,14.399999618530273,14.489999771118164,14.3149995803833,14.46500015258789,15075800.0
2009-10-30T04:00:00Z,14.460000038146973,14.505000114440918,14.175000190734863,14.194999694824219,26520200.0
2009-11-02T05:00:00Z,14.255000114440918,14.350000381469727,14.050000190734863,14.170000076293945,16569400.0
2009-11-03T05:00:00Z,14.170000076293945,14.21500015258789,14.09000015258789,14.140000343322754,16763200.0
2009-11-04T05:00:00Z,14.1899995803833,14.4350004196167,14.175000190734863,14.234999656677246,15900400.0
2009-11-05T05:00:00Z,14.329999923706055,14.489999771118164,14.319999694824219,14.475000381469727,12965800.0
2009-11-06T05:00:00Z,14.4399995803833,14.539999961853027,14.390000343322754,14.460000038146973,14428600.0
2009-11-09T05:00:00Z,14.53499984741211,14.720000267028809,14.515000343322754,14.720000267028809,9505000.0
2009-11-10T05:00:00Z,14.680000305175781,14.819999694824219,14.664999961853027,14.789999961853027,11047200.0
2009-11-11T05:00:00Z,14.869999885559082,14.890000343322754,14.710000038146973,14.755000114440918,11596800.0
2009-11-12T05:00:00Z,14.734999656677246,14.789999961853027,14.539999961853027,14.550000190734863,10920200.0
2009-11-13T05:00:00Z,14.579999923706055,14.744999885559082,14.524999618530273,14.680000305175781,16998400.0
2009-11-16T05:00:00Z,14.789999961853027,14.895000457763672,14.744999885559082,14.885000228881836,15589000.0
2009-11-17T05:00:00Z,14.920000076293945,14.920000076293945,14.770000457763672,14.805000305175781,10863800.0
2009-11-18T05:00:00Z,14.800000190734863,14.845000267028809,14.720000267028809,14.739999771118164,9522800.0
2009-11-19T05:00:00Z,14.704999923706055,14.739999771118164,14.520000457763672,14.5600004196167,12387200.0
2009-11-20T05:00:00Z,14.524999618530273,14.625,14.515000343322754,14.625,14961400.0
2009-11-23T05:00:00Z,14.755000114440918,14.875,14.699999809265137,14.8100004196167,14809800.0
2009-11-24T05:00:00Z,14.845000267028809,14.869999885559082,14.739999771118164,14.84000015258789,14683800.0
2009-11-25T05:00:00Z,14.845000267028809,15.045000076293945,14.84000015258789,15.010000228881836,12641400.0
2009-11-27T05:00:00Z,14.800000190734863,14.90999984741211,14.6850004196167,14.755000114440918,11985000.0
2009-11-30T05:00:00Z,14.824999809265137,14.904999732971191,14.755000114440918,14.880000114440918,11441200.0
2009-12-01T05:00:00Z,14.989999771118164,15.164999961853027,14.954999923706055,15.15999984741211,21079200.0
2009-12-02T05:00:00Z,15.210000038146973,15.364999771118164,15.164999961853027,15.364999771118164,26181000.0
2009-12-03T05:00:00Z,15.414999961853027,15.524999618530273,15.300000190734863,15.414999961853027,19928400.0
2009-12-04T05:00:00Z,15.569999694824219,15.609999656677246,15.140000343322754,15.319999694824219,40697200.0
2009-12-07T05:00:00Z,15.414999961853027,15.539999961853027,15.1899995803833,15.454999923706055,22234200.0
2009-12-08T05:00:00Z,15.460000038146973,15.46500015258789,15.270000457763672,15.390000343322754,30401200.0
2009-12-09T05:00:00Z,15.420000076293945,15.460000038146973,15.324999809265137,15.444999694824219,19806600.0
2009-12-10T05:00:00Z,15.579999923706055,15.6850004196167,15.494999885559082,15.640000343322754,24120600.0
2009-12-11T05:00:00Z,15.71500015258789,15.90999984741211,15.640000343322754,15.90999984741211,25049400.0
2009-12-14T05:00:00Z,16.010000228881836,16.040000915527344,15.880000114440918,15.984999656677246,27626200.0
2009-12-15T05:00:00Z,15.914999961853027,15.9350004196167,15.8149995803833,15.885000228881836,13724800.0
2009-12-16T05:00:00Z,15.9350004196167,15.975000381469727,15.8100004196167,15.8149995803833,24749600.0
2009-12-17T05:00:00Z,15.760000228881836,15.84000015258789,15.680000305175781,15.725000381469727,17811000.0
2009-12-18T05:00:00Z,15.704999923706055,15.734999656677246,15.515000343322754,15.675000190734863,22362000.0
2009-12-21T05:00:00Z,15.725000381469727,15.789999961853027,15.675000190734863,15.720000267028809,10671800.0
2009-12-22T05:00:00Z,15.789999961853027,15.805000305175781,15.574999809265137,15.59000015258789,21422200.0
2009-12-23T05:00:00Z,15.675000190734863,15.675000190734863,15.550000190734863,15.625,10412200.0
2009-12-24T05:00:00Z,15.6850004196167,15.755000114440918,15.619999885559082,15.739999771118164,3986400.0
2009-12-28T05:00:00Z,15.75,15.800000190734863,15.6899995803833,15.75,19215000.0
2009-12-29T05:00:00Z,15.789999961853027,15.819999694824219,15.739999771118164,15.739999771118164,9312600.0
2009-12-30T05:00:00Z,15.739999771118164,15.78499984741211,15.699999809265137,15.734999656677246,4629600.0
2009-12-31T05:00:00Z,15.800000190734863,15.805000305175781,15.5,15.510000228881836,11013800.0
2010-01-04T05:00:00Z,15.640000343322754,15.680000305175781,15.505000114440918,15.539999961853027,16435200.0
2010-01-05T05:00:00Z,15.494999885559082,15.585000038146973,15.279999732971191,15.354999542236328,36047400.0
2010-01-06T05:00:00Z,15.345000267028809,15.5,15.345000267028809,15.444999694824219,25490200.0
2010-01-07T05:00:00Z,15.425000190734863,15.4350004196167,15.319999694824219,15.375,13126200.0
2010-01-08T05:00:00Z,15.354999542236328,15.395000457763672,15.260000228881836,15.359999656677246,12535200.0
2010-01-11T05:00:00Z,15.399999618530273,15.550000190734863,15.375,15.520000457763672,17749000.0
2010-01-12T05:00:00Z,15.475000381469727,15.579999923706055,15.395000457763672,15.454999923706055,16655000.0
2010-01-13T05:00:00Z,15.494999885559082,15.630000114440918,15.430000305175781,15.625,15719000.0
2010-01-14T05:00:00Z,15.604999542236328,15.645000457763672,15.484999656677246,15.555000305175781,9633200.0
2010-01-15T05:00:00Z,15.444999694824219,15.520000457763672,15.289999961853027,15.454999923706055,25421400.0
2010-01-19T05:00:00Z,15.460000038146973,15.649999618530273,15.420000076293945,15.635000228881836,11792800.0
2010-01-20T05:00:00Z,15.579999923706055,15.579999923706055,15.329999923706055,15.470000267028809,19039400.0
2010-01-21T05:00:00Z,15.489999771118164,15.579999923706055,15.199999809265137,15.244999885559082,25810600.0
2010-01-22T05:00:00Z,15.25,15.25,14.90999984741211,14.90999984741211,25406200.0
2010-01-25T05:00:00Z,15.050000190734863,15.069999694824219,14.875,15.010000228881836,14953600.0
2010-01-26T05:00:00Z,15.0,15.130000114440918,14.920000076293945,15.069999694824219,15081800.0
2010-01-27T05:00:00Z,15.074999809265137,15.074999809265137,14.78499984741211,14.970000267028809,28596200.0
2010-01-28T05:00:00Z,14.949999809265137,15.0600004196167,14.774999618530273,14.854999542236328,28124400.0
2010-01-29T05:00:00Z,14.854999542236328,14.944999694824219,14.739999771118164,14.765000343322754,19145600.0
2010-02-01T05:00:00Z,14.779999732971191,14.869999885559082,14.675000190734863,14.859999656677246,13365800.0
2010-02-02T05:00:00Z,14.895000457763672,14.989999771118164,14.734999656677246,14.979999542236328,13107200.0
2010-02-03T05:00:00Z,14.899999618530273,14.954999923706055,14.829999923706055,14.875,7964800.0
2010-02-04T05:00:00Z,14.805000305175781,14.835000038146973,14.484999656677246,14.484999656677246,14481600.0
2010-02-05T05:00:00Z,14.515000343322754,14.515000343322754,14.229999542236328,14.460000038146973,19976600.0
2010-02-08T05:00:00Z,14.475000381469727,14.5600004196167,14.289999961853027,14.295000076293945,10247000.0
2010-02-09T05:00:00Z,14.420000076293945,14.604999542236328,14.369999885559082,14.4399995803833,17430600.0
2010-02-10T05:00:00Z,14.470000267028809,14.470000267028809,14.25,14.375,13144400.0
2010-02-11T05:00:00Z,14.390000343322754,14.479999542236328,14.225000381469727,14.460000038146973,16220000.0
2010-02-12T05:00:00Z,14.375,14.414999961853027,14.274999618530273,14.404999732971191,20124600.0
2010-02-16T05:00:00Z,14.425000190734863,14.65999984741211,14.425000190734863,14.654999732971191,12028800.0
2010-02-17T05:00:00Z,14.725000381469727,14.744999885559082,14.5649995803833,14.595000267028809,12895200.0
2010-02-18T05:00:00Z,14.515000343322754,14.720000267028809,14.5,14.675000190734863,11053800.0
2010-02-19T05:00:00Z,14.654999732971191,14.9399995803833,14.595000267028809,14.880000114440918,11193200.0
2010-02-22T05:00:00Z,14.994999885559082,15.029999732971191,14.789999961853027,14.800000190734863,11315400.0
2010-02-23T05:00:00Z,14.755000114440918,14.824999809265137,14.65999984741211,14.699999809265137,11088600.0
2010-02-24T05:00:00Z,14.739999771118164,14.765000343322754,14.555000305175781,14.71500015258789,9981600.0
2010-02-25T05:00:00Z,14.529999732971191,14.6899995803833,14.449999809265137,14.6850004196167,14762800.0
2010-02-26T05:00:00Z,14.649999618530273,14.720000267028809,14.555000305175781,14.569999694824219,16631400.0
2010-03-01T05:00:00Z,14.619999885559082,14.805000305175781,14.614999771118164,14.779999732971191,9867200.0
2010-03-02T05:00:00Z,14.789999961853027,14.890000343322754,14.789999961853027,14.824999809265137,9431000.0
2010-03-03T05:00:00Z,14.854999542236328,14.920000076293945,14.774999618530273,14.800000190734863,7253400.0
2010-03-04T05:00:00Z,14.829999923706055,14.84000015258789,14.729999542236328,14.829999923706055,10821600.0
2010-03-05T05:00:00Z,14.895000457763672,15.005000114440918,14.84000015258789,14.979999542236328,10381000.0
2010-03-08T05:00:00Z,15.039999961853027,15.039999961853027,14.975000381469727,14.979999542236328,6968800.0
2010-03-09T05:00:00Z,14.96500015258789,15.0,14.930000305175781,14.960000038146973,7874400.0
2010-03-10T05:00:00Z,14.984999656677246,15.0,14.895000457763672,14.96500015258789,7696400.0
2010-03-11T05:00:00Z,14.949999809265137,15.020000457763672,14.895000457763672,15.015000343322754,7329600.0
2010-03-12T05:00:00Z,15.03499984741211,15.0649995803833,14.885000228881836,14.920000076293945,11438600.0
2010-03-15T04:00:00Z,14.914999961853027,14.984999656677246,14.875,14.975000381469727,7583800.0
2010-03-16T04:00:00Z,14.954999923706055,15.15999984741211,14.944999694824219,15.149999618530273,11058400.0
2010-03-17T04:00:00Z,15.1899995803833,15.225000381469727,15.119999885559082,15.199999809265137,11782200.0
2010-03-18T04:00:00Z,15.170000076293945,15.25,15.09000015258789,15.130000114440918,8634200.0
2010-03-19T04:00:00Z,14.979999542236328,15.085000038146973,14.875,14.979999542236328,11532000.0
2010-03-22T04:00:00Z,14.920000076293945,14.944999694824219,14.829999923706055,14.880000114440918,10220400.0
2010-03-23T04:00:00Z,14.914999961853027,14.9399995803833,14.84000015258789,14.9399995803833,11646600.0
2010-03-24T04:00:00Z,14.890000343322754,14.9399995803833,14.765000343322754,14.78499984741211,13198800.0
2010-03-25T04:00:00Z,14.8100004196167,14.854999542236328,14.675000190734863,14.6899995803833,20968200.0
2010-03-26T04:00:00Z,14.6850004196167,14.78499984741211,14.649999618530273,14.725000381469727,16545200.0
2010-03-29T04:00:00Z,14.779999732971191,14.90999984741211,14.765000343322754,14.904999732971191,17222600.0
2010-03-30T04:00:00Z,14.885000228881836,14.970000267028809,14.859999656677246,14.864999771118164,11132000.0
2010-03-31T04:00:00Z,14.845000267028809,14.90999984741211,14.75,14.829999923706055,12073800.0
2010-04-01T04:00:00Z,14.899999618530273,15.0600004196167,14.880000114440918,15.03499984741211,10571000.0
2010-04-05T04:00:00Z,15.069999694824219,15.125,15.010000228881836,15.125,7100400.0
2010-04-06T04:00:00Z,15.005000114440918,15.25,15.005000114440918,15.25,8051200.0
2010-04-07T04:00:00Z,15.204999923706055,15.220000267028809,15.050000190734863,15.100000381469727,11670800.0
2010-04-08T04:00:00Z,15.03499984741211,15.069999694824219,14.96500015258789,15.010000228881836,9547800.0
2010-04-09T04:00:00Z,15.024999618530273,15.119999885559082,14.90999984741211,15.119999885559082,13211400.0
2010-04-12T04:00:00Z,15.135000228881836,15.199999809265137,15.125,15.15999984741211,9267400.0
2010-04-13T04:00:00Z,15.15999984741211,15.15999984741211,15.0,15.079999923706055,10481200.0
2010-04-14T04:00:00Z,15.074999809265137,15.130000114440918,15.020000457763672,15.095000267028809,9546400.0
2010-04-15T04:00:00Z,15.0649995803833,15.109999656677246,15.010000228881836,15.09000015258789,9531400.0
2010-04-16T04:00:00Z,15.0600004196167,15.09000015258789,14.880000114440918,14.914999961853027,15365200.0
2010-04-19T04:00:00Z,14.890000343322754,14.960000038146973,14.84000015258789,14.930000305175781,10571000.0
2010-04-20T04:00:00Z,15.024999618530273,15.119999885559082,15.0,15.119999885559082,7268200.0
2010-04-21T04:00:00Z,15.135000228881836,15.15999984741211,15.03499984741211,15.135000228881836,10072800.0
2010-04-22T04:00:00Z,15.0649995803833,15.204999923706055,15.029999732971191,15.1850004196167,4094800.0
2010-04-23T04:00:00Z,15.194999694824219,15.3149995803833,15.095000267028809,15.305000305175781,8979600.0
2010-04-26T04:00:00Z,15.300000190734863,15.354999542236328,15.239999771118164,15.25,11291000.0
2010-04-27T04:00:00Z,15.1899995803833,15.289999961853027,14.975000381469727,14.989999771118164,12714400.0
2010-04-28T04:00:00Z,15.050000190734863,15.164999961853027,14.984999656677246,15.145000457763672,13879400.0
2010-04-29T04:00:00Z,15.1899995803833,15.274999618530273,15.109999656677246,15.15999984741211,6558000.0
2010-04-30T04:00:00Z,15.175000190734863,15.369999885559082,15.164999961853027,15.220000267028809,9983000.0
2010-05-03T04:00:00Z,15.279999732971191,15.454999923706055,15.229999542236328,15.414999961853027,11307400.0
2010-05-04T04:00:00Z,15.324999809265137,15.350000381469727,15.074999809265137,15.149999618530273,18681600.0
2010-05-05T04:00:00Z,15.029999732971191,15.234999656677246,14.975000381469727,15.045000076293945,18379000.0
2010-05-06T04:00:00Z,14.994999885559082,15.039999961853027,12.880000114440918,14.630000114440918,36348600.0
2010-05-07T04:00:00Z,14.505000114440918,14.805000305175781,14.34000015258789,14.550000190734863,35338200.0
2010-05-10T04:00:00Z,14.890000343322754,15.095000267028809,14.8149995803833,15.0,19012200.0
2010-05-11T04:00:00Z,14.925000190734863,15.1899995803833,14.859999656677246,15.029999732971191,14452200.0
2010-05-12T04:00:00Z,15.050000190734863,15.199999809265137,14.984999656677246,15.154999732971191,10453800.0
2010-05-13T04:00:00Z,15.149999618530273,15.295000076293945,15.069999694824219,15.09000015258789,14102600.0
2010-05-14T04:00:00Z,15.024999618530273,15.114999771118164,14.890000343322754,14.96500015258789,15085400.0
2010-05-17T04:00:00Z,15.0,15.050000190734863,14.75,14.979999542236328,16954600.0
2010-05-18T04:00:00Z,15.050000190734863,15.104999542236328,14.8100004196167,14.835000038146973,15573400.0
2010-05-19T04:00:00Z,14.774999618530273,14.829999923706055,14.585000038146973,14.6850004196167,17104800.0
2010-05-20T04:00:00Z,14.460000038146973,14.505000114440918,14.225000381469727,14.244999885559082,22447800.0
2010-05-21T04:00:00Z,14.03499984741211,14.324999809265137,14.0,14.3100004196167,19750800.0
2010-05-24T04:00:00Z,14.305000305175781,14.40999984741211,14.170000076293945,14.175000190734863,13608400.0
2010-05-25T04:00:00Z,13.90999984741211,14.109999656677246,13.720000267028809,14.100000381469727,27062600.0
2010-05-26T04:00:00Z,14.244999885559082,14.265000343322754,14.024999618530273,14.095000267028809,15142600.0
2010-05-27T04:00:00Z,14.210000038146973,14.375,14.194999694824219,14.364999771118164,10844800.0
2010-05-28T04:00:00Z,14.385000228881836,14.510000228881836,14.324999809265137,14.380000114440918,14656800.0
2010-06-01T04:00:00Z,14.300000190734863,14.350000381469727,14.03499984741211,14.045000076293945,21627200.0
2010-06-02T04:00:00Z,14.119999885559082,14.354999542236328,14.045000076293945,14.34000015258789,12254000.0
2010-06-03T04:00:00Z,14.364999771118164,14.505000114440918,14.359999656677246,14.489999771118164,13973800.0
2010-06-04T04:00:00Z,14.324999809265137,14.350000381469727,14.015000343322754,14.0600004196167,17779200.0
2010-06-07T04:00:00Z,14.170000076293945,14.34000015258789,14.0600004196167,14.145000457763672,15210600.0
2010-06-08T04:00:00Z,14.125,14.359999656677246,14.085000038146973,14.329999923706055,22054000.0
2010-06-09T04:00:00Z,14.430000305175781,14.4350004196167,14.210000038146973,14.25,12348400.0
2010-06-10T04:00:00Z,14.354999542236328,14.625,14.354999542236328,14.600000381469727,12381600.0
2010-06-11T04:00:00Z,14.46500015258789,14.625,14.4350004196167,14.609999656677246,12052200.0
2010-06-14T04:00:00Z,14.6899995803833,14.800000190734863,14.664999961853027,14.694999694824219,10818000.0
2010-06-15T04:00:00Z,14.795000076293945,14.979999542236328,14.770000457763672,14.979999542236328,9565200.0
2010-06-16T04:00:00Z,14.854999542236328,15.125,14.854999542236328,15.074999809265137,12673000.0
2010-06-17T04:00:00Z,15.130000114440918,15.194999694824219,14.96500015258789,15.1850004196167,14704000.0
2010-06-18T04:00:00Z,15.045000076293945,15.074999809265137,14.975000381469727,15.039999961853027,9589400.0
2010-06-21T04:00:00Z,15.119999885559082,15.170000076293945,14.859999656677246,14.9350004196167,12426600.0
2010-06-22T04:00:00Z,14.9350004196167,14.9399995803833,14.529999732971191,14.5649995803833,21313400.0
2010-06-23T04:00:00Z,14.5600004196167,14.569999694824219,14.350000381469727,14.4350004196167,24847000.0
2010-06-24T04:00:00Z,14.380000114440918,14.5600004196167,14.345000267028809,14.354999542236328,14830200.0
2010-06-25T04:00:00Z,14.395000457763672,14.479999542236328,14.25,14.420000076293945,7795400.0
2010-06-28T04:00:00Z,14.46500015258789,14.59000015258789,14.335000038146973,14.515000343322754,12941400.0
2010-06-29T04:00:00Z,14.380000114440918,14.385000228881836,14.15999984741211,14.220000267028809,17480800.0
2010-06-30T04:00:00Z,14.170000076293945,14.369999885559082,14.074999809265137,14.130000114440918,12950200.0
2010-07-01T04:00:00Z,14.104999542236328,14.154999732971191,13.960000038146973,14.0649995803833,19978200.0
2010-07-02T04:00:00Z,14.09000015258789,14.170000076293945,14.039999961853027,14.079999923706055,12074400.0
2010-07-06T04:00:00Z,14.199999809265137,14.324999809265137,14.114999771118164,14.244999885559082,17568600.0
2010-07-07T04:00:00Z,14.25,14.704999923706055,14.244999885559082,14.6850004196167,14888200.0
2010-07-08T04:00:00Z,14.729999542236328,14.819999694824219,14.680000305175781,14.800000190734863,12771200.0
2010-07-09T04:00:00Z,14.774999618530273,14.920000076293945,14.729999542236328,14.899999618530273,14533400.0
2010-07-12T04:00:00Z,14.880000114440918,14.96500015258789,14.8149995803833,14.949999809265137,8277400.0
2010-07-13T04:00:00Z,15.024999618530273,15.095000267028809,14.914999961853027,15.0,17669000.0
2010-07-14T04:00:00Z,14.914999961853027,15.024999618530273,14.854999542236328,15.005000114440918,12643000.0
2010-07-15T04:00:00Z,15.0,15.145000457763672,14.904999732971191,15.104999542236328,15523800.0
2010-07-16T04:00:00Z,15.039999961853027,15.09000015258789,14.829999923706055,14.845000267028809,16470400.0
2010-07-19T04:00:00Z,14.899999618530273,15.125,14.875,15.074999809265137,13888600.0
2010-07-20T04:00:00Z,14.845000267028809,15.220000267028809,14.845000267028809,15.210000038146973,13489000.0
2010-07-21T04:00:00Z,15.199999809265137,15.210000038146973,14.899999618530273,14.975000381469727,13232600.0
2010-07-22T04:00:00Z,15.100000381469727,15.289999961853027,15.100000381469727,15.21500015258789,11061800.0
2010-07-23T04:00:00Z,15.225000381469727,15.260000228881836,15.104999542236328,15.239999771118164,14276200.0
2010-07-26T04:00:00Z,15.225000381469727,15.350000381469727,15.225000381469727,15.350000381469727,10119600.0
2010-07-27T04:00:00Z,15.40999984741211,15.600000381469727,15.359999656677246,15.574999809265137,43369400.0
2010-07-28T04:00:00Z,15.569999694824219,15.574999809265137,15.470000267028809,15.5,16131000.0
2010-07-29T04:00:00Z,15.515000343322754,15.595000267028809,15.204999923706055,15.260000228881836,16620400.0
2010-07-30T04:00:00Z,15.175000190734863,15.265000343322754,15.085000038146973,15.1850004196167,18165000.0
2010-08-02T04:00:00Z,15.390000343322754,15.5,15.319999694824219,15.5,15250200.0
2010-08-03T04:00:00Z,15.449999809265137,15.5600004196167,15.404999732971191,15.425000190734863,8486600.0
2010-08-04T04:00:00Z,15.454999923706055,15.489999771118164,15.329999923706055,15.489999771118164,10249600.0
2010-08-05T04:00:00Z,15.369999885559082,15.475000381469727,15.329999923706055,15.46500015258789,7330600.0
2010-08-06T04:00:00Z,15.390000343322754,15.5,15.274999618530273,15.494999885559082,12657000.0
2010-08-09T04:00:00Z,15.524999618530273,15.619999885559082,15.515000343322754,15.550000190734863,9402200.0
2010-08-10T04:00:00Z,15.505000114440918,15.725000381469727,15.404999732971191,15.640000343322754,18455400.0
2010-08-11T04:00:00Z,15.444999694824219,15.470000267028809,15.319999694824219,15.324999809265137,19026000.0
2010-08-12T04:00:00Z,15.1899995803833,15.345000267028809,15.154999732971191,15.295000076293945,12927800.0
2010-08-13T04:00:00Z,15.255000114440918,15.449999809265137,15.239999771118164,15.350000381469727,11767000.0
2010-08-16T04:00:00Z,15.295000076293945,15.390000343322754,15.164999961853027,15.350000381469727,16903000.0
2010-08-17T04:00:00Z,15.505000114440918,15.59000015258789,15.390000343322754,15.5,13938200.0
2010-08-18T04:00:00Z,15.470000267028809,15.524999618530273,15.300000190734863,15.414999961853027,41010200.0
2010-08-19T04:00:00Z,15.350000381469727,15.380000114440918,15.104999542236328,15.194999694824219,20176600.0
2010-08-20T04:00:00Z,15.170000076293945,15.265000343322754,15.074999809265137,15.234999656677246,16249400.0
2010-08-23T04:00:00Z,15.274999618530273,15.454999923706055,15.270000457763672,15.335000038146973,11017400.0
2010-08-24T04:00:00Z,15.220000267028809,15.46500015258789,15.180000305175781,15.359999656677246,27474800.0
2010-08-25T04:00:00Z,15.300000190734863,15.385000228881836,15.175000190734863,15.350000381469727,21369800.0
2010-08-26T04:00:00Z,15.399999618530273,15.399999618530273,15.234999656677246,15.279999732971191,13720800.0
2010-08-27T04:00:00Z,15.28499984741211,15.574999809265137,15.21500015258789,15.569999694824219,19852400.0
2010-08-30T04:00:00Z,15.555000305175781,15.569999694824219,15.335000038146973,15.335000038146973,16778600.0
2010-08-31T04:00:00Z,15.305000305175781,15.470000267028809,15.199999809265137,15.404999732971191,17872800.0
2010-09-01T04:00:00Z,15.524999618530273,15.765000343322754,15.475000381469727,15.739999771118164,16499800.0
2010-09-02T04:00:00Z,15.760000228881836,15.779999732971191,15.604999542236328,15.739999771118164,12004000.0
2010-09-03T04:00:00Z,15.78499984741211,15.819999694824219,15.675000190734863,15.8100004196167,10712400.0
2010-09-07T04:00:00Z,15.779999732971191,15.869999885559082,15.725000381469727,15.729999542236328,9845600.0
2010-09-08T04:00:00Z,15.770000457763672,15.8100004196167,15.645000457763672,15.654999732971191,9777800.0
2010-09-09T04:00:00Z,15.760000228881836,15.845000267028809,15.75,15.8100004196167,10796400.0
2010-09-10T04:00:00Z,15.779999732971191,15.779999732971191,15.65999984741211,15.720000267028809,12463400.0
2010-09-13T04:00:00Z,15.864999771118164,15.864999771118164,15.75,15.774999618530273,9892000.0
2010-09-14T04:00:00Z,15.774999618530273,15.819999694824219,15.670000076293945,15.755000114440918,10363000.0
2010-09-15T04:00:00Z,15.729999542236328,15.739999771118164,15.619999885559082,15.664999961853027,11759800.0
2010-09-16T04:00:00Z,15.640000343322754,15.670000076293945,15.545000076293945,15.609999656677246,10643400.0
2010-09-17T04:00:00Z,15.529999732971191,15.545000076293945,15.380000114440918,15.425000190734863,19927800.0
2010-09-20T04:00:00Z,15.489999771118164,15.645000457763672,15.425000190734863,15.630000114440918,11506200.0
2010-09-21T04:00:00Z,15.645000457763672,15.664999961853027,15.515000343322754,15.550000190734863,14737200.0
2010-09-22T04:00:00Z,15.539999961853027,15.720000267028809,15.539999961853027,15.65999984741211,16023600.0
2010-09-23T04:00:00Z,15.574999809265137,15.65999984741211,15.46500015258789,15.479999542236328,13658800.0
2010-09-24T04:00:00Z,15.649999618530273,15.774999618530273,15.630000114440918,15.729999542236328,9945200.0
2010-09-27T04:00:00Z,15.755000114440918,15.84000015258789,15.710000038146973,15.760000228881836,18805600.0
2010-09-28T04:00:00Z,15.779999732971191,15.84000015258789,15.654999732971191,15.770000457763672,10299000.0
2010-09-29T04:00:00Z,15.755000114440918,15.800000190734863,15.635000228881836,15.739999771118164,9843800.0
2010-09-30T04:00:00Z,15.824999809265137,15.854999542236328,15.654999732971191,15.6899995803833,22046400.0
2010-10-01T04:00:00Z,15.704999923706055,15.824999809265137,15.670000076293945,15.774999618530273,12853600.0
2010-10-04T04:00:00Z,15.795000076293945,15.875,15.664999961853027,15.744999885559082,9365000.0
2010-10-05T04:00:00Z,15.850000381469727,15.9350004196167,15.819999694824219,15.920000076293945,9052400.0
2010-10-06T04:00:00Z,15.920000076293945,15.930000305175781,15.78499984741211,15.845000267028809,9211400.0
2010-10-07T04:00:00Z,15.899999618530273,15.944999694824219,15.8149995803833,15.875,7399000.0
2010-10-08T04:00:00Z,15.899999618530273,15.9399995803833,15.824999809265137,15.925000190734863,7682400.0
2010-10-11T04:00:00Z,15.949999809265137,15.984999656677246,15.880000114440918,15.930000305175781,7472200.0
2010-10-12T04:00:00Z,15.970000267028809,15.970000267028809,15.789999961853027,15.864999771118164,8046800.0
2010-10-13T04:00:00Z,15.994999885559082,15.994999885559082,15.864999771118164,15.925000190734863,8168200.0
2010-10-14T04:00:00Z,15.930000305175781,15.984999656677246,15.829999923706055,15.899999618530273,8283200.0
2010-10-15T04:00:00Z,15.994999885559082,16.0,15.864999771118164,15.949999809265137,11576200.0
2010-10-18T04:00:00Z,15.984999656677246,16.135000228881836,15.949999809265137,15.949999809265137,8886600.0
2010-10-19T04:00:00Z,15.989999771118164,16.104999542236328,15.925000190734863,15.979999542236328,16859400.0
2010-10-20T04:00:00Z,16.024999618530273,16.200000762939453,16.020000457763672,16.110000610351562,7856000.0
2010-10-21T04:00:00Z,16.149999618530273,16.19499969482422,15.949999809265137,16.040000915527344,11776400.0
2010-10-22T04:00:00Z,16.049999237060547,16.065000534057617,15.875,15.9350004196167,8583800.0
2010-10-25T04:00:00Z,16.040000915527344,16.040000915527344,15.864999771118164,15.899999618530273,10554800.0
2010-10-26T04:00:00Z,15.854999542236328,15.885000228881836,15.78499984741211,15.859999656677246,7779400.0
2010-10-27T04:00:00Z,15.779999732971191,15.805000305175781,15.625,15.795000076293945,12007600.0
2010-10-28T04:00:00Z,15.864999771118164,15.890000343322754,15.760000228881836,15.835000038146973,10752600.0
2010-10-29T04:00:00Z,15.779999732971191,15.890000343322754,15.734999656677246,15.859999656677246,8346800.0
2010-11-01T04:00:00Z,15.920000076293945,15.979999542236328,15.630000114440918,15.704999923706055,14694400.0
2010-11-02T04:00:00Z,15.8100004196167,15.930000305175781,15.8100004196167,15.890000343322754,8272200.0
2010-11-03T04:00:00Z,15.9399995803833,15.960000038146973,15.75,15.859999656677246,17265000.0
2010-11-04T04:00:00Z,16.05500030517578,16.05500030517578,15.954999923706055,16.030000686645508,17655200.0
2010-11-05T04:00:00Z,16.010000228881836,16.049999237060547,15.960000038146973,16.024999618530273,10714800.0
2010-11-08T05:00:00Z,16.0049991607666,16.0049991607666,15.875,15.9350004196167,7557000.0
2010-11-09T05:00:00Z,15.96500015258789,16.014999389648438,15.829999923706055,15.880000114440918,18789200.0
2010-11-10T05:00:00Z,15.859999656677246,15.899999618530273,15.699999809265137,15.8100004196167,15469800.0
2010-11-11T05:00:00Z,15.770000457763672,15.805000305175781,15.734999656677246,15.800000190734863,9815200.0
2010-11-12T05:00:00Z,15.75,15.75,15.604999542236328,15.670000076293945,14602000.0
2010-11-15T05:00:00Z,15.725000381469727,15.8149995803833,15.71500015258789,15.725000381469727,7232800.0
2010-11-16T05:00:00Z,15.670000076293945,15.6899995803833,15.449999809265137,15.539999961853027,18491800.0
2010-11-17T05:00:00Z,15.5600004196167,15.595000267028809,15.494999885559082,15.53499984741211,10805600.0
2010-11-18T05:00:00Z,15.654999732971191,15.664999961853027,15.550000190734863,15.625,8854800.0
2010-11-19T05:00:00Z,15.579999923706055,15.635000228881836,15.454999923706055,15.5649995803833,8741000.0
2010-11-22T05:00:00Z,15.545000076293945,15.635000228881836,15.454999923706055,15.609999656677246,8572600.0
2010-11-23T05:00:00Z,15.5,15.5,15.385000228881836,15.4399995803833,12616000.0
2010-11-24T05:00:00Z,15.529999732971191,15.545000076293945,15.470000267028809,15.53499984741211,6615600.0
2010-11-26T05:00:00Z,15.449999809265137,15.555000305175781,15.399999618530273,15.430000305175781,3941400.0
2010-11-29T05:00:00Z,15.385000228881836,15.425000190734863,15.255000114440918,15.399999618530273,12282000.0
2010-11-30T05:00:00Z,15.270000457763672,15.444999694824219,15.270000457763672,15.380000114440918,11269200.0
2010-12-01T05:00:00Z,15.550000190734863,15.579999923706055,15.460000038146973,15.5600004196167,11565000.0
2010-12-02T05:00:00Z,15.539999961853027,15.604999542236328,15.484999656677246,15.604999542236328,18892400.0
2010-12-03T05:00:00Z,15.550000190734863,15.654999732971191,15.510000228881836,15.640000343322754,11822800.0
2010-12-06T05:00:00Z,15.635000228881836,15.654999732971191,15.574999809265137,15.595000267028809,8320800.0
2010-12-07T05:00:00Z,15.675000190734863,15.710000038146973,15.475000381469727,15.489999771118164,19984800.0
2010-12-08T05:00:00Z,15.524999618530273,15.555000305175781,15.399999618530273,15.4350004196167,16934200.0
2010-12-09T05:00:00Z,15.510000228881836,15.520000457763672,15.420000076293945,15.5,12822600.0
2010-12-10T05:00:00Z,15.529999732971191,15.585000038146973,15.520000457763672,15.5600004196167,8993600.0
2010-12-13T05:00:00Z,15.59000015258789,15.675000190734863,15.574999809265137,15.635000228881836,12745600.0
2010-12-14T05:00:00Z,15.680000305175781,15.734999656677246,15.640000343322754,15.675000190734863,10134000.0
2010-12-15T05:00:00Z,15.645000457763672,15.694999694824219,15.53499984741211,15.539999961853027,21285800.0
2010-12-16T05:00:00Z,15.555000305175781,15.6850004196167,15.479999542236328,15.680000305175781,11197600.0
2010-12-17T05:00:00Z,15.484999656677246,15.574999809265137,15.40999984741211,15.574999809265137,12318200.0
2010-12-20T05:00:00Z,15.609999656677246,15.640000343322754,15.53499984741211,15.595000267028809,9991400.0
2010-12-21T05:00:00Z,15.609999656677246,15.654999732971191,15.579999923706055,15.600000381469727,6415000.0
2010-12-22T05:00:00Z,15.600000381469727,15.710000038146973,15.600000381469727,15.670000076293945,6778600.0
2010-12-23T05:00:00Z,15.6899995803833,15.729999542236328,15.649999618530273,15.680000305175781,5746400.0
2010-12-27T05:00:00Z,15.680000305175781,15.75,15.619999885559082,15.6899995803833,4283200.0
2010-12-28T05:00:00Z,15.710000038146973,15.744999885559082,15.640000343322754,15.744999885559082,2358200.0
2010-12-29T05:00:00Z,15.770000457763672,15.770000457763672,15.65999984741211,15.6899995803833,3709400.0
2010-12-30T05:00:00Z,15.670000076293945,15.734999656677246,15.645000457763672,15.664999961853027,4951400.0
2010-12-31T05:00:00Z,15.664999961853027,15.729999542236328,15.645000457763672,15.670000076293945,4342600.0
2011-01-03T05:00:00Z,15.734999656677246,15.78499984741211,15.664999961853027,15.744999885559082,7072800.0
2011-01-04T05:00:00Z,15.744999885559082,15.854999542236328,15.649999618530273,15.819999694824219,9963000.0
2011-01-05T05:00:00Z,15.770000457763672,15.78499984741211,15.699999809265137,15.720000267028809,9191200.0
2011-01-06T05:00:00Z,15.734999656677246,15.75,15.619999885559082,15.734999656677246,11414200.0
2011-01-07T05:00:00Z,15.760000228881836,15.800000190734863,15.645000457763672,15.789999961853027,10184000.0
2011-01-10T05:00:00Z,15.75,15.75,15.614999771118164,15.704999923706055,12711200.0
2011-01-11T05:00:00Z,15.765000343322754,15.795000076293945,15.680000305175781,15.729999542236328,6373400.0
2011-01-12T05:00:00Z,15.770000457763672,15.885000228881836,15.770000457763672,15.8100004196167,8379200.0
2011-01-13T05:00:00Z,15.819999694824219,15.835000038146973,15.725000381469727,15.795000076293945,13599600.0
2011-01-14T05:00:00Z,15.774999618530273,15.880000114440918,15.744999885559082,15.869999885559082,11002200.0
2011-01-18T05:00:00Z,15.869999885559082,15.925000190734863,15.84000015258789,15.90999984741211,7189400.0
2011-01-19T05:00:00Z,15.920000076293945,15.944999694824219,15.845000267028809,15.869999885559082,9643800.0
2011-01-20T05:00:00Z,15.890000343322754,16.03499984741211,15.875,15.989999771118164,17218600.0
2011-01-21T05:00:00Z,16.09000015258789,16.09000015258789,15.9399995803833,15.975000381469727,15210000.0
2011-01-24T05:00:00Z,16.010000228881836,16.104999542236328,15.975000381469727,16.065000534057617,7322000.0
2011-01-25T05:00:00Z,16.03499984741211,16.100000381469727,15.970000267028809,16.040000915527344,17033800.0
2011-01-26T05:00:00Z,16.059999465942383,16.059999465942383,15.9350004196167,15.979999542236328,11109200.0
2011-01-27T05:00:00Z,15.9350004196167,16.079999923706055,15.9350004196167,16.040000915527344,7008800.0
2011-01-28T05:00:00Z,16.049999237060547,16.075000762939453,15.819999694824219,15.824999809265137,11324800.0
2011-01-31T05:00:00Z,15.899999618530273,15.920000076293945,15.824999809265137,15.859999656677246,8025800.0
2011-02-01T05:00:00Z,15.944999694824219,16.024999618530273,15.880000114440918,16.020000457763672,10587800.0
2011-02-02T05:00:00Z,15.975000381469727,16.0049991607666,15.920000076293945,15.9350004196167,6290000.0
2011-02-03T05:00:00Z,15.920000076293945,16.020000457763672,15.854999542236328,16.0,14835600.0
2011-02-04T05:00:00Z,15.979999542236328,16.010000228881836,15.800000190734863,15.899999618530273,9854400.0
2011-02-07T05:00:00Z,15.895000457763672,16.014999389648438,15.885000228881836,16.0049991607666,7444400.0
2011-02-08T05:00:00Z,16.020000457763672,16.024999618530273,15.954999923706055,16.0,7482400.0
2011-02-09T05:00:00Z,15.979999542236328,16.020000457763672,15.914999961853027,16.0,8580400.0
2011-02-10T05:00:00Z,15.984999656677246,16.045000076293945,15.975000381469727,16.030000686645508,8491800.0
2011-02-11T05:00:00Z,16.0,16.09000015258789,15.970000267028809,16.0,18505600.0
2011-02-14T05:00:00Z,15.989999771118164,16.010000228881836,15.824999809265137,15.885000228881836,8268800.0
2011-02-15T05:00:00Z,15.885000228881836,15.960000038146973,15.824999809265137,15.9350004196167,6451200.0
2011-02-16T05:00:00Z,15.960000038146973,15.979999542236328,15.8149995803833,15.899999618530273,10826000.0
2011-02-17T05:00:00Z,15.9350004196167,15.979999542236328,15.890000343322754,15.930000305175781,16347400.0
2011-02-18T05:00:00Z,15.9399995803833,15.979999542236328,15.899999618530273,15.954999923706055,5956600.0
2011-02-22T05:00:00Z,15.845000267028809,15.9399995803833,15.8149995803833,15.885000228881836,12023800.0
2011-02-23T05:00:00Z,15.864999771118164,15.944999694824219,15.835000038146973,15.850000381469727,10828800.0
2011-02-24T05:00:00Z,15.8149995803833,15.885000228881836,15.744999885559082,15.789999961853027,14174800.0
2011-02-25T05:00:00Z,15.819999694824219,15.890000343322754,15.779999732971191,15.880000114440918,7893600.0
2011-02-28T05:00:00Z,15.930000305175781,16.114999771118164,15.899999618530273,16.05500030517578,24599200.0
2011-03-01T05:00:00Z,16.0,16.1200008392334,15.890000343322754,15.895000457763672,24309400.0
2011-03-02T05:00:00Z,15.899999618530273,15.96500015258789,15.859999656677246,15.920000076293945,11519600.0
2011-03-03T05:00:00Z,15.994999885559082,16.1299991607666,15.994999885559082,16.100000381469727,11559200.0
2011-03-04T05:00:00Z,16.084999084472656,16.114999771118164,15.885000228881836,16.0049991607666,14649400.0
2011-03-07T05:00:00Z,16.06999969482422,16.190000534057617,16.024999618530273,16.065000534057617,21593600.0
2011-03-08T05:00:00Z,16.1200008392334,16.280000686645508,16.065000534057617,16.2450008392334,13439600.0
2011-03-09T05:00:00Z,16.25,16.44499969482422,16.225000381469727,16.40999984741211,26197800.0
2011-03-10T05:00:00Z,16.350000381469727,16.354999542236328,16.21500015258789,16.225000381469727,21682400.0
2011-03-11T05:00:00Z,16.200000762939453,16.31999969482422,16.170000076293945,16.260000228881836,10041400.0
2011-03-14T04:00:00Z,16.079999923706055,16.100000381469727,15.9350004196167,16.045000076293945,37921200.0
2011-03-15T04:00:00Z,15.75,15.824999809265137,15.6850004196167,15.739999771118164,28467800.0
2011-03-16T04:00:00Z,15.71500015258789,15.755000114440918,15.369999885559082,15.494999885559082,30599600.0
2011-03-17T04:00:00Z,15.640000343322754,15.649999618530273,15.395000457763672,15.515000343322754,24023200.0
2011-03-18T04:00:00Z,15.53499984741211,15.574999809265137,15.375,15.4399995803833,18186600.0
2011-03-21T04:00:00Z,15.604999542236328,15.670000076293945,15.545000076293945,15.619999885559082,10172400.0
2011-03-22T04:00:00Z,15.645000457763672,15.720000267028809,15.579999923706055,15.645000457763672,14535200.0
2011-03-23T04:00:00Z,15.630000114440918,15.670000076293945,15.539999961853027,15.635000228881836,11242400.0
2011-03-24T04:00:00Z,15.739999771118164,15.739999771118164,15.595000267028809,15.699999809265137,12390800.0
2011-03-25T04:00:00Z,15.699999809265137,15.765000343322754,15.680000305175781,15.694999694824219,6790400.0
2011-03-28T04:00:00Z,15.704999923706055,15.789999961853027,15.640000343322754,15.640000343322754,9175800.0
2011-03-29T04:00:00Z,15.649999618530273,15.8100004196167,15.604999542236328,15.795000076293945,10875200.0
2011-03-30T04:00:00Z,15.875,16.03499984741211,15.835000038146973,15.975000381469727,11194800.0
2011-03-31T04:00:00Z,15.970000267028809,15.984999656677246,15.899999618530273,15.9350004196167,10989600.0
2011-04-01T04:00:00Z,16.045000076293945,16.075000762939453,15.975000381469727,16.059999465942383,12332800.0
2011-04-04T04:00:00Z,16.100000381469727,16.100000381469727,15.994999885559082,16.049999237060547,7944600.0
2011-04-05T04:00:00Z,16.045000076293945,16.059999465942383,15.975000381469727,15.984999656677246,8041000.0
2011-04-06T04:00:00Z,16.059999465942383,16.1299991607666,16.010000228881836,16.100000381469727,7532400.0
2011-04-07T04:00:00Z,16.075000762939453,16.100000381469727,15.975000381469727,16.03499984741211,10674000.0
2011-04-08T04:00:00Z,16.110000610351562,16.1200008392334,15.920000076293945,15.989999771118164,11903200.0
2011-04-11T04:00:00Z,15.960000038146973,15.989999771118164,15.744999885559082,15.779999732971191,18690200.0
2011-04-12T04:00:00Z,15.739999771118164,15.8149995803833,15.675000190734863,15.739999771118164,17059400.0
2011-04-13T04:00:00Z,15.800000190734863,15.90999984741211,15.779999732971191,15.779999732971191,10589000.0
2011-04-14T04:00:00Z,15.710000038146973,15.90999984741211,15.699999809265137,15.875,11559000.0
2011-04-15T04:00:00Z,15.920000076293945,16.100000381469727,15.899999618530273,16.049999237060547,14303400.0
2011-04-18T04:00:00Z,15.954999923706055,16.0049991607666,15.8149995803833,15.90999984741211,14290800.0
2011-04-19T04:00:00Z,15.9399995803833,15.944999694824219,15.864999771118164,15.914999961853027,11314200.0
2011-04-20T04:00:00Z,16.045000076293945,16.135000228881836,16.020000457763672,16.1200008392334,11726000.0
2011-04-21T04:00:00Z,16.114999771118164,16.135000228881836,16.059999465942383,16.1200008392334,8090800.0
2011-04-25T04:00:00Z,16.135000228881836,16.170000076293945,16.084999084472656,16.139999389648438,5010600.0
2011-04-26T04:00:00Z,16.149999618530273,16.290000915527344,16.149999618530273,16.270000457763672,10600000.0
2011-04-27T04:00:00Z,16.31999969482422,16.43000030517578,16.280000686645508,16.399999618530273,12214600.0
2011-04-28T04:00:00Z,16.389999389648438,16.559999465942383,16.3799991607666,16.545000076293945,13518800.0
2011-04-29T04:00:00Z,16.530000686645508,16.59000015258789,16.479999542236328,16.579999923706055,17452400.0
2011-05-02T04:00:00Z,16.610000610351562,16.65999984741211,16.559999465942383,16.584999084472656,11099600.0
2011-05-03T04:00:00Z,16.59000015258789,16.80500030517578,16.530000686645508,16.690000534057617,32839800.0
2011-05-04T04:00:00Z,16.690000534057617,16.71500015258789,16.565000534057617,16.670000076293945,17286400.0
2011-05-05T04:00:00Z,16.649999618530273,16.65999984741211,16.479999542236328,16.549999237060547,11400000.0
2011-05-06T04:00:00Z,16.71500015258789,16.770000457763672,16.579999923706055,16.645000457763672,11475000.0
2011-05-09T04:00:00Z,16.625,16.69499969482422,16.55500030517578,16.68000030517578,7834600.0
2011-05-10T04:00:00Z,16.7549991607666,16.959999084472656,16.725000381469727,16.920000076293945,17104800.0
2011-05-11T04:00:00Z,16.920000076293945,16.920000076293945,16.774999618530273,16.864999771118164,8195800.0
2011-05-12T04:00:00Z,16.864999771118164,17.049999237060547,16.834999084472656,17.03499984741211,11752600.0
2011-05-13T04:00:00Z,17.075000762939453,17.084999084472656,16.864999771118164,16.954999923706055,13820200.0
2011-05-16T04:00:00Z,16.9950008392334,17.125,16.940000534057617,16.975000381469727,16215400.0
2011-05-17T04:00:00Z,16.93000030517578,17.104999542236328,16.93000030517578,17.100000381469727,17104400.0
2011-05-18T04:00:00Z,17.09000015258789,17.114999771118164,16.950000762939453,17.045000076293945,10899400.0
2011-05-19T04:00:00Z,17.049999237060547,17.1200008392334,17.0049991607666,17.084999084472656,6387600.0
2011-05-20T04:00:00Z,17.06999969482422,17.149999618530273,16.989999771118164,17.065000534057617,8945600.0
2011-05-23T04:00:00Z,16.90999984741211,17.045000076293945,16.860000610351562,16.864999771118164,12000000.0
2011-05-24T04:00:00Z,16.8700008392334,16.940000534057617,16.834999084472656,16.850000381469727,8917200.0
2011-05-25T04:00:00Z,16.809999465942383,16.895000457763672,16.674999237060547,16.815000534057617,12491000.0
2011-05-26T04:00:00Z,16.774999618530273,16.834999084472656,16.68000030517578,16.809999465942383,7598600.0
2011-05-27T04:00:00Z,16.84000015258789,16.905000686645508,16.780000686645508,16.809999465942383,9001800.0
2011-05-31T04:00:00Z,16.954999923706055,16.96500015258789,16.834999084472656,16.934999465942383,12757400.0
2011-06-01T04:00:00Z,16.920000076293945,16.93000030517578,16.7549991607666,16.760000228881836,14331600.0
2011-06-02T04:00:00Z,16.7450008392334,16.75,16.594999313354492,16.709999084472656,12404600.0
2011-06-03T04:00:00Z,16.55500030517578,16.690000534057617,16.489999771118164,16.594999313354492,12185800.0
2011-06-06T04:00:00Z,16.565000534057617,16.594999313354492,16.469999313354492,16.520000457763672,10595000.0
2011-06-07T04:00:00Z,16.584999084472656,16.69499969482422,16.53499984741211,16.540000915527344,20259800.0
2011-06-08T04:00:00Z,16.565000534057617,16.625,16.5049991607666,16.579999923706055,16019400.0
2011-06-09T04:00:00Z,16.610000610351562,16.665000915527344,16.514999389648438,16.594999313354492,11380200.0
2011-06-10T04:00:00Z,16.545000076293945,16.59000015258789,16.485000610351562,16.485000610351562,16675400.0
2011-06-13T04:00:00Z,16.540000915527344,16.6200008392334,16.469999313354492,16.559999465942383,10379400.0
2011-06-14T04:00:00Z,16.700000762939453,16.700000762939453,16.520000457763672,16.625,14234000.0
2011-06-15T04:00:00Z,16.545000076293945,16.645000457763672,16.375,16.420000076293945,15316400.0
2011-06-16T04:00:00Z,16.459999084472656,16.614999771118164,16.44499969482422,16.549999237060547,16501800.0
2011-06-17T04:00:00Z,16.55500030517578,16.584999084472656,16.454999923706055,16.4950008392334,15256400.0
2011-06-20T04:00:00Z,16.454999923706055,16.594999313354492,16.385000228881836,16.59000015258789,8390200.0
2011-06-21T04:00:00Z,16.655000686645508,16.68000030517578,16.545000076293945,16.600000381469727,10242400.0
2011-06-22T04:00:00Z,16.56999969482422,16.594999313354492,16.46500015258789,16.489999771118164,10220000.0
2011-06-23T04:00:00Z,16.3799991607666,16.395000457763672,16.21500015258789,16.350000381469727,19106000.0
2011-06-24T04:00:00Z,16.389999389648438,16.530000686645508,16.3799991607666,16.399999618530273,10382000.0
2011-06-27T04:00:00Z,16.415000915527344,16.549999237060547,16.415000915527344,16.520000457763672,7287600.0
2011-06-28T04:00:00Z,16.524999618530273,16.635000228881836,16.510000228881836,16.594999313354492,11499000.0
2011-06-29T04:00:00Z,16.649999618530273,16.709999084472656,16.59000015258789,16.704999923706055,11853800.0
2011-06-30T04:00:00Z,16.7450008392334,16.7549991607666,16.610000610351562,16.739999771118164,8926000.0
2011-07-01T04:00:00Z,16.739999771118164,16.96500015258789,16.719999313354492,16.940000534057617,18167800.0
2011-07-05T04:00:00Z,16.934999465942383,16.950000762939453,16.815000534057617,16.84000015258789,11913200.0
2011-07-06T04:00:00Z,16.825000762939453,16.924999237060547,16.764999389648438,16.875,8085400.0
2011-07-07T04:00:00Z,16.989999771118164,16.9950008392334,16.860000610351562,16.94499969482422,15664600.0
2011-07-08T04:00:00Z,16.854999542236328,16.899999618530273,16.780000686645508,16.8799991607666,11853800.0
2011-07-11T04:00:00Z,16.764999389648438,16.770000457763672,16.625,16.700000762939453,14947800.0
2011-07-12T04:00:00Z,16.665000915527344,16.875,16.6299991607666,16.774999618530273,12162800.0
2011-07-13T04:00:00Z,16.84000015258789,16.875,16.700000762939453,16.729999542236328,8916800.0
2011-07-14T04:00:00Z,16.739999771118164,16.809999465942383,16.635000228881836,16.655000686645508,14800200.0
2011-07-15T04:00:00Z,16.670000076293945,16.729999542236328,16.59000015258789,16.68000030517578,12068800.0
2011-07-18T04:00:00Z,16.645000457763672,16.665000915527344,16.485000610351562,16.520000457763672,13073400.0
2011-07-19T04:00:00Z,16.56999969482422,16.690000534057617,16.44499969482422,16.665000915527344,16034400.0
2011-07-20T04:00:00Z,16.674999237060547,16.825000762939453,16.6299991607666,16.764999389648438,7255200.0
2011-07-21T04:00:00Z,16.825000762939453,17.045000076293945,16.825000762939453,17.014999389648438,15102200.0
2011-07-22T04:00:00Z,17.05500030517578,17.05500030517578,16.885000228881836,16.90999984741211,8860800.0
2011-07-25T04:00:00Z,16.795000076293945,17.030000686645508,16.795000076293945,16.969999313354492,9771000.0
2011-07-26T04:00:00Z,16.9950008392334,16.9950008392334,16.8700008392334,16.90999984741211,9646200.0
2011-07-27T04:00:00Z,16.8799991607666,16.950000762939453,16.825000762939453,16.860000610351562,27637000.0
2011-07-28T04:00:00Z,16.854999542236328,16.864999771118164,16.735000610351562,16.7549991607666,11278200.0
2011-07-29T04:00:00Z,16.610000610351562,16.729999542236328,16.540000915527344,16.584999084472656,20401200.0
2011-08-01T04:00:00Z,16.739999771118164,16.7549991607666,16.514999389648438,16.635000228881836,15103200.0
2011-08-02T04:00:00Z,16.565000534057617,16.604999542236328,16.350000381469727,16.350000381469727,18738600.0
2011-08-03T04:00:00Z,16.3700008392334,16.3799991607666,16.139999389648438,16.350000381469727,25965000.0
2011-08-04T04:00:00Z,16.209999084472656,16.299999237060547,15.8149995803833,15.8149995803833,34056200.0
2011-08-05T04:00:00Z,15.949999809265137,16.079999923706055,15.649999618530273,15.944999694824219,43934800.0
2011-08-08T04:00:00Z,15.720000267028809,15.859999656677246,15.039999961853027,15.100000381469727,35656000.0
2011-08-09T04:00:00Z,15.399999618530273,15.625,14.725000381469727,15.595000267028809,49460800.0
2011-08-10T04:00:00Z,15.399999618530273,15.699999809265137,15.239999771118164,15.300000190734863,33671400.0
2011-08-11T04:00:00Z,15.345000267028809,16.104999542236328,15.345000267028809,15.944999694824219,34933000.0
2011-08-12T04:00:00Z,16.05500030517578,16.135000228881836,15.774999618530273,15.850000381469727,19407600.0
2011-08-15T04:00:00Z,15.984999656677246,16.424999237060547,15.954999923706055,16.389999389648438,55671000.0
2011-08-16T04:00:00Z,16.264999389648438,16.420000076293945,16.18000030517578,16.3700008392334,22603800.0
2011-08-17T04:00:00Z,16.459999084472656,16.645000457763672,16.43000030517578,16.489999771118164,27987200.0
2011-08-18T04:00:00Z,16.2450008392334,16.344999313354492,16.045000076293945,16.295000076293945,45013800.0
2011-08-19T04:00:00Z,16.15999984741211,16.334999084472656,16.09000015258789,16.19499969482422,30334600.0
2011-08-22T04:00:00Z,16.440000534057617,16.440000534057617,16.065000534057617,16.155000686645508,39636600.0
2011-08-23T04:00:00Z,16.264999389648438,16.450000762939453,16.05500030517578,16.44499969482422,31455000.0
2011-08-24T04:00:00Z,16.415000915527344,16.799999237060547,16.40999984741211,16.799999237060547,28604800.0
2011-08-25T04:00:00Z,16.854999542236328,16.854999542236328,16.44499969482422,16.524999618530273,28569800.0
2011-08-26T04:00:00Z,16.454999923706055,16.59000015258789,16.1200008392334,16.5,25043800.0
2011-08-29T04:00:00Z,16.670000076293945,16.84000015258789,16.645000457763672,16.825000762939453,29714200.0
2011-08-30T04:00:00Z,16.809999465942383,16.899999618530273,16.735000610351562,16.834999084472656,15509200.0
2011-08-31T04:00:00Z,16.895000457763672,16.9950008392334,16.854999542236328,16.94499969482422,19287400.0
2011-09-01T04:00:00Z,16.969999313354492,17.040000915527344,16.829999923706055,16.834999084472656,21342400.0
2011-09-02T04:00:00Z,16.6200008392334,16.7549991607666,16.604999542236328,16.645000457763672,17825000.0
2011-09-06T04:00:00Z,16.315000534057617,16.579999923706055,16.200000762939453,16.565000534057617,23133200.0
2011-09-07T04:00:00Z,16.700000762939453,16.770000457763672,16.610000610351562,16.75,15139200.0
2011-09-08T04:00:00Z,16.709999084472656,16.899999618530273,16.655000686645508,16.739999771118164,13686600.0
2011-09-09T04:00:00Z,16.6299991607666,16.6299991607666,16.299999237060547,16.399999618530273,28151000.0
2011-09-12T04:00:00Z,16.315000534057617,16.540000915527344,16.25,16.53499984741211,15300800.0
2011-09-13T04:00:00Z,16.584999084472656,16.645000457763672,16.415000915527344,16.645000457763672,14349600.0
2011-09-14T04:00:00Z,16.71500015258789,16.895000457763672,16.514999389648438,16.760000228881836,14049400.0
2011-09-15T04:00:00Z,16.924999237060547,17.020000457763672,16.799999237060547,16.969999313354492,11822000.0
2011-09-16T04:00:00Z,16.815000534057617,17.03499984741211,16.815000534057617,16.989999771118164,16131200.0
2011-09-19T04:00:00Z,16.80500030517578,16.959999084472656,16.75,16.895000457763672,14561200.0
2011-09-20T04:00:00Z,17.03499984741211,17.360000610351562,16.94499969482422,17.139999389648438,36418400.0
2011-09-21T04:00:00Z,17.139999389648438,17.235000610351562,16.825000762939453,16.825000762939453,27544400.0
2011-09-22T04:00:00Z,16.549999237060547,16.610000610351562,16.364999771118164,16.540000915527344,55260200.0
2011-09-23T04:00:00Z,16.4950008392334,16.78499984741211,16.469999313354492,16.704999923706055,24045600.0
2011-09-26T04:00:00Z,16.770000457763672,16.860000610351562,16.665000915527344,16.84000015258789,21931800.0
2011-09-27T04:00:00Z,17.059999465942383,17.079999923706055,16.825000762939453,16.899999618530273,18339800.0
2011-09-28T04:00:00Z,16.979999542236328,17.010000228881836,16.709999084472656,16.729999542236328,25067200.0
2011-09-29T04:00:00Z,16.94499969482422,17.03499984741211,16.809999465942383,17.0,24466000.0
2011-09-30T04:00:00Z,16.850000381469727,17.020000457763672,16.80500030517578,16.809999465942383,20919400.0
2011-10-03T04:00:00Z,16.799999237060547,16.940000534057617,16.40999984741211,16.40999984741211,30663400.0
2011-10-04T04:00:00Z,16.34000015258789,16.364999771118164,15.970000267028809,16.329999923706055,44542200.0
2011-10-05T04:00:00Z,16.334999084472656,16.405000686645508,16.110000610351562,16.34000015258789,26162600.0
2011-10-06T04:00:00Z,16.360000610351562,16.6299991607666,16.34000015258789,16.6299991607666,24385600.0
2011-10-07T04:00:00Z,16.65999984741211,16.809999465942383,16.594999313354492,16.700000762939453,21216000.0
2011-10-10T04:00:00Z,16.829999923706055,17.03499984741211,16.829999923706055,17.024999618530273,13584400.0
2011-10-11T04:00:00Z,16.954999923706055,16.985000610351562,16.774999618530273,16.8700008392334,24194800.0
2011-10-12T04:00:00Z,16.934999465942383,16.934999465942383,16.790000915527344,16.829999923706055,12906000.0
2011-10-13T04:00:00Z,16.780000686645508,16.860000610351562,16.6299991607666,16.829999923706055,15607800.0
2011-10-14T04:00:00Z,16.895000457763672,16.9950008392334,16.850000381469727,16.989999771118164,19249600.0
2011-10-17T04:00:00Z,16.885000228881836,17.0049991607666,16.885000228881836,16.920000076293945,9453800.0
2011-10-18T04:00:00Z,16.860000610351562,17.139999389648438,16.799999237060547,17.040000915527344,21847200.0
2011-10-19T04:00:00Z,17.030000686645508,17.295000076293945,17.020000457763672,17.05500030517578,17596400.0
2011-10-20T04:00:00Z,17.049999237060547,17.219999313354492,17.03499984741211,17.149999618530273,11313000.0
2011-10-21T04:00:00Z,17.280000686645508,17.450000762939453,17.280000686645508,17.440000534057617,14989000.0
2011-10-24T04:00:00Z,17.475000381469727,17.475000381469727,17.31999969482422,17.364999771118164,17131200.0
2011-10-25T04:00:00Z,17.325000762939453,17.3700008392334,17.135000228881836,17.170000076293945,19350400.0
2011-10-26T04:00:00Z,17.30500030517578,17.350000381469727,17.145000457763672,17.239999771118164,16727000.0
2011-10-27T04:00:00Z,17.53499984741211,17.735000610351562,17.5,17.649999618530273,26382000.0
2011-10-28T04:00:00Z,17.639999389648438,17.639999389648438,17.415000915527344,17.5049991607666,23863600.0
2011-10-31T04:00:00Z,17.415000915527344,17.59000015258789,17.399999618530273,17.424999237060547,11419200.0
2011-11-01T04:00:00Z,17.174999237060547,17.299999237060547,17.024999618530273,17.059999465942383,24401600.0
2011-11-02T04:00:00Z,17.280000686645508,17.489999771118164,17.274999618530273,17.360000610351562,19180600.0
2011-11-03T04:00:00Z,17.40999984741211,17.625,17.385000228881836,17.56999969482422,20836600.0
2011-11-04T04:00:00Z,17.475000381469727,17.520000457763672,17.280000686645508,17.489999771118164,11266200.0
2011-11-07T05:00:00Z,17.5049991607666,17.600000381469727,17.3799991607666,17.584999084472656,10075400.0
2011-11-08T05:00:00Z,17.625,17.700000762939453,17.469999313354492,17.700000762939453,12198800.0
2011-11-09T05:00:00Z,17.489999771118164,17.530000686645508,17.280000686645508,17.315000534057617,16048600.0
2011-11-10T05:00:00Z,17.454999923706055,17.510000228881836,17.309999465942383,17.43000030517578,15039800.0
2011-11-11T05:00:00Z,17.584999084472656,17.68000030517578,17.565000534057617,17.68000030517578,8331800.0
2011-11-14T05:00:00Z,17.649999618530273,17.684999465942383,17.454999923706055,17.469999313354492,16030800.0
2011-11-15T05:00:00Z,17.489999771118164,17.559999465942383,17.40999984741211,17.5,8627000.0
2011-11-16T05:00:00Z,17.420000076293945,17.5,17.280000686645508,17.290000915527344,11491800.0
2011-11-17T05:00:00Z,17.295000076293945,17.364999771118164,17.065000534057617,17.200000762939453,11298800.0
2011-11-18T05:00:00Z,17.290000915527344,17.364999771118164,17.229999542236328,17.31999969482422,9660000.0
2011-11-21T05:00:00Z,17.204999923706055,17.204999923706055,16.979999542236328,17.104999542236328,13822800.0
2011-11-22T05:00:00Z,17.1200008392334,17.1200008392334,16.850000381469727,16.895000457763672,31777400.0
2011-11-23T05:00:00Z,16.780000686645508,16.80500030517578,16.59000015258789,16.6299991607666,12543400.0
2011-11-25T05:00:00Z,16.594999313354492,16.80500030517578,16.594999313354492,16.71500015258789,5379400.0
2011-11-28T05:00:00Z,16.9950008392334,17.059999465942383,16.844999313354492,16.924999237060547,9731200.0
2011-11-29T05:00:00Z,16.959999084472656,17.170000076293945,16.959999084472656,17.110000610351562,9463600.0
2011-11-30T05:00:00Z,17.479999542236328,17.604999542236328,17.399999618530273,17.604999542236328,14404800.0
2011-12-01T05:00:00Z,17.579999923706055,17.655000686645508,17.514999389648438,17.55500030517578,11371000.0
2011-12-02T05:00:00Z,17.65999984741211,17.65999984741211,17.350000381469727,17.375,23552400.0
2011-12-05T05:00:00Z,17.635000228881836,17.635000228881836,17.424999237060547,17.510000228881836,14345800.0
2011-12-06T05:00:00Z,17.549999237060547,17.655000686645508,17.479999542236328,17.559999465942383,10746200.0
2011-12-07T05:00:00Z,17.53499984741211,17.600000381469727,17.415000915527344,17.53499984741211,10555400.0
2011-12-08T05:00:00Z,17.469999313354492,17.5,17.239999771118164,17.280000686645508,13805200.0
2011-12-09T05:00:00Z,17.360000610351562,17.540000915527344,17.329999923706055,17.5,22978600.0
2011-12-12T05:00:00Z,17.405000686645508,17.475000381469727,17.225000381469727,17.350000381469727,20289200.0
2011-12-13T05:00:00Z,17.424999237060547,17.614999771118164,17.375,17.415000915527344,13740800.0
2011-12-14T05:00:00Z,17.399999618530273,17.485000610351562,17.290000915527344,17.30500030517578,12214400.0
2011-12-15T05:00:00Z,17.395000457763672,17.56999969482422,17.395000457763672,17.514999389648438,18288600.0
2011-12-16T05:00:00Z,17.450000762939453,17.459999084472656,17.235000610351562,17.270000457763672,15535200.0
2011-12-19T05:00:00Z,17.360000610351562,17.389999389648438,17.110000610351562,17.139999389648438,13418800.0
2011-12-20T05:00:00Z,17.274999618530273,17.524999618530273,17.274999618530273,17.5049991607666,13089800.0
2011-12-21T05:00:00Z,17.524999618530273,17.78499984741211,17.524999618530273,17.764999389648438,19344600.0
2011-12-22T05:00:00Z,17.815000534057617,17.825000762939453,17.735000610351562,17.78499984741211,8170800.0
2011-12-23T05:00:00Z,17.844999313354492,17.979999542236328,17.84000015258789,17.899999618530273,6438200.0
2011-12-27T05:00:00Z,17.915000915527344,18.079999923706055,17.889999389648438,18.045000076293945,6485600.0
2011-12-28T05:00:00Z,18.114999771118164,18.114999771118164,17.950000762939453,17.979999542236328,6305200.0
2011-12-29T05:00:00Z,18.010000228881836,18.1200008392334,17.9950008392334,18.1200008392334,7925000.0
2011-12-30T05:00:00Z,18.1299991607666,18.135000228881836,17.979999542236328,17.989999771118164,8185600.0
2012-01-03T05:00:00Z,18.09000015258789,18.125,17.614999771118164,17.670000076293945,38369800.0
2012-01-04T05:00:00Z,17.6200008392334,17.725000381469727,17.565000534057617,17.56999969482422,11550200.0
2012-01-05T05:00:00Z,17.549999237060547,17.65999984741211,17.454999923706055,17.604999542236328,24220000.0
2012-01-06T05:00:00Z,17.635000228881836,17.649999618530273,17.489999771118164,17.510000228881836,14611000.0
2012-01-09T05:00:00Z,17.565000534057617,17.600000381469727,17.454999923706055,17.53499984741211,9054600.0
2012-01-10T05:00:00Z,17.65999984741211,17.684999465942383,17.545000076293945,17.559999465942383,9017200.0
2012-01-11T05:00:00Z,17.549999237060547,17.56999969482422,17.450000762939453,17.479999542236328,12326000.0
2012-01-12T05:00:00Z,17.5049991607666,17.584999084472656,17.399999618530273,17.454999923706055,12015200.0
2012-01-13T05:00:00Z,17.40999984741211,17.44499969482422,17.309999465942383,17.44499969482422,12033800.0
2012-01-17T05:00:00Z,17.545000076293945,17.625,17.389999389648438,17.43000030517578,13276400.0
2012-01-18T05:00:00Z,17.440000534057617,17.454999923706055,17.329999923706055,17.424999237060547,11886400.0
2012-01-19T05:00:00Z,17.440000534057617,17.454999923706055,17.264999389648438,17.280000686645508,15258200.0
2012-01-20T05:00:00Z,17.280000686645508,17.329999923706055,17.225000381469727,17.30500030517578,12673600.0
2012-01-23T05:00:00Z,17.280000686645508,17.475000381469727,17.274999618530273,17.375,48796000.0
2012-01-24T05:00:00Z,17.290000915527344,17.309999465942383,17.200000762939453,17.235000610351562,9992800.0
2012-01-25T05:00:00Z,17.204999923706055,17.545000076293945,17.06999969482422,17.520000457763672,25864600.0
2012-01-26T05:00:00Z,17.55500030517578,17.635000228881836,17.469999313354492,17.579999923706055,14701000.0
2012-01-27T05:00:00Z,17.53499984741211,17.53499984741211,17.299999237060547,17.364999771118164,16195600.0
2012-01-30T05:00:00Z,17.299999237060547,17.299999237060547,17.149999618530273,17.2549991607666,18950200.0
2012-01-31T05:00:00Z,17.295000076293945,17.344999313354492,17.229999542236328,17.34000015258789,14719800.0
2012-02-01T05:00:00Z,17.3799991607666,17.440000534057617,17.344999313354492,17.399999618530273,16393000.0
2012-02-02T05:00:00Z,17.420000076293945,17.479999542236328,17.334999084472656,17.3700008392334,16077200.0
2012-02-03T05:00:00Z,17.389999389648438,17.489999771118164,17.309999465942383,17.415000915527344,18463000.0
2012-02-06T05:00:00Z,17.389999389648438,17.399999618530273,17.295000076293945,17.34000015258789,12154000.0
2012-02-07T05:00:00Z,17.329999923706055,17.520000457763672,17.25,17.46500015258789,13857800.0
2012-02-08T05:00:00Z,17.5049991607666,17.5049991607666,17.364999771118164,17.485000610351562,12836600.0
2012-02-09T05:00:00Z,17.454999923706055,17.485000610351562,17.3799991607666,17.434999465942383,13716800.0
2012-02-10T05:00:00Z,17.360000610351562,17.43000030517578,17.334999084472656,17.399999618530273,9117200.0
2012-02-13T05:00:00Z,17.475000381469727,17.5049991607666,17.364999771118164,17.3799991607666,13429800.0
2012-02-14T05:00:00Z,17.375,17.43000030517578,17.30500030517578,17.385000228881836,11173200.0
2012-02-15T05:00:00Z,17.405000686645508,17.44499969482422,17.280000686645508,17.350000381469727,14695200.0
2012-02-16T05:00:00Z,17.375,17.584999084472656,17.34000015258789,17.53499984741211,14764400.0
2012-02-17T05:00:00Z,17.56999969482422,17.635000228881836,17.479999542236328,17.524999618530273,9259200.0
2012-02-21T05:00:00Z,17.565000534057617,17.565000534057617,17.434999465942383,17.459999084472656,11839400.0
2012-02-22T05:00:00Z,17.440000534057617,17.545000076293945,17.415000915527344,17.479999542236328,9135000.0
2012-02-23T05:00:00Z,17.5,17.530000686645508,17.405000686645508,17.46500015258789,9678000.0
2012-02-24T05:00:00Z,17.489999771118164,17.594999313354492,17.440000534057617,17.540000915527344,6650400.0
2012-02-27T05:00:00Z,17.520000457763672,17.559999465942383,17.434999465942383,17.53499984741211,9379200.0
2012-02-28T05:00:00Z,17.530000686645508,17.55500030517578,17.399999618530273,17.450000762939453,13654800.0
2012-02-29T05:00:00Z,17.459999084472656,17.530000686645508,17.344999313354492,17.44499969482422,12283400.0
2012-03-01T05:00:00Z,17.450000762939453,17.549999237060547,17.424999237060547,17.489999771118164,11064000.0
2012-03-02T05:00:00Z,17.4950008392334,17.53499984741211,17.424999237060547,17.479999542236328,9731000.0
2012-03-05T05:00:00Z,17.485000610351562,17.55500030517578,17.3799991607666,17.520000457763672,9338000.0
2012-03-06T05:00:00Z,17.454999923706055,17.469999313354492,17.350000381469727,17.450000762939453,14676200.0
2012-03-07T05:00:00Z,17.485000610351562,17.485000610351562,17.325000762939453,17.459999084472656,12488400.0
2012-03-08T05:00:00Z,17.459999084472656,17.549999237060547,17.450000762939453,17.514999389648438,11045800.0
2012-03-09T05:00:00Z,17.565000534057617,17.604999542236328,17.459999084472656,17.584999084472656,7781600.0
2012-03-12T04:00:00Z,17.6299991607666,17.81999969482422,17.59000015258789,17.78499984741211,16048200.0
2012-03-13T04:00:00Z,17.844999313354492,17.860000610351562,17.729999542236328,17.844999313354492,12321600.0
2012-03-14T04:00:00Z,17.809999465942383,17.8700008392334,17.559999465942383,17.579999923706055,17269600.0
2012-03-15T04:00:00Z,17.614999771118164,17.645000457763672,17.475000381469727,17.565000534057617,12788000.0
2012-03-16T04:00:00Z,17.375,17.405000686645508,17.309999465942383,17.389999389648438,15197600.0
2012-03-19T04:00:00Z,17.375,17.440000534057617,17.270000457763672,17.270000457763672,22928000.0
2012-03-20T04:00:00Z,17.260000228881836,17.34000015258789,17.219999313354492,17.290000915527344,13867800.0
2012-03-21T04:00:00Z,17.299999237060547,17.350000381469727,17.25,17.2549991607666,8715400.0
2012-03-22T04:00:00Z,17.2450008392334,17.309999465942383,17.184999465942383,17.295000076293945,20501600.0
2012-03-23T04:00:00Z,17.309999465942383,17.344999313354492,17.260000228881836,17.299999237060547,10354800.0
2012-03-26T04:00:00Z,17.354999542236328,17.469999313354492,17.31999969482422,17.420000076293945,14005400.0
2012-03-27T04:00:00Z,17.424999237060547,17.540000915527344,17.395000457763672,17.5049991607666,9208600.0
2012-03-28T04:00:00Z,17.5,17.514999389648438,17.295000076293945,17.360000610351562,13336600.0
2012-03-29T04:00:00Z,17.315000534057617,17.440000534057617,17.19499969482422,17.43000030517578,13463000.0
2012-03-30T04:00:00Z,17.479999542236328,17.530000686645508,17.424999237060547,17.520000457763672,10740800.0
2012-04-02T04:00:00Z,17.514999389648438,17.670000076293945,17.46500015258789,17.610000610351562,24147800.0
2012-04-03T04:00:00Z,17.604999542236328,17.6200008392334,17.479999542236328,17.600000381469727,11515400.0
2012-04-04T04:00:00Z,17.5049991607666,17.610000610351562,17.4950008392334,17.575000762939453,15941200.0
2012-04-05T04:00:00Z,17.5,17.530000686645508,17.389999389648438,17.44499969482422,9394800.0
2012-04-09T04:00:00Z,17.329999923706055,17.395000457763672,17.30500030517578,17.354999542236328,10053000.0
2012-04-10T04:00:00Z,17.280000686645508,17.31999969482422,17.084999084472656,17.1299991607666,15282400.0
2012-04-11T04:00:00Z,17.235000610351562,17.239999771118164,17.1299991607666,17.170000076293945,9841800.0
2012-04-12T04:00:00Z,17.19499969482422,17.225000381469727,17.094999313354492,17.225000381469727,11687800.0
2012-04-13T04:00:00Z,17.19499969482422,17.325000762939453,17.155000686645508,17.165000915527344,10694800.0
2012-04-16T04:00:00Z,17.21500015258789,17.385000228881836,17.18000030517578,17.325000762939453,14579000.0
2012-04-17T04:00:00Z,17.415000915527344,17.44499969482422,17.239999771118164,17.415000915527344,11185600.0
2012-04-18T04:00:00Z,17.395000457763672,17.46500015258789,17.334999084472656,17.385000228881836,7177000.0
2012-04-19T04:00:00Z,17.3700008392334,17.40999984741211,17.274999618530273,17.34000015258789,10031400.0
2012-04-20T04:00:00Z,17.375,17.540000915527344,17.329999923706055,17.510000228881836,15567800.0
2012-04-23T04:00:00Z,17.43000030517578,17.450000762939453,17.354999542236328,17.434999465942383,11181000.0
2012-04-24T04:00:00Z,17.415000915527344,17.565000534057617,17.415000915527344,17.55500030517578,12486600.0
2012-04-25T04:00:00Z,17.604999542236328,17.670000076293945,17.530000686645508,17.645000457763672,12474000.0
2012-04-26T04:00:00Z,17.604999542236328,17.770000457763672,17.604999542236328,17.7450008392334,8532000.0
2012-04-27T04:00:00Z,17.774999618530273,17.829999923706055,17.719999313354492,17.80500030517578,10086800.0
2012-04-30T04:00:00Z,17.795000076293945,17.854999542236328,17.729999542236328,17.829999923706055,14092600.0
2012-05-01T04:00:00Z,17.850000381469727,17.969999313354492,17.78499984741211,17.920000076293945,18520800.0
2012-05-02T04:00:00Z,17.889999389648438,17.90999984741211,17.790000915527344,17.815000534057617,11011400.0
2012-05-03T04:00:00Z,17.799999237060547,17.924999237060547,17.735000610351562,17.760000228881836,11720000.0
2012-05-04T04:00:00Z,17.739999771118164,17.8700008392334,17.739999771118164,17.78499984741211,13746600.0
2012-05-07T04:00:00Z,17.729999542236328,17.774999618530273,17.690000534057617,17.75,7753200.0
2012-05-08T04:00:00Z,17.68000030517578,17.799999237060547,17.665000915527344,17.780000686645508,10825200.0
2012-05-09T04:00:00Z,17.670000076293945,17.860000610351562,17.645000457763672,17.790000915527344,10545200.0
2012-05-10T04:00:00Z,17.8700008392334,18.020000457763672,17.84000015258789,17.954999923706055,8930000.0
2012-05-11T04:00:00Z,17.93000030517578,18.06999969482422,17.905000686645508,17.96500015258789,6259400.0
2012-05-14T04:00:00Z,17.875,18.010000228881836,17.834999084472656,17.94499969482422,10098600.0
2012-05-15T04:00:00Z,17.905000686645508,17.96500015258789,17.780000686645508,17.81999969482422,11448800.0
2012-05-16T04:00:00Z,17.8700008392334,17.899999618530273,17.795000076293945,17.844999313354492,14291600.0
2012-05-17T04:00:00Z,17.8700008392334,17.889999389648438,17.739999771118164,17.7450008392334,12689600.0
2012-05-18T04:00:00Z,17.780000686645508,17.8700008392334,17.690000534057617,17.709999084472656,13781000.0
2012-05-21T04:00:00Z,17.725000381469727,17.760000228881836,17.649999618530273,17.729999542236328,10930600.0
2012-05-22T04:00:00Z,17.799999237060547,17.899999618530273,17.774999618530273,17.854999542236328,13908800.0
2012-05-23T04:00:00Z,17.81999969482422,17.895000457763672,17.670000076293945,17.760000228881836,11472400.0
2012-05-24T04:00:00Z,17.774999618530273,17.93000030517578,17.735000610351562,17.829999923706055,12908400.0
2012-05-25T04:00:00Z,17.844999313354492,17.940000534057617,17.834999084472656,17.889999389648438,9711600.0
2012-05-29T04:00:00Z,17.954999923706055,17.954999923706055,17.860000610351562,17.94499969482422,8195800.0
2012-05-30T04:00:00Z,17.875,18.020000457763672,17.799999237060547,17.834999084472656,7922000.0
2012-05-31T04:00:00Z,17.825000762939453,18.03499984741211,17.80500030517578,17.93000030517578,12034600.0
2012-06-01T04:00:00Z,17.795000076293945,17.96500015258789,17.780000686645508,17.854999542236328,22322000.0
2012-06-04T04:00:00Z,17.875,17.934999465942383,17.829999923706055,17.915000915527344,11532400.0
2012-06-05T04:00:00Z,17.899999618530273,18.065000534057617,17.864999771118164,17.979999542236328,8597600.0
2012-06-06T04:00:00Z,18.059999465942383,18.229999542236328,18.010000228881836,18.229999542236328,17798400.0
2012-06-07T04:00:00Z,18.299999237060547,18.385000228881836,18.299999237060547,18.3700008392334,14748200.0
2012-06-08T04:00:00Z,18.354999542236328,18.440000534057617,18.264999389648438,18.40999984741211,13459200.0
2012-06-11T04:00:00Z,18.5,18.579999923706055,18.375,18.395000457763672,14834000.0
2012-06-12T04:00:00Z,18.3799991607666,18.43000030517578,18.25,18.415000915527344,9471600.0
2012-06-13T04:00:00Z,18.354999542236328,18.4950008392334,18.295000076293945,18.420000076293945,13327400.0
2012-06-14T04:00:00Z,18.450000762939453,18.600000381469727,18.43000030517578,18.545000076293945,11687000.0
2012-06-15T04:00:00Z,18.440000534057617,18.5,18.3799991607666,18.46500015258789,11906600.0
2012-06-18T04:00:00Z,18.389999389648438,18.565000534057617,18.389999389648438,18.53499984741211,10345400.0
2012-06-19T04:00:00Z,18.584999084472656,18.635000228881836,18.4950008392334,18.4950008392334,11170400.0
2012-06-20T04:00:00Z,18.4950008392334,18.514999389648438,18.25,18.315000534057617,14779400.0
2012-06-21T04:00:00Z,18.334999084472656,18.43000030517578,18.104999542236328,18.125,19179200.0
2012-06-22T04:00:00Z,18.174999237060547,18.19499969482422,18.100000381469727,18.1299991607666,6910600.0
2012-06-25T04:00:00Z,18.0,18.125,18.0,18.094999313354492,10650000.0
2012-06-26T04:00:00Z,18.104999542236328,18.19499969482422,18.065000534057617,18.1200008392334,7963200.0
2012-06-27T04:00:00Z,18.21500015258789,18.389999389648438,18.170000076293945,18.325000762939453,10449400.0
2012-06-28T04:00:00Z,18.239999771118164,18.389999389648438,18.184999465942383,18.389999389648438,8461600.0
2012-06-29T04:00:00Z,18.549999237060547,18.59000015258789,18.385000228881836,18.4950008392334,15240200.0
2012-07-02T04:00:00Z,18.55500030517578,18.649999618530273,18.454999923706055,18.610000610351562,23177200.0
2012-07-03T04:00:00Z,18.59000015258789,18.649999618530273,18.5049991607666,18.565000534057617,5525200.0
2012-07-05T04:00:00Z,18.540000915527344,18.575000762939453,18.440000534057617,18.454999923706055,17703000.0
2012-07-06T04:00:00Z,18.3700008392334,18.450000762939453,18.325000762939453,18.415000915527344,10942000.0
2012-07-09T04:00:00Z,18.375,18.415000915527344,18.280000686645508,18.354999542236328,17403000.0
2012-07-10T04:00:00Z,18.375,18.454999923706055,18.360000610351562,18.385000228881836,8059200.0
2012-07-11T04:00:00Z,18.420000076293945,18.520000457763672,18.375,18.479999542236328,8226200.0
2012-07-12T04:00:00Z,18.46500015258789,18.549999237060547,18.415000915527344,18.5049991607666,10535200.0
2012-07-13T04:00:00Z,18.545000076293945,18.69499969482422,18.520000457763672,18.670000076293945,14127600.0
2012-07-16T04:00:00Z,18.649999618530273,18.690000534057617,18.6200008392334,18.65999984741211,10278800.0
2012-07-17T04:00:00Z,18.674999237060547,18.7549991607666,18.584999084472656,18.700000762939453,11463200.0
2012-07-18T04:00:00Z,18.684999465942383,18.780000686645508,18.625,18.760000228881836,10879200.0
2012-07-19T04:00:00Z,18.80500030517578,18.829999923706055,18.645000457763672,18.795000076293945,10811400.0
2012-07-20T04:00:00Z,18.7549991607666,18.889999389648438,18.71500015258789,18.834999084472656,18033000.0
2012-07-23T04:00:00Z,18.774999618530273,18.834999084472656,18.649999618530273,18.709999084472656,9031200.0
2012-07-24T04:00:00Z,18.684999465942383,18.704999923706055,18.450000762939453,18.545000076293945,20044400.0
2012-07-25T04:00:00Z,18.579999923706055,18.639999389648438,18.450000762939453,18.53499984741211,7147800.0
2012-07-26T04:00:00Z,18.649999618530273,18.854999542236328,18.649999618530273,18.825000762939453,12253600.0
2012-07-27T04:00:00Z,18.854999542236328,19.094999313354492,18.854999542236328,19.045000076293945,10489400.0
2012-07-30T04:00:00Z,18.975000381469727,19.170000076293945,18.94499969482422,19.114999771118164,13570400.0
2012-07-31T04:00:00Z,19.18000030517578,19.18000030517578,18.954999923706055,18.959999084472656,8384600.0
2012-08-01T04:00:00Z,19.0,19.270000457763672,18.815000534057617,18.815000534057617,31389800.0
2012-08-02T04:00:00Z,18.764999389648438,18.829999923706055,18.545000076293945,18.709999084472656,15895200.0
2012-08-03T04:00:00Z,18.825000762939453,18.94499969482422,18.799999237060547,18.93000030517578,13638600.0
2012-08-06T04:00:00Z,19.010000228881836,19.030000686645508,18.860000610351562,18.885000228881836,12650800.0
2012-08-07T04:00:00Z,18.899999618530273,18.94499969482422,18.684999465942383,18.690000534057617,18437600.0
2012-08-08T04:00:00Z,18.69499969482422,18.725000381469727,18.600000381469727,18.71500015258789,9829400.0
2012-08-09T04:00:00Z,18.690000534057617,18.7549991607666,18.670000076293945,18.71500015258789,9093600.0
2012-08-10T04:00:00Z,18.71500015258789,18.799999237060547,18.649999618530273,18.770000457763672,12268000.0
2012-08-13T04:00:00Z,18.729999542236328,18.770000457763672,18.684999465942383,18.75,7597000.0
2012-08-14T04:00:00Z,18.78499984741211,18.809999465942383,18.68000030517578,18.729999542236328,13323600.0
2012-08-15T04:00:00Z,18.709999084472656,18.725000381469727,18.639999389648438,18.639999389648438,11043800.0
2012-08-16T04:00:00Z,18.674999237060547,18.690000534057617,18.575000762939453,18.594999313354492,15764200.0
2012-08-17T04:00:00Z,18.65999984741211,18.65999984741211,18.510000228881836,18.545000076293945,12808200.0
2012-08-20T04:00:00Z,18.524999618530273,18.579999923706055,18.475000381469727,18.579999923706055,10656400.0
2012-08-21T04:00:00Z,18.575000762939453,18.610000610351562,18.44499969482422,18.44499969482422,16145600.0
2012-08-22T04:00:00Z,18.424999237060547,18.485000610351562,18.3799991607666,18.415000915527344,11214000.0
2012-08-23T04:00:00Z,18.415000915527344,18.420000076293945,18.204999923706055,18.225000381469727,15948800.0
2012-08-24T04:00:00Z,18.174999237060547,18.334999084472656,18.174999237060547,18.309999465942383,6554000.0
2012-08-27T04:00:00Z,18.299999237060547,18.3799991607666,18.28499984741211,18.350000381469727,8140600.0
2012-08-28T04:00:00Z,18.329999923706055,18.354999542236328,18.260000228881836,18.315000534057617,6348200.0
2012-08-29T04:00:00Z,18.299999237060547,18.31999969482422,18.239999771118164,18.28499984741211,10777400.0
2012-08-30T04:00:00Z,18.2549991607666,18.2549991607666,18.165000915527344,18.19499969482422,4171200.0
2012-08-31T04:00:00Z,18.25,18.260000228881836,18.1200008392334,18.174999237060547,12295800.0
2012-09-04T04:00:00Z,18.145000457763672,18.270000457763672,18.1200008392334,18.2450008392334,25937400.0
2012-09-05T04:00:00Z,18.239999771118164,18.264999389648438,18.155000686645508,18.165000915527344,7073400.0
2012-09-06T04:00:00Z,18.190000534057617,18.375,18.190000534057617,18.3700008392334,11066000.0
2012-09-07T04:00:00Z,18.375,18.399999618530273,18.280000686645508,18.309999465942383,10229600.0
2012-09-10T04:00:00Z,18.315000534057617,18.360000610351562,18.290000915527344,18.290000915527344,7423000.0
2012-09-11T04:00:00Z,18.280000686645508,18.30500030517578,18.229999542236328,18.2450008392334,6759400.0
2012-09-12T04:00:00Z,18.270000457763672,18.270000457763672,18.1200008392334,18.139999389648438,7674000.0
2012-09-13T04:00:00Z,18.125,18.40999984741211,18.125,18.395000457763672,16900400.0
2012-09-14T04:00:00Z,18.3799991607666,18.415000915527344,18.219999313354492,18.270000457763672,18208200.0
2012-09-17T04:00:00Z,18.239999771118164,18.315000534057617,18.1299991607666,18.155000686645508,10366400.0
2012-09-18T04:00:00Z,18.170000076293945,18.170000076293945,18.059999465942383,18.100000381469727,20739200.0
2012-09-19T04:00:00Z,18.084999084472656,18.18000030517578,18.06999969482422,18.1200008392334,25114200.0
2012-09-20T04:00:00Z,18.110000610351562,18.219999313354492,18.100000381469727,18.19499969482422,9522800.0
2012-09-21T04:00:00Z,18.065000534057617,18.065000534057617,17.954999923706055,18.014999389648438,15178800.0
2012-09-24T04:00:00Z,17.985000610351562,18.21500015258789,17.985000610351562,18.184999465942383,16430400.0
2012-09-25T04:00:00Z,18.219999313354492,18.274999618530273,18.139999389648438,18.145000457763672,13455800.0
2012-09-26T04:00:00Z,18.174999237060547,18.329999923706055,18.145000457763672,18.184999465942383,12659200.0
2012-09-27T04:00:00Z,18.209999084472656,18.225000381469727,18.084999084472656,18.110000610351562,14004200.0
2012-09-28T04:00:00Z,18.100000381469727,18.225000381469727,18.020000457763672,18.19499969482422,15932000.0
2012-10-01T04:00:00Z,18.21500015258789,18.295000076293945,18.104999542236328,18.110000610351562,14387600.0
2012-10-02T04:00:00Z,18.15999984741211,18.235000610351562,18.114999771118164,18.204999923706055,12397000.0
2012-10-03T04:00:00Z,18.2450008392334,18.34000015258789,18.225000381469727,18.295000076293945,9406800.0
2012-10-04T04:00:00Z,18.329999923706055,18.479999542236328,18.329999923706055,18.399999618530273,13373200.0
2012-10-05T04:00:00Z,18.44499969482422,18.475000381469727,18.34000015258789,18.3700008392334,9188600.0
2012-10-08T04:00:00Z,18.34000015258789,18.43000030517578,18.295000076293945,18.399999618530273,10853600.0
2012-10-09T04:00:00Z,18.364999771118164,18.440000534057617,18.325000762939453,18.364999771118164,10977200.0
2012-10-10T04:00:00Z,18.364999771118164,18.420000076293945,18.28499984741211,18.334999084472656,7639400.0
2012-10-11T04:00:00Z,18.3700008392334,18.459999084472656,18.315000534057617,18.354999542236328,11852600.0
2012-10-12T04:00:00Z,18.399999618530273,18.420000076293945,18.209999084472656,18.25,8362600.0
2012-10-15T04:00:00Z,18.25,18.34000015258789,18.155000686645508,18.325000762939453,9685600.0
2012-10-16T04:00:00Z,18.354999542236328,18.440000534057617,18.325000762939453,18.395000457763672,16713000.0
2012-10-17T04:00:00Z,18.440000534057617,18.645000457763672,18.399999618530273,18.6200008392334,19708000.0
2012-10-18T04:00:00Z,18.625,18.709999084472656,18.575000762939453,18.704999923706055,10890200.0
2012-10-19T04:00:00Z,18.684999465942383,18.719999313354492,18.524999618530273,18.55500030517578,15678200.0
2012-10-22T04:00:00Z,18.53499984741211,18.540000915527344,18.415000915527344,18.5049991607666,9488000.0
2012-10-23T04:00:00Z,18.375,18.424999237060547,18.264999389648438,18.334999084472656,13784200.0
2012-10-24T04:00:00Z,18.31999969482422,18.364999771118164,18.190000534057617,18.200000762939453,11551200.0
2012-10-25T04:00:00Z,18.2549991607666,18.30500030517578,18.149999618530273,18.290000915527344,11300400.0
2012-10-26T04:00:00Z,18.28499984741211,18.34000015258789,18.209999084472656,18.290000915527344,14972200.0
2012-10-31T04:00:00Z,18.395000457763672,18.524999618530273,18.309999465942383,18.450000762939453,22139200.0
2012-11-01T04:00:00Z,18.524999618530273,18.545000076293945,18.235000610351562,18.2549991607666,16870000.0
2012-11-02T04:00:00Z,18.25,18.350000381469727,18.114999771118164,18.1299991607666,8595200.0
2012-11-05T05:00:00Z,18.094999313354492,18.094999313354492,17.809999465942383,17.834999084472656,16572200.0
2012-11-06T05:00:00Z,17.854999542236328,17.934999465942383,17.78499984741211,17.844999313354492,16531200.0
2012-11-07T05:00:00Z,17.7450008392334,17.790000915527344,17.3700008392334,17.469999313354492,24006200.0
2012-11-08T05:00:00Z,17.485000610351562,17.68000030517578,17.434999465942383,17.440000534057617,19347600.0
2012-11-09T05:00:00Z,17.399999618530273,17.46500015258789,17.315000534057617,17.334999084472656,19359400.0
2012-11-12T05:00:00Z,17.30500030517578,17.344999313354492,17.145000457763672,17.190000534057617,14239800.0
2012-11-13T05:00:00Z,17.1299991607666,17.360000610351562,17.125,17.2549991607666,24911800.0
2012-11-14T05:00:00Z,17.274999618530273,17.28499984741211,17.09000015258789,17.135000228881836,20745000.0
2012-11-15T05:00:00Z,17.1299991607666,17.235000610351562,16.924999237060547,17.03499984741211,30604200.0
2012-11-16T05:00:00Z,17.049999237060547,17.209999084472656,16.959999084472656,17.18000030517578,24675000.0
2012-11-19T05:00:00Z,17.235000610351562,17.295000076293945,17.094999313354492,17.19499969482422,33073000.0
2012-11-20T05:00:00Z,17.21500015258789,17.229999542236328,17.020000457763672,17.165000915527344,22659400.0
2012-11-21T05:00:00Z,17.18000030517578,17.19499969482422,16.924999237060547,17.09000015258789,29878600.0
2012-11-23T05:00:00Z,17.09000015258789,17.139999389648438,16.950000762939453,17.045000076293945,7440200.0
2012-11-26T05:00:00Z,17.0049991607666,17.34000015258789,17.0049991607666,17.260000228881836,32368000.0
2012-11-27T05:00:00Z,17.2450008392334,17.405000686645508,17.2450008392334,17.30500030517578,27325800.0
2012-11-28T05:00:00Z,17.25,17.399999618530273,17.184999465942383,17.375,21058200.0
2012-11-29T05:00:00Z,17.389999389648438,17.4950008392334,17.34000015258789,17.475000381469727,19131600.0
2012-11-30T05:00:00Z,17.520000457763672,17.674999237060547,17.469999313354492,17.65999984741211,58126400.0
2012-12-03T05:00:00Z,17.674999237060547,17.690000534057617,17.46500015258789,17.549999237060547,25005400.0
2012-12-04T05:00:00Z,17.565000534057617,17.594999313354492,17.440000534057617,17.459999084472656,11106600.0
2012-12-05T05:00:00Z,17.524999618530273,17.81999969482422,17.424999237060547,17.725000381469727,37338000.0
2012-12-06T05:00:00Z,17.65999984741211,17.829999923706055,17.65999984741211,17.71500015258789,12977400.0
2012-12-07T05:00:00Z,17.719999313354492,17.795000076293945,17.670000076293945,17.729999542236328,14832600.0
2012-12-10T05:00:00Z,17.690000534057617,17.7549991607666,17.674999237060547,17.735000610351562,8722400.0
2012-12-11T05:00:00Z,17.739999771118164,17.850000381469727,17.71500015258789,17.774999618530273,12899200.0
2012-12-12T05:00:00Z,17.774999618530273,17.889999389648438,17.729999542236328,17.7450008392334,20284400.0
2012-12-13T05:00:00Z,17.719999313354492,17.7450008392334,17.610000610351562,17.674999237060547,16719800.0
2012-12-14T05:00:00Z,17.684999465942383,17.684999465942383,17.579999923706055,17.604999542236328,12584200.0
2012-12-17T05:00:00Z,17.649999618530273,17.8799991607666,17.649999618530273,17.875,17190000.0
2012-12-18T05:00:00Z,17.844999313354492,18.03499984741211,17.84000015258789,18.0,20221000.0
2012-12-19T05:00:00Z,17.9950008392334,18.010000228881836,17.854999542236328,17.864999771118164,13614600.0
2012-12-20T05:00:00Z,17.8700008392334,17.94499969482422,17.80500030517578,17.920000076293945,19356000.0
2012-12-21T05:00:00Z,17.610000610351562,17.719999313354492,17.53499984741211,17.655000686645508,17338200.0
2012-12-24T05:00:00Z,17.625,17.665000915527344,17.5,17.579999923706055,11731600.0
2012-12-26T05:00:00Z,17.604999542236328,17.649999618530273,17.415000915527344,17.43000030517578,11601400.0
2012-12-27T05:00:00Z,17.395000457763672,17.46500015258789,17.21500015258789,17.399999618530273,35448000.0
2012-12-28T05:00:00Z,17.334999084472656,17.44499969482422,17.219999313354492,17.225000381469727,17018400.0
2012-12-31T05:00:00Z,17.19499969482422,17.485000610351562,17.110000610351562,17.459999084472656,32625000.0
2013-01-02T05:00:00Z,17.68000030517578,17.815000534057617,17.645000457763672,17.780000686645508,25591200.0
2013-01-03T05:00:00Z,17.780000686645508,17.844999313354492,17.729999542236328,17.780000686645508,16283000.0
2013-01-04T05:00:00Z,17.780000686645508,17.885000228881836,17.770000457763672,17.8700008392334,12358600.0
2013-01-07T05:00:00Z,17.815000534057617,17.860000610351562,17.655000686645508,17.69499969482422,16739200.0
2013-01-08T05:00:00Z,17.665000915527344,17.690000534057617,17.56999969482422,17.639999389648438,12853200.0
2013-01-09T05:00:00Z,17.670000076293945,17.68000030517578,17.545000076293945,17.604999542236328,15160800.0
2013-01-10T05:00:00Z,17.639999389648438,17.690000534057617,17.604999542236328,17.68000030517578,12603000.0
2013-01-11T05:00:00Z,17.655000686645508,17.729999542236328,17.645000457763672,17.700000762939453,16221000.0
2013-01-14T05:00:00Z,17.674999237060547,17.725000381469727,17.645000457763672,17.665000915527344,11288000.0
2013-01-15T05:00:00Z,17.645000457763672,17.725000381469727,17.600000381469727,17.71500015258789,12496600.0
2013-01-16T05:00:00Z,17.670000076293945,17.709999084472656,17.614999771118164,17.6299991607666,9441200.0
2013-01-17T05:00:00Z,17.690000534057617,17.764999389648438,17.645000457763672,17.700000762939453,11062600.0
2013-01-18T05:00:00Z,17.739999771118164,17.854999542236328,17.69499969482422,17.84000015258789,13333400.0
2013-01-22T05:00:00Z,17.809999465942383,18.014999389648438,17.799999237060547,17.989999771118164,13349200.0
2013-01-23T05:00:00Z,17.924999237060547,17.989999771118164,17.860000610351562,17.94499969482422,12347200.0
2013-01-24T05:00:00Z,17.979999542236328,18.079999923706055,17.959999084472656,18.024999618530273,12679200.0
2013-01-25T05:00:00Z,18.045000076293945,18.1299991607666,17.950000762939453,18.114999771118164,16063000.0
2013-01-28T05:00:00Z,18.125,18.149999618530273,18.0049991607666,18.104999542236328,15416200.0
2013-01-29T05:00:00Z,18.059999465942383,18.25,18.059999465942383,18.229999542236328,17423600.0
2013-01-30T05:00:00Z,18.204999923706055,18.28499984741211,18.190000534057617,18.2450008392334,16399600.0
2013-01-31T05:00:00Z,18.165000915527344,18.329999923706055,18.165000915527344,18.290000915527344,13664600.0
2013-02-01T05:00:00Z,18.350000381469727,18.405000686645508,18.31999969482422,18.34000015258789,14225600.0
2013-02-04T05:00:00Z,18.309999465942383,18.309999465942383,18.209999084472656,18.21500015258789,12590400.0
2013-02-05T05:00:00Z,18.299999237060547,18.364999771118164,18.260000228881836,18.264999389648438,12824200.0
2013-02-06T05:00:00Z,18.2450008392334,18.325000762939453,18.145000457763672,18.31999969482422,14998600.0
2013-02-07T05:00:00Z,18.34000015258789,18.454999923706055,18.270000457763672,18.344999313354492,16087400.0
2013-02-08T05:00:00Z,18.364999771118164,18.364999771118164,18.2549991607666,18.344999313354492,9686200.0
2013-02-11T05:00:00Z,18.354999542236328,18.405000686645508,18.31999969482422,18.389999389648438,9646000.0
2013-02-12T05:00:00Z,18.3799991607666,18.479999542236328,18.360000610351562,18.469999313354492,10411600.0
2013-02-13T05:00:00Z,18.489999771118164,18.545000076293945,18.420000076293945,18.469999313354492,9484000.0
2013-02-14T05:00:00Z,18.389999389648438,18.450000762939453,18.264999389648438,18.31999969482422,20507600.0
2013-02-15T05:00:00Z,18.354999542236328,18.389999389648438,18.31999969482422,18.360000610351562,10485000.0
2013-02-19T05:00:00Z,18.34000015258789,18.549999237060547,18.34000015258789,18.520000457763672,18934000.0
2013-02-20T05:00:00Z,18.530000686645508,18.639999389648438,18.479999542236328,18.485000610351562,16345600.0
2013-02-21T05:00:00Z,18.440000534057617,18.510000228881836,18.389999389648438,18.405000686645508,18075800.0
2013-02-22T05:00:00Z,18.469999313354492,18.600000381469727,18.424999237060547,18.59000015258789,12183000.0
2013-02-25T05:00:00Z,18.639999389648438,18.78499984741211,18.405000686645508,18.424999237060547,19625000.0
2013-02-26T05:00:00Z,18.44499969482422,18.579999923706055,18.395000457763672,18.479999542236328,19338400.0
2013-02-27T05:00:00Z,18.5,18.704999923706055,18.489999771118164,18.649999618530273,12015400.0
2013-02-28T05:00:00Z,18.674999237060547,18.790000915527344,18.6200008392334,18.71500015258789,17955200.0
2013-03-01T05:00:00Z,18.645000457763672,18.760000228881836,18.559999465942383,18.75,11437000.0
2013-03-04T05:00:00Z,18.719999313354492,18.96500015258789,18.700000762939453,18.940000534057617,15280600.0
2013-03-05T05:00:00Z,18.979999542236328,19.09000015258789,18.959999084472656,19.040000915527344,11628000.0
2013-03-06T05:00:00Z,19.075000762939453,19.094999313354492,18.975000381469727,19.030000686645508,10835200.0
2013-03-07T05:00:00Z,19.030000686645508,19.079999923706055,18.940000534057617,18.94499969482422,16005800.0
2013-03-08T05:00:00Z,19.0,19.020000457763672,18.844999313354492,18.985000610351562,22876800.0
2013-03-11T04:00:00Z,18.9950008392334,19.059999465942383,18.950000762939453,19.030000686645508,6522600.0
2013-03-12T04:00:00Z,19.06999969482422,19.06999969482422,18.915000915527344,18.979999542236328,10055800.0
2013-03-13T04:00:00Z,18.93000030517578,19.075000762939453,18.93000030517578,19.065000534057617,9278200.0
2013-03-14T04:00:00Z,19.045000076293945,19.114999771118164,19.020000457763672,19.104999542236328,14657400.0
2013-03-15T04:00:00Z,18.940000534057617,19.079999923706055,18.8799991607666,19.065000534057617,26305400.0
2013-03-18T04:00:00Z,18.959999084472656,19.045000076293945,18.93000030517578,18.959999084472656,10046200.0
2013-03-19T04:00:00Z,18.969999313354492,19.075000762939453,18.915000915527344,19.010000228881836,15577400.0
2013-03-20T04:00:00Z,19.094999313354492,19.18000030517578,19.03499984741211,19.149999618530273,12853400.0
2013-03-21T04:00:00Z,19.094999313354492,19.139999389648438,19.030000686645508,19.05500030517578,12010000.0
2013-03-22T04:00:00Z,19.100000381469727,19.139999389648438,19.03499984741211,19.084999084472656,4663600.0
2013-03-25T04:00:00Z,19.200000762939453,19.21500015258789,18.96500015258789,19.045000076293945,13278000.0
2013-03-26T04:00:00Z,19.075000762939453,19.239999771118164,19.075000762939453,19.225000381469727,11751400.0
2013-03-27T04:00:00Z,19.155000686645508,19.325000762939453,19.139999389648438,19.315000534057617,10813400.0
2013-03-28T04:00:00Z,19.325000762939453,19.56999969482422,19.315000534057617,19.549999237060547,14394400.0
2013-04-01T04:00:00Z,19.549999237060547,19.549999237060547,19.454999923706055,19.5049991607666,8508800.0
2013-04-02T04:00:00Z,19.575000762939453,19.639999389648438,19.520000457763672,19.56999969482422,16060600.0
2013-04-03T04:00:00Z,19.600000381469727,19.649999618530273,19.485000610351562,19.514999389648438,11327200.0
2013-04-04T04:00:00Z,19.559999465942383,19.71500015258789,19.549999237060547,19.700000762939453,10543400.0
2013-04-05T04:00:00Z,19.610000610351562,19.815000534057617,19.559999465942383,19.78499984741211,14905800.0
2013-04-08T04:00:00Z,19.809999465942383,19.950000762939453,19.704999923706055,19.934999465942383,11686400.0
2013-04-09T04:00:00Z,19.96500015258789,19.989999771118164,19.860000610351562,19.875,14806400.0
2013-04-10T04:00:00Z,19.924999237060547,20.084999084472656,19.920000076293945,20.03499984741211,9666000.0
2013-04-11T04:00:00Z,20.079999923706055,20.1299991607666,20.030000686645508,20.079999923706055,15184000.0
2013-04-12T04:00:00Z,20.040000915527344,20.165000915527344,20.0,20.165000915527344,10673800.0
2013-04-15T04:00:00Z,20.084999084472656,20.19499969482422,19.875,19.875,21289000.0
2013-04-16T04:00:00Z,19.96500015258789,20.114999771118164,19.80500030517578,20.114999771118164,11141000.0
2013-04-17T04:00:00Z,20.020000457763672,20.06999969482422,19.864999771118164,20.0,17785600.0
2013-04-18T04:00:00Z,20.014999389648438,20.114999771118164,19.969999313354492,20.065000534057617,12552200.0
2013-04-19T04:00:00Z,20.075000762939453,20.3700008392334,20.075000762939453,20.364999771118164,23339200.0
2013-04-22T04:00:00Z,20.385000228881836,20.43000030517578,20.229999542236328,20.34000015258789,14002600.0
2013-04-23T04:00:00Z,20.3700008392334,20.399999618530273,20.229999542236328,20.389999389648438,23561600.0
2013-04-24T04:00:00Z,20.389999389648438,20.53499984741211,20.290000915527344,20.454999923706055,21106000.0
2013-04-25T04:00:00Z,20.510000228881836,20.545000076293945,20.385000228881836,20.459999084472656,19908400.0
2013-04-26T04:00:00Z,20.399999618530273,20.579999923706055,20.399999618530273,20.489999771118164,11886200.0
2013-04-29T04:00:00Z,20.565000534057617,20.690000534057617,20.46500015258789,20.65999984741211,11671600.0
2013-04-30T04:00:00Z,20.639999389648438,20.719999313354492,20.594999313354492,20.71500015258789,15636600.0
2013-05-01T04:00:00Z,20.684999465942383,20.709999084472656,20.479999542236328,20.510000228881836,20734800.0
2013-05-02T04:00:00Z,20.489999771118164,20.55500030517578,20.3700008392334,20.485000610351562,17668800.0
2013-05-03T04:00:00Z,20.584999084472656,20.625,20.40999984741211,20.44499969482422,29973800.0
2013-05-06T04:00:00Z,20.420000076293945,20.434999465942383,20.155000686645508,20.15999984741211,29478800.0
2013-05-07T04:00:00Z,20.184999465942383,20.354999542236328,20.165000915527344,20.354999542236328,14582400.0
2013-05-08T04:00:00Z,20.309999465942383,20.364999771118164,20.110000610351562,20.174999237060547,14345000.0
2013-05-09T04:00:00Z,20.19499969482422,20.21500015258789,19.80500030517578,19.8700008392334,39403000.0
2013-05-10T04:00:00Z,19.8700008392334,19.93000030517578,19.729999542236328,19.915000915527344,21057600.0
2013-05-13T04:00:00Z,19.850000381469727,19.875,19.739999771118164,19.809999465942383,24650400.0
2013-05-14T04:00:00Z,19.825000762939453,20.030000686645508,19.78499984741211,19.94499969482422,24695200.0
2013-05-15T04:00:00Z,19.934999465942383,20.274999618530273,19.899999618530273,20.135000228881836,21546800.0
2013-05-16T04:00:00Z,20.079999923706055,20.104999542236328,19.940000534057617,19.969999313354492,20111200.0
2013-05-17T04:00:00Z,19.989999771118164,20.18000030517578,19.954999923706055,20.15999984741211,18103400.0
2013-05-20T04:00:00Z,20.184999465942383,20.19499969482422,20.024999618530273,20.059999465942383,22675400.0
2013-05-21T04:00:00Z,20.084999084472656,20.170000076293945,19.954999923706055,20.100000381469727,18028600.0
2013-05-22T04:00:00Z,20.049999237060547,20.270000457763672,19.690000534057617,19.760000228881836,49925600.0
2013-05-23T04:00:00Z,19.6299991607666,19.704999923706055,19.334999084472656,19.625,48092600.0
2013-05-24T04:00:00Z,19.579999923706055,19.579999923706055,19.350000381469727,19.415000915527344,19937000.0
2013-05-28T04:00:00Z,19.299999237060547,19.420000076293945,19.104999542236328,19.190000534057617,48073600.0
2013-05-29T04:00:00Z,19.06999969482422,19.09000015258789,18.729999542236328,18.905000686645508,63078200.0
2013-05-30T04:00:00Z,19.09000015258789,19.270000457763672,18.94499969482422,18.954999923706055,34267400.0
2013-05-31T04:00:00Z,18.899999618530273,19.209999084472656,18.834999084472656,18.84000015258789,57017200.0
2013-06-03T04:00:00Z,18.844999313354492,19.020000457763672,18.639999389648438,18.8799991607666,63987600.0
2013-06-04T04:00:00Z,18.850000381469727,18.899999618530273,18.684999465942383,18.815000534057617,29119800.0
2013-06-05T04:00:00Z,18.774999618530273,18.780000686645508,18.600000381469727,18.649999618530273,30872200.0
2013-06-06T04:00:00Z,18.645000457763672,18.8799991607666,18.6200008392334,18.8700008392334,37523400.0
2013-06-07T04:00:00Z,18.84000015258789,19.09000015258789,18.825000762939453,18.985000610351562,30750600.0
2013-06-10T04:00:00Z,19.049999237060547,19.065000534057617,18.899999618530273,18.979999542236328,19863000.0
2013-06-11T04:00:00Z,18.8700008392334,19.020000457763672,18.795000076293945,18.854999542236328,22360000.0
2013-06-12T04:00:00Z,18.950000762939453,18.9950008392334,18.625,18.670000076293945,20184000.0
2013-06-13T04:00:00Z,18.625,18.989999771118164,18.604999542236328,18.975000381469727,33471000.0
2013-06-14T04:00:00Z,18.954999923706055,19.100000381469727,18.950000762939453,19.0,22849000.0
2013-06-17T04:00:00Z,19.075000762939453,19.204999923706055,18.969999313354492,19.059999465942383,24857600.0
2013-06-18T04:00:00Z,19.100000381469727,19.21500015258789,19.010000228881836,19.190000534057617,23373200.0
2013-06-19T04:00:00Z,19.149999618530273,19.225000381469727,18.7450008392334,18.75,45555000.0
2013-06-20T04:00:00Z,18.6200008392334,18.635000228881836,18.18000030517578,18.219999313354492,51298600.0
2013-06-21T04:00:00Z,18.174999237060547,18.375,17.899999618530273,18.270000457763672,40140200.0
2013-06-24T04:00:00Z,18.1200008392334,18.395000457763672,17.989999771118164,18.2549991607666,40811000.0
2013-06-25T04:00:00Z,18.415000915527344,18.549999237060547,18.239999771118164,18.4950008392334,18957400.0
2013-06-26T04:00:00Z,18.604999542236328,18.790000915527344,18.559999465942383,18.729999542236328,22423800.0
2013-06-27T04:00:00Z,18.795000076293945,18.950000762939453,18.729999542236328,18.770000457763672,16357200.0
2013-06-28T04:00:00Z,18.709999084472656,18.915000915527344,18.635000228881836,18.815000534057617,19521000.0
2013-07-01T04:00:00Z,18.809999465942383,18.975000381469727,18.520000457763672,18.579999923706055,25117600.0
2013-07-02T04:00:00Z,18.600000381469727,18.709999084472656,18.5,18.575000762939453,20186200.0
2013-07-03T04:00:00Z,18.485000610351562,18.594999313354492,18.440000534057617,18.5049991607666,11410600.0
2013-07-05T04:00:00Z,18.565000534057617,18.565000534057617,18.2549991607666,18.450000762939453,27263200.0
2013-07-08T04:00:00Z,18.5049991607666,18.764999389648438,18.469999313354492,18.71500015258789,20796200.0
2013-07-09T04:00:00Z,18.780000686645508,18.889999389648438,18.739999771118164,18.850000381469727,14982600.0
2013-07-10T04:00:00Z,18.815000534057617,19.0,18.764999389648438,18.954999923706055,17668200.0
2013-07-11T04:00:00Z,19.125,19.270000457763672,19.100000381469727,19.260000228881836,21706400.0
2013-07-12T04:00:00Z,19.219999313354492,19.344999313354492,19.1299991607666,19.31999969482422,15647400.0
2013-07-15T04:00:00Z,19.315000534057617,19.65999984741211,19.270000457763672,19.635000228881836,24713800.0
2013-07-16T04:00:00Z,19.6299991607666,19.655000686645508,19.43000030517578,19.530000686645508,20737000.0
2013-07-17T04:00:00Z,19.594999313354492,19.645000457763672,19.440000534057617,19.520000457763672,17620400.0
2013-07-18T04:00:00Z,19.549999237060547,19.725000381469727,19.540000915527344,19.690000534057617,15259200.0
2013-07-19T04:00:00Z,19.674999237060547,19.7549991607666,19.625,19.69499969482422,14032400.0
2013-07-22T04:00:00Z,19.65999984741211,19.75,19.655000686645508,19.674999237060547,10515200.0
2013-07-23T04:00:00Z,19.674999237060547,19.790000915527344,19.6299991607666,19.725000381469727,9999600.0
2013-07-24T04:00:00Z,19.719999313354492,19.719999313354492,19.350000381469727,19.424999237060547,17695200.0
2013-07-25T04:00:00Z,19.424999237060547,19.610000610351562,19.415000915527344,19.604999542236328,20812800.0
2013-07-26T04:00:00Z,19.545000076293945,19.68000030517578,19.434999465942383,19.674999237060547,14019400.0
2013-07-29T04:00:00Z,19.604999542236328,19.790000915527344,19.594999313354492,19.709999084472656,13016800.0
2013-07-30T04:00:00Z,19.739999771118164,19.905000686645508,19.71500015258789,19.774999618530273,17715800.0
2013-07-31T04:00:00Z,19.69499969482422,19.739999771118164,19.53499984741211,19.6299991607666,32163200.0
2013-08-01T04:00:00Z,19.674999237060547,19.81999969482422,19.6299991607666,19.795000076293945,19349600.0
2013-08-02T04:00:00Z,19.80500030517578,19.829999923706055,19.65999984741211,19.770000457763672,15608400.0
2013-08-05T04:00:00Z,19.700000762939453,19.735000610351562,19.639999389648438,19.639999389648438,11088600.0
2013-08-06T04:00:00Z,19.655000686645508,19.655000686645508,19.5,19.540000915527344,21129800.0
2013-08-07T04:00:00Z,19.43000030517578,19.665000915527344,19.399999618530273,19.6299991607666,15427800.0
2013-08-08T04:00:00Z,19.645000457763672,19.770000457763672,19.584999084472656,19.704999923706055,15371000.0
2013-08-09T04:00:00Z,19.674999237060547,19.735000610351562,19.559999465942383,19.56999969482422,12649400.0
2013-08-12T04:00:00Z,19.479999542236328,19.530000686645508,19.399999618530273,19.46500015258789,11240000.0
2013-08-13T04:00:00Z,19.450000762939453,19.479999542236328,19.334999084472656,19.360000610351562,19680400.0
2013-08-14T04:00:00Z,19.31999969482422,19.354999542236328,19.135000228881836,19.235000610351562,17312200.0
2013-08-15T04:00:00Z,19.065000534057617,19.165000915527344,18.954999923706055,18.989999771118164,20204800.0
2013-08-16T04:00:00Z,18.96500015258789,18.969999313354492,18.670000076293945,18.770000457763672,33884200.0
2013-08-19T04:00:00Z,18.780000686645508,18.850000381469727,18.579999923706055,18.610000610351562,24428200.0
2013-08-20T04:00:00Z,18.649999618530273,18.934999465942383,18.610000610351562,18.78499984741211,27167000.0
2013-08-21T04:00:00Z,18.75,18.7549991607666,18.489999771118164,18.56999969482422,24639400.0
2013-08-22T04:00:00Z,18.6200008392334,18.739999771118164,18.549999237060547,18.674999237060547,16337000.0
2013-08-23T04:00:00Z,18.725000381469727,18.8799991607666,18.635000228881836,18.829999923706055,15159200.0
2013-08-26T04:00:00Z,18.80500030517578,18.860000610351562,18.670000076293945,18.690000534057617,13152400.0
2013-08-27T04:00:00Z,18.56999969482422,18.78499984741211,18.545000076293945,18.68000030517578,18233800.0
2013-08-28T04:00:00Z,18.68000030517578,18.809999465942383,18.594999313354492,18.7450008392334,16509800.0
2013-08-29T04:00:00Z,18.725000381469727,18.75,18.600000381469727,18.635000228881836,12186000.0
2013-08-30T04:00:00Z,18.655000686645508,18.7549991607666,18.579999923706055,18.649999618530273,15734200.0
2013-09-03T04:00:00Z,18.725000381469727,18.815000534057617,18.40999984741211,18.434999465942383,23938400.0
2013-09-04T04:00:00Z,18.440000534057617,18.489999771118164,18.274999618530273,18.434999465942383,14636800.0
2013-09-05T04:00:00Z,18.405000686645508,18.479999542236328,18.315000534057617,18.360000610351562,17545600.0
2013-09-06T04:00:00Z,18.479999542236328,18.610000610351562,18.450000762939453,18.489999771118164,21866800.0
2013-09-09T04:00:00Z,18.514999389648438,18.579999923706055,18.424999237060547,18.55500030517578,13015600.0
2013-09-10T04:00:00Z,18.614999771118164,18.700000762939453,18.545000076293945,18.700000762939453,16688800.0
2013-09-11T04:00:00Z,18.69499969482422,18.709999084472656,18.424999237060547,18.514999389648438,49506000.0
2013-09-12T04:00:00Z,18.614999771118164,18.68000030517578,18.44499969482422,18.46500015258789,37638200.0
2013-09-13T04:00:00Z,18.514999389648438,18.649999618530273,18.514999389648438,18.604999542236328,20765000.0
2013-09-16T04:00:00Z,18.81999969482422,18.934999465942383,18.6200008392334,18.655000686645508,50430600.0
2013-09-17T04:00:00Z,18.655000686645508,18.78499984741211,18.655000686645508,18.764999389648438,19447000.0
2013-09-18T04:00:00Z,18.729999542236328,19.405000686645508,18.69499969482422,19.325000762939453,59007600.0
2013-09-19T04:00:00Z,19.375,19.450000762939453,19.165000915527344,19.235000610351562,40038600.0
2013-09-20T04:00:00Z,19.065000534057617,19.084999084472656,18.7549991607666,18.764999389648438,37680400.0
2013-09-23T04:00:00Z,18.770000457763672,19.065000534057617,18.674999237060547,18.989999771118164,30776200.0
2013-09-24T04:00:00Z,19.0,19.040000915527344,18.915000915527344,18.979999542236328,23943400.0
2013-09-25T04:00:00Z,19.0,19.049999237060547,18.84000015258789,18.850000381469727,27723800.0
2013-09-26T04:00:00Z,18.8799991607666,18.940000534057617,18.7549991607666,18.825000762939453,17135400.0
2013-09-27T04:00:00Z,18.795000076293945,18.860000610351562,18.639999389648438,18.704999923706055,15275600.0
2013-09-30T04:00:00Z,18.635000228881836,18.739999771118164,18.59000015258789,18.684999465942383,19191600.0
2013-10-01T04:00:00Z,18.7450008392334,18.80500030517578,18.674999237060547,18.739999771118164,15713600.0
2013-10-02T04:00:00Z,18.68000030517578,18.80500030517578,18.610000610351562,18.760000228881836,19228200.0
2013-10-03T04:00:00Z,18.729999542236328,18.729999542236328,18.469999313354492,18.540000915527344,18608000.0
2013-10-04T04:00:00Z,18.559999465942383,18.645000457763672,18.514999389648438,18.575000762939453,8914000.0
2013-10-07T04:00:00Z,18.5,18.645000457763672,18.454999923706055,18.485000610351562,10272200.0
2013-10-08T04:00:00Z,18.520000457763672,18.760000228881836,18.4950008392334,18.614999771118164,24513200.0
2013-10-09T04:00:00Z,18.645000457763672,18.950000762939453,18.604999542236328,18.690000534057617,28637600.0
2013-10-10T04:00:00Z,18.795000076293945,19.0,18.600000381469727,18.969999313354492,23396800.0
2013-10-11T04:00:00Z,18.94499969482422,19.094999313354492,18.895000457763672,19.059999465942383,13817200.0
2013-10-14T04:00:00Z,19.0,19.0,18.690000534057617,18.954999923706055,52681600.0
2013-10-15T04:00:00Z,18.954999923706055,18.954999923706055,18.655000686645508,18.690000534057617,23992200.0
2013-10-16T04:00:00Z,18.770000457763672,18.8700008392334,18.690000534057617,18.860000610351562,25750200.0
2013-10-17T04:00:00Z,18.80500030517578,19.204999923706055,18.709999084472656,19.165000915527344,32164400.0
2013-10-18T04:00:00Z,19.229999542236328,19.28499984741211,19.145000457763672,19.21500015258789,21954200.0
2013-10-21T04:00:00Z,19.21500015258789,19.2450008392334,19.09000015258789,19.174999237060547,14803800.0
2013-10-22T04:00:00Z,19.264999389648438,19.4950008392334,19.184999465942383,19.420000076293945,39260400.0
2013-10-23T04:00:00Z,19.385000228881836,19.649999618530273,19.385000228881836,19.434999465942383,28342600.0
2013-10-24T04:00:00Z,19.5049991607666,19.5049991607666,19.295000076293945,19.395000457763672,15733200.0
2013-10-25T04:00:00Z,19.3799991607666,19.614999771118164,19.299999237060547,19.600000381469727,13100200.0
2013-10-28T04:00:00Z,19.59000015258789,19.674999237060547,19.489999771118164,19.559999465942383,19642400.0
2013-10-29T04:00:00Z,19.55500030517578,19.635000228881836,19.510000228881836,19.584999084472656,15844000.0
2013-10-30T04:00:00Z,19.6200008392334,19.725000381469727,19.440000534057617,19.459999084472656,24635600.0
2013-10-31T04:00:00Z,19.389999389648438,19.520000457763672,19.165000915527344,19.389999389648438,33806000.0
2013-11-01T04:00:00Z,19.40999984741211,19.59000015258789,19.399999618530273,19.530000686645508,24713800.0
2013-11-04T05:00:00Z,19.594999313354492,19.610000610351562,19.399999618530273,19.56999969482422,12430800.0
2013-11-05T05:00:00Z,19.545000076293945,19.700000762939453,19.43000030517578,19.43000030517578,21466400.0
2013-11-06T05:00:00Z,19.450000762939453,19.704999923706055,19.450000762939453,19.69499969482422,20235400.0
2013-11-07T05:00:00Z,19.71500015258789,19.80500030517578,19.475000381469727,19.510000228881836,24793400.0
2013-11-08T05:00:00Z,19.3700008392334,19.479999542236328,19.1299991607666,19.475000381469727,39977200.0
2013-11-11T05:00:00Z,19.475000381469727,19.579999923706055,19.3700008392334,19.469999313354492,14919400.0
2013-11-12T05:00:00Z,19.420000076293945,19.469999313354492,19.209999084472656,19.30500030517578,22484400.0
2013-11-13T05:00:00Z,19.184999465942383,19.399999618530273,19.09000015258789,19.399999618530273,19193000.0
2013-11-14T05:00:00Z,19.459999084472656,19.639999389648438,19.415000915527344,19.56999969482422,37658600.0
2013-11-15T05:00:00Z,19.524999618530273,19.684999465942383,19.5,19.684999465942383,15583400.0
2013-11-18T05:00:00Z,19.719999313354492,19.735000610351562,19.584999084472656,19.65999984741211,24412600.0
2013-11-19T05:00:00Z,19.575000762939453,19.645000457763672,19.475000381469727,19.514999389648438,20159200.0
2013-11-20T05:00:00Z,19.4950008392334,19.604999542236328,19.280000686645508,19.299999237060547,30488000.0
2013-11-21T05:00:00Z,19.315000534057617,19.454999923706055,19.25,19.344999313354492,15936200.0
2013-11-22T05:00:00Z,19.31999969482422,19.389999389648438,19.239999771118164,19.329999923706055,13729800.0
2013-11-25T05:00:00Z,19.344999313354492,19.389999389648438,19.25,19.2549991607666,13934800.0
2013-11-26T05:00:00Z,19.235000610351562,19.264999389648438,19.05500030517578,19.065000534057617,23437800.0
2013-11-27T05:00:00Z,19.084999084472656,19.110000610351562,18.94499969482422,19.024999618530273,16938600.0
2013-11-29T05:00:00Z,19.010000228881836,19.135000228881836,18.96500015258789,19.014999389648438,5887000.0
2013-12-02T05:00:00Z,19.040000915527344,19.075000762939453,18.834999084472656,18.934999465942383,14358800.0
2013-12-03T05:00:00Z,18.90999984741211,19.059999465942383,18.84000015258789,19.030000686645508,19736400.0
2013-12-04T05:00:00Z,18.93000030517578,19.125,18.8799991607666,19.114999771118164,14787800.0
2013-12-05T05:00:00Z,19.024999618530273,19.059999465942383,18.934999465942383,18.959999084472656,19452600.0
2013-12-06T05:00:00Z,19.024999618530273,19.260000228881836,19.0,19.219999313354492,14830600.0
2013-12-09T05:00:00Z,19.25,19.25,19.024999618530273,19.104999542236328,14483800.0
2013-12-10T05:00:00Z,19.110000610351562,19.114999771118164,18.885000228881836,18.915000915527344,19196000.0
2013-12-11T05:00:00Z,18.889999389648438,18.915000915527344,18.735000610351562,18.760000228881836,17436000.0
2013-12-12T05:00:00Z,18.774999618530273,18.90999984741211,18.75,18.78499984741211,15514800.0
2013-12-13T05:00:00Z,18.809999465942383,19.084999084472656,18.709999084472656,18.7549991607666,12392400.0
2013-12-16T05:00:00Z,18.799999237060547,18.985000610351562,18.799999237060547,18.854999542236328,19348400.0
2013-12-17T05:00:00Z,18.80500030517578,18.889999389648438,18.735000610351562,18.81999969482422,11379200.0
2013-12-18T05:00:00Z,18.829999923706055,19.09000015258789,18.625,19.06999969482422,38494400.0
2013-12-19T05:00:00Z,19.030000686645508,19.030000686645508,18.760000228881836,18.93000030517578,32146400.0
2013-12-20T05:00:00Z,18.75,18.9950008392334,18.75,18.915000915527344,30735800.0
2013-12-23T05:00:00Z,19.020000457763672,19.020000457763672,18.834999084472656,18.84000015258789,33831200.0
2013-12-24T05:00:00Z,18.825000762939453,18.96500015258789,18.75,18.915000915527344,9874400.0
2013-12-26T05:00:00Z,18.934999465942383,18.950000762939453,18.795000076293945,18.829999923706055,20616400.0
2013-12-27T05:00:00Z,18.815000534057617,18.950000762939453,18.815000534057617,18.905000686645508,25595200.0
2013-12-30T05:00:00Z,18.864999771118164,18.989999771118164,18.864999771118164,18.950000762939453,11328800.0
2013-12-31T05:00:00Z,18.934999465942383,19.014999389648438,18.915000915527344,18.985000610351562,14043600.0
2014-01-02T05:00:00Z,18.959999084472656,18.9950008392334,18.670000076293945,18.69499969482422,40830400.0
2014-01-03T05:00:00Z,18.725000381469727,18.7450008392334,18.55500030517578,18.635000228881836,27533600.0
2014-01-06T05:00:00Z,18.639999389648438,18.719999313354492,18.579999923706055,18.665000915527344,22472200.0
2014-01-07T05:00:00Z,18.739999771118164,18.844999313354492,18.68000030517578,18.829999923706055,17296400.0
2014-01-08T05:00:00Z,18.790000915527344,18.815000534057617,18.68000030517578,18.729999542236328,28752800.0
2014-01-09T05:00:00Z,18.795000076293945,18.850000381469727,18.700000762939453,18.84000015258789,18738600.0
2014-01-10T05:00:00Z,18.959999084472656,19.2450008392334,18.93000030517578,19.110000610351562,53048200.0
2014-01-13T05:00:00Z,19.094999313354492,19.114999771118164,18.895000457763672,18.915000915527344,24834000.0
2014-01-14T05:00:00Z,18.94499969482422,19.020000457763672,18.8799991607666,18.940000534057617,15348200.0
2014-01-15T05:00:00Z,18.924999237060547,18.9950008392334,18.885000228881836,18.905000686645508,11903800.0
2014-01-16T05:00:00Z,18.8799991607666,19.040000915527344,18.8799991607666,19.03499984741211,16715000.0
2014-01-17T05:00:00Z,19.040000915527344,19.075000762939453,18.985000610351562,19.030000686645508,8632600.0
2014-01-21T05:00:00Z,19.100000381469727,19.25,19.079999923706055,19.239999771118164,11455400.0
2014-01-22T05:00:00Z,19.25,19.31999969482422,19.204999923706055,19.260000228881836,14949400.0
2014-01-23T05:00:00Z,19.225000381469727,19.25,19.094999313354492,19.204999923706055,18847800.0
2014-01-24T05:00:00Z,19.170000076293945,19.280000686645508,18.989999771118164,18.989999771118164,30035200.0
2014-01-27T05:00:00Z,19.024999618530273,19.114999771118164,18.96500015258789,19.03499984741211,16843600.0
2014-01-28T05:00:00Z,19.084999084472656,19.114999771118164,19.010000228881836,19.104999542236328,15803200.0
2014-01-29T05:00:00Z,19.024999618530273,19.184999465942383,19.014999389648438,19.094999313354492,22085200.0
2014-01-30T05:00:00Z,19.125,19.415000915527344,19.125,19.389999389648438,16803800.0
2014-01-31T05:00:00Z,19.274999618530273,19.59000015258789,19.19499969482422,19.549999237060547,28027200.0
2014-02-03T05:00:00Z,19.59000015258789,19.80500030517578,19.3700008392334,19.395000457763672,41110800.0
2014-02-04T05:00:00Z,19.489999771118164,19.489999771118164,19.19499969482422,19.280000686645508,21823800.0
2014-02-05T05:00:00Z,19.239999771118164,19.270000457763672,19.1299991607666,19.19499969482422,15622400.0
2014-02-06T05:00:00Z,19.225000381469727,19.344999313354492,19.15999984741211,19.334999084472656,21078200.0
2014-02-07T05:00:00Z,19.395000457763672,19.454999923706055,19.31999969482422,19.440000534057617,20122000.0
2014-02-10T05:00:00Z,19.3700008392334,19.594999313354492,19.315000534057617,19.584999084472656,14652800.0
2014-02-11T05:00:00Z,19.59000015258789,19.834999084472656,19.55500030517578,19.770000457763672,20196400.0
2014-02-12T05:00:00Z,19.764999389648438,19.829999923706055,19.674999237060547,19.795000076293945,11637800.0
2014-02-13T05:00:00Z,19.71500015258789,20.030000686645508,19.704999923706055,20.010000228881836,16418200.0
2014-02-14T05:00:00Z,19.96500015258789,20.155000686645508,19.924999237060547,20.139999389648438,14478800.0
2014-02-18T05:00:00Z,20.190000534057617,20.274999618530273,20.149999618530273,20.209999084472656,19472400.0
2014-02-19T05:00:00Z,20.19499969482422,20.315000534057617,20.049999237060547,20.094999313354492,20743400.0
2014-02-20T05:00:00Z,20.09000015258789,20.31999969482422,20.079999923706055,20.25,19243400.0
2014-02-21T05:00:00Z,20.264999389648438,20.459999084472656,20.2549991607666,20.274999618530273,18419400.0
2014-02-24T05:00:00Z,20.299999237060547,20.469999313354492,20.21500015258789,20.225000381469727,14203400.0
2014-02-25T05:00:00Z,20.264999389648438,20.385000228881836,20.165000915527344,20.200000762939453,13142200.0
2014-02-26T05:00:00Z,20.299999237060547,20.315000534057617,20.114999771118164,20.135000228881836,19662000.0
2014-02-27T05:00:00Z,20.110000610351562,20.225000381469727,20.020000457763672,20.084999084472656,13822800.0
2014-02-28T05:00:00Z,20.1200008392334,20.264999389648438,20.110000610351562,20.225000381469727,17664000.0
2014-03-03T05:00:00Z,20.145000457763672,20.204999923706055,19.9950008392334,20.024999618530273,28474400.0
2014-03-04T05:00:00Z,20.155000686645508,20.2450008392334,20.125,20.170000076293945,19471600.0
2014-03-05T05:00:00Z,20.139999389648438,20.190000534057617,20.014999389648438,20.03499984741211,18069200.0
2014-03-06T05:00:00Z,20.075000762939453,20.114999771118164,19.875,19.934999465942383,27529000.0
2014-03-07T05:00:00Z,19.860000610351562,19.9950008392334,19.760000228881836,19.9950008392334,27624800.0
2014-03-10T04:00:00Z,19.934999465942383,20.024999618530273,19.8700008392334,19.94499969482422,21968800.0
2014-03-11T04:00:00Z,19.969999313354492,20.0,19.799999237060547,19.889999389648438,15842000.0
2014-03-12T04:00:00Z,19.860000610351562,20.145000457763672,19.860000610351562,20.139999389648438,15596000.0
2014-03-13T04:00:00Z,20.155000686645508,20.395000457763672,20.125,20.350000381469727,42867400.0
2014-03-14T04:00:00Z,20.28499984741211,20.510000228881836,20.270000457763672,20.44499969482422,25632400.0
2014-03-17T04:00:00Z,20.489999771118164,20.600000381469727,20.3799991607666,20.579999923706055,19267800.0
2014-03-18T04:00:00Z,20.59000015258789,20.635000228881836,20.5,20.549999237060547,15949000.0
2014-03-19T04:00:00Z,20.55500030517578,20.59000015258789,20.139999389648438,20.225000381469727,51130200.0
2014-03-20T04:00:00Z,20.170000076293945,20.270000457763672,20.024999618530273,20.270000457763672,25207400.0
2014-03-21T04:00:00Z,20.209999084472656,20.454999923706055,20.18000030517578,20.2549991607666,27598000.0
2014-03-24T04:00:00Z,20.270000457763672,20.395000457763672,20.174999237060547,20.309999465942383,19989000.0
2014-03-25T04:00:00Z,20.350000381469727,20.424999237060547,20.200000762939453,20.395000457763672,20895200.0
2014-03-26T04:00:00Z,20.424999237060547,20.469999313354492,20.30500030517578,20.309999465942383,15633000.0
2014-03-27T04:00:00Z,20.299999237060547,20.489999771118164,20.2450008392334,20.475000381469727,26842600.0
2014-03-28T04:00:00Z,20.434999465942383,20.520000457763672,20.389999389648438,20.5049991607666,15402800.0
2014-03-31T04:00:00Z,20.6200008392334,20.809999465942383,20.540000915527344,20.729999542236328,17405800.0
2014-04-01T04:00:00Z,20.739999771118164,20.739999771118164,20.510000228881836,20.584999084472656,20275600.0
2014-04-02T04:00:00Z,20.55500030517578,20.6299991607666,20.469999313354492,20.55500030517578,23314600.0
2014-04-03T04:00:00Z,20.559999465942383,20.684999465942383,20.53499984741211,20.6200008392334,10953600.0
2014-04-04T04:00:00Z,20.704999923706055,20.959999084472656,20.65999984741211,20.729999542236328,27240200.0
2014-04-07T04:00:00Z,20.71500015258789,20.920000076293945,20.684999465942383,20.69499969482422,26768800.0
2014-04-08T04:00:00Z,20.700000762939453,21.020000457763672,20.55500030517578,20.989999771118164,23726400.0
2014-04-09T04:00:00Z,20.969999313354492,21.03499984741211,20.725000381469727,20.94499969482422,36243400.0
2014-04-10T04:00:00Z,20.959999084472656,21.110000610351562,20.795000076293945,20.864999771118164,32002400.0
2014-04-11T04:00:00Z,20.860000610351562,20.989999771118164,20.799999237060547,20.844999313354492,35646800.0
2014-04-14T04:00:00Z,20.940000534057617,21.040000915527344,20.825000762939453,20.969999313354492,19273400.0
2014-04-15T04:00:00Z,20.969999313354492,21.260000228881836,20.969999313354492,21.260000228881836,30050000.0
2014-04-16T04:00:00Z,21.2549991607666,21.415000915527344,21.21500015258789,21.415000915527344,24827600.0
2014-04-17T04:00:00Z,21.350000381469727,21.459999084472656,21.1200008392334,21.149999618530273,35978600.0
2014-04-21T04:00:00Z,21.149999618530273,21.299999237060547,21.024999618530273,21.125,22112600.0
2014-04-22T04:00:00Z,21.15999984741211,21.174999237060547,21.020000457763672,21.155000686645508,21521600.0
2014-04-23T04:00:00Z,21.155000686645508,21.395000457763672,21.1299991607666,21.165000915527344,34032200.0
2014-04-24T04:00:00Z,21.18000030517578,21.364999771118164,21.065000534057617,21.309999465942383,22518600.0
2014-04-25T04:00:00Z,21.299999237060547,21.55500030517578,21.299999237060547,21.55500030517578,32912600.0
2014-04-28T04:00:00Z,21.524999618530273,21.69499969482422,21.479999542236328,21.65999984741211,37239600.0
2014-04-29T04:00:00Z,21.635000228881836,21.729999542236328,21.5049991607666,21.56999969482422,34932800.0
2014-04-30T04:00:00Z,21.55500030517578,21.75,21.55500030517578,21.604999542236328,43656400.0
2014-05-01T04:00:00Z,21.604999542236328,21.760000228881836,21.459999084472656,21.69499969482422,37807800.0
2014-05-02T04:00:00Z,21.545000076293945,21.579999923706055,21.155000686645508,21.25,55864200.0
2014-05-05T04:00:00Z,21.229999542236328,21.454999923706055,21.219999313354492,21.440000534057617,29828400.0
2014-05-06T04:00:00Z,21.399999618530273,21.475000381469727,21.31999969482422,21.334999084472656,21089400.0
2014-05-07T04:00:00Z,21.3799991607666,21.69499969482422,21.360000610351562,21.68000030517578,27319800.0
2014-05-08T04:00:00Z,21.674999237060547,21.690000534057617,21.399999618530273,21.44499969482422,30322200.0
2014-05-09T04:00:00Z,21.420000076293945,21.489999771118164,21.1200008392334,21.1299991607666,24348200.0
2014-05-12T04:00:00Z,21.174999237060547,21.200000762939453,20.90999984741211,20.934999465942383,27231400.0
2014-05-13T04:00:00Z,20.979999542236328,21.084999084472656,20.895000457763672,20.985000610351562,17256600.0
2014-05-14T04:00:00Z,21.024999618530273,21.225000381469727,20.959999084472656,21.09000015258789,40224000.0
2014-05-15T04:00:00Z,21.094999313354492,21.200000762939453,20.985000610351562,21.0049991607666,23125000.0
2014-05-16T04:00:00Z,21.024999618530273,21.09000015258789,20.93000030517578,21.06999969482422,20182000.0
2014-05-19T04:00:00Z,21.014999389648438,21.049999237060547,20.729999542236328,20.7450008392334,26918000.0
2014-05-20T04:00:00Z,20.7450008392334,20.875,20.614999771118164,20.7450008392334,21571800.0
2014-05-21T04:00:00Z,20.80500030517578,20.815000534057617,20.690000534057617,20.760000228881836,13807800.0
2014-05-22T04:00:00Z,20.770000457763672,20.989999771118164,20.760000228881836,20.93000030517578,10420000.0
2014-05-23T04:00:00Z,20.8799991607666,20.9950008392334,20.875,20.8799991607666,17818400.0
2014-05-27T04:00:00Z,21.06999969482422,21.174999237060547,21.014999389648438,21.045000076293945,18907200.0
2014-05-28T04:00:00Z,21.045000076293945,21.190000534057617,21.020000457763672,21.170000076293945,25056000.0
2014-05-29T04:00:00Z,21.165000915527344,21.235000610351562,21.075000762939453,21.229999542236328,19632600.0
2014-05-30T04:00:00Z,21.165000915527344,21.3799991607666,21.165000915527344,21.3700008392334,16557200.0
2014-06-02T04:00:00Z,21.309999465942383,21.415000915527344,21.270000457763672,21.364999771118164,14490200.0
2014-06-03T04:00:00Z,21.325000762939453,21.485000610351562,21.30500030517578,21.44499969482422,16007200.0
2014-06-04T04:00:00Z,21.40999984741211,21.450000762939453,21.315000534057617,21.434999465942383,14061400.0
2014-06-05T04:00:00Z,21.415000915527344,21.649999618530273,21.399999618530273,21.614999771118164,16829000.0
2014-06-06T04:00:00Z,21.635000228881836,21.735000610351562,21.524999618530273,21.540000915527344,16174200.0
2014-06-09T04:00:00Z,21.5,21.575000762939453,21.360000610351562,21.395000457763672,16995200.0
2014-06-10T04:00:00Z,21.344999313354492,21.459999084472656,21.299999237060547,21.344999313354492,17844400.0
2014-06-11T04:00:00Z,21.31999969482422,21.31999969482422,21.065000534057617,21.075000762939453,20601600.0
2014-06-12T04:00:00Z,21.024999618530273,21.204999923706055,20.815000534057617,21.139999389648438,33293800.0
2014-06-13T04:00:00Z,21.1200008392334,21.309999465942383,21.024999618530273,21.274999618530273,16833000.0
2014-06-16T04:00:00Z,21.295000076293945,21.594999313354492,21.2549991607666,21.420000076293945,39471400.0
2014-06-17T04:00:00Z,21.375,21.43000030517578,21.264999389648438,21.389999389648438,22852600.0
2014-06-18T04:00:00Z,21.3799991607666,21.875,21.3700008392334,21.875,71718800.0
2014-06-19T04:00:00Z,21.8799991607666,22.084999084472656,21.864999771118164,22.05500030517578,44431200.0
2014-06-20T04:00:00Z,21.895000457763672,21.924999237060547,21.71500015258789,21.735000610351562,19201600.0
2014-06-23T04:00:00Z,21.795000076293945,21.815000534057617,21.559999465942383,21.65999984741211,18760400.0
2014-06-24T04:00:00Z,21.68000030517578,21.795000076293945,21.655000686645508,21.725000381469727,18392200.0
2014-06-25T04:00:00Z,21.68000030517578,21.834999084472656,21.665000915527344,21.80500030517578,24282200.0
2014-06-26T04:00:00Z,21.80500030517578,21.889999389648438,21.735000610351562,21.8700008392334,25894200.0
2014-06-27T04:00:00Z,21.850000381469727,22.010000228881836,21.780000686645508,21.954999923706055,15382200.0
2014-06-30T04:00:00Z,21.975000381469727,22.18000030517578,21.905000686645508,22.1299991607666,25319200.0
2014-07-01T04:00:00Z,22.104999542236328,22.139999389648438,21.905000686645508,21.90999984741211,19635000.0
2014-07-02T04:00:00Z,21.850000381469727,21.860000610351562,21.40999984741211,21.485000610351562,34737600.0
2014-07-03T04:00:00Z,21.299999237060547,21.440000534057617,21.155000686645508,21.25,24402600.0
2014-07-07T04:00:00Z,21.239999771118164,21.440000534057617,21.235000610351562,21.350000381469727,24500800.0
2014-07-08T04:00:00Z,21.3700008392334,21.524999618530273,21.350000381469727,21.4950008392334,26636400.0
2014-07-09T04:00:00Z,21.4950008392334,21.540000915527344,21.334999084472656,21.434999465942383,20881000.0
2014-07-10T04:00:00Z,21.395000457763672,21.600000381469727,21.375,21.579999923706055,20881200.0
2014-07-11T04:00:00Z,21.565000534057617,21.610000610351562,21.385000228881836,21.415000915527344,18266000.0
2014-07-14T04:00:00Z,21.479999542236328,21.530000686645508,21.15999984741211,21.170000076293945,16613600.0
2014-07-15T04:00:00Z,21.165000915527344,21.334999084472656,21.165000915527344,21.280000686645508,17890800.0
2014-07-16T04:00:00Z,21.350000381469727,21.375,21.174999237060547,21.350000381469727,14987400.0
2014-07-17T04:00:00Z,21.434999465942383,21.434999465942383,21.145000457763672,21.155000686645508,16122800.0
2014-07-18T04:00:00Z,21.18000030517578,21.385000228881836,21.094999313354492,21.3700008392334,10431800.0
2014-07-21T04:00:00Z,21.344999313354492,21.415000915527344,21.229999542236328,21.350000381469727,11157000.0
2014-07-22T04:00:00Z,21.389999389648438,21.434999465942383,21.30500030517578,21.30500030517578,9367400.0
2014-07-23T04:00:00Z,21.30500030517578,21.364999771118164,21.270000457763672,21.325000762939453,14994200.0
2014-07-24T04:00:00Z,21.28499984741211,21.424999237060547,21.25,21.389999389648438,12080600.0
2014-07-25T04:00:00Z,21.389999389648438,21.440000534057617,21.190000534057617,21.219999313354492,11894800.0
2014-07-28T04:00:00Z,21.170000076293945,21.559999465942383,21.135000228881836,21.514999389648438,17213200.0
2014-07-29T04:00:00Z,21.565000534057617,21.655000686645508,21.28499984741211,21.315000534057617,16371200.0
2014-07-30T04:00:00Z,21.2549991607666,21.364999771118164,20.860000610351562,20.954999923706055,29498200.0
2014-07-31T04:00:00Z,20.825000762939453,20.959999084472656,20.610000610351562,20.625,30104400.0
2014-08-01T04:00:00Z,20.559999465942383,20.864999771118164,20.510000228881836,20.704999923706055,31075400.0
2014-08-04T04:00:00Z,20.700000762939453,20.729999542236328,20.2450008392334,20.594999313354492,60365000.0
2014-08-05T04:00:00Z,20.600000381469727,20.610000610351562,20.2549991607666,20.344999313354492,29531800.0
2014-08-06T04:00:00Z,20.264999389648438,20.28499984741211,20.03499984741211,20.084999084472656,99782400.0
2014-08-07T04:00:00Z,20.174999237060547,20.395000457763672,20.174999237060547,20.315000534057617,25176400.0
2014-08-08T04:00:00Z,20.395000457763672,20.729999542236328,20.389999389648438,20.719999313354492,40020200.0
2014-08-11T04:00:00Z,20.7549991607666,20.809999465942383,20.614999771118164,20.645000457763672,17141200.0
2014-08-12T04:00:00Z,20.639999389648438,20.729999542236328,20.59000015258789,20.6299991607666,13760200.0
2014-08-13T04:00:00Z,20.655000686645508,20.770000457763672,20.59000015258789,20.725000381469727,13586600.0
2014-08-14T04:00:00Z,20.69499969482422,20.920000076293945,20.69499969482422,20.905000686645508,12037400.0
2014-08-15T04:00:00Z,20.920000076293945,21.110000610351562,20.8700008392334,20.985000610351562,19427800.0
2014-08-18T04:00:00Z,21.0049991607666,21.094999313354492,20.895000457763672,20.93000030517578,16381600.0
2014-08-19T04:00:00Z,20.954999923706055,21.200000762939453,20.94499969482422,21.19499969482422,15437400.0
2014-08-20T04:00:00Z,21.184999465942383,21.260000228881836,21.110000610351562,21.239999771118164,11174000.0
2014-08-21T04:00:00Z,21.239999771118164,21.40999984741211,21.225000381469727,21.290000915527344,17098200.0
2014-08-22T04:00:00Z,21.375,21.375,21.104999542236328,21.225000381469727,13779800.0
2014-08-25T04:00:00Z,21.270000457763672,21.424999237060547,21.2549991607666,21.3700008392334,13757200.0
2014-08-26T04:00:00Z,21.3799991607666,21.440000534057617,21.114999771118164,21.114999771118164,13068800.0
2014-08-27T04:00:00Z,21.190000534057617,21.350000381469727,21.135000228881836,21.344999313354492,10484400.0
2014-08-28T04:00:00Z,21.315000534057617,21.5,21.2549991607666,21.5,20624400.0
2014-08-29T04:00:00Z,21.485000610351562,21.649999618530273,21.46500015258789,21.639999389648438,11713000.0
2014-09-02T04:00:00Z,21.610000610351562,21.674999237060547,21.315000534057617,21.44499969482422,25563400.0
2014-09-03T04:00:00Z,21.450000762939453,21.6299991607666,21.450000762939453,21.549999237060547,16934000.0
2014-09-04T04:00:00Z,21.479999542236328,21.600000381469727,21.424999237060547,21.540000915527344,18473400.0
2014-09-05T04:00:00Z,21.614999771118164,21.81999969482422,21.55500030517578,21.809999465942383,18108400.0
2014-09-08T04:00:00Z,21.829999923706055,21.829999923706055,21.579999923706055,21.68000030517578,13576800.0
2014-09-09T04:00:00Z,21.6200008392334,21.625,21.395000457763672,21.43000030517578,26829000.0
2014-09-10T04:00:00Z,21.385000228881836,21.454999923706055,21.264999389648438,21.334999084472656,21080800.0
2014-09-11T04:00:00Z,21.354999542236328,21.549999237060547,21.299999237060547,21.514999389648438,18721000.0
2014-09-12T04:00:00Z,21.395000457763672,21.424999237060547,21.079999923706055,21.1299991607666,34885000.0
2014-09-15T04:00:00Z,21.219999313354492,21.315000534057617,21.1299991607666,21.19499969482422,21656400.0
2014-09-16T04:00:00Z,21.200000762939453,21.520000457763672,21.174999237060547,21.46500015258789,24455600.0
2014-09-17T04:00:00Z,21.510000228881836,21.575000762939453,21.315000534057617,21.424999237060547,31086800.0
2014-09-18T04:00:00Z,21.44499969482422,21.5,21.19499969482422,21.270000457763672,24995200.0
2014-09-19T04:00:00Z,21.170000076293945,21.290000915527344,21.110000610351562,21.270000457763672,19314800.0
2014-09-22T04:00:00Z,21.21500015258789,21.239999771118164,21.065000534057617,21.110000610351562,24621400.0
2014-09-23T04:00:00Z,21.110000610351562,21.135000228881836,20.989999771118164,21.049999237060547,19615800.0
2014-09-24T04:00:00Z,21.05500030517578,21.084999084472656,20.905000686645508,20.975000381469727,16693600.0
2014-09-25T04:00:00Z,20.985000610351562,21.049999237060547,20.844999313354492,20.850000381469727,19290400.0
2014-09-26T04:00:00Z,20.829999923706055,20.96500015258789,20.700000762939453,20.8799991607666,13619400.0
2014-09-29T04:00:00Z,20.834999084472656,21.030000686645508,20.770000457763672,21.014999389648438,11150000.0
2014-09-30T04:00:00Z,21.040000915527344,21.270000457763672,20.975000381469727,21.045000076293945,23220800.0
2014-10-01T04:00:00Z,21.135000228881836,21.364999771118164,21.059999465942383,21.165000915527344,35271400.0
2014-10-02T04:00:00Z,21.149999618530273,21.295000076293945,21.100000381469727,21.135000228881836,26489400.0
2014-10-03T04:00:00Z,21.135000228881836,21.30500030517578,21.0049991607666,21.270000457763672,18352400.0
2014-10-06T04:00:00Z,21.295000076293945,21.389999389648438,21.174999237060547,21.270000457763672,11044200.0
2014-10-07T04:00:00Z,21.274999618530273,21.475000381469727,21.190000534057617,21.239999771118164,24451600.0
2014-10-08T04:00:00Z,21.274999618530273,21.7450008392334,21.239999771118164,21.719999313354492,35153000.0
2014-10-09T04:00:00Z,21.739999771118164,21.834999084472656,21.350000381469727,21.364999771118164,31548200.0
2014-10-10T04:00:00Z,21.415000915527344,21.670000076293945,21.415000915527344,21.46500015258789,36548800.0
2014-10-13T04:00:00Z,21.510000228881836,21.739999771118164,21.434999465942383,21.44499969482422,34227000.0
2014-10-14T04:00:00Z,21.514999389648438,21.895000457763672,21.44499969482422,21.639999389648438,44017000.0
2014-10-15T04:00:00Z,21.579999923706055,21.795000076293945,20.950000762939453,21.354999542236328,45711400.0
2014-10-16T04:00:00Z,21.145000457763672,21.420000076293945,20.969999313354492,21.375,41751200.0
2014-10-17T04:00:00Z,21.469999313354492,21.540000915527344,21.190000534057617,21.5,31231400.0
2014-10-20T04:00:00Z,21.565000534057617,21.815000534057617,21.479999542236328,21.799999237060547,20948600.0
2014-10-21T04:00:00Z,21.850000381469727,21.90999984741211,21.729999542236328,21.875,20176000.0
2014-10-22T04:00:00Z,21.850000381469727,22.18000030517578,21.844999313354492,22.010000228881836,27897200.0
2014-10-23T04:00:00Z,22.06999969482422,22.190000534057617,21.969999313354492,22.049999237060547,18925000.0
2014-10-24T04:00:00Z,22.084999084472656,22.329999923706055,22.059999465942383,22.264999389648438,21233000.0
2014-10-27T04:00:00Z,22.260000228881836,22.3700008392334,22.15999984741211,22.21500015258789,16625600.0
2014-10-28T04:00:00Z,22.239999771118164,22.3799991607666,22.104999542236328,22.3700008392334,21548200.0
2014-10-29T04:00:00Z,22.385000228881836,22.46500015258789,22.014999389648438,22.239999771118164,30615400.0
2014-10-30T04:00:00Z,22.264999389648438,22.7450008392334,22.2549991607666,22.729999542236328,67734800.0
2014-10-31T04:00:00Z,22.78499984741211,22.815000534057617,22.549999237060547,22.735000610351562,32197800.0
2014-11-03T05:00:00Z,22.760000228881836,22.954999923706055,22.735000610351562,22.885000228881836,26257000.0
2014-11-04T05:00:00Z,22.895000457763672,23.010000228881836,22.655000686645508,22.764999389648438,30372400.0
2014-11-05T05:00:00Z,22.75,23.30500030517578,22.75,23.280000686645508,43090200.0
2014-11-06T05:00:00Z,23.25,23.25,22.75,22.885000228881836,74182200.0
2014-11-07T05:00:00Z,22.94499969482422,23.1299991607666,22.864999771118164,23.125,23574000.0
2014-11-10T05:00:00Z,23.094999313354492,23.264999389648438,23.014999389648438,23.239999771118164,18869800.0
2014-11-11T05:00:00Z,23.235000610351562,23.280000686645508,23.06999969482422,23.155000686645508,11126000.0
2014-11-12T05:00:00Z,23.184999465942383,23.184999465942383,22.645000457763672,22.75,36118800.0
2014-11-13T05:00:00Z,22.780000686645508,22.875,22.5,22.565000534057617,30232600.0
2014-11-14T05:00:00Z,22.510000228881836,22.579999923706055,22.420000076293945,22.469999313354492,15695600.0
2014-11-17T05:00:00Z,22.4950008392334,22.80500030517578,22.434999465942383,22.764999389648438,17124800.0
2014-11-18T05:00:00Z,22.81999969482422,22.94499969482422,22.690000534057617,22.829999923706055,13373400.0
2014-11-19T05:00:00Z,22.770000457763672,22.875,22.65999984741211,22.809999465942383,24266800.0
2014-11-20T05:00:00Z,22.739999771118164,22.8700008392334,22.665000915527344,22.760000228881836,16630200.0
2014-11-21T05:00:00Z,22.860000610351562,22.96500015258789,22.645000457763672,22.850000381469727,29753400.0
2014-11-24T05:00:00Z,22.8799991607666,22.915000915527344,22.635000228881836,22.65999984741211,23462600.0
2014-11-25T05:00:00Z,22.670000076293945,22.700000762939453,22.520000457763672,22.65999984741211,26221200.0
2014-11-26T05:00:00Z,22.649999618530273,22.829999923706055,22.649999618530273,22.760000228881836,13653000.0
2014-11-28T05:00:00Z,22.780000686645508,23.104999542236328,22.780000686645508,23.0,15589200.0
2014-12-01T05:00:00Z,22.954999923706055,23.235000610351562,22.815000534057617,23.045000076293945,38350600.0
2014-12-02T05:00:00Z,23.0049991607666,23.270000457763672,22.905000686645508,23.200000762939453,26666200.0
2014-12-03T05:00:00Z,23.21500015258789,23.225000381469727,23.0,23.135000228881836,16355000.0
2014-12-04T05:00:00Z,23.125,23.235000610351562,23.010000228881836,23.114999771118164,27733200.0
2014-12-05T05:00:00Z,22.8799991607666,23.03499984741211,22.81999969482422,22.934999465942383,34148800.0
2014-12-08T05:00:00Z,22.934999465942383,23.209999084472656,22.93000030517578,23.1200008392334,24212000.0
2014-12-09T05:00:00Z,22.985000610351562,23.290000915527344,22.985000610351562,23.235000610351562,21023200.0
2014-12-10T05:00:00Z,23.225000381469727,23.395000457763672,22.934999465942383,22.94499969482422,18828800.0
2014-12-11T05:00:00Z,22.875,23.354999542236328,22.700000762939453,23.174999237060547,19433600.0
2014-12-12T05:00:00Z,23.1200008392334,23.30500030517578,22.954999923706055,22.954999923706055,21926200.0
2014-12-15T05:00:00Z,23.010000228881836,23.094999313354492,22.639999389648438,22.760000228881836,22074200.0
2014-12-16T05:00:00Z,22.725000381469727,23.100000381469727,22.565000534057617,22.739999771118164,29683400.0
2014-12-17T05:00:00Z,22.815000534057617,23.200000762939453,22.770000457763672,23.145000457763672,37394800.0
2014-12-18T05:00:00Z,23.25,23.610000610351562,23.155000686645508,23.600000381469727,29327400.0
2014-12-19T05:00:00Z,23.479999542236328,23.584999084472656,23.30500030517578,23.43000030517578,35964000.0
2014-12-22T05:00:00Z,23.4950008392334,23.510000228881836,23.290000915527344,23.489999771118164,22601400.0
2014-12-23T05:00:00Z,23.354999542236328,23.674999237060547,23.354999542236328,23.549999237060547,19162200.0
2014-12-24T05:00:00Z,23.5,24.045000076293945,23.5,23.985000610351562,28824800.0
2014-12-26T05:00:00Z,23.975000381469727,24.3799991607666,23.975000381469727,24.274999618530273,39708200.0
2014-12-29T05:00:00Z,24.290000915527344,24.665000915527344,24.274999618530273,24.55500030517578,49041800.0
2014-12-30T05:00:00Z,24.53499984741211,24.540000915527344,24.010000228881836,24.045000076293945,26030800.0
2014-12-31T05:00:00Z,24.104999542236328,24.145000457763672,23.579999923706055,23.610000610351562,30313000.0
2015-01-02T05:00:00Z,23.834999084472656,23.834999084472656,23.454999923706055,23.719999313354492,33829400.0
2015-01-05T05:00:00Z,23.799999237060547,23.799999237060547,23.325000762939453,23.43000030517578,47823600.0
2015-01-06T05:00:00Z,23.440000534057617,23.860000610351562,23.43000030517578,23.44499969482422,38787400.0
2015-01-07T05:00:00Z,23.59000015258789,23.774999618530273,23.399999618530273,23.674999237060547,28644600.0
2015-01-08T05:00:00Z,23.815000534057617,23.93000030517578,23.7549991607666,23.84000015258789,28055400.0
2015-01-09T05:00:00Z,23.844999313354492,23.905000686645508,23.565000534057617,23.690000534057617,17845400.0
2015-01-12T05:00:00Z,23.71500015258789,23.795000076293945,23.479999542236328,23.635000228881836,21750000.0
2015-01-13T05:00:00Z,23.760000228881836,24.06999969482422,23.579999923706055,23.700000762939453,31959000.0
2015-01-14T05:00:00Z,23.700000762939453,23.940000534057617,23.545000076293945,23.905000686645508,30926000.0
2015-01-15T05:00:00Z,23.94499969482422,24.15999984741211,23.875,24.094999313354492,29080400.0
2015-01-16T05:00:00Z,24.09000015258789,24.31999969482422,24.020000457763672,24.309999465942383,25977400.0
2015-01-20T05:00:00Z,24.3799991607666,24.454999923706055,24.135000228881836,24.3700008392334,22477600.0
2015-01-21T05:00:00Z,24.344999313354492,24.639999389648438,24.139999389648438,24.604999542236328,27644400.0
2015-01-22T05:00:00Z,24.670000076293945,24.739999771118164,24.325000762939453,24.5,35062200.0
2015-01-23T05:00:00Z,24.579999923706055,24.690000534057617,24.489999771118164,24.56999969482422,14190600.0
2015-01-26T05:00:00Z,24.549999237060547,24.575000762939453,24.329999923706055,24.55500030517578,16258200.0
2015-01-27T05:00:00Z,24.4950008392334,24.719999313354492,24.44499969482422,24.59000015258789,17492000.0
2015-01-28T05:00:00Z,24.604999542236328,24.889999389648438,24.315000534057617,24.3799991607666,27390600.0
2015-01-29T05:00:00Z,24.31999969482422,24.75,24.239999771118164,24.704999923706055,24089600.0
2015-01-30T05:00:00Z,24.674999237060547,24.674999237060547,24.1299991607666,24.15999984741211,29831800.0
2015-02-02T05:00:00Z,24.155000686645508,24.354999542236328,23.905000686645508,24.264999389648438,44798600.0
2015-02-03T05:00:00Z,24.219999313354492,24.440000534057617,24.110000610351562,24.354999542236328,32319000.0
2015-02-04T05:00:00Z,24.28499984741211,24.399999618530273,24.0,24.059999465942383,27718000.0
2015-02-05T05:00:00Z,24.1299991607666,24.329999923706055,23.989999771118164,24.280000686645508,26330600.0
2015-02-06T05:00:00Z,24.125,24.174999237060547,23.135000228881836,23.280000686645508,64368400.0
2015-02-09T05:00:00Z,23.229999542236328,23.395000457763672,22.96500015258789,23.075000762939453,39484400.0
2015-02-10T05:00:00Z,23.05500030517578,23.584999084472656,23.024999618530273,23.549999237060547,41782200.0
2015-02-11T05:00:00Z,23.454999923706055,23.454999923706055,22.985000610351562,23.040000915527344,39086200.0
2015-02-12T05:00:00Z,23.084999084472656,23.104999542236328,22.854999542236328,22.934999465942383,41164000.0
2015-02-13T05:00:00Z,22.885000228881836,22.920000076293945,22.405000686645508,22.584999084472656,65308600.0
2015-02-17T05:00:00Z,22.514999389648438,22.799999237060547,22.364999771118164,22.565000534057617,52747400.0
2015-02-18T05:00:00Z,22.549999237060547,23.1299991607666,22.510000228881836,23.100000381469727,64208000.0
2015-02-19T05:00:00Z,23.049999237060547,23.114999771118164,22.760000228881836,22.84000015258789,28572800.0
2015-02-20T05:00:00Z,22.920000076293945,22.920000076293945,22.549999237060547,22.844999313354492,27740200.0
2015-02-23T05:00:00Z,22.885000228881836,23.014999389648438,22.81999969482422,23.0,17977000.0
2015-02-24T05:00:00Z,23.030000686645508,23.295000076293945,22.93000030517578,23.170000076293945,28665000.0
2015-02-25T05:00:00Z,23.149999618530273,23.170000076293945,22.764999389648438,22.790000915527344,23783800.0
2015-02-26T05:00:00Z,22.899999618530273,22.899999618530273,22.59000015258789,22.639999389648438,28517800.0
2015-02-27T05:00:00Z,22.635000228881836,22.69499969482422,22.510000228881836,22.614999771118164,24968800.0
2015-03-02T05:00:00Z,22.600000381469727,22.600000381469727,22.024999618530273,22.18000030517578,55060000.0
2015-03-03T05:00:00Z,22.165000915527344,22.34000015258789,22.030000686645508,22.315000534057617,37113600.0
2015-03-04T05:00:00Z,22.264999389648438,22.264999389648438,22.114999771118164,22.190000534057617,24124000.0
2015-03-05T05:00:00Z,22.2450008392334,22.46500015258789,22.2450008392334,22.364999771118164,23115800.0
2015-03-06T05:00:00Z,22.0049991607666,22.059999465942383,21.610000610351562,21.69499969482422,53594000.0
2015-03-09T04:00:00Z,21.75,21.844999313354492,21.690000534057617,21.735000610351562,26060200.0
2015-03-10T04:00:00Z,21.674999237060547,21.954999923706055,21.635000228881836,21.69499969482422,27244000.0
2015-03-11T04:00:00Z,21.6200008392334,21.81999969482422,21.5049991607666,21.55500030517578,19976400.0
2015-03-12T04:00:00Z,21.700000762939453,22.05500030517578,21.670000076293945,21.96500015258789,34158000.0
2015-03-13T04:00:00Z,21.934999465942383,21.934999465942383,21.540000915527344,21.739999771118164,27968200.0
2015-03-16T04:00:00Z,21.899999618530273,22.274999618530273,21.864999771118164,22.114999771118164,25615800.0
2015-03-17T04:00:00Z,22.05500030517578,22.209999084472656,22.0049991607666,22.079999923706055,18376800.0
2015-03-18T04:00:00Z,22.075000762939453,22.815000534057617,22.010000228881836,22.674999237060547,47453000.0
2015-03-19T04:00:00Z,22.549999237060547,22.825000762939453,22.405000686645508,22.46500015258789,26323000.0
2015-03-20T04:00:00Z,22.469999313354492,22.55500030517578,22.2549991607666,22.489999771118164,27758400.0
2015-03-23T04:00:00Z,22.475000381469727,22.610000610351562,22.424999237060547,22.5049991607666,20520400.0
2015-03-24T04:00:00Z,22.4950008392334,22.610000610351562,22.200000762939453,22.2549991607666,21258600.0
2015-03-25T04:00:00Z,22.30500030517578,22.405000686645508,21.975000381469727,21.9950008392334,28315800.0
2015-03-26T04:00:00Z,21.940000534057617,22.084999084472656,21.7450008392334,21.809999465942383,25400200.0
2015-03-27T04:00:00Z,21.850000381469727,22.06999969482422,21.78499984741211,21.940000534057617,13556800.0
2015-03-30T04:00:00Z,22.059999465942383,22.295000076293945,21.934999465942383,22.209999084472656,16955000.0
2015-03-31T04:00:00Z,22.145000457763672,22.420000076293945,22.049999237060547,22.21500015258789,20419400.0
2015-04-01T04:00:00Z,22.149999618530273,22.295000076293945,21.885000228881836,22.235000610351562,34579400.0
2015-04-02T04:00:00Z,22.200000762939453,22.375,22.174999237060547,22.274999618530273,22537200.0
2015-04-06T04:00:00Z,22.3700008392334,22.719999313354492,22.344999313354492,22.584999084472656,24990200.0
2015-04-07T04:00:00Z,22.579999923706055,22.59000015258789,22.309999465942383,22.325000762939453,13840000.0
2015-04-08T04:00:00Z,22.325000762939453,22.354999542236328,22.145000457763672,22.260000228881836,17916000.0
2015-04-09T04:00:00Z,22.25,22.260000228881836,22.030000686645508,22.165000915527344,22818200.0
2015-04-10T04:00:00Z,22.2450008392334,22.420000076293945,22.145000457763672,22.329999923706055,18541400.0
2015-04-13T04:00:00Z,22.28499984741211,22.329999923706055,22.09000015258789,22.110000610351562,16952800.0
2015-04-14T04:00:00Z,22.165000915527344,22.295000076293945,22.100000381469727,22.219999313354492,22051200.0
2015-04-15T04:00:00Z,22.280000686645508,22.469999313354492,22.2450008392334,22.274999618530273,19362200.0
2015-04-16T04:00:00Z,22.200000762939453,22.225000381469727,21.94499969482422,22.1299991607666,27135800.0
2015-04-17T04:00:00Z,22.03499984741211,22.229999542236328,21.975000381469727,22.049999237060547,17001000.0
2015-04-20T04:00:00Z,22.139999389648438,22.55500030517578,22.125,22.3799991607666,18538800.0
2015-04-21T04:00:00Z,22.3799991607666,22.549999237060547,22.100000381469727,22.18000030517578,23398200.0
2015-04-22T04:00:00Z,22.2450008392334,22.28499984741211,22.084999084472656,22.225000381469727,17496600.0
2015-04-23T04:00:00Z,22.149999618530273,22.459999084472656,22.149999618530273,22.350000381469727,18436400.0
2015-04-24T04:00:00Z,22.350000381469727,22.729999542236328,22.295000076293945,22.575000762939453,29082400.0
2015-04-27T04:00:00Z,22.635000228881836,22.670000076293945,22.235000610351562,22.30500030517578,21013200.0
2015-04-28T04:00:00Z,22.209999084472656,22.469999313354492,22.1299991607666,22.46500015258789,19495600.0
2015-04-29T04:00:00Z,22.299999237060547,22.44499969482422,22.184999465942383,22.3700008392334,26662000.0
2015-04-30T04:00:00Z,22.31999969482422,22.325000762939453,21.940000534057617,22.110000610351562,35176400.0
2015-05-01T04:00:00Z,22.059999465942383,22.2450008392334,21.969999313354492,22.235000610351562,25014800.0
2015-05-04T04:00:00Z,22.239999771118164,22.56999969482422,22.204999923706055,22.399999618530273,26646200.0
2015-05-05T04:00:00Z,22.364999771118164,22.364999771118164,21.84000015258789,21.899999618530273,37242400.0
2015-05-06T04:00:00Z,21.895000457763672,22.0,21.565000534057617,21.780000686645508,33952200.0
2015-05-07T04:00:00Z,21.854999542236328,22.010000228881836,21.799999237060547,21.860000610351562,25374000.0
2015-05-08T04:00:00Z,22.139999389648438,22.260000228881836,21.924999237060547,22.014999389648438,28766400.0
2015-05-11T04:00:00Z,22.010000228881836,22.19499969482422,21.844999313354492,21.864999771118164,25278600.0
2015-05-12T04:00:00Z,21.75,21.864999771118164,21.6200008392334,21.84000015258789,27070400.0
2015-05-13T04:00:00Z,21.915000915527344,21.985000610351562,21.549999237060547,21.625,27959200.0
2015-05-14T04:00:00Z,21.735000610351562,21.934999465942383,21.71500015258789,21.875,24485400.0
2015-05-15T04:00:00Z,21.934999465942383,22.204999923706055,21.899999618530273,22.15999984741211,35583400.0
2015-05-18T04:00:00Z,22.049999237060547,22.28499984741211,22.049999237060547,22.2450008392334,20487200.0
2015-05-19T04:00:00Z,22.145000457763672,22.350000381469727,22.06999969482422,22.295000076293945,25816000.0
2015-05-20T04:00:00Z,22.295000076293945,22.489999771118164,22.2450008392334,22.329999923706055,18137400.0
2015-05-21T04:00:00Z,22.385000228881836,22.40999984741211,22.21500015258789,22.31999969482422,16125200.0
2015-05-22T04:00:00Z,22.239999771118164,22.350000381469727,22.145000457763672,22.28499984741211,17847800.0
2015-05-26T04:00:00Z,22.25,22.274999618530273,22.0,22.145000457763672,21127800.0
2015-05-27T04:00:00Z,22.165000915527344,22.274999618530273,22.1200008392334,22.235000610351562,15275600.0
2015-05-28T04:00:00Z,22.225000381469727,22.34000015258789,22.145000457763672,22.28499984741211,19973800.0
2015-05-29T04:00:00Z,22.239999771118164,22.350000381469727,22.165000915527344,22.25,18321000.0
2015-06-01T04:00:00Z,22.309999465942383,22.415000915527344,22.209999084472656,22.280000686645508,17678200.0
2015-06-02T04:00:00Z,22.15999984741211,22.18000030517578,21.829999923706055,21.985000610351562,24302600.0
2015-06-03T04:00:00Z,21.899999618530273,21.989999771118164,21.540000915527344,21.65999984741211,46725000.0
2015-06-04T04:00:00Z,21.684999465942383,21.780000686645508,21.59000015258789,21.6299991607666,26601800.0
2015-06-05T04:00:00Z,21.350000381469727,21.450000762939453,21.274999618530273,21.360000610351562,31837600.0
2015-06-08T04:00:00Z,21.3799991607666,21.3799991607666,21.219999313354492,21.235000610351562,15835400.0
2015-06-09T04:00:00Z,21.200000762939453,21.315000534057617,21.184999465942383,21.184999465942383,20536800.0
2015-06-10T04:00:00Z,21.375,21.450000762939453,21.28499984741211,21.290000915527344,22182000.0
2015-06-11T04:00:00Z,21.46500015258789,21.5049991607666,21.3700008392334,21.459999084472656,17953800.0
2015-06-12T04:00:00Z,21.3700008392334,21.440000534057617,21.264999389648438,21.270000457763672,17258600.0
2015-06-15T04:00:00Z,21.209999084472656,21.334999084472656,21.145000457763672,21.235000610351562,20152200.0
2015-06-16T04:00:00Z,21.19499969482422,21.334999084472656,21.104999542236328,21.334999084472656,16073600.0
2015-06-17T04:00:00Z,21.344999313354492,21.549999237060547,21.280000686645508,21.514999389648438,36583800.0
2015-06-18T04:00:00Z,21.540000915527344,21.854999542236328,21.540000915527344,21.799999237060547,41434000.0
2015-06-19T04:00:00Z,21.645000457763672,21.65999984741211,21.385000228881836,21.395000457763672,26751000.0
2015-06-22T04:00:00Z,21.43000030517578,21.479999542236328,21.315000534057617,21.364999771118164,20547600.0
2015-06-23T04:00:00Z,21.28499984741211,21.329999923706055,21.045000076293945,21.075000762939453,32553800.0
2015-06-24T04:00:00Z,21.100000381469727,21.145000457763672,20.899999618530273,20.90999984741211,24459800.0
2015-06-25T04:00:00Z,20.924999237060547,20.975000381469727,20.764999389648438,20.770000457763672,23374600.0
2015-06-26T04:00:00Z,20.725000381469727,20.93000030517578,20.655000686645508,20.895000457763672,17541400.0
2015-06-29T04:00:00Z,20.860000610351562,21.1299991607666,20.770000457763672,20.78499984741211,32343000.0
2015-06-30T04:00:00Z,20.885000228881836,20.905000686645508,20.684999465942383,20.729999542236328,22217400.0
2015-07-01T04:00:00Z,20.7549991607666,20.860000610351562,20.700000762939453,20.854999542236328,22503600.0
2015-07-02T04:00:00Z,20.9950008392334,21.18000030517578,20.950000762939453,21.114999771118164,19150800.0
2015-07-06T04:00:00Z,21.084999084472656,21.2549991607666,21.010000228881836,21.200000762939453,27996400.0
2015-07-07T04:00:00Z,21.270000457763672,21.809999465942383,21.270000457763672,21.725000381469727,52236600.0
2015-07-08T04:00:00Z,21.649999618530273,21.78499984741211,21.56999969482422,21.610000610351562,30993600.0
2015-07-09T04:00:00Z,21.674999237060547,21.725000381469727,21.299999237060547,21.3700008392334,31152000.0
2015-07-10T04:00:00Z,21.3799991607666,21.639999389648438,21.309999465942383,21.485000610351562,24810200.0
2015-07-13T04:00:00Z,21.545000076293945,21.635000228881836,21.364999771118164,21.4950008392334,17169400.0
2015-07-14T04:00:00Z,21.469999313354492,21.614999771118164,21.399999618530273,21.46500015258789,13642400.0
2015-07-15T04:00:00Z,21.440000534057617,21.575000762939453,21.350000381469727,21.56999969482422,19801600.0
2015-07-16T04:00:00Z,21.56999969482422,21.924999237060547,21.540000915527344,21.889999389648438,25185400.0
2015-07-17T04:00:00Z,21.889999389648438,21.920000076293945,21.665000915527344,21.674999237060547,20984600.0
2015-07-20T04:00:00Z,21.584999084472656,21.684999465942383,21.454999923706055,21.565000534057617,19625000.0
2015-07-21T04:00:00Z,21.524999618530273,21.575000762939453,21.280000686645508,21.3700008392334,20569600.0
2015-07-22T04:00:00Z,21.405000686645508,21.575000762939453,21.350000381469727,21.46500015258789,16504400.0
2015-07-23T04:00:00Z,21.44499969482422,21.459999084472656,21.040000915527344,21.145000457763672,27894600.0
2015-07-24T04:00:00Z,21.155000686645508,21.239999771118164,21.09000015258789,21.165000915527344,17178200.0
2015-07-27T04:00:00Z,21.165000915527344,21.530000686645508,21.104999542236328,21.434999465942383,23905600.0
2015-07-28T04:00:00Z,21.434999465942383,21.55500030517578,21.354999542236328,21.53499984741211,17485200.0
2015-07-29T04:00:00Z,21.53499984741211,21.635000228881836,21.375,21.614999771118164,27001600.0
2015-07-30T04:00:00Z,21.594999313354492,21.844999313354492,21.5049991607666,21.774999618530273,22630800.0
2015-07-31T04:00:00Z,21.975000381469727,22.170000076293945,21.950000762939453,21.9950008392334,24108400.0
2015-08-03T04:00:00Z,22.024999618530273,22.235000610351562,22.0,22.110000610351562,26394600.0
2015-08-04T04:00:00Z,22.05500030517578,22.084999084472656,21.709999084472656,21.7549991607666,24067200.0
2015-08-05T04:00:00Z,21.84000015258789,21.96500015258789,21.7450008392334,21.809999465942383,22313200.0
2015-08-06T04:00:00Z,21.864999771118164,21.94499969482422,21.614999771118164,21.924999237060547,34290200.0
2015-08-07T04:00:00Z,21.905000686645508,22.290000915527344,21.790000915527344,22.19499969482422,42326600.0
2015-08-10T04:00:00Z,22.200000762939453,22.30500030517578,22.059999465942383,22.104999542236328,24179000.0
2015-08-11T04:00:00Z,22.190000534057617,22.385000228881836,22.049999237060547,22.21500015258789,30244600.0
2015-08-12T04:00:00Z,22.190000534057617,22.649999618530273,22.139999389648438,22.610000610351562,46919600.0
2015-08-13T04:00:00Z,22.520000457763672,22.68000030517578,22.350000381469727,22.614999771118164,21557800.0
2015-08-14T04:00:00Z,22.524999618530273,22.799999237060547,22.475000381469727,22.78499984741211,20668600.0
2015-08-17T04:00:00Z,22.860000610351562,22.9950008392334,22.7450008392334,22.895000457763672,18319400.0
2015-08-18T04:00:00Z,22.81999969482422,22.8799991607666,22.7450008392334,22.84000015258789,23482600.0
2015-08-19T04:00:00Z,22.78499984741211,23.0049991607666,22.665000915527344,22.934999465942383,18491200.0
2015-08-20T04:00:00Z,22.84000015258789,23.06999969482422,22.719999313354492,22.799999237060547,25552000.0
2015-08-21T04:00:00Z,22.725000381469727,22.825000762939453,22.510000228881836,22.524999618530273,37494800.0
2015-08-24T04:00:00Z,22.079999923706055,22.28499984741211,21.575000762939453,21.68000030517578,70201000.0
2015-08-25T04:00:00Z,21.950000762939453,22.09000015258789,20.9950008392334,21.014999389648438,57265400.0
2015-08-26T04:00:00Z,21.15999984741211,21.440000534057617,20.985000610351562,21.389999389648438,43739800.0
2015-08-27T04:00:00Z,21.510000228881836,21.649999618530273,21.344999313354492,21.639999389648438,34091000.0
2015-08-28T04:00:00Z,21.610000610351562,21.674999237060547,21.280000686645508,21.575000762939453,19361400.0
2015-08-31T04:00:00Z,21.545000076293945,21.545000076293945,21.05500030517578,21.229999542236328,24156800.0
2015-09-01T04:00:00Z,21.0,21.040000915527344,20.540000915527344,20.655000686645508,38812400.0
2015-09-02T04:00:00Z,20.799999237060547,20.864999771118164,20.4950008392334,20.670000076293945,18243400.0
2015-09-03T04:00:00Z,20.625,20.8700008392334,20.625,20.764999389648438,17170400.0
2015-09-04T04:00:00Z,20.600000381469727,20.645000457763672,20.399999618530273,20.479999542236328,26859200.0
2015-09-08T04:00:00Z,20.670000076293945,20.915000915527344,20.649999618530273,20.915000915527344,22413800.0
2015-09-09T04:00:00Z,20.96500015258789,21.024999618530273,20.614999771118164,20.655000686645508,23085000.0
2015-09-10T04:00:00Z,20.645000457763672,20.825000762939453,20.559999465942383,20.6200008392334,13532800.0
2015-09-11T04:00:00Z,20.594999313354492,20.78499984741211,20.5,20.774999618530273,14955800.0
2015-09-14T04:00:00Z,20.850000381469727,20.96500015258789,20.780000686645508,20.825000762939453,16745200.0
2015-09-15T04:00:00Z,20.850000381469727,20.985000610351562,20.719999313354492,20.934999465942383,13158200.0
2015-09-16T04:00:00Z,20.9950008392334,21.209999084472656,20.924999237060547,21.145000457763672,17239600.0
2015-09-17T04:00:00Z,21.084999084472656,21.709999084472656,21.084999084472656,21.434999465942383,45446200.0
2015-09-18T04:00:00Z,21.145000457763672,21.360000610351562,21.065000534057617,21.114999771118164,28717400.0
2015-09-21T04:00:00Z,21.100000381469727,21.309999465942383,21.100000381469727,21.200000762939453,17541800.0
2015-09-22T04:00:00Z,21.104999542236328,21.19499969482422,20.875,20.934999465942383,21944400.0
2015-09-23T04:00:00Z,20.940000534057617,21.040000915527344,20.864999771118164,20.989999771118164,10533000.0
2015-09-24T04:00:00Z,20.985000610351562,21.200000762939453,20.915000915527344,21.15999984741211,22652000.0
2015-09-25T04:00:00Z,21.200000762939453,21.575000762939453,21.100000381469727,21.364999771118164,19010000.0
2015-09-28T04:00:00Z,21.364999771118164,21.4950008392334,21.219999313354492,21.260000228881836,19014000.0
2015-09-29T04:00:00Z,21.299999237060547,21.389999389648438,21.18000030517578,21.264999389648438,17362800.0
2015-09-30T04:00:00Z,21.309999465942383,21.670000076293945,21.30500030517578,21.645000457763672,19276000.0
2015-10-01T04:00:00Z,21.69499969482422,21.725000381469727,21.229999542236328,21.389999389648438,31292000.0
2015-10-02T04:00:00Z,21.549999237060547,21.674999237060547,21.354999542236328,21.674999237060547,26396800.0
2015-10-05T04:00:00Z,21.735000610351562,21.989999771118164,21.655000686645508,21.954999923706055,24022400.0
2015-10-06T04:00:00Z,21.90999984741211,21.975000381469727,21.670000076293945,21.80500030517578,23043800.0
2015-10-07T04:00:00Z,21.829999923706055,21.875,21.69499969482422,21.729999542236328,19056800.0
2015-10-08T04:00:00Z,21.71500015258789,22.03499984741211,21.649999618530273,22.0,21060800.0
2015-10-09T04:00:00Z,21.9950008392334,22.014999389648438,21.825000762939453,21.895000457763672,26190200.0
2015-10-12T04:00:00Z,21.975000381469727,22.219999313354492,21.899999618530273,22.09000015258789,14986000.0
2015-10-13T04:00:00Z,22.06999969482422,22.165000915527344,21.9950008392334,22.040000915527344,19146800.0
2015-10-14T04:00:00Z,22.139999389648438,22.200000762939453,22.0049991607666,22.03499984741211,15691000.0
2015-10-15T04:00:00Z,22.1200008392334,22.399999618530273,22.014999389648438,22.360000610351562,16568200.0
2015-10-16T04:00:00Z,22.3799991607666,22.530000686645508,22.31999969482422,22.389999389648438,18817400.0
2015-10-19T04:00:00Z,22.3700008392334,22.415000915527344,22.18000030517578,22.405000686645508,20432400.0
2015-10-20T04:00:00Z,22.334999084472656,22.575000762939453,22.31999969482422,22.479999542236328,19526200.0
2015-10-21T04:00:00Z,22.545000076293945,22.665000915527344,22.420000076293945,22.434999465942383,16822000.0
2015-10-22T04:00:00Z,22.530000686645508,22.760000228881836,22.450000762939453,22.69499969482422,26220000.0
2015-10-23T04:00:00Z,22.674999237060547,22.684999465942383,22.280000686645508,22.295000076293945,25170400.0
2015-10-26T04:00:00Z,22.344999313354492,22.360000610351562,22.040000915527344,22.21500015258789,22227000.0
2015-10-27T04:00:00Z,22.19499969482422,22.2450008392334,22.065000534057617,22.135000228881836,16992400.0
2015-10-28T04:00:00Z,22.139999389648438,22.225000381469727,21.655000686645508,21.899999618530273,34842200.0
2015-10-29T04:00:00Z,21.790000915527344,21.860000610351562,21.485000610351562,21.774999618530273,32579600.0
2015-10-30T04:00:00Z,21.799999237060547,21.959999084472656,21.719999313354492,21.875,23263400.0
2015-11-02T05:00:00Z,21.860000610351562,21.94499969482422,21.729999542236328,21.899999618530273,34873600.0
2015-11-03T05:00:00Z,21.81999969482422,21.989999771118164,21.760000228881836,21.96500015258789,24866400.0
2015-11-04T05:00:00Z,21.940000534057617,22.149999618530273,21.940000534057617,22.079999923706055,21437800.0
2015-11-05T05:00:00Z,22.03499984741211,22.100000381469727,21.889999389648438,21.889999389648438,27525800.0
2015-11-06T05:00:00Z,21.53499984741211,21.584999084472656,20.94499969482422,21.125,64718000.0
2015-11-09T05:00:00Z,21.030000686645508,21.280000686645508,20.985000610351562,21.18000030517578,26666600.0
2015-11-10T05:00:00Z,21.190000534057617,21.434999465942383,21.149999618530273,21.3700008392334,17009200.0
2015-11-11T05:00:00Z,21.43000030517578,21.594999313354492,21.385000228881836,21.55500030517578,21946800.0
2015-11-12T05:00:00Z,21.5,21.704999923706055,21.334999084472656,21.350000381469727,17679200.0
2015-11-13T05:00:00Z,21.375,21.524999618530273,21.204999923706055,21.270000457763672,19032800.0
2015-11-16T05:00:00Z,21.309999465942383,21.635000228881836,21.235000610351562,21.6299991607666,18351200.0
2015-11-17T05:00:00Z,21.6200008392334,21.75,21.18000030517578,21.239999771118164,26988000.0
2015-11-18T05:00:00Z,21.2549991607666,21.420000076293945,21.065000534057617,21.375,30925000.0
2015-11-19T05:00:00Z,21.424999237060547,21.649999618530273,21.405000686645508,21.604999542236328,24729600.0
2015-11-20T05:00:00Z,21.639999389648438,21.850000381469727,21.600000381469727,21.69499969482422,25040000.0
2015-11-23T05:00:00Z,21.719999313354492,21.7450008392334,21.459999084472656,21.4950008392334,23794000.0
2015-11-24T05:00:00Z,21.399999618530273,21.4950008392334,21.295000076293945,21.46500015258789,17583400.0
2015-11-25T05:00:00Z,21.459999084472656,21.459999084472656,21.2549991607666,21.334999084472656,15356400.0
2015-11-27T05:00:00Z,21.395000457763672,21.475000381469727,21.344999313354492,21.375,7960600.0
2015-11-30T05:00:00Z,21.399999618530273,21.565000534057617,21.364999771118164,21.40999984741211,22746000.0
2015-12-01T05:00:00Z,21.459999084472656,21.625,21.375,21.579999923706055,25103000.0
2015-12-02T05:00:00Z,21.4950008392334,21.549999237060547,21.094999313354492,21.100000381469727,25132200.0
2015-12-03T05:00:00Z,21.065000534057617,21.06999969482422,20.8700008392334,20.940000534057617,29758400.0
2015-12-04T05:00:00Z,21.014999389648438,21.264999389648438,20.950000762939453,21.235000610351562,21923000.0
2015-12-07T05:00:00Z,21.184999465942383,21.34000015258789,21.084999084472656,21.329999923706055,27030200.0
2015-12-08T05:00:00Z,21.2450008392334,21.329999923706055,21.1299991607666,21.299999237060547,21275800.0
2015-12-09T05:00:00Z,21.204999923706055,21.530000686645508,21.135000228881836,21.30500030517578,21351600.0
2015-12-10T05:00:00Z,21.274999618530273,21.315000534057617,20.934999465942383,20.954999923706055,19367200.0
2015-12-11T05:00:00Z,20.905000686645508,21.065000534057617,20.75,20.895000457763672,28705400.0
2015-12-14T05:00:00Z,20.975000381469727,21.0049991607666,20.7549991607666,21.0,32809200.0
2015-12-15T05:00:00Z,21.030000686645508,21.295000076293945,21.020000457763672,21.165000915527344,20221800.0
2015-12-16T05:00:00Z,21.2450008392334,21.735000610351562,21.18000030517578,21.700000762939453,36601000.0
2015-12-17T05:00:00Z,21.739999771118164,21.864999771118164,21.579999923706055,21.7450008392334,26323400.0
2015-12-18T05:00:00Z,21.4950008392334,21.520000457763672,21.09000015258789,21.2549991607666,36814400.0
2015-12-21T05:00:00Z,21.30500030517578,21.389999389648438,21.1299991607666,21.239999771118164,18063000.0
2015-12-22T05:00:00Z,21.299999237060547,21.475000381469727,21.104999542236328,21.420000076293945,16251600.0
2015-12-23T05:00:00Z,21.454999923706055,21.799999237060547,21.424999237060547,21.75,17163400.0
2015-12-24T05:00:00Z,21.674999237060547,21.799999237060547,21.674999237060547,21.735000610351562,5431600.0
2015-12-28T05:00:00Z,21.604999542236328,21.80500030517578,21.604999542236328,21.774999618530273,10073000.0
2015-12-29T05:00:00Z,21.8799991607666,21.969999313354492,21.84000015258789,21.895000457763672,18447800.0
2015-12-30T05:00:00Z,21.90999984741211,21.969999313354492,21.829999923706055,21.875,15663000.0
2015-12-31T05:00:00Z,21.84000015258789,21.899999618530273,21.44499969482422,21.639999389648438,20863400.0
2016-01-04T05:00:00Z,21.514999389648438,21.600000381469727,21.334999084472656,21.594999313354492,29693400.0
2016-01-05T05:00:00Z,21.584999084472656,21.80500030517578,21.280000686645508,21.75,21896000.0
2016-01-06T05:00:00Z,21.6200008392334,21.799999237060547,21.53499984741211,21.709999084472656,25437600.0
2016-01-07T05:00:00Z,21.475000381469727,21.674999237060547,21.434999465942383,21.565000534057617,24547400.0
2016-01-08T05:00:00Z,21.579999923706055,21.729999542236328,21.514999389648438,21.55500030517578,23361600.0
2016-01-11T05:00:00Z,21.56999969482422,21.770000457763672,21.559999465942383,21.670000076293945,32779200.0
2016-01-12T05:00:00Z,21.684999465942383,21.75,21.415000915527344,21.584999084472656,28720200.0
2016-01-13T05:00:00Z,21.665000915527344,21.760000228881836,21.510000228881836,21.575000762939453,34957800.0
2016-01-14T05:00:00Z,21.56999969482422,22.024999618530273,21.5,21.899999618530273,46166000.0
2016-01-15T05:00:00Z,21.68000030517578,21.84000015258789,21.44499969482422,21.704999923706055,37878200.0
2016-01-19T05:00:00Z,21.81999969482422,22.09000015258789,21.735000610351562,22.030000686645508,35769200.0
2016-01-20T05:00:00Z,21.940000534057617,21.975000381469727,21.225000381469727,21.53499984741211,39800200.0
2016-01-21T05:00:00Z,21.600000381469727,21.68000030517578,21.325000762939453,21.514999389648438,28175800.0
2016-01-22T05:00:00Z,21.645000457763672,21.915000915527344,21.540000915527344,21.899999618530273,30121000.0
2016-01-25T05:00:00Z,21.889999389648438,21.94499969482422,21.635000228881836,21.71500015258789,27042800.0
2016-01-26T05:00:00Z,21.764999389648438,22.079999923706055,21.764999389648438,21.864999771118164,22919200.0
2016-01-27T05:00:00Z,21.825000762939453,22.075000762939453,21.729999542236328,21.915000915527344,27463800.0
2016-01-28T05:00:00Z,21.885000228881836,22.40999984741211,21.764999389648438,22.264999389648438,31127800.0
2016-01-29T05:00:00Z,22.40999984741211,22.729999542236328,22.40999984741211,22.709999084472656,35880800.0
2016-02-01T05:00:00Z,22.604999542236328,23.030000686645508,22.59000015258789,22.924999237060547,59221800.0
2016-02-02T05:00:00Z,22.84000015258789,23.049999237060547,22.729999542236328,23.024999618530273,31940200.0
2016-02-03T05:00:00Z,23.104999542236328,23.415000915527344,23.100000381469727,23.309999465942383,65904800.0
2016-02-04T05:00:00Z,23.290000915527344,23.415000915527344,23.149999618530273,23.209999084472656,55205200.0
2016-02-05T05:00:00Z,23.075000762939453,23.375,22.8700008392334,23.28499984741211,54772600.0
2016-02-08T05:00:00Z,23.235000610351562,23.5,22.989999771118164,23.204999923706055,58024800.0
2016-02-09T05:00:00Z,23.125,23.375,23.06999969482422,23.28499984741211,45241800.0
2016-02-10T05:00:00Z,23.229999542236328,23.385000228881836,22.860000610351562,23.260000228881836,51841200.0
2016-02-11T05:00:00Z,23.114999771118164,23.30500030517578,22.84000015258789,22.850000381469727,50780000.0
2016-02-12T05:00:00Z,22.834999084472656,22.96500015258789,22.594999313354492,22.780000686645508,42037400.0
2016-02-16T05:00:00Z,22.895000457763672,22.975000381469727,22.684999465942383,22.924999237060547,29277200.0
2016-02-17T05:00:00Z,23.0,23.0,22.729999542236328,22.8799991607666,38160600.0
2016-02-18T05:00:00Z,22.834999084472656,23.334999084472656,22.815000534057617,23.2549991607666,37768600.0
2016-02-19T05:00:00Z,23.155000686645508,23.219999313354492,22.950000762939453,23.100000381469727,34040200.0
2016-02-22T05:00:00Z,23.225000381469727,23.3700008392334,23.094999313354492,23.3700008392334,24873200.0
2016-02-23T05:00:00Z,23.295000076293945,23.44499969482422,23.190000534057617,23.389999389648438,23577600.0
2016-02-24T05:00:00Z,23.389999389648438,23.545000076293945,23.290000915527344,23.5,33501800.0
2016-02-25T05:00:00Z,23.575000762939453,23.739999771118164,23.5049991607666,23.739999771118164,24323800.0
2016-02-26T05:00:00Z,23.604999542236328,23.65999984741211,23.079999923706055,23.084999084472656,65907200.0
2016-02-29T05:00:00Z,23.049999237060547,23.3700008392334,23.030000686645508,23.149999618530273,40275600.0
2016-03-01T05:00:00Z,23.270000457763672,23.325000762939453,22.889999389648438,23.03499984741211,47283400.0
2016-03-02T05:00:00Z,22.975000381469727,23.165000915527344,22.540000915527344,23.155000686645508,60448400.0
2016-03-03T05:00:00Z,23.190000534057617,23.295000076293945,22.8799991607666,23.295000076293945,42548200.0
2016-03-04T05:00:00Z,23.145000457763672,23.6299991607666,23.09000015258789,23.55500030517578,44256800.0
2016-03-07T05:00:00Z,23.514999389648438,23.735000610351562,23.440000534057617,23.684999465942383,36985600.0
2016-03-08T05:00:00Z,23.729999542236328,23.940000534057617,23.604999542236328,23.920000076293945,32749600.0
2016-03-09T05:00:00Z,23.8700008392334,24.104999542236328,23.850000381469727,24.030000686645508,28513200.0
2016-03-10T05:00:00Z,24.020000457763672,24.1299991607666,23.81999969482422,24.049999237060547,38942800.0
2016-03-11T05:00:00Z,24.165000915527344,24.225000381469727,24.024999618530273,24.075000762939453,31390800.0
2016-03-14T04:00:00Z,24.06999969482422,24.149999618530273,23.969999313354492,24.104999542236328,23449600.0
2016-03-15T04:00:00Z,24.079999923706055,24.229999542236328,24.049999237060547,24.149999618530273,27474000.0
2016-03-16T04:00:00Z,24.059999465942383,24.520000457763672,23.899999618530273,24.520000457763672,55736400.0
2016-03-17T04:00:00Z,24.424999237060547,24.709999084472656,24.334999084472656,24.655000686645508,35069800.0
2016-03-18T04:00:00Z,24.469999313354492,24.545000076293945,24.30500030517578,24.315000534057617,33981400.0
2016-03-21T04:00:00Z,24.239999771118164,24.40999984741211,24.05500030517578,24.290000915527344,31486400.0
2016-03-22T04:00:00Z,24.260000228881836,24.389999389648438,24.18000030517578,24.209999084472656,22914800.0
2016-03-23T04:00:00Z,24.209999084472656,24.485000610351562,24.100000381469727,24.389999389648438,30479200.0
2016-03-24T04:00:00Z,24.3799991607666,24.489999771118164,24.309999465942383,24.454999923706055,30147000.0
2016-03-28T04:00:00Z,24.4950008392334,24.625,24.315000534057617,24.364999771118164,22489200.0
2016-03-29T04:00:00Z,24.440000534057617,24.7450008392334,24.344999313354492,24.725000381469727,35107200.0
2016-03-30T04:00:00Z,24.725000381469727,24.780000686645508,24.575000762939453,24.665000915527344,29033800.0
2016-03-31T04:00:00Z,24.700000762939453,24.834999084472656,24.610000610351562,24.809999465942383,29406800.0
2016-04-01T04:00:00Z,24.709999084472656,24.940000534057617,24.6299991607666,24.905000686645508,35745200.0
2016-04-04T04:00:00Z,24.90999984741211,24.940000534057617,24.674999237060547,24.799999237060547,30572200.0
2016-04-05T04:00:00Z,24.7450008392334,24.78499984741211,24.315000534057617,24.334999084472656,37316800.0
2016-04-06T04:00:00Z,24.299999237060547,24.34000015258789,24.155000686645508,24.30500030517578,40589000.0
2016-04-07T04:00:00Z,24.270000457763672,24.454999923706055,24.229999542236328,24.295000076293945,30560400.0
2016-04-08T04:00:00Z,24.3700008392334,24.584999084472656,24.344999313354492,24.424999237060547,32873800.0
2016-04-11T04:00:00Z,24.424999237060547,24.579999923706055,24.299999237060547,24.31999969482422,22250000.0
2016-04-12T04:00:00Z,24.325000762939453,24.520000457763672,24.28499984741211,24.489999771118164,26854400.0
2016-04-13T04:00:00Z,24.559999465942383,24.559999465942383,24.209999084472656,24.34000015258789,26641000.0
2016-04-14T04:00:00Z,24.280000686645508,24.395000457763672,24.229999542236328,24.309999465942383,24181600.0
2016-04-15T04:00:00Z,24.360000610351562,24.5,24.274999618530273,24.44499969482422,21925800.0
2016-04-18T04:00:00Z,24.43000030517578,24.540000915527344,24.264999389648438,24.540000915527344,18248000.0
2016-04-19T04:00:00Z,24.565000534057617,24.614999771118164,24.420000076293945,24.579999923706055,20990800.0
2016-04-20T04:00:00Z,24.600000381469727,24.6299991607666,23.950000762939453,23.96500015258789,52137400.0
2016-04-21T04:00:00Z,23.875,23.940000534057617,23.364999771118164,23.46500015258789,64131400.0
2016-04-22T04:00:00Z,23.530000686645508,23.704999923706055,23.514999389648438,23.674999237060547,24618000.0
2016-04-25T04:00:00Z,23.575000762939453,23.725000381469727,23.559999465942383,23.719999313354492,25485800.0
2016-04-26T04:00:00Z,23.735000610351562,23.854999542236328,23.690000534057617,23.7549991607666,26043000.0
2016-04-27T04:00:00Z,23.825000762939453,24.239999771118164,23.75,24.100000381469727,49118400.0
2016-04-28T04:00:00Z,23.889999389648438,24.125,23.75,24.065000534057617,40316000.0
2016-04-29T04:00:00Z,23.96500015258789,24.235000610351562,23.78499984741211,24.209999084472656,40354400.0
2016-05-02T04:00:00Z,24.225000381469727,24.524999618530273,24.19499969482422,24.405000686645508,32733200.0
2016-05-03T04:00:00Z,24.385000228881836,24.514999389648438,24.25,24.385000228881836,31493400.0
2016-05-04T04:00:00Z,24.395000457763672,24.825000762939453,24.31999969482422,24.670000076293945,35207800.0
2016-05-05T04:00:00Z,24.600000381469727,24.875,24.485000610351562,24.575000762939453,31653000.0
2016-05-06T04:00:00Z,24.454999923706055,24.540000915527344,24.19499969482422,24.415000915527344,40107200.0
2016-05-09T04:00:00Z,24.43000030517578,24.59000015258789,24.3799991607666,24.55500030517578,22463600.0
2016-05-10T04:00:00Z,24.579999923706055,24.670000076293945,24.489999771118164,24.579999923706055,26515800.0
2016-05-11T04:00:00Z,24.584999084472656,24.690000534057617,24.450000762939453,24.670000076293945,24347800.0
2016-05-12T04:00:00Z,24.6299991607666,24.854999542236328,24.540000915527344,24.815000534057617,35455400.0
2016-05-13T04:00:00Z,24.75,24.80500030517578,24.575000762939453,24.69499969482422,25253200.0
2016-05-16T04:00:00Z,24.610000610351562,24.729999542236328,24.520000457763672,24.725000381469727,22174200.0
2016-05-17T04:00:00Z,24.645000457763672,24.704999923706055,24.174999237060547,24.30500030517578,35066000.0
2016-05-18T04:00:00Z,24.165000915527344,24.354999542236328,23.770000457763672,23.850000381469727,54513000.0
2016-05-19T04:00:00Z,23.760000228881836,24.094999313354492,23.625,24.09000015258789,39165600.0
2016-05-20T04:00:00Z,24.145000457763672,24.174999237060547,23.959999084472656,24.145000457763672,30371400.0
2016-05-23T04:00:00Z,24.139999389648438,24.200000762939453,23.899999618530273,23.93000030517578,25380400.0
2016-05-24T04:00:00Z,23.969999313354492,24.200000762939453,23.934999465942383,24.170000076293945,26766600.0
2016-05-25T04:00:00Z,24.040000915527344,24.174999237060547,23.93000030517578,24.100000381469727,28699800.0
2016-05-26T04:00:00Z,24.06999969482422,24.405000686645508,24.06999969482422,24.375,26309000.0
2016-05-27T04:00:00Z,24.3700008392334,24.459999084472656,24.290000915527344,24.415000915527344,30211000.0
2016-05-31T04:00:00Z,24.375,24.594999313354492,24.3700008392334,24.575000762939453,31172400.0
2016-06-01T04:00:00Z,24.56999969482422,24.670000076293945,24.520000457763672,24.639999389648438,22566200.0
2016-06-02T04:00:00Z,24.6200008392334,24.649999618530273,24.405000686645508,24.649999618530273,15407400.0
2016-06-03T04:00:00Z,24.975000381469727,25.174999237060547,24.854999542236328,25.040000915527344,37437800.0
2016-06-06T04:00:00Z,25.049999237060547,25.135000228881836,24.899999618530273,25.0049991607666,21685600.0
2016-06-07T04:00:00Z,25.024999618530273,25.155000686645508,24.934999465942383,24.985000610351562,15808000.0
2016-06-08T04:00:00Z,24.979999542236328,25.155000686645508,24.94499969482422,25.135000228881836,13530200.0
2016-06-09T04:00:00Z,25.149999618530273,25.395000457763672,25.114999771118164,25.350000381469727,19405000.0
2016-06-10T04:00:00Z,25.325000762939453,25.454999923706055,25.184999465942383,25.28499984741211,25822600.0
2016-06-13T04:00:00Z,25.325000762939453,25.420000076293945,25.235000610351562,25.2549991607666,26143400.0
2016-06-14T04:00:00Z,25.264999389648438,25.405000686645508,25.1299991607666,25.389999389648438,23212800.0
2016-06-15T04:00:00Z,25.3799991607666,25.43000030517578,25.139999389648438,25.229999542236328,21782600.0
2016-06-16T04:00:00Z,25.200000762939453,25.44499969482422,25.18000030517578,25.389999389648438,20054200.0
2016-06-17T04:00:00Z,25.15999984741211,25.280000686645508,25.020000457763672,25.274999618530273,38422600.0
2016-06-20T04:00:00Z,25.235000610351562,25.309999465942383,24.989999771118164,25.18000030517578,31875800.0
2016-06-21T04:00:00Z,25.19499969482422,25.334999084472656,25.03499984741211,25.21500015258789,17338200.0
2016-06-22T04:00:00Z,25.21500015258789,25.2549991607666,25.06999969482422,25.094999313354492,15960600.0
2016-06-23T04:00:00Z,25.049999237060547,25.174999237060547,24.9950008392334,25.165000915527344,16850400.0
2016-06-24T04:00:00Z,25.110000610351562,25.43000030517578,24.895000457763672,25.204999923706055,48382000.0
2016-06-27T04:00:00Z,25.174999237060547,25.584999084472656,25.139999389648438,25.514999389648438,33574600.0
2016-06-28T04:00:00Z,25.524999618530273,25.625,25.315000534057617,25.610000610351562,26414600.0
2016-06-29T04:00:00Z,25.729999542236328,25.799999237060547,25.59000015258789,25.68000030517578,28026800.0
2016-06-30T04:00:00Z,25.795000076293945,26.264999389648438,25.68000030517578,26.235000610351562,34744800.0
2016-07-01T04:00:00Z,26.3799991607666,26.3799991607666,25.969999313354492,26.239999771118164,34961600.0
2016-07-05T04:00:00Z,26.31999969482422,26.475000381469727,26.239999771118164,26.434999465942383,25106800.0
2016-07-06T04:00:00Z,26.405000686645508,26.510000228881836,26.25,26.489999771118164,30205400.0
2016-07-07T04:00:00Z,26.399999618530273,26.415000915527344,25.950000762939453,26.0,45437200.0
2016-07-08T04:00:00Z,25.774999618530273,26.28499984741211,25.719999313354492,26.270000457763672,32184800.0
2016-07-11T04:00:00Z,26.190000534057617,26.270000457763672,25.94499969482422,26.25,29012000.0
2016-07-12T04:00:00Z,26.075000762939453,26.18000030517578,25.875,25.889999389648438,36004600.0
2016-07-13T04:00:00Z,26.0,26.094999313354492,25.940000534057617,26.094999313354492,29209400.0
2016-07-14T04:00:00Z,25.834999084472656,26.045000076293945,25.80500030517578,25.924999237060547,34722600.0
2016-07-15T04:00:00Z,25.895000457763672,26.065000534057617,25.875,26.0,25903400.0
2016-07-18T04:00:00Z,26.030000686645508,26.155000686645508,26.024999618530273,26.075000762939453,22336200.0
2016-07-19T04:00:00Z,26.049999237060547,26.104999542236328,25.90999984741211,26.030000686645508,21364000.0
2016-07-20T04:00:00Z,25.9950008392334,26.05500030517578,25.84000015258789,25.8799991607666,23199200.0
2016-07-21T04:00:00Z,25.764999389648438,26.05500030517578,25.735000610351562,26.03499984741211,26518400.0
2016-07-22T04:00:00Z,25.969999313354492,26.405000686645508,25.94499969482422,26.3799991607666,26441400.0
2016-07-25T04:00:00Z,26.344999313354492,26.3700008392334,26.174999237060547,26.334999084472656,14310600.0
2016-07-26T04:00:00Z,26.344999313354492,26.364999771118164,26.030000686645508,26.104999542236328,25018200.0
2016-07-27T04:00:00Z,26.045000076293945,26.075000762939453,25.579999923706055,25.80500030517578,45119600.0
2016-07-28T04:00:00Z,25.790000915527344,25.950000762939453,25.729999542236328,25.905000686645508,18231600.0
2016-07-29T04:00:00Z,25.90999984741211,26.145000457763672,25.864999771118164,26.059999465942383,30949400.0
2016-08-01T04:00:00Z,25.9950008392334,26.135000228881836,25.979999542236328,26.075000762939453,23317000.0
2016-08-02T04:00:00Z,25.940000534057617,26.0049991607666,25.78499984741211,25.905000686645508,27411000.0
2016-08-03T04:00:00Z,25.905000686645508,25.950000762939453,25.670000076293945,25.75,22810600.0
2016-08-04T04:00:00Z,25.780000686645508,25.93000030517578,25.665000915527344,25.735000610351562,24544000.0
2016-08-05T04:00:00Z,25.59000015258789,25.645000457763672,25.350000381469727,25.364999771118164,53904200.0
2016-08-08T04:00:00Z,25.354999542236328,25.584999084472656,25.290000915527344,25.354999542236328,27053400.0
2016-08-09T04:00:00Z,25.389999389648438,25.485000610351562,25.28499984741211,25.350000381469727,20188400.0
2016-08-10T04:00:00Z,25.40999984741211,25.469999313354492,25.290000915527344,25.354999542236328,16981600.0
2016-08-11T04:00:00Z,25.350000381469727,25.43000030517578,25.274999618530273,25.415000915527344,18963000.0
2016-08-12T04:00:00Z,25.5049991607666,25.635000228881836,25.44499969482422,25.450000762939453,24322800.0
2016-08-15T04:00:00Z,25.450000762939453,25.540000915527344,25.059999465942383,25.059999465942383,25268800.0
2016-08-16T04:00:00Z,25.0,25.014999389648438,24.764999389648438,24.764999389648438,40363200.0
2016-08-17T04:00:00Z,24.735000610351562,25.184999465942383,24.545000076293945,25.135000228881836,56913200.0
2016-08-18T04:00:00Z,25.1299991607666,25.44499969482422,25.084999084472656,25.44499969482422,27889000.0
2016-08-19T04:00:00Z,25.270000457763672,25.375,25.0,25.135000228881836,29396000.0
2016-08-22T04:00:00Z,25.174999237060547,25.309999465942383,25.125,25.200000762939453,18203600.0
2016-08-23T04:00:00Z,25.239999771118164,25.360000610351562,25.075000762939453,25.09000015258789,19157400.0
2016-08-24T04:00:00Z,25.049999237060547,25.1200008392334,24.885000228881836,25.079999923706055,16096600.0
2016-08-25T04:00:00Z,25.05500030517578,25.18000030517578,25.049999237060547,25.094999313354492,14445600.0
2016-08-26T04:00:00Z,25.110000610351562,25.280000686645508,24.55500030517578,24.575000762939453,41822000.0
2016-08-29T04:00:00Z,24.649999618530273,24.834999084472656,24.625,24.774999618530273,26031400.0
2016-08-30T04:00:00Z,24.7549991607666,24.875,24.485000610351562,24.514999389648438,24523000.0
2016-08-31T04:00:00Z,24.489999771118164,24.625,24.434999465942383,24.614999771118164,23004200.0
2016-09-01T04:00:00Z,24.549999237060547,24.635000228881836,24.459999084472656,24.489999771118164,31964000.0
2016-09-02T04:00:00Z,24.579999923706055,24.84000015258789,24.530000686645508,24.815000534057617,32542000.0
2016-09-06T04:00:00Z,24.94499969482422,25.114999771118164,24.875,25.084999084472656,30518200.0
2016-09-07T04:00:00Z,25.100000381469727,25.145000457763672,24.94499969482422,25.09000015258789,22981400.0
2016-09-08T04:00:00Z,24.920000076293945,25.204999923706055,24.920000076293945,25.174999237060547,25683200.0
2016-09-09T04:00:00Z,24.924999237060547,24.954999923706055,24.219999313354492,24.229999542236328,51518200.0
2016-09-12T04:00:00Z,24.190000534057617,24.709999084472656,24.190000534057617,24.65999984741211,51064600.0
2016-09-13T04:00:00Z,24.579999923706055,24.610000610351562,24.209999084472656,24.31999969482422,44593800.0
2016-09-14T04:00:00Z,24.40999984741211,24.610000610351562,24.30500030517578,24.415000915527344,30459600.0
2016-09-15T04:00:00Z,24.389999389648438,24.645000457763672,24.329999923706055,24.600000381469727,50523600.0
2016-09-16T04:00:00Z,24.424999237060547,24.665000915527344,24.2450008392334,24.6299991607666,43448400.0
2016-09-19T04:00:00Z,24.709999084472656,24.885000228881836,24.649999618530273,24.875,25061600.0
2016-09-20T04:00:00Z,24.975000381469727,25.014999389648438,24.815000534057617,24.829999923706055,25715800.0
2016-09-21T04:00:00Z,24.875,25.354999542236328,24.825000762939453,25.334999084472656,38810200.0
2016-09-22T04:00:00Z,25.540000915527344,25.545000076293945,25.30500030517578,25.489999771118164,24070600.0
2016-09-23T04:00:00Z,25.415000915527344,25.540000915527344,25.295000076293945,25.469999313354492,22006800.0
2016-09-26T04:00:00Z,25.469999313354492,25.510000228881836,25.31999969482422,25.405000686645508,16105600.0
2016-09-27T04:00:00Z,25.489999771118164,25.614999771118164,25.049999237060547,25.075000762939453,35879200.0
2016-09-28T04:00:00Z,25.09000015258789,25.170000076293945,24.825000762939453,25.040000915527344,33238400.0
2016-09-29T04:00:00Z,24.985000610351562,24.9950008392334,24.540000915527344,24.665000915527344,38494600.0
2016-09-30T04:00:00Z,24.684999465942383,24.864999771118164,24.3700008392334,24.4950008392334,29672600.0
2016-10-03T04:00:00Z,24.5049991607666,24.5049991607666,24.0049991607666,24.149999618530273,38985400.0
2016-10-04T04:00:00Z,24.135000228881836,24.155000686645508,23.5,23.645000457763672,51383600.0
2016-10-05T04:00:00Z,23.700000762939453,23.885000228881836,23.5049991607666,23.594999313354492,56343800.0
2016-10-06T04:00:00Z,23.514999389648438,23.709999084472656,23.395000457763672,23.59000015258789,40391400.0
2016-10-07T04:00:00Z,23.7549991607666,23.979999542236328,23.549999237060547,23.559999465942383,34431600.0
2016-10-10T04:00:00Z,23.575000762939453,23.774999618530273,23.575000762939453,23.7549991607666,19549600.0
2016-10-11T04:00:00Z,23.739999771118164,23.739999771118164,23.44499969482422,23.485000610351562,28694000.0
2016-10-12T04:00:00Z,23.5,23.760000228881836,23.459999084472656,23.71500015258789,30854600.0
2016-10-13T04:00:00Z,23.7549991607666,24.165000915527344,23.704999923706055,24.010000228881836,61084200.0
2016-10-14T04:00:00Z,23.885000228881836,24.114999771118164,23.84000015258789,23.875,35896600.0
2016-10-17T04:00:00Z,23.950000762939453,24.065000534057617,23.920000076293945,24.0049991607666,22879800.0
2016-10-18T04:00:00Z,24.110000610351562,24.260000228881836,23.899999618530273,24.209999084472656,29522200.0
2016-10-19T04:00:00Z,24.19499969482422,24.229999542236328,24.045000076293945,24.155000686645508,17005000.0
2016-10-20T04:00:00Z,24.200000762939453,24.329999923706055,24.094999313354492,24.139999389648438,17861600.0
2016-10-21T04:00:00Z,24.03499984741211,24.125,23.895000457763672,24.0,36307200.0
2016-10-24T04:00:00Z,24.104999542236328,24.18000030517578,23.94499969482422,24.09000015258789,21489400.0
2016-10-25T04:00:00Z,24.059999465942383,24.239999771118164,24.030000686645508,24.239999771118164,19772600.0
2016-10-26T04:00:00Z,24.174999237060547,24.329999923706055,24.05500030517578,24.299999237060547,21702000.0
2016-10-27T04:00:00Z,24.15999984741211,24.2549991607666,23.985000610351562,24.155000686645508,31109800.0
2016-10-28T04:00:00Z,24.139999389648438,24.344999313354492,24.100000381469727,24.229999542236328,32927800.0
2016-10-31T04:00:00Z,24.290000915527344,24.860000610351562,24.225000381469727,24.71500015258789,45431600.0
2016-11-01T04:00:00Z,24.645000457763672,24.69499969482422,24.200000762939453,24.264999389648438,48308800.0
2016-11-02T04:00:00Z,24.149999618530273,24.21500015258789,23.760000228881836,23.959999084472656,52983400.0
2016-11-03T04:00:00Z,23.899999618530273,24.145000457763672,23.815000534057617,24.049999237060547,23641000.0
2016-11-04T04:00:00Z,24.145000457763672,24.375,23.959999084472656,23.975000381469727,29114400.0
2016-11-07T05:00:00Z,24.075000762939453,24.399999618530273,23.844999313354492,24.395000457763672,35456200.0
2016-11-08T05:00:00Z,24.424999237060547,24.68000030517578,24.385000228881836,24.584999084472656,37695800.0
2016-11-09T05:00:00Z,24.155000686645508,24.174999237060547,23.639999389648438,23.68000030517578,85620400.0
2016-11-10T05:00:00Z,23.55500030517578,23.579999923706055,22.80500030517578,23.110000610351562,106246800.0
2016-11-11T05:00:00Z,23.059999465942383,23.329999923706055,22.924999237060547,23.014999389648438,61903000.0
2016-11-14T05:00:00Z,22.84000015258789,23.049999237060547,22.665000915527344,23.0,56381600.0
2016-11-15T05:00:00Z,23.1299991607666,23.424999237060547,23.1200008392334,23.3700008392334,50383600.0
2016-11-16T05:00:00Z,23.424999237060547,23.485000610351562,23.059999465942383,23.209999084472656,33634800.0
2016-11-17T05:00:00Z,23.100000381469727,23.34000015258789,23.100000381469727,23.21500015258789,38399600.0
2016-11-18T05:00:00Z,23.280000686645508,23.329999923706055,23.045000076293945,23.145000457763672,21397000.0
2016-11-21T05:00:00Z,23.209999084472656,23.395000457763672,23.174999237060547,23.389999389648438,24596600.0
2016-11-22T05:00:00Z,23.399999618530273,23.514999389648438,23.280000686645508,23.479999542236328,21286000.0
2016-11-23T05:00:00Z,23.149999618530273,23.459999084472656,23.149999618530273,23.2450008392334,28306800.0
2016-11-25T05:00:00Z,23.280000686645508,23.65999984741211,23.280000686645508,23.579999923706055,15732400.0
2016-11-28T05:00:00Z,23.649999618530273,24.09000015258789,23.645000457763672,24.03499984741211,46863400.0
2016-11-29T05:00:00Z,23.975000381469727,24.25,23.934999465942383,24.135000228881836,28895400.0
2016-11-30T05:00:00Z,23.780000686645508,23.834999084472656,23.375,23.375,46934800.0
2016-12-01T05:00:00Z,23.18000030517578,23.28499984741211,23.020000457763672,23.190000534057617,36732200.0
2016-12-02T05:00:00Z,23.325000762939453,23.565000534057617,23.2450008392334,23.399999618530273,32798800.0
2016-12-05T05:00:00Z,23.299999237060547,23.434999465942383,23.084999084472656,23.43000030517578,29776600.0
2016-12-06T05:00:00Z,23.420000076293945,23.514999389648438,23.329999923706055,23.385000228881836,16844000.0
2016-12-07T05:00:00Z,23.469999313354492,23.690000534057617,23.44499969482422,23.690000534057617,25804800.0
2016-12-08T05:00:00Z,23.540000915527344,23.774999618530273,23.3700008392334,23.729999542236328,28791000.0
2016-12-09T05:00:00Z,23.709999084472656,23.989999771118164,23.709999084472656,23.979999542236328,32037800.0
2016-12-12T05:00:00Z,23.8799991607666,24.2549991607666,23.875,24.229999542236328,43960200.0
2016-12-13T05:00:00Z,24.350000381469727,24.5,24.260000228881836,24.479999542236328,40434000.0
2016-12-14T05:00:00Z,24.59000015258789,24.719999313354492,23.94499969482422,23.975000381469727,56707800.0
2016-12-15T05:00:00Z,23.924999237060547,24.170000076293945,23.799999237060547,24.145000457763672,35643200.0
2016-12-16T05:00:00Z,23.975000381469727,24.290000915527344,23.920000076293945,24.204999923706055,40238000.0
2016-12-19T05:00:00Z,24.350000381469727,24.360000610351562,24.084999084472656,24.295000076293945,23300400.0
2016-12-20T05:00:00Z,24.225000381469727,24.395000457763672,24.19499969482422,24.325000762939453,17326200.0
2016-12-21T05:00:00Z,24.329999923706055,24.44499969482422,24.219999313354492,24.225000381469727,16888400.0
2016-12-22T05:00:00Z,24.209999084472656,24.354999542236328,24.165000915527344,24.309999465942383,14930400.0
2016-12-23T05:00:00Z,24.34000015258789,24.399999618530273,24.225000381469727,24.30500030517578,15557000.0
2016-12-27T05:00:00Z,24.209999084472656,24.385000228881836,24.184999465942383,24.325000762939453,26268800.0
2016-12-28T05:00:00Z,24.34000015258789,24.354999542236328,24.059999465942383,24.094999313354492,17658600.0
2016-12-29T05:00:00Z,24.190000534057617,24.459999084472656,24.1299991607666,24.420000076293945,29355600.0
2016-12-30T05:00:00Z,24.46500015258789,24.475000381469727,24.209999084472656,24.28499984741211,28055400.0
2017-01-03T05:00:00Z,24.25,24.315000534057617,24.06999969482422,24.225000381469727,37761400.0
2017-01-04T05:00:00Z,24.260000228881836,24.440000534057617,24.21500015258789,24.315000534057617,29101000.0
2017-01-05T05:00:00Z,24.3700008392334,24.3799991607666,24.079999923706055,24.34000015258789,32612800.0
2017-01-06T05:00:00Z,24.219999313354492,24.459999084472656,24.174999237060547,24.415000915527344,21934400.0
2017-01-09T05:00:00Z,24.5049991607666,24.514999389648438,24.09000015258789,24.094999313354492,27694400.0
2017-01-10T05:00:00Z,24.09000015258789,24.100000381469727,23.924999237060547,24.020000457763672,22448400.0
2017-01-11T05:00:00Z,24.014999389648438,24.295000076293945,24.010000228881836,24.270000457763672,26795400.0
2017-01-12T05:00:00Z,24.28499984741211,24.329999923706055,24.145000457763672,24.290000915527344,18820800.0
2017-01-13T05:00:00Z,24.239999771118164,24.325000762939453,24.100000381469727,24.2549991607666,24346600.0
2017-01-17T05:00:00Z,24.334999084472656,24.600000381469727,24.315000534057617,24.520000457763672,30652000.0
2017-01-18T05:00:00Z,24.450000762939453,24.610000610351562,24.450000762939453,24.489999771118164,26461800.0
2017-01-19T05:00:00Z,24.350000381469727,24.489999771118164,24.21500015258789,24.274999618530273,27601000.0
2017-01-20T05:00:00Z,24.309999465942383,24.389999389648438,24.165000915527344,24.31999969482422,23748400.0
2017-01-23T05:00:00Z,24.354999542236328,24.40999984741211,24.170000076293945,24.19499969482422,21251000.0
2017-01-24T05:00:00Z,24.190000534057617,24.295000076293945,24.145000457763672,24.190000534057617,22098800.0
2017-01-25T05:00:00Z,24.079999923706055,24.21500015258789,24.05500030517578,24.190000534057617,38460000.0
2017-01-26T05:00:00Z,24.18000030517578,24.315000534057617,24.09000015258789,24.200000762939453,22976400.0
2017-01-27T05:00:00Z,24.2450008392334,24.31999969482422,24.145000457763672,24.19499969482422,14457600.0
2017-01-30T05:00:00Z,24.204999923706055,24.295000076293945,24.06999969482422,24.21500015258789,18639800.0
2017-01-31T05:00:00Z,24.235000610351562,24.610000610351562,24.209999084472656,24.59000015258789,31833000.0
2017-02-01T05:00:00Z,24.459999084472656,24.469999313354492,24.094999313354492,24.165000915527344,48759000.0
2017-02-02T05:00:00Z,24.239999771118164,24.420000076293945,24.094999313354492,24.420000076293945,31322200.0
2017-02-03T05:00:00Z,24.489999771118164,24.549999237060547,24.395000457763672,24.450000762939453,22673200.0
2017-02-06T05:00:00Z,24.545000076293945,24.559999465942383,24.375,24.399999618530273,14084000.0
2017-02-07T05:00:00Z,24.440000534057617,24.5,24.375,24.459999084472656,12218200.0
2017-02-08T05:00:00Z,24.520000457763672,24.7450008392334,24.475000381469727,24.700000762939453,31764000.0
2017-02-09T05:00:00Z,24.674999237060547,24.735000610351562,24.43000030517578,24.489999771118164,28992000.0
2017-02-10T05:00:00Z,24.424999237060547,24.68000030517578,24.420000076293945,24.645000457763672,18959200.0
2017-02-13T05:00:00Z,24.665000915527344,24.790000915527344,24.579999923706055,24.764999389648438,26085600.0
2017-02-14T05:00:00Z,24.729999542236328,24.739999771118164,24.454999923706055,24.584999084472656,37568600.0
2017-02-15T05:00:00Z,24.40999984741211,24.53499984741211,24.325000762939453,24.524999618530273,37850800.0
2017-02-16T05:00:00Z,24.530000686645508,24.780000686645508,24.530000686645508,24.770000457763672,28002200.0
2017-02-17T05:00:00Z,24.834999084472656,24.860000610351562,24.645000457763672,24.78499984741211,19947000.0
2017-02-21T05:00:00Z,24.75,25.100000381469727,24.665000915527344,25.045000076293945,22717000.0
2017-02-22T05:00:00Z,25.045000076293945,25.200000762939453,24.94499969482422,25.149999618530273,32037200.0
2017-02-23T05:00:00Z,25.260000228881836,25.5,25.204999923706055,25.40999984741211,30007200.0
2017-02-24T05:00:00Z,25.4950008392334,25.795000076293945,25.4950008392334,25.795000076293945,37259400.0
2017-02-27T05:00:00Z,25.7450008392334,25.764999389648438,25.614999771118164,25.649999618530273,27965800.0
2017-02-28T05:00:00Z,25.645000457763672,25.950000762939453,25.600000381469727,25.885000228881836,28820800.0
2017-03-01T05:00:00Z,25.514999389648438,25.844999313354492,25.489999771118164,25.655000686645508,58243200.0
2017-03-02T05:00:00Z,25.565000534057617,26.0,25.530000686645508,25.84000015258789,34745600.0
2017-03-03T05:00:00Z,25.84000015258789,25.854999542236328,25.545000076293945,25.760000228881836,35150000.0
2017-03-06T05:00:00Z,25.71500015258789,25.764999389648438,25.6200008392334,25.709999084472656,15233600.0
2017-03-07T05:00:00Z,25.68000030517578,25.790000915527344,25.65999984741211,25.69499969482422,35903400.0
2017-03-08T05:00:00Z,25.475000381469727,25.5,25.274999618530273,25.325000762939453,36787800.0
2017-03-09T05:00:00Z,25.385000228881836,25.475000381469727,25.25,25.270000457763672,25685600.0
2017-03-10T05:00:00Z,25.405000686645508,25.530000686645508,25.31999969482422,25.479999542236328,22983600.0
2017-03-13T04:00:00Z,25.459999084472656,25.56999969482422,25.43000030517578,25.55500030517578,28116000.0
2017-03-14T04:00:00Z,25.524999618530273,25.600000381469727,25.44499969482422,25.530000686645508,23341000.0
2017-03-15T04:00:00Z,25.6200008392334,26.06999969482422,25.56999969482422,25.940000534057617,45238400.0
2017-03-16T04:00:00Z,25.889999389648438,25.889999389648438,25.604999542236328,25.655000686645508,37456800.0
2017-03-17T04:00:00Z,25.549999237060547,25.760000228881836,25.520000457763672,25.614999771118164,30257000.0
2017-03-20T04:00:00Z,25.674999237060547,25.725000381469727,25.375,25.44499969482422,14296000.0
2017-03-21T04:00:00Z,25.459999084472656,25.899999618530273,25.44499969482422,25.80500030517578,50834200.0
2017-03-22T04:00:00Z,25.90999984741211,26.114999771118164,25.825000762939453,25.93000030517578,50505600.0
2017-03-23T04:00:00Z,25.924999237060547,26.084999084472656,25.780000686645508,25.850000381469727,45130600.0
2017-03-24T04:00:00Z,25.864999771118164,26.040000915527344,25.799999237060547,25.94499969482422,24814200.0
2017-03-27T04:00:00Z,26.049999237060547,26.104999542236328,25.7450008392334,25.844999313354492,23642800.0
2017-03-28T04:00:00Z,25.84000015258789,25.8700008392334,25.709999084472656,25.825000762939453,16955600.0
2017-03-29T04:00:00Z,25.815000534057617,25.84000015258789,25.645000457763672,25.7549991607666,13911000.0
2017-03-30T04:00:00Z,25.71500015258789,25.71500015258789,25.485000610351562,25.55500030517578,39422400.0
2017-03-31T04:00:00Z,25.584999084472656,25.780000686645508,25.565000534057617,25.655000686645508,19982000.0
2017-04-03T04:00:00Z,25.655000686645508,25.655000686645508,25.415000915527344,25.649999618530273,30951600.0
2017-04-04T04:00:00Z,25.625,25.825000762939453,25.575000762939453,25.729999542236328,20268600.0
2017-04-05T04:00:00Z,25.700000762939453,25.899999618530273,25.645000457763672,25.875,25299000.0
2017-04-06T04:00:00Z,25.844999313354492,25.854999542236328,25.709999084472656,25.809999465942383,18777600.0
2017-04-07T04:00:00Z,25.90999984741211,25.94499969482422,25.68000030517578,25.700000762939453,39836000.0
2017-04-10T04:00:00Z,25.71500015258789,25.774999618530273,25.56999969482422,25.7450008392334,16969600.0
2017-04-11T04:00:00Z,25.760000228881836,25.78499984741211,25.565000534057617,25.735000610351562,19688400.0
2017-04-12T04:00:00Z,25.700000762939453,25.940000534057617,25.6200008392334,25.924999237060547,21042000.0
2017-04-13T04:00:00Z,25.954999923706055,25.959999084472656,25.725000381469727,25.84000015258789,21712200.0
2017-04-17T04:00:00Z,25.899999618530273,25.96500015258789,25.829999923706055,25.954999923706055,14545200.0
2017-04-18T04:00:00Z,25.9950008392334,26.06999969482422,25.915000915527344,26.014999389648438,29414800.0
2017-04-19T04:00:00Z,25.985000610351562,25.9950008392334,25.7450008392334,25.834999084472656,25034000.0
2017-04-20T04:00:00Z,25.80500030517578,25.80500030517578,25.549999237060547,25.735000610351562,26964600.0
2017-04-21T04:00:00Z,25.700000762939453,25.975000381469727,25.700000762939453,25.864999771118164,26517400.0
2017-04-24T04:00:00Z,25.889999389648438,26.030000686645508,25.71500015258789,26.0,36213400.0
2017-04-25T04:00:00Z,25.924999237060547,26.0049991607666,25.81999969482422,25.96500015258789,21783200.0
2017-04-26T04:00:00Z,25.959999084472656,26.079999923706055,25.860000610351562,25.885000228881836,19194800.0
2017-04-27T04:00:00Z,25.875,26.100000381469727,25.854999542236328,25.975000381469727,18933000.0
2017-04-28T04:00:00Z,25.940000534057617,25.975000381469727,25.770000457763672,25.850000381469727,18811400.0
2017-05-01T04:00:00Z,25.90999984741211,25.90999984741211,25.6299991607666,25.69499969482422,21385000.0
2017-05-02T04:00:00Z,25.725000381469727,25.81999969482422,25.6200008392334,25.725000381469727,18877200.0
2017-05-03T04:00:00Z,25.760000228881836,25.790000915527344,25.6200008392334,25.635000228881836,21014400.0
2017-05-04T04:00:00Z,25.559999465942383,25.7549991607666,25.55500030517578,25.725000381469727,28078200.0
2017-05-05T04:00:00Z,25.799999237060547,25.959999084472656,25.774999618530273,25.864999771118164,21570600.0
2017-05-08T04:00:00Z,25.885000228881836,25.915000915527344,25.725000381469727,25.854999542236328,17579400.0
2017-05-09T04:00:00Z,25.834999084472656,25.854999542236328,25.6200008392334,25.665000915527344,15517800.0
2017-05-10T04:00:00Z,25.684999465942383,25.760000228881836,25.565000534057617,25.704999923706055,16879600.0
2017-05-11T04:00:00Z,25.639999389648438,25.739999771118164,25.53499984741211,25.739999771118164,15398400.0
2017-05-12T04:00:00Z,25.799999237060547,25.920000076293945,25.764999389648438,25.864999771118164,15046200.0
2017-05-15T04:00:00Z,25.8700008392334,26.020000457763672,25.84000015258789,25.975000381469727,12702200.0
2017-05-16T04:00:00Z,25.934999465942383,26.010000228881836,25.7549991607666,25.78499984741211,15306200.0
2017-05-17T04:00:00Z,25.850000381469727,25.969999313354492,25.735000610351562,25.850000381469727,30065600.0
2017-05-18T04:00:00Z,25.905000686645508,26.075000762939453,25.719999313354492,25.940000534057617,33752000.0
2017-05-19T04:00:00Z,25.934999465942383,26.040000915527344,25.790000915527344,26.040000915527344,19802600.0
2017-05-22T04:00:00Z,26.0,26.30500030517578,25.985000610351562,26.264999389648438,15558600.0
2017-05-23T04:00:00Z,26.309999465942383,26.489999771118164,26.264999389648438,26.334999084472656,30580400.0
2017-05-24T04:00:00Z,26.360000610351562,26.530000686645508,26.334999084472656,26.485000610351562,15204600.0
2017-05-25T04:00:00Z,26.540000915527344,26.7450008392334,26.475000381469727,26.700000762939453,33554600.0
2017-05-26T04:00:00Z,26.71500015258789,26.760000228881836,26.649999618530273,26.700000762939453,15299200.0
2017-05-30T04:00:00Z,26.719999313354492,26.850000381469727,26.645000457763672,26.78499984741211,12584600.0
2017-05-31T04:00:00Z,26.815000534057617,27.014999389648438,26.78499984741211,26.920000076293945,25241400.0
2017-06-01T04:00:00Z,26.850000381469727,27.114999771118164,26.81999969482422,27.110000610351562,22237200.0
2017-06-02T04:00:00Z,27.315000534057617,27.315000534057617,27.059999465942383,27.139999389648438,19913200.0
2017-06-05T04:00:00Z,27.139999389648438,27.165000915527344,27.014999389648438,27.05500030517578,14700000.0
2017-06-06T04:00:00Z,27.114999771118164,27.114999771118164,26.959999084472656,26.9950008392334,15002400.0
2017-06-07T04:00:00Z,26.9950008392334,27.149999618530273,26.950000762939453,27.084999084472656,15762600.0
2017-06-08T04:00:00Z,27.030000686645508,27.049999237060547,26.69499969482422,26.860000610351562,26585200.0
2017-06-09T04:00:00Z,26.774999618530273,26.854999542236328,26.645000457763672,26.834999084472656,27876400.0
2017-06-12T04:00:00Z,26.8700008392334,26.979999542236328,26.635000228881836,26.78499984741211,25642200.0
2017-06-13T04:00:00Z,26.7549991607666,26.8700008392334,26.690000534057617,26.850000381469727,17829800.0
2017-06-14T04:00:00Z,27.020000457763672,27.139999389648438,26.90999984741211,26.9950008392334,31664200.0
2017-06-15T04:00:00Z,26.920000076293945,27.18000030517578,26.920000076293945,27.149999618530273,31099000.0
2017-06-16T04:00:00Z,27.010000228881836,27.110000610351562,26.959999084472656,27.05500030517578,35391600.0
2017-06-19T04:00:00Z,27.079999923706055,27.094999313354492,26.8700008392334,26.96500015258789,35644600.0
2017-06-20T04:00:00Z,26.9950008392334,27.014999389648438,26.93000030517578,26.979999542236328,15177000.0
2017-06-21T04:00:00Z,26.975000381469727,27.014999389648438,26.68000030517578,26.81999969482422,20153200.0
2017-06-22T04:00:00Z,26.780000686645508,26.8799991607666,26.674999237060547,26.69499969482422,15862400.0
2017-06-23T04:00:00Z,26.700000762939453,26.799999237060547,26.549999237060547,26.604999542236328,17286200.0
2017-06-26T04:00:00Z,26.665000915527344,26.934999465942383,26.56999969482422,26.78499984741211,20710000.0
2017-06-27T04:00:00Z,26.665000915527344,26.739999771118164,26.40999984741211,26.485000610351562,20957600.0
2017-06-28T04:00:00Z,26.565000534057617,26.625,26.204999923706055,26.229999542236328,18577600.0
2017-06-29T04:00:00Z,26.075000762939453,26.110000610351562,25.920000076293945,26.020000457763672,41191400.0
2017-06-30T04:00:00Z,26.049999237060547,26.190000534057617,25.979999542236328,25.979999542236328,30225800.0
2017-07-03T04:00:00Z,26.020000457763672,26.09000015258789,25.825000762939453,25.860000610351562,25409400.0
2017-07-05T04:00:00Z,25.94499969482422,25.94499969482422,25.665000915527344,25.735000610351562,28005200.0
2017-07-06T04:00:00Z,25.6299991607666,25.7549991607666,25.6299991607666,25.725000381469727,28073600.0
2017-07-07T04:00:00Z,25.719999313354492,25.8700008392334,25.69499969482422,25.7450008392334,26526000.0
2017-07-10T04:00:00Z,25.81999969482422,25.8799991607666,25.704999923706055,25.725000381469727,32627600.0
2017-07-11T04:00:00Z,25.764999389648438,25.764999389648438,25.584999084472656,25.709999084472656,18111800.0
2017-07-12T04:00:00Z,25.934999465942383,26.0049991607666,25.885000228881836,25.93000030517578,24286000.0
2017-07-13T04:00:00Z,25.915000915527344,25.985000610351562,25.81999969482422,25.84000015258789,13842000.0
2017-07-14T04:00:00Z,26.010000228881836,26.079999923706055,25.93000030517578,25.959999084472656,25215000.0
2017-07-17T04:00:00Z,25.975000381469727,26.079999923706055,25.920000076293945,26.079999923706055,15338000.0
2017-07-18T04:00:00Z,26.139999389648438,26.184999465942383,26.06999969482422,26.155000686645508,15780800.0
2017-07-19T04:00:00Z,26.200000762939453,26.274999618530273,26.125,26.264999389648438,21338800.0
2017-07-20T04:00:00Z,26.334999084472656,26.459999084472656,26.270000457763672,26.454999923706055,16925000.0
2017-07-21T04:00:00Z,26.459999084472656,26.645000457763672,26.3700008392334,26.645000457763672,18504000.0
2017-07-24T04:00:00Z,26.65999984741211,26.65999984741211,26.354999542236328,26.395000457763672,21069600.0
2017-07-25T04:00:00Z,26.34000015258789,26.415000915527344,26.21500015258789,26.2450008392334,21136200.0
2017-07-26T04:00:00Z,26.239999771118164,26.4950008392334,26.200000762939453,26.4950008392334,17262400.0
2017-07-27T04:00:00Z,26.420000076293945,26.559999465942383,26.389999389648438,26.559999465942383,19173800.0
2017-07-28T04:00:00Z,26.520000457763672,26.594999313354492,26.395000457763672,26.520000457763672,19278000.0
2017-07-31T04:00:00Z,26.489999771118164,26.670000076293945,26.450000762939453,26.610000610351562,23722600.0
2017-08-01T04:00:00Z,26.649999618530273,26.809999465942383,26.625,26.760000228881836,21646200.0
2017-08-02T04:00:00Z,26.704999923706055,26.8799991607666,26.545000076293945,26.875,16031800.0
2017-08-03T04:00:00Z,26.90999984741211,27.010000228881836,26.790000915527344,27.010000228881836,20929400.0
2017-08-04T04:00:00Z,26.8700008392334,26.950000762939453,26.7450008392334,26.889999389648438,34930800.0
2017-08-07T04:00:00Z,26.920000076293945,26.985000610351562,26.850000381469727,26.975000381469727,10322800.0
2017-08-08T04:00:00Z,26.950000762939453,27.084999084472656,26.915000915527344,27.084999084472656,15137400.0
2017-08-09T04:00:00Z,27.1299991607666,27.200000762939453,26.924999237060547,26.94499969482422,17704400.0
2017-08-10T04:00:00Z,26.905000686645508,27.079999923706055,26.844999313354492,27.030000686645508,19229600.0
2017-08-11T04:00:00Z,26.969999313354492,27.024999618530273,26.774999618530273,26.8700008392334,18672600.0
2017-08-14T04:00:00Z,26.875,27.040000915527344,26.8700008392334,27.024999618530273,23655600.0
2017-08-15T04:00:00Z,26.84000015258789,27.19499969482422,26.825000762939453,27.174999237060547,19164600.0
2017-08-16T04:00:00Z,27.1299991607666,27.299999237060547,27.1299991607666,27.28499984741211,14263600.0
2017-08-17T04:00:00Z,27.225000381469727,27.315000534057617,27.06999969482422,27.09000015258789,17912600.0
2017-08-18T04:00:00Z,27.0,27.3799991607666,27.0,27.25,29697600.0
2017-08-21T04:00:00Z,27.329999923706055,27.395000457763672,27.225000381469727,27.350000381469727,11312000.0
2017-08-22T04:00:00Z,27.364999771118164,27.415000915527344,27.270000457763672,27.40999984741211,16300600.0
2017-08-23T04:00:00Z,27.399999618530273,27.510000228881836,27.309999465942383,27.5,14092600.0
2017-08-24T04:00:00Z,27.485000610351562,27.545000076293945,27.43000030517578,27.479999542236328,14034800.0
2017-08-25T04:00:00Z,27.545000076293945,27.670000076293945,27.479999542236328,27.56999969482422,15723600.0
2017-08-28T04:00:00Z,27.665000915527344,27.665000915527344,27.489999771118164,27.6200008392334,15745400.0
2017-08-29T04:00:00Z,27.665000915527344,27.709999084472656,27.55500030517578,27.559999465942383,15860600.0
2017-08-30T04:00:00Z,27.545000076293945,27.56999969482422,27.440000534057617,27.479999542236328,11502200.0
2017-08-31T04:00:00Z,27.5049991607666,27.559999465942383,27.46500015258789,27.485000610351562,20939000.0
2017-09-01T04:00:00Z,27.524999618530273,27.56999969482422,27.31999969482422,27.399999618530273,22537400.0
2017-09-05T04:00:00Z,27.450000762939453,27.489999771118164,27.315000534057617,27.469999313354492,18080800.0
2017-09-06T04:00:00Z,27.5,27.545000076293945,27.295000076293945,27.344999313354492,22857400.0
2017-09-07T04:00:00Z,27.3700008392334,27.579999923706055,27.344999313354492,27.549999237060547,24703400.0
2017-09-08T04:00:00Z,27.510000228881836,27.700000762939453,27.459999084472656,27.68000030517578,18039800.0
2017-09-11T04:00:00Z,27.6299991607666,27.950000762939453,27.625,27.915000915527344,20183200.0
2017-09-12T04:00:00Z,27.895000457763672,27.895000457763672,27.299999237060547,27.450000762939453,37790600.0
2017-09-13T04:00:00Z,27.424999237060547,27.44499969482422,27.295000076293945,27.315000534057617,21458200.0
2017-09-14T04:00:00Z,27.299999237060547,27.559999465942383,27.219999313354492,27.545000076293945,20390800.0
2017-09-15T04:00:00Z,27.415000915527344,27.454999923706055,27.25,27.375,17030200.0
2017-09-18T04:00:00Z,27.354999542236328,27.375,26.915000915527344,27.094999313354492,31607000.0
2017-09-19T04:00:00Z,27.139999389648438,27.15999984741211,27.0,27.040000915527344,31560000.0
2017-09-20T04:00:00Z,27.084999084472656,27.145000457763672,26.735000610351562,26.84000015258789,39494000.0
2017-09-21T04:00:00Z,26.864999771118164,27.010000228881836,26.799999237060547,26.834999084472656,21424600.0
2017-09-22T04:00:00Z,26.90999984741211,26.94499969482422,26.614999771118164,26.614999771118164,22483800.0
2017-09-25T04:00:00Z,26.655000686645508,26.889999389648438,26.610000610351562,26.860000610351562,23446600.0
2017-09-26T04:00:00Z,26.850000381469727,26.905000686645508,26.760000228881836,26.809999465942383,20022200.0
2017-09-27T04:00:00Z,26.625,26.729999542236328,26.31999969482422,26.450000762939453,24701600.0
2017-09-28T04:00:00Z,26.354999542236328,26.614999771118164,26.28499984741211,26.545000076293945,28365000.0
2017-09-29T04:00:00Z,26.55500030517578,26.635000228881836,26.43000030517578,26.524999618530273,24254200.0
2017-10-02T04:00:00Z,26.510000228881836,26.69499969482422,26.479999542236328,26.56999969482422,33228600.0
2017-10-03T04:00:00Z,26.584999084472656,26.59000015258789,26.329999923706055,26.4950008392334,19115000.0
2017-10-04T04:00:00Z,26.510000228881836,26.770000457763672,26.43000030517578,26.760000228881836,24281000.0
2017-10-05T04:00:00Z,26.75,26.790000915527344,26.614999771118164,26.735000610351562,25278400.0
2017-10-06T04:00:00Z,26.610000610351562,26.725000381469727,26.510000228881836,26.71500015258789,20836400.0
2017-10-09T04:00:00Z,26.764999389648438,26.815000534057617,26.71500015258789,26.75,14681400.0
2017-10-10T04:00:00Z,26.815000534057617,27.014999389648438,26.729999542236328,27.010000228881836,16653600.0
2017-10-11T04:00:00Z,26.979999542236328,27.260000228881836,26.975000381469727,27.125,30938200.0
2017-10-12T04:00:00Z,27.155000686645508,27.334999084472656,27.110000610351562,27.264999389648438,27336400.0
2017-10-13T04:00:00Z,27.34000015258789,27.385000228881836,26.9950008392334,27.075000762939453,25425400.0
2017-10-16T04:00:00Z,27.065000534057617,27.125,26.795000076293945,27.014999389648438,22492800.0
2017-10-17T04:00:00Z,27.0,27.229999542236328,26.924999237060547,27.174999237060547,19199200.0
2017-10-18T04:00:00Z,27.059999465942383,27.18000030517578,27.020000457763672,27.125,17382000.0
2017-10-19T04:00:00Z,27.174999237060547,27.40999984741211,27.145000457763672,27.40999984741211,20571800.0
2017-10-20T04:00:00Z,27.299999237060547,27.485000610351562,27.290000915527344,27.43000030517578,22462800.0
2017-10-23T04:00:00Z,27.424999237060547,27.5,27.329999923706055,27.44499969482422,21222000.0
2017-10-24T04:00:00Z,27.399999618530273,27.5,27.334999084472656,27.469999313354492,22671400.0
2017-10-25T04:00:00Z,27.354999542236328,27.405000686645508,27.024999618530273,27.350000381469727,36662600.0
2017-10-26T04:00:00Z,27.479999542236328,27.625,27.344999313354492,27.354999542236328,34659200.0
2017-10-27T04:00:00Z,27.325000762939453,27.59000015258789,27.274999618530273,27.524999618530273,20732200.0
2017-10-30T04:00:00Z,27.325000762939453,27.584999084472656,27.325000762939453,27.530000686645508,20114800.0
2017-10-31T04:00:00Z,27.510000228881836,27.614999771118164,27.440000534057617,27.559999465942383,19064000.0
2017-11-01T04:00:00Z,27.604999542236328,27.604999542236328,27.354999542236328,27.405000686645508,21758400.0
2017-11-02T04:00:00Z,27.405000686645508,27.6200008392334,27.334999084472656,27.5049991607666,29453800.0
2017-11-03T04:00:00Z,27.469999313354492,27.739999771118164,27.40999984741211,27.604999542236328,23264400.0
2017-11-06T05:00:00Z,27.639999389648438,27.655000686645508,27.485000610351562,27.5,23993000.0
2017-11-07T05:00:00Z,27.545000076293945,27.8700008392334,27.44499969482422,27.829999923706055,22649000.0
2017-11-08T05:00:00Z,27.815000534057617,27.924999237060547,27.655000686645508,27.850000381469727,19169800.0
2017-11-09T05:00:00Z,27.770000457763672,27.934999465942383,27.704999923706055,27.885000228881836,21525200.0
2017-11-10T05:00:00Z,27.735000610351562,27.81999969482422,27.65999984741211,27.7549991607666,22073000.0
2017-11-13T05:00:00Z,27.78499984741211,28.110000610351562,27.78499984741211,28.084999084472656,19645600.0
2017-11-14T05:00:00Z,28.0049991607666,28.454999923706055,27.9950008392334,28.434999465942383,24747600.0
2017-11-15T05:00:00Z,28.545000076293945,28.614999771118164,28.15999984741211,28.190000534057617,24130400.0
2017-11-16T05:00:00Z,28.1200008392334,28.184999465942383,28.014999389648438,28.100000381469727,22882200.0
2017-11-17T05:00:00Z,28.040000915527344,28.110000610351562,27.8799991607666,27.905000686645508,33300800.0
2017-11-20T05:00:00Z,27.920000076293945,27.954999923706055,27.774999618530273,27.81999969482422,18583800.0
2017-11-21T05:00:00Z,27.899999618530273,27.975000381469727,27.81999969482422,27.895000457763672,15512000.0
2017-11-22T05:00:00Z,27.875,27.950000762939453,27.790000915527344,27.895000457763672,11157800.0
2017-11-24T05:00:00Z,27.90999984741211,28.049999237060547,27.895000457763672,27.940000534057617,10004400.0
2017-11-27T05:00:00Z,27.975000381469727,28.110000610351562,27.905000686645508,28.059999465942383,14393600.0
2017-11-28T05:00:00Z,28.1299991607666,28.2450008392334,28.06999969482422,28.190000534057617,18371000.0
2017-11-29T05:00:00Z,28.094999313354492,28.325000762939453,27.9950008392334,28.204999923706055,31138800.0
2017-11-30T05:00:00Z,28.239999771118164,28.360000610351562,28.184999465942383,28.299999237060547,31783000.0
2017-12-01T05:00:00Z,28.395000457763672,28.450000762939453,28.049999237060547,28.204999923706055,48151800.0
2017-12-04T05:00:00Z,28.219999313354492,28.329999923706055,28.0,28.045000076293945,26111600.0
2017-12-05T05:00:00Z,28.09000015258789,28.09000015258789,27.55500030517578,27.690000534057617,39752000.0
2017-12-06T05:00:00Z,27.735000610351562,27.850000381469727,27.645000457763672,27.795000076293945,18889600.0
2017-12-07T05:00:00Z,27.7450008392334,27.850000381469727,27.625,27.844999313354492,22950400.0
2017-12-08T05:00:00Z,27.809999465942383,27.940000534057617,27.700000762939453,27.934999465942383,19950600.0
2017-12-11T05:00:00Z,27.90999984741211,28.1200008392334,27.829999923706055,28.104999542236328,30870800.0
2017-12-12T05:00:00Z,28.0,28.03499984741211,27.610000610351562,27.625,43101000.0
2017-12-13T05:00:00Z,27.700000762939453,27.854999542236328,27.6200008392334,27.700000762939453,34770200.0
2017-12-14T05:00:00Z,27.674999237060547,27.790000915527344,27.450000762939453,27.665000915527344,26287200.0
2017-12-15T05:00:00Z,27.5,27.610000610351562,27.420000076293945,27.510000228881836,27275200.0
2017-12-18T05:00:00Z,27.53499984741211,27.614999771118164,27.165000915527344,27.204999923706055,38807000.0
2017-12-19T05:00:00Z,27.204999923706055,27.239999771118164,26.69499969482422,26.709999084472656,29775000.0
2017-12-20T05:00:00Z,26.690000534057617,26.78499984741211,26.485000610351562,26.5,31512000.0
2017-12-21T05:00:00Z,26.315000534057617,26.31999969482422,26.079999923706055,26.184999465942383,39869800.0
2017-12-22T05:00:00Z,26.21500015258789,26.325000762939453,26.200000762939453,26.225000381469727,22943400.0
2017-12-26T05:00:00Z,26.2549991607666,26.334999084472656,26.065000534057617,26.06999969482422,16487400.0
2017-12-27T05:00:00Z,26.165000915527344,26.229999542236328,26.110000610351562,26.18000030517578,21232800.0
2017-12-28T05:00:00Z,26.229999542236328,26.334999084472656,26.184999465942383,26.325000762939453,9821600.0
2017-12-29T05:00:00Z,26.405000686645508,26.454999923706055,26.28499984741211,26.34000015258789,14060200.0
2018-01-02T05:00:00Z,26.334999084472656,26.3700008392334,26.014999389648438,26.094999313354492,24540000.0
2018-01-03T05:00:00Z,26.0,26.190000534057617,25.799999237060547,25.889999389648438,41615800.0
2018-01-04T05:00:00Z,25.809999465942383,25.979999542236328,25.625,25.674999237060547,29943600.0
2018-01-05T05:00:00Z,25.764999389648438,25.80500030517578,25.53499984741211,25.665000915527344,46832600.0
2018-01-08T05:00:00Z,25.709999084472656,25.924999237060547,25.65999984741211,25.905000686645508,28601000.0
2018-01-09T05:00:00Z,25.899999618530273,25.90999984741211,25.610000610351562,25.649999618530273,30877400.0
2018-01-10T05:00:00Z,25.5,25.540000915527344,25.315000534057617,25.3700008392334,31124000.0
2018-01-11T05:00:00Z,25.344999313354492,25.459999084472656,25.190000534057617,25.274999618530273,33091000.0
2018-01-12T05:00:00Z,25.200000762939453,25.334999084472656,25.05500030517578,25.1299991607666,37270600.0
2018-01-16T05:00:00Z,25.229999542236328,25.299999237060547,24.93000030517578,25.075000762939453,54585600.0
2018-01-17T05:00:00Z,25.114999771118164,25.299999237060547,25.079999923706055,25.229999542236328,46903200.0
2018-01-18T05:00:00Z,25.229999542236328,25.235000610351562,24.940000534057617,25.06999969482422,42659400.0
2018-01-19T05:00:00Z,25.170000076293945,25.225000381469727,24.96500015258789,24.9950008392334,37263800.0
2018-01-22T05:00:00Z,25.114999771118164,25.274999618530273,24.989999771118164,25.030000686645508,41073000.0
2018-01-23T05:00:00Z,25.125,25.450000762939453,25.049999237060547,25.270000457763672,53347800.0
2018-01-24T05:00:00Z,25.229999542236328,25.25,25.075000762939453,25.114999771118164,39062800.0
2018-01-25T05:00:00Z,25.125,25.524999618530273,25.110000610351562,25.5049991607666,52570000.0
2018-01-26T05:00:00Z,25.575000762939453,25.649999618530273,25.264999389648438,25.520000457763672,47900000.0
2018-01-29T05:00:00Z,25.399999618530273,25.44499969482422,25.165000915527344,25.19499969482422,36121800.0
2018-01-30T05:00:00Z,25.174999237060547,25.344999313354492,25.165000915527344,25.239999771118164,26178200.0
2018-01-31T05:00:00Z,25.270000457763672,25.545000076293945,25.1299991607666,25.520000457763672,54822800.0
2018-02-01T05:00:00Z,25.489999771118164,25.59000015258789,25.045000076293945,25.1200008392334,57039200.0
2018-02-02T05:00:00Z,24.9950008392334,25.18000030517578,24.90999984741211,24.940000534057617,43612800.0
2018-02-05T05:00:00Z,24.899999618530273,25.165000915527344,24.485000610351562,24.530000686645508,66944600.0
2018-02-06T05:00:00Z,24.239999771118164,24.3700008392334,23.684999465942383,24.165000915527344,83343200.0
2018-02-07T05:00:00Z,24.149999618530273,24.434999465942383,24.040000915527344,24.049999237060547,55760400.0
2018-02-08T05:00:00Z,23.979999542236328,24.30500030517578,23.7549991607666,23.780000686645508,52083800.0
2018-02-09T05:00:00Z,23.844999313354492,24.46500015258789,23.774999618530273,24.280000686645508,72845000.0
2018-02-12T05:00:00Z,24.329999923706055,24.600000381469727,24.110000610351562,24.46500015258789,53008800.0
2018-02-13T05:00:00Z,24.454999923706055,24.670000076293945,24.200000762939453,24.575000762939453,50134400.0
2018-02-14T05:00:00Z,24.364999771118164,24.530000686645508,24.229999542236328,24.299999237060547,40682200.0
2018-02-15T05:00:00Z,24.360000610351562,24.850000381469727,24.325000762939453,24.84000015258789,33008200.0
2018-02-16T05:00:00Z,24.854999542236328,25.1200008392334,24.760000228881836,25.059999465942383,40133000.0
2018-02-20T05:00:00Z,24.975000381469727,25.065000534057617,24.614999771118164,24.735000610351562,33546600.0
2018-02-21T05:00:00Z,24.75,24.915000915527344,24.405000686645508,24.40999984741211,44922800.0
2018-02-22T05:00:00Z,24.489999771118164,24.719999313354492,24.399999618530273,24.53499984741211,40257800.0
2018-02-23T05:00:00Z,24.604999542236328,25.204999923706055,24.575000762939453,25.174999237060547,41284800.0
2018-02-26T05:00:00Z,25.274999618530273,25.31999969482422,25.049999237060547,25.100000381469727,27209800.0
2018-02-27T05:00:00Z,25.1200008392334,25.270000457763672,24.690000534057617,24.700000762939453,36402400.0
2018-02-28T05:00:00Z,24.790000915527344,24.854999542236328,24.530000686645508,24.530000686645508,23892200.0
2018-03-01T05:00:00Z,24.579999923706055,24.93000030517578,24.420000076293945,24.53499984741211,43182600.0
2018-03-02T05:00:00Z,24.520000457763672,24.764999389648438,24.264999389648438,24.469999313354492,33714200.0
2018-03-05T05:00:00Z,24.40999984741211,25.024999618530273,24.360000610351562,24.969999313354492,31000800.0
2018-03-06T05:00:00Z,24.940000534057617,24.9950008392334,24.579999923706055,24.635000228881836,41416000.0
2018-03-07T05:00:00Z,24.559999465942383,24.665000915527344,24.354999542236328,24.450000762939453,33357600.0
2018-03-08T05:00:00Z,24.5049991607666,24.684999465942383,24.46500015258789,24.6299991607666,24517600.0
2018-03-09T05:00:00Z,24.579999923706055,24.704999923706055,24.510000228881836,24.700000762939453,26197000.0
2018-03-12T04:00:00Z,24.709999084472656,24.834999084472656,24.68000030517578,24.80500030517578,32463600.0
2018-03-13T04:00:00Z,24.895000457763672,25.010000228881836,24.670000076293945,24.860000610351562,37745000.0
2018-03-14T04:00:00Z,24.934999465942383,25.200000762939453,24.920000076293945,25.114999771118164,38264600.0
2018-03-15T04:00:00Z,25.100000381469727,25.329999923706055,24.950000762939453,25.100000381469727,42135600.0
2018-03-16T04:00:00Z,24.905000686645508,25.190000534057617,24.889999389648438,25.125,39512600.0
2018-03-19T04:00:00Z,25.110000610351562,25.19499969482422,24.825000762939453,24.969999313354492,43379200.0
2018-03-20T04:00:00Z,24.975000381469727,25.079999923706055,24.795000076293945,24.854999542236328,29936400.0
2018-03-21T04:00:00Z,24.875,25.110000610351562,24.684999465942383,24.770000457763672,38471800.0
2018-03-22T04:00:00Z,24.795000076293945,25.280000686645508,24.725000381469727,24.8799991607666,50664800.0
2018-03-23T04:00:00Z,24.8799991607666,25.104999542236328,24.479999542236328,24.530000686645508,34668600.0
2018-03-26T04:00:00Z,24.610000610351562,24.81999969482422,24.559999465942383,24.78499984741211,27519200.0
2018-03-27T04:00:00Z,24.81999969482422,25.399999618530273,24.739999771118164,25.139999389648438,42912000.0
2018-03-28T04:00:00Z,25.170000076293945,25.270000457763672,24.96500015258789,25.1299991607666,46346200.0
2018-03-29T04:00:00Z,25.204999923706055,25.385000228881836,25.15999984741211,25.264999389648438,30929000.0
2018-04-02T04:00:00Z,25.309999465942383,25.43000030517578,24.889999389648438,25.06999969482422,35585200.0
2018-04-03T04:00:00Z,25.024999618530273,25.274999618530273,24.959999084472656,25.155000686645508,27597600.0
2018-04-04T04:00:00Z,25.149999618530273,25.274999618530273,24.94499969482422,25.209999084472656,32714600.0
2018-04-05T04:00:00Z,25.204999923706055,25.485000610351562,24.924999237060547,25.40999984741211,28572600.0
2018-04-06T04:00:00Z,25.44499969482422,25.5,25.155000686645508,25.209999084472656,28624000.0
2018-04-09T04:00:00Z,25.229999542236328,25.434999465942383,25.145000457763672,25.260000228881836,23512200.0
2018-04-10T04:00:00Z,25.264999389648438,25.295000076293945,25.010000228881836,25.065000534057617,28182400.0
2018-04-11T04:00:00Z,25.05500030517578,25.145000457763672,24.94499969482422,25.030000686645508,16048200.0
2018-04-12T04:00:00Z,25.03499984741211,25.100000381469727,24.649999618530273,24.700000762939453,24157600.0
2018-04-13T04:00:00Z,24.7450008392334,25.0049991607666,24.7450008392334,24.895000457763672,20874600.0
2018-04-16T04:00:00Z,24.950000762939453,25.25,24.934999465942383,25.235000610351562,30795200.0
2018-04-17T04:00:00Z,25.295000076293945,25.579999923706055,25.190000534057617,25.489999771118164,26389000.0
2018-04-18T04:00:00Z,25.520000457763672,25.7450008392334,25.389999389648438,25.395000457763672,28240000.0
2018-04-19T04:00:00Z,25.30500030517578,25.440000534057617,25.174999237060547,25.3799991607666,30335400.0
2018-04-20T04:00:00Z,25.350000381469727,25.40999984741211,25.06999969482422,25.149999618530273,28160000.0
2018-04-23T04:00:00Z,25.184999465942383,25.309999465942383,25.06999969482422,25.165000915527344,23874000.0
2018-04-24T04:00:00Z,25.184999465942383,25.489999771118164,25.145000457763672,25.334999084472656,33808800.0
2018-04-25T04:00:00Z,25.2450008392334,25.43000030517578,25.149999618530273,25.34000015258789,26815000.0
2018-04-26T04:00:00Z,25.364999771118164,25.6299991607666,25.25,25.594999313354492,23534200.0
2018-04-27T04:00:00Z,25.565000534057617,25.950000762939453,25.514999389648438,25.854999542236328,34314600.0
2018-04-30T04:00:00Z,25.895000457763672,25.979999542236328,25.7549991607666,25.780000686645508,25492000.0
2018-05-01T04:00:00Z,25.780000686645508,25.825000762939453,25.655000686645508,25.700000762939453,21942600.0
2018-05-02T04:00:00Z,25.704999923706055,25.795000076293945,25.575000762939453,25.674999237060547,25960600.0
2018-05-03T04:00:00Z,25.625,25.760000228881836,25.350000381469727,25.639999389648438,32960200.0
2018-05-04T04:00:00Z,25.684999465942383,25.8700008392334,25.684999465942383,25.7549991607666,23486800.0
2018-05-07T04:00:00Z,25.739999771118164,25.795000076293945,25.584999084472656,25.6200008392334,17044000.0
2018-05-08T04:00:00Z,25.514999389648438,25.559999465942383,24.934999465942383,24.979999542236328,46295800.0
2018-05-09T04:00:00Z,24.985000610351562,25.030000686645508,24.709999084472656,24.80500030517578,44301000.0
2018-05-10T04:00:00Z,25.014999389648438,25.15999984741211,24.8799991607666,25.155000686645508,27922800.0
2018-05-11T04:00:00Z,25.18000030517578,25.260000228881836,25.09000015258789,25.190000534057617,12957800.0
2018-05-14T04:00:00Z,25.229999542236328,25.274999618530273,24.985000610351562,25.094999313354492,17025600.0
2018-05-15T04:00:00Z,24.94499969482422,25.059999465942383,24.764999389648438,24.885000228881836,22141400.0
2018-05-16T04:00:00Z,24.895000457763672,24.93000030517578,24.594999313354492,24.690000534057617,27082600.0
2018-05-17T04:00:00Z,24.69499969482422,24.764999389648438,24.440000534057617,24.489999771118164,22552000.0
2018-05-18T04:00:00Z,24.559999465942383,24.639999389648438,24.30500030517578,24.4950008392334,23620800.0
2018-05-21T04:00:00Z,24.524999618530273,24.690000534057617,24.415000915527344,24.6200008392334,21484000.0
2018-05-22T04:00:00Z,24.610000610351562,24.854999542236328,24.610000610351562,24.709999084472656,22051400.0
2018-05-23T04:00:00Z,24.795000076293945,24.989999771118164,24.735000610351562,24.934999465942383,27165800.0
2018-05-24T04:00:00Z,24.969999313354492,25.15999984741211,24.885000228881836,25.139999389648438,25795200.0
2018-05-25T04:00:00Z,25.174999237060547,25.315000534057617,25.125,25.25,27743200.0
2018-05-29T04:00:00Z,25.204999923706055,25.420000076293945,25.06999969482422,25.25,34561400.0
2018-05-30T04:00:00Z,25.18000030517578,25.5,25.114999771118164,25.454999923706055,27771800.0
2018-05-31T04:00:00Z,25.424999237060547,25.645000457763672,25.270000457763672,25.4950008392334,30216400.0
2018-06-01T04:00:00Z,25.43000030517578,25.440000534057617,24.985000610351562,25.104999542236328,34360000.0
2018-06-04T04:00:00Z,25.155000686645508,25.260000228881836,24.885000228881836,24.905000686645508,28729000.0
2018-06-05T04:00:00Z,24.950000762939453,24.985000610351562,24.68000030517578,24.774999618530273,29829200.0
2018-06-06T04:00:00Z,24.770000457763672,24.799999237060547,24.184999465942383,24.184999465942383,52255800.0
2018-06-07T04:00:00Z,24.225000381469727,24.594999313354492,24.174999237060547,24.354999542236328,43051600.0
2018-06-08T04:00:00Z,24.44499969482422,24.454999923706055,24.270000457763672,24.344999313354492,22482400.0
2018-06-11T04:00:00Z,24.399999618530273,24.489999771118164,24.225000381469727,24.295000076293945,34670400.0
2018-06-12T04:00:00Z,24.274999618530273,24.604999542236328,24.260000228881836,24.575000762939453,33322600.0
2018-06-13T04:00:00Z,24.604999542236328,24.75,24.434999465942383,24.510000228881836,33451400.0
2018-06-14T04:00:00Z,24.549999237060547,24.8700008392334,24.520000457763672,24.815000534057617,32277200.0
2018-06-15T04:00:00Z,24.565000534057617,24.780000686645508,24.3700008392334,24.770000457763672,43422400.0
2018-06-18T04:00:00Z,24.7549991607666,24.93000030517578,24.704999923706055,24.850000381469727,34453400.0
2018-06-19T04:00:00Z,24.895000457763672,25.184999465942383,24.850000381469727,25.094999313354492,33294800.0
2018-06-20T04:00:00Z,25.135000228881836,25.18000030517578,25.0049991607666,25.114999771118164,24635400.0
2018-06-21T04:00:00Z,25.139999389648438,25.329999923706055,25.059999465942383,25.200000762939453,25407400.0
2018-06-22T04:00:00Z,25.21500015258789,25.440000534057617,25.165000915527344,25.375,25953400.0
2018-06-25T04:00:00Z,25.3799991607666,25.850000381469727,25.3799991607666,25.795000076293945,42932400.0
2018-06-26T04:00:00Z,25.725000381469727,25.975000381469727,25.670000076293945,25.825000762939453,39817400.0
2018-06-27T04:00:00Z,25.795000076293945,26.0,25.725000381469727,25.950000762939453,43529400.0
2018-06-28T04:00:00Z,25.975000381469727,26.184999465942383,25.899999618530273,25.940000534057617,30075600.0
2018-06-29T04:00:00Z,25.895000457763672,26.084999084472656,25.75,25.979999542236328,28741400.0
2018-07-02T04:00:00Z,25.9950008392334,26.18000030517578,25.875,26.165000915527344,31405600.0
2018-07-03T04:00:00Z,26.174999237060547,26.395000457763672,26.05500030517578,26.239999771118164,21211200.0
2018-07-05T04:00:00Z,26.2549991607666,26.399999618530273,26.145000457763672,26.3799991607666,22062000.0
2018-07-06T04:00:00Z,26.434999465942383,26.645000457763672,26.389999389648438,26.584999084472656,24793400.0
2018-07-09T04:00:00Z,26.579999923706055,26.584999084472656,25.674999237060547,25.764999389648438,55873600.0
2018-07-10T04:00:00Z,25.520000457763672,26.149999618530273,25.44499969482422,26.010000228881836,54218200.0
2018-07-11T04:00:00Z,26.0,26.290000915527344,25.979999542236328,26.2450008392334,43544600.0
2018-07-12T04:00:00Z,26.2450008392334,26.31999969482422,26.125,26.264999389648438,34273400.0
2018-07-13T04:00:00Z,26.299999237060547,26.360000610351562,26.094999313354492,26.270000457763672,21918600.0
2018-07-16T04:00:00Z,26.25,26.315000534057617,26.114999771118164,26.2450008392334,20986400.0
2018-07-17T04:00:00Z,26.28499984741211,26.329999923706055,26.200000762939453,26.225000381469727,22107000.0
2018-07-18T04:00:00Z,26.19499969482422,26.239999771118164,25.979999542236328,26.09000015258789,20722600.0
2018-07-19T04:00:00Z,26.114999771118164,26.485000610351562,26.114999771118164,26.329999923706055,22238800.0
2018-07-20T04:00:00Z,26.25,26.31999969482422,25.969999313354492,26.145000457763672,27657000.0
2018-07-23T04:00:00Z,26.149999618530273,26.200000762939453,25.8700008392334,25.959999084472656,29527400.0
2018-07-24T04:00:00Z,25.889999389648438,26.1299991607666,25.59000015258789,26.049999237060547,31397600.0
2018-07-25T04:00:00Z,26.045000076293945,26.2549991607666,25.96500015258789,26.125,26937400.0
2018-07-26T04:00:00Z,26.25,26.479999542236328,26.204999923706055,26.405000686645508,38142000.0
2018-07-27T04:00:00Z,26.420000076293945,26.53499984741211,26.21500015258789,26.31999969482422,31495800.0
2018-07-30T04:00:00Z,26.28499984741211,26.28499984741211,26.075000762939453,26.15999984741211,18952800.0
2018-07-31T04:00:00Z,26.274999618530273,26.46500015258789,26.18000030517578,26.395000457763672,30439600.0
2018-08-01T04:00:00Z,26.2450008392334,26.299999237060547,26.0,26.225000381469727,39970800.0
2018-08-02T04:00:00Z,26.21500015258789,26.434999465942383,26.059999465942383,26.354999542236328,34583800.0
2018-08-03T04:00:00Z,26.364999771118164,26.719999313354492,26.274999618530273,26.649999618530273,30833200.0
2018-08-06T04:00:00Z,26.674999237060547,26.825000762939453,26.6200008392334,26.670000076293945,24398200.0
2018-08-07T04:00:00Z,26.6200008392334,26.674999237060547,26.420000076293945,26.6299991607666,26216400.0
2018-08-08T04:00:00Z,26.540000915527344,26.579999923706055,26.395000457763672,26.489999771118164,34012000.0
2018-08-09T04:00:00Z,26.485000610351562,26.625,26.395000457763672,26.610000610351562,17362200.0
2018-08-10T04:00:00Z,26.645000457763672,26.829999923706055,26.485000610351562,26.4950008392334,26601000.0
2018-08-13T04:00:00Z,26.540000915527344,26.579999923706055,26.405000686645508,26.530000686645508,34546800.0
2018-08-14T04:00:00Z,26.540000915527344,26.690000534057617,26.510000228881836,26.584999084472656,19887600.0
2018-08-15T04:00:00Z,26.670000076293945,26.989999771118164,26.614999771118164,26.829999923706055,38545400.0
2018-08-16T04:00:00Z,26.770000457763672,27.139999389648438,26.71500015258789,27.1200008392334,26545800.0
2018-08-17T04:00:00Z,27.104999542236328,27.3799991607666,27.05500030517578,27.260000228881836,28230200.0
2018-08-20T04:00:00Z,27.315000534057617,27.329999923706055,27.100000381469727,27.165000915527344,19149200.0
2018-08-21T04:00:00Z,27.125,27.139999389648438,26.889999389648438,26.969999313354492,23701600.0
2018-08-22T04:00:00Z,26.9950008392334,27.0,26.670000076293945,26.770000457763672,25305200.0
2018-08-23T04:00:00Z,26.760000228881836,26.940000534057617,26.700000762939453,26.75,22336200.0
2018-08-24T04:00:00Z,26.719999313354492,26.889999389648438,26.614999771118164,26.864999771118164,15692600.0
2018-08-27T04:00:00Z,26.885000228881836,26.959999084472656,26.565000534057617,26.700000762939453,24768200.0
2018-08-28T04:00:00Z,26.635000228881836,26.735000610351562,26.565000534057617,26.645000457763672,20132200.0
2018-08-29T04:00:00Z,26.709999084472656,26.84000015258789,26.670000076293945,26.84000015258789,23822400.0
2018-08-30T04:00:00Z,26.885000228881836,26.9950008392334,26.7549991607666,26.850000381469727,26951400.0
2018-08-31T04:00:00Z,26.889999389648438,27.0,26.635000228881836,26.735000610351562,24265000.0
2018-09-04T04:00:00Z,26.764999389648438,27.0,26.739999771118164,26.854999542236328,25930200.0
2018-09-05T04:00:00Z,26.825000762939453,27.2450008392334,26.825000762939453,27.229999542236328,29669600.0
2018-09-06T04:00:00Z,27.2450008392334,27.469999313354492,27.165000915527344,27.385000228881836,24705600.0
2018-09-07T04:00:00Z,27.1200008392334,27.25,26.989999771118164,27.049999237060547,32367000.0
2018-09-10T04:00:00Z,27.104999542236328,27.295000076293945,27.084999084472656,27.184999465942383,19864800.0
2018-09-11T04:00:00Z,27.174999237060547,27.28499984741211,27.059999465942383,27.114999771118164,18093400.0
2018-09-12T04:00:00Z,27.110000610351562,27.260000228881836,27.030000686645508,27.09000015258789,19619800.0
2018-09-13T04:00:00Z,27.079999923706055,27.30500030517578,26.954999923706055,27.295000076293945,17548400.0
2018-09-14T04:00:00Z,27.184999465942383,27.209999084472656,26.920000076293945,27.149999618530273,26135000.0
2018-09-17T04:00:00Z,27.100000381469727,27.280000686645508,27.06999969482422,27.239999771118164,28518200.0
2018-09-18T04:00:00Z,27.200000762939453,27.280000686645508,27.059999465942383,27.190000534057617,19535000.0
2018-09-19T04:00:00Z,27.18000030517578,27.18000030517578,26.475000381469727,26.600000381469727,51020000.0
2018-09-20T04:00:00Z,26.565000534057617,26.68000030517578,26.344999313354492,26.655000686645508,35629000.0
2018-09-21T04:00:00Z,26.375,26.625,26.2549991607666,26.530000686645508,40685200.0
2018-09-24T04:00:00Z,26.440000534057617,26.53499984741211,26.270000457763672,26.295000076293945,27053600.0
2018-09-25T04:00:00Z,26.219999313354492,26.235000610351562,25.889999389648438,25.934999465942383,40048000.0
2018-09-26T04:00:00Z,26.059999465942383,26.06999969482422,25.670000076293945,25.68000030517578,48164400.0
2018-09-27T04:00:00Z,25.7450008392334,26.084999084472656,25.684999465942383,25.94499969482422,32913600.0
2018-09-28T04:00:00Z,26.0,26.344999313354492,25.96500015258789,26.325000762939453,30854800.0
2018-10-01T04:00:00Z,26.2450008392334,26.295000076293945,26.135000228881836,26.235000610351562,25157400.0
2018-10-02T04:00:00Z,26.28499984741211,26.65999984741211,26.28499984741211,26.59000015258789,31666400.0
2018-10-03T04:00:00Z,26.545000076293945,26.684999465942383,26.045000076293945,26.270000457763672,49352600.0
2018-10-04T04:00:00Z,26.204999923706055,26.46500015258789,26.010000228881836,26.40999984741211,48151800.0
2018-10-05T04:00:00Z,26.3700008392334,26.899999618530273,26.350000381469727,26.815000534057617,60780000.0
2018-10-08T04:00:00Z,26.920000076293945,27.219999313354492,26.799999237060547,27.040000915527344,42978600.0
2018-10-09T04:00:00Z,27.014999389648438,27.270000457763672,26.975000381469727,27.149999618530273,36227600.0
2018-10-10T04:00:00Z,27.104999542236328,27.44499969482422,26.989999771118164,27.0,61168000.0
2018-10-11T04:00:00Z,27.075000762939453,27.139999389648438,26.3700008392334,26.5049991607666,85789600.0
2018-10-12T04:00:00Z,26.469999313354492,26.55500030517578,26.2549991607666,26.475000381469727,43738200.0
2018-10-15T04:00:00Z,26.469999313354492,26.770000457763672,26.440000534057617,26.600000381469727,36706000.0
2018-10-16T04:00:00Z,26.56999969482422,27.024999618530273,26.489999771118164,26.875,35875000.0
2018-10-17T04:00:00Z,26.84000015258789,26.954999923706055,26.68000030517578,26.825000762939453,28517000.0
2018-10-18T04:00:00Z,26.895000457763672,27.030000686645508,26.725000381469727,26.864999771118164,33038000.0
2018-10-19T04:00:00Z,26.8700008392334,27.43000030517578,26.78499984741211,27.28499984741211,59579200.0
2018-10-22T04:00:00Z,27.315000534057617,27.344999313354492,27.045000076293945,27.110000610351562,24500000.0
2018-10-23T04:00:00Z,27.15999984741211,27.334999084472656,26.850000381469727,26.959999084472656,37849200.0
2018-10-24T04:00:00Z,27.079999923706055,27.7450008392334,26.96500015258789,27.614999771118164,58326800.0
2018-10-25T04:00:00Z,27.434999465942383,27.434999465942383,27.049999237060547,27.184999465942383,59822400.0
2018-10-26T04:00:00Z,27.329999923706055,27.40999984741211,26.5,26.684999465942383,73786000.0
2018-10-29T04:00:00Z,26.7450008392334,27.18000030517578,26.7450008392334,27.059999465942383,49946400.0
2018-10-30T04:00:00Z,27.165000915527344,27.329999923706055,26.844999313354492,27.165000915527344,50131000.0
2018-10-31T04:00:00Z,26.940000534057617,27.104999542236328,26.684999465942383,26.844999313354492,50286000.0
2018-11-01T04:00:00Z,26.885000228881836,26.899999618530273,26.549999237060547,26.725000381469727,54054800.0
2018-11-02T04:00:00Z,26.799999237060547,26.8700008392334,26.399999618530273,26.575000762939453,48273200.0
2018-11-05T05:00:00Z,26.69499969482422,27.045000076293945,26.6299991607666,26.950000762939453,42506600.0
2018-11-06T05:00:00Z,26.924999237060547,27.190000534057617,26.889999389648438,27.1299991607666,26136200.0
2018-11-07T05:00:00Z,27.329999923706055,27.479999542236328,27.114999771118164,27.440000534057617,41450800.0
2018-11-08T05:00:00Z,27.46500015258789,27.55500030517578,27.165000915527344,27.395000457763672,41168200.0
2018-11-09T05:00:00Z,27.299999237060547,27.55500030517578,27.2450008392334,27.434999465942383,40030200.0
2018-11-12T05:00:00Z,27.235000610351562,27.704999923706055,27.03499984741211,27.420000076293945,55327800.0
2018-11-13T05:00:00Z,27.415000915527344,27.594999313354492,27.204999923706055,27.53499984741211,47516000.0
2018-11-14T05:00:00Z,27.299999237060547,27.479999542236328,27.155000686645508,27.25,55155600.0
2018-11-15T05:00:00Z,27.110000610351562,27.135000228881836,26.78499984741211,27.024999618530273,68562400.0
2018-11-16T05:00:00Z,27.440000534057617,27.56999969482422,27.235000610351562,27.440000534057617,42812800.0
2018-11-19T05:00:00Z,27.399999618530273,27.584999084472656,27.28499984741211,27.559999465942383,29144000.0
2018-11-20T05:00:00Z,27.639999389648438,27.834999084472656,27.280000686645508,27.44499969482422,48856800.0
2018-11-21T05:00:00Z,27.350000381469727,27.385000228881836,26.96500015258789,27.040000915527344,37819400.0
2018-11-23T05:00:00Z,27.075000762939453,27.1200008392334,26.875,27.05500030517578,16235800.0
2018-11-26T05:00:00Z,27.084999084472656,27.229999542236328,26.940000534057617,27.21500015258789,32202000.0
2018-11-27T05:00:00Z,27.19499969482422,27.450000762939453,27.084999084472656,27.420000076293945,26366800.0
2018-11-28T05:00:00Z,27.450000762939453,27.530000686645508,27.30500030517578,27.399999618530273,24124400.0
2018-11-29T05:00:00Z,27.440000534057617,27.440000534057617,27.110000610351562,27.389999389648438,34979200.0
2018-11-30T05:00:00Z,27.454999923706055,27.81999969482422,27.385000228881836,27.795000076293945,36333600.0
2018-12-03T05:00:00Z,27.704999923706055,28.075000762939453,27.545000076293945,28.075000762939453,35813000.0
2018-12-04T05:00:00Z,28.145000457763672,28.405000686645508,28.024999618530273,28.094999313354492,44536000.0
2018-12-06T05:00:00Z,28.209999084472656,28.219999313354492,27.549999237060547,28.125,49395800.0
2018-12-07T05:00:00Z,28.084999084472656,28.395000457763672,27.895000457763672,28.229999542236328,39458800.0
2018-12-10T05:00:00Z,28.229999542236328,28.375,27.739999771118164,28.28499984741211,42296200.0
2018-12-11T05:00:00Z,28.31999969482422,28.4950008392334,28.170000076293945,28.399999618530273,52186800.0
2018-12-12T05:00:00Z,28.3700008392334,28.55500030517578,28.204999923706055,28.219999313354492,36594800.0
2018-12-13T05:00:00Z,28.239999771118164,28.59000015258789,28.235000610351562,28.46500015258789,36144000.0
2018-12-14T05:00:00Z,28.489999771118164,28.55500030517578,28.2450008392334,28.40999984741211,50311200.0
2018-12-17T05:00:00Z,28.46500015258789,28.485000610351562,27.385000228881836,27.4950008392334,60421600.0
2018-12-18T05:00:00Z,27.649999618530273,27.844999313354492,27.229999542236328,27.309999465942383,47270800.0
2018-12-19T05:00:00Z,27.364999771118164,27.584999084472656,27.104999542236328,27.264999389648438,55856800.0
2018-12-20T05:00:00Z,27.290000915527344,27.639999389648438,26.940000534057617,27.25,78047600.0
2018-12-21T05:00:00Z,27.225000381469727,27.709999084472656,26.825000762939453,26.905000686645508,71291600.0
2018-12-24T05:00:00Z,26.854999542236328,27.05500030517578,25.674999237060547,25.780000686645508,45330600.0
2018-12-26T05:00:00Z,25.78499984741211,26.165000915527344,25.405000686645508,26.1299991607666,61678200.0
2018-12-27T05:00:00Z,26.139999389648438,26.385000228881836,25.700000762939453,26.350000381469727,59461200.0
2018-12-28T05:00:00Z,26.40999984741211,26.68000030517578,26.315000534057617,26.415000915527344,42175200.0
2018-12-31T05:00:00Z,26.424999237060547,26.53499984741211,26.184999465942383,26.459999084472656,32604400.0
2019-01-02T05:00:00Z,26.354999542236328,26.3799991607666,25.850000381469727,26.0049991607666,50347800.0
2019-01-03T05:00:00Z,26.0049991607666,26.219999313354492,25.8799991607666,26.0,43175000.0
2019-01-04T05:00:00Z,25.8799991607666,26.399999618530273,25.844999313354492,26.385000228881836,38007000.0
2019-01-07T05:00:00Z,26.219999313354492,26.334999084472656,26.059999465942383,26.204999923706055,32535400.0
2019-01-08T05:00:00Z,26.229999542236328,26.559999465942383,26.084999084472656,26.530000686645508,33287000.0
2019-01-09T05:00:00Z,26.514999389648438,26.625,26.295000076293945,26.3700008392334,36149400.0
2019-01-10T05:00:00Z,26.399999618530273,26.764999389648438,26.364999771118164,26.71500015258789,50916200.0
2019-01-11T05:00:00Z,26.68000030517578,26.735000610351562,26.450000762939453,26.614999771118164,49685000.0
2019-01-14T05:00:00Z,26.299999237060547,26.6200008392334,25.770000457763672,26.014999389648438,46979600.0
2019-01-15T05:00:00Z,25.905000686645508,26.479999542236328,25.8799991607666,26.334999084472656,54186200.0
2019-01-16T05:00:00Z,26.28499984741211,26.440000534057617,26.135000228881836,26.43000030517578,36696400.0
2019-01-17T05:00:00Z,26.40999984741211,26.600000381469727,26.3700008392334,26.540000915527344,41571800.0
2019-01-18T05:00:00Z,26.575000762939453,26.65999984741211,26.450000762939453,26.56999969482422,28309400.0
2019-01-22T05:00:00Z,26.565000534057617,26.764999389648438,26.360000610351562,26.6200008392334,33828800.0
2019-01-23T05:00:00Z,26.625,26.905000686645508,26.579999923706055,26.889999389648438,28422200.0
2019-01-24T05:00:00Z,26.8700008392334,27.05500030517578,26.670000076293945,27.030000686645508,43848200.0
2019-01-25T05:00:00Z,26.94499969482422,27.06999969482422,26.6200008392334,26.65999984741211,36308200.0
2019-01-28T05:00:00Z,26.665000915527344,26.764999389648438,26.415000915527344,26.53499984741211,28367600.0
2019-01-29T05:00:00Z,26.65999984741211,26.735000610351562,26.520000457763672,26.610000610351562,25237000.0
2019-01-30T05:00:00Z,26.540000915527344,26.93000030517578,26.5,26.815000534057617,37157800.0
2019-01-31T05:00:00Z,26.80500030517578,27.459999084472656,26.684999465942383,27.3799991607666,46163200.0
2019-02-01T05:00:00Z,27.264999389648438,27.3799991607666,27.040000915527344,27.274999618530273,31124800.0
2019-02-04T05:00:00Z,27.155000686645508,27.334999084472656,26.96500015258789,27.31999969482422,36131400.0
2019-02-05T05:00:00Z,27.31999969482422,27.424999237060547,27.165000915527344,27.375,24592200.0
2019-02-06T05:00:00Z,27.334999084472656,27.469999313354492,27.225000381469727,27.360000610351562,18408400.0
2019-02-07T05:00:00Z,27.31999969482422,27.719999313354492,27.235000610351562,27.719999313354492,32150800.0
2019-02-08T05:00:00Z,27.655000686645508,27.854999542236328,27.594999313354492,27.84000015258789,29267400.0
2019-02-11T05:00:00Z,27.84000015258789,27.975000381469727,27.735000610351562,27.829999923706055,29458200.0
2019-02-12T05:00:00Z,27.834999084472656,28.03499984741211,27.674999237060547,27.895000457763672,29506600.0
2019-02-13T05:00:00Z,27.809999465942383,27.885000228881836,27.700000762939453,27.815000534057617,26763600.0
2019-02-14T05:00:00Z,27.834999084472656,27.915000915527344,27.670000076293945,27.770000457763672,38188000.0
2019-02-15T05:00:00Z,27.860000610351562,27.959999084472656,27.7549991607666,27.854999542236328,18689000.0
2019-02-19T05:00:00Z,27.875,28.049999237060547,27.790000915527344,28.020000457763672,28978600.0
2019-02-20T05:00:00Z,28.010000228881836,28.19499969482422,27.860000610351562,28.145000457763672,28716800.0
2019-02-21T05:00:00Z,28.059999465942383,28.395000457763672,27.96500015258789,28.350000381469727,38200000.0
2019-02-22T05:00:00Z,28.399999618530273,28.530000686645508,28.270000457763672,28.524999618530273,30495000.0
2019-02-25T05:00:00Z,28.549999237060547,28.56999969482422,28.225000381469727,28.34000015258789,26160200.0
2019-02-26T05:00:00Z,28.399999618530273,28.440000534057617,28.15999984741211,28.30500030517578,27405400.0
2019-02-27T05:00:00Z,28.239999771118164,28.43000030517578,28.209999084472656,28.34000015258789,23912600.0
2019-02-28T05:00:00Z,28.354999542236328,28.575000762939453,28.204999923706055,28.5049991607666,25616200.0
2019-03-01T05:00:00Z,28.514999389648438,28.584999084472656,28.325000762939453,28.565000534057617,26836000.0
2019-03-04T05:00:00Z,28.600000381469727,28.674999237060547,28.334999084472656,28.614999771118164,24675200.0
2019-03-05T05:00:00Z,28.614999771118164,28.684999465942383,28.530000686645508,28.579999923706055,24091000.0
2019-03-06T05:00:00Z,28.610000610351562,28.684999465942383,28.479999542236328,28.579999923706055,22608600.0
2019-03-07T05:00:00Z,28.6299991607666,28.854999542236328,28.594999313354492,28.674999237060547,30257000.0
2019-03-08T05:00:00Z,28.709999084472656,28.799999237060547,28.5049991607666,28.774999618530273,36031800.0
2019-03-11T04:00:00Z,28.78499984741211,28.989999771118164,28.764999389648438,28.979999542236328,28917600.0
2019-03-12T04:00:00Z,29.030000686645508,29.209999084472656,28.975000381469727,29.18000030517578,34204200.0
2019-03-13T04:00:00Z,29.125,29.280000686645508,29.104999542236328,29.209999084472656,31775200.0
2019-03-14T04:00:00Z,29.19499969482422,29.3700008392334,29.094999313354492,29.204999923706055,30310800.0
2019-03-15T04:00:00Z,29.03499984741211,29.190000534057617,28.8700008392334,29.094999313354492,35429800.0
2019-03-18T04:00:00Z,29.110000610351562,29.149999618530273,28.860000610351562,28.985000610351562,30017600.0
2019-03-19T04:00:00Z,28.940000534057617,28.985000610351562,28.549999237060547,28.655000686645508,45271600.0
2019-03-20T04:00:00Z,28.709999084472656,28.959999084472656,28.584999084472656,28.729999542236328,37761000.0
2019-03-21T04:00:00Z,28.75,29.094999313354492,28.704999923706055,29.03499984741211,30743600.0
2019-03-22T04:00:00Z,29.145000457763672,29.450000762939453,29.03499984741211,29.2450008392334,40905000.0
2019-03-25T04:00:00Z,29.270000457763672,29.360000610351562,29.149999618530273,29.270000457763672,27526000.0
2019-03-26T04:00:00Z,29.28499984741211,29.5,29.2450008392334,29.479999542236328,31399400.0
2019-03-27T04:00:00Z,29.510000228881836,29.53499984741211,29.139999389648438,29.274999618530273,34647000.0
2019-03-28T04:00:00Z,29.270000457763672,29.3700008392334,28.829999923706055,28.93000030517578,49497600.0
2019-03-29T04:00:00Z,28.889999389648438,29.1200008392334,28.81999969482422,29.084999084472656,43670200.0
2019-04-01T04:00:00Z,29.084999084472656,29.084999084472656,28.71500015258789,28.885000228881836,53363800.0
2019-04-02T04:00:00Z,28.94499969482422,28.979999542236328,28.7450008392334,28.924999237060547,49956200.0
2019-04-03T04:00:00Z,28.864999771118164,29.0,28.665000915527344,28.8799991607666,30901000.0
2019-04-04T04:00:00Z,28.93000030517578,28.954999923706055,28.610000610351562,28.780000686645508,32529200.0
2019-04-05T04:00:00Z,28.780000686645508,29.065000534057617,28.690000534057617,29.049999237060547,30838600.0
2019-04-08T04:00:00Z,28.985000610351562,29.024999618530273,28.770000457763672,28.844999313354492,29363400.0
2019-04-09T04:00:00Z,28.8700008392334,28.94499969482422,28.78499984741211,28.915000915527344,25987800.0
2019-04-10T04:00:00Z,28.975000381469727,29.170000076293945,28.760000228881836,28.825000762939453,33782400.0
2019-04-11T04:00:00Z,28.81999969482422,28.979999542236328,28.78499984741211,28.969999313354492,34840000.0
2019-04-12T04:00:00Z,28.864999771118164,29.135000228881836,28.719999313354492,29.104999542236328,31853200.0
2019-04-15T04:00:00Z,29.1299991607666,29.229999542236328,29.024999618530273,29.100000381469727,30506200.0
2019-04-16T04:00:00Z,29.100000381469727,29.165000915527344,28.645000457763672,28.739999771118164,39377400.0
2019-04-17T04:00:00Z,28.709999084472656,28.78499984741211,28.604999542236328,28.6299991607666,30389600.0
2019-04-18T04:00:00Z,28.700000762939453,28.844999313354492,28.6299991607666,28.645000457763672,32078800.0
2019-04-22T04:00:00Z,28.635000228881836,28.729999542236328,28.559999465942383,28.6200008392334,21371000.0
2019-04-23T04:00:00Z,28.6299991607666,28.790000915527344,28.489999771118164,28.700000762939453,34136400.0
2019-04-24T04:00:00Z,28.770000457763672,28.985000610351562,28.725000381469727,28.885000228881836,32856800.0
2019-04-25T04:00:00Z,28.7549991607666,29.1200008392334,28.725000381469727,29.0049991607666,30506600.0
2019-04-26T04:00:00Z,29.165000915527344,29.34000015258789,29.020000457763672,29.049999237060547,29034800.0
2019-04-29T04:00:00Z,29.024999618530273,29.03499984741211,28.760000228881836,28.8799991607666,41551800.0
2019-04-30T04:00:00Z,28.885000228881836,29.375,28.834999084472656,29.354999542236328,44033400.0
2019-05-01T04:00:00Z,29.270000457763672,29.350000381469727,29.030000686645508,29.05500030517578,52825400.0
2019-05-02T04:00:00Z,29.0,29.155000686645508,28.774999618530273,28.989999771118164,46927600.0
2019-05-03T04:00:00Z,28.989999771118164,29.200000762939453,28.94499969482422,29.149999618530273,32142600.0
2019-05-06T04:00:00Z,29.149999618530273,29.229999542236328,28.93000030517578,28.989999771118164,26779000.0
2019-05-07T04:00:00Z,28.94499969482422,29.014999389648438,28.764999389648438,28.899999618530273,25084400.0
2019-05-08T04:00:00Z,28.864999771118164,28.895000457763672,28.479999542236328,28.5049991607666,57384800.0
2019-05-09T04:00:00Z,28.5049991607666,28.6299991607666,28.329999923706055,28.469999313354492,32347600.0
2019-05-10T04:00:00Z,28.46500015258789,28.9950008392334,28.40999984741211,28.979999542236328,50316000.0
2019-05-13T04:00:00Z,28.889999389648438,29.354999542236328,28.850000381469727,29.290000915527344,40192600.0
2019-05-14T04:00:00Z,29.295000076293945,29.31999969482422,29.040000915527344,29.094999313354492,35218800.0
2019-05-15T04:00:00Z,29.110000610351562,29.219999313354492,29.010000228881836,29.045000076293945,29155000.0
2019-05-16T04:00:00Z,29.014999389648438,29.329999923706055,28.934999465942383,29.239999771118164,27816600.0
2019-05-17T04:00:00Z,29.110000610351562,29.5049991607666,29.06999969482422,29.389999389648438,20954200.0
2019-05-20T04:00:00Z,29.454999923706055,29.614999771118164,29.354999542236328,29.43000030517578,18237400.0
2019-05-21T04:00:00Z,29.475000381469727,29.725000381469727,29.405000686645508,29.485000610351562,23008800.0
2019-05-22T04:00:00Z,29.530000686645508,29.735000610351562,29.440000534057617,29.704999923706055,18515800.0
2019-05-23T04:00:00Z,29.735000610351562,29.96500015258789,29.704999923706055,29.959999084472656,30329000.0
2019-05-24T04:00:00Z,29.979999542236328,30.135000228881836,29.8799991607666,29.915000915527344,17424800.0
2019-05-28T04:00:00Z,29.954999923706055,29.979999542236328,29.375,29.424999237060547,32795800.0
2019-05-29T04:00:00Z,29.4950008392334,29.524999618530273,28.96500015258789,29.03499984741211,40238200.0
2019-05-30T04:00:00Z,29.040000915527344,29.200000762939453,28.899999618530273,28.989999771118164,33645200.0
2019-05-31T04:00:00Z,29.0,29.204999923706055,28.8700008392334,29.125,36514000.0
2019-06-03T04:00:00Z,29.219999313354492,29.454999923706055,29.06999969482422,29.415000915527344,40670800.0
2019-06-04T04:00:00Z,29.44499969482422,29.479999542236328,28.895000457763672,29.440000534057617,37057800.0
2019-06-05T04:00:00Z,29.549999237060547,30.170000076293945,29.44499969482422,30.06999969482422,63510600.0
2019-06-06T04:00:00Z,30.110000610351562,30.309999465942383,30.024999618530273,30.2549991607666,51022400.0
2019-06-07T04:00:00Z,30.40999984741211,30.594999313354492,30.014999389648438,30.030000686645508,37986200.0
2019-06-10T04:00:00Z,29.940000534057617,30.0,29.674999237060547,29.825000762939453,27400600.0
2019-06-11T04:00:00Z,29.815000534057617,29.895000457763672,29.475000381469727,29.645000457763672,36072200.0
2019-06-12T04:00:00Z,29.795000076293945,30.075000762939453,29.760000228881836,30.030000686645508,24700400.0
2019-06-13T04:00:00Z,30.100000381469727,30.18000030517578,29.889999389648438,30.09000015258789,32424000.0
2019-06-14T04:00:00Z,30.125,30.459999084472656,30.114999771118164,30.405000686645508,28485400.0
2019-06-17T04:00:00Z,30.405000686645508,30.4950008392334,30.1299991607666,30.31999969482422,22924200.0
2019-06-18T04:00:00Z,30.454999923706055,30.5049991607666,29.989999771118164,30.19499969482422,46290600.0
2019-06-19T04:00:00Z,30.059999465942383,30.55500030517578,30.049999237060547,30.424999237060547,43191800.0
2019-06-20T04:00:00Z,30.584999084472656,30.690000534057617,30.270000457763672,30.6200008392334,38275600.0
2019-06-21T04:00:00Z,30.350000381469727,30.549999237060547,30.135000228881836,30.4950008392334,30116400.0
2019-06-24T04:00:00Z,30.549999237060547,30.594999313354492,30.389999389648438,30.5049991607666,19774400.0
2019-06-25T04:00:00Z,30.530000686645508,30.530000686645508,30.25,30.31999969482422,24290800.0
2019-06-26T04:00:00Z,30.2450008392334,30.309999465942383,29.649999618530273,29.65999984741211,33777000.0
2019-06-27T04:00:00Z,29.7549991607666,29.84000015258789,29.584999084472656,29.700000762939453,28271000.0
2019-06-28T04:00:00Z,29.709999084472656,29.979999542236328,29.649999618530273,29.815000534057617,32266400.0
2019-07-01T04:00:00Z,29.834999084472656,29.864999771118164,29.469999313354492,29.739999771118164,35846800.0
2019-07-02T04:00:00Z,29.850000381469727,30.19499969482422,29.844999313354492,30.145000457763672,42719000.0
2019-07-03T04:00:00Z,30.235000610351562,30.540000915527344,30.209999084472656,30.354999542236328,31573200.0
2019-07-05T04:00:00Z,30.165000915527344,30.385000228881836,29.875,30.34000015258789,31892800.0
2019-07-08T04:00:00Z,30.360000610351562,30.479999542236328,30.19499969482422,30.385000228881836,18836400.0
2019-07-09T04:00:00Z,30.334999084472656,30.434999465942383,30.170000076293945,30.424999237060547,34965400.0
2019-07-10T04:00:00Z,30.459999084472656,30.65999984741211,30.354999542236328,30.4950008392334,22972000.0
2019-07-11T04:00:00Z,30.459999084472656,30.6200008392334,30.2450008392334,30.5049991607666,39996000.0
2019-07-12T04:00:00Z,30.4950008392334,30.530000686645508,30.19499969482422,30.30500030517578,22490600.0
2019-07-15T04:00:00Z,30.309999465942383,30.469999313354492,30.19499969482422,30.424999237060547,18690600.0
2019-07-16T04:00:00Z,30.350000381469727,30.454999923706055,30.09000015258789,30.25,28749200.0
2019-07-17T04:00:00Z,30.354999542236328,30.540000915527344,30.25,30.364999771118164,26709400.0
2019-07-18T04:00:00Z,30.3700008392334,30.635000228881836,30.200000762939453,30.6299991607666,29466400.0
2019-07-19T04:00:00Z,30.559999465942383,30.645000457763672,30.170000076293945,30.184999465942383,30616600.0
2019-07-22T04:00:00Z,30.260000228881836,30.290000915527344,29.94499969482422,30.1200008392334,26353000.0
2019-07-23T04:00:00Z,30.155000686645508,30.174999237060547,29.875,29.93000030517578,33581200.0
2019-07-24T04:00:00Z,30.014999389648438,30.09000015258789,29.725000381469727,29.954999923706055,27121400.0
2019-07-25T04:00:00Z,29.860000610351562,30.075000762939453,29.729999542236328,29.8799991607666,28296600.0
2019-07-26T04:00:00Z,29.905000686645508,30.104999542236328,29.84000015258789,29.989999771118164,27758000.0
2019-07-29T04:00:00Z,30.075000762939453,30.190000534057617,29.905000686645508,30.145000457763672,33243400.0
2019-07-30T04:00:00Z,30.075000762939453,30.21500015258789,29.764999389648438,29.915000915527344,37991200.0
2019-07-31T04:00:00Z,29.924999237060547,30.06999969482422,29.594999313354492,29.774999618530273,48762000.0
2019-08-01T04:00:00Z,29.725000381469727,30.25,29.625,30.079999923706055,58986200.0
2019-08-02T04:00:00Z,30.125,30.325000762939453,30.010000228881836,30.075000762939453,29878600.0
2019-08-05T04:00:00Z,30.139999389648438,30.219999313354492,29.485000610351562,29.645000457763672,53153600.0
2019-08-06T04:00:00Z,29.674999237060547,30.1299991607666,29.344999313354492,30.014999389648438,54071800.0
2019-08-07T04:00:00Z,30.024999618530273,30.270000457763672,29.600000381469727,30.09000015258789,49909400.0
2019-08-08T04:00:00Z,30.075000762939453,30.479999542236328,29.90999984741211,30.399999618530273,34115000.0
2019-08-09T04:00:00Z,30.424999237060547,30.56999969482422,30.325000762939453,30.434999465942383,23627000.0
2019-08-12T04:00:00Z,30.440000534057617,30.520000457763672,30.219999313354492,30.375,27249600.0
2019-08-13T04:00:00Z,30.3700008392334,30.5049991607666,30.190000534057617,30.395000457763672,35494400.0
2019-08-14T04:00:00Z,30.434999465942383,30.59000015258789,30.065000534057617,30.145000457763672,40581000.0
2019-08-15T04:00:00Z,30.25,30.639999389648438,30.06999969482422,30.53499984741211,44171600.0
2019-08-16T04:00:00Z,30.549999237060547,30.78499984741211,30.5049991607666,30.690000534057617,32243000.0
2019-08-19T04:00:00Z,30.625,30.989999771118164,30.575000762939453,30.885000228881836,28468000.0
2019-08-20T04:00:00Z,30.954999923706055,30.959999084472656,30.704999923706055,30.834999084472656,31048800.0
2019-08-21T04:00:00Z,30.78499984741211,31.040000915527344,30.760000228881836,31.040000915527344,28795800.0
2019-08-22T04:00:00Z,31.020000457763672,31.110000610351562,30.80500030517578,31.06999969482422,29834200.0
2019-08-23T04:00:00Z,31.1299991607666,31.229999542236328,30.584999084472656,30.739999771118164,42595800.0
2019-08-26T04:00:00Z,30.815000534057617,31.104999542236328,30.739999771118164,31.094999313354492,25701400.0
2019-08-27T04:00:00Z,31.2450008392334,31.3700008392334,31.114999771118164,31.149999618530273,38448800.0
2019-08-28T04:00:00Z,31.184999465942383,31.295000076293945,30.954999923706055,31.065000534057617,31791600.0
2019-08-29T04:00:00Z,31.239999771118164,31.290000915527344,30.989999771118164,31.280000686645508,35467000.0
2019-08-30T04:00:00Z,31.375,31.399999618530273,31.19499969482422,31.290000915527344,24166000.0
2019-09-03T04:00:00Z,31.280000686645508,31.850000381469727,31.2450008392334,31.844999313354492,42728200.0
2019-09-04T04:00:00Z,31.934999465942383,32.01499938964844,31.674999237060547,31.875,31633200.0
2019-09-05T04:00:00Z,31.665000915527344,31.735000610351562,31.420000076293945,31.530000686645508,58664800.0
2019-09-06T04:00:00Z,31.610000610351562,31.68000030517578,31.309999465942383,31.405000686645508,25326400.0
2019-09-09T04:00:00Z,31.34000015258789,31.395000457763672,31.190000534057617,31.25,33649800.0
2019-09-10T04:00:00Z,31.200000762939453,31.290000915527344,31.020000457763672,31.290000915527344,38336000.0
2019-09-11T04:00:00Z,31.2450008392334,31.625,31.104999542236328,31.600000381469727,45377000.0
2019-09-12T04:00:00Z,31.790000915527344,31.885000228881836,31.524999618530273,31.670000076293945,47199400.0
2019-09-13T04:00:00Z,31.489999771118164,31.700000762939453,31.375,31.469999313354492,49998200.0
2019-09-16T04:00:00Z,31.520000457763672,31.545000076293945,31.31999969482422,31.4950008392334,23926000.0
2019-09-17T04:00:00Z,31.549999237060547,31.844999313354492,31.53499984741211,31.770000457763672,34658200.0
2019-09-18T04:00:00Z,31.889999389648438,32.005001068115234,31.690000534057617,31.905000686645508,41925400.0
2019-09-19T04:00:00Z,32.005001068115234,32.084999084472656,31.885000228881836,32.05500030517578,30041400.0
2019-09-20T04:00:00Z,31.850000381469727,31.969999313354492,31.690000534057617,31.934999465942383,36989200.0
2019-09-23T04:00:00Z,31.924999237060547,32.060001373291016,31.860000610351562,31.940000534057617,17616600.0
2019-09-24T04:00:00Z,32.05500030517578,32.42499923706055,32.029998779296875,32.314998626708984,53815800.0
2019-09-25T04:00:00Z,32.290000915527344,32.33000183105469,32.119998931884766,32.29499816894531,32467600.0
2019-09-26T04:00:00Z,32.375,32.55500030517578,32.314998626708984,32.46500015258789,26746800.0
2019-09-27T04:00:00Z,32.5099983215332,32.529998779296875,32.16999816894531,32.349998474121094,33229600.0
2019-09-30T04:00:00Z,32.375,32.53499984741211,32.279998779296875,32.369998931884766,21670400.0
2019-10-01T04:00:00Z,32.2599983215332,32.349998474121094,32.119998931884766,32.29499816894531,47566800.0
2019-10-02T04:00:00Z,32.224998474121094,32.279998779296875,31.78499984741211,31.864999771118164,29720600.0
2019-10-03T04:00:00Z,31.875,31.954999923706055,31.709999084472656,31.940000534057617,59569200.0
2019-10-04T04:00:00Z,31.979999542236328,32.45500183105469,31.934999465942383,32.3849983215332,37167000.0
2019-10-07T04:00:00Z,32.35499954223633,32.39500045776367,32.18000030517578,32.2599983215332,25731800.0
2019-10-08T04:00:00Z,32.2400016784668,32.26499938964844,31.94499969482422,31.959999084472656,43191800.0
2019-10-09T04:00:00Z,32.04499816894531,32.2400016784668,31.969999313354492,32.1150016784668,17954000.0
2019-10-10T04:00:00Z,32.040000915527344,32.150001525878906,31.799999237060547,32.08000183105469,31210600.0
2019-10-11T04:00:00Z,32.04999923706055,32.15999984741211,31.850000381469727,31.959999084472656,32154600.0
2019-10-14T04:00:00Z,32.04999923706055,32.064998626708984,31.65999984741211,31.7549991607666,19892000.0
2019-10-15T04:00:00Z,31.774999618530273,31.850000381469727,31.575000762939453,31.655000686645508,31726600.0
2019-10-16T04:00:00Z,31.635000228881836,31.739999771118164,31.489999771118164,31.725000381469727,32355000.0
2019-10-17T04:00:00Z,31.725000381469727,31.8700008392334,31.649999618530273,31.80500030517578,25999600.0
2019-10-18T04:00:00Z,31.729999542236328,31.979999542236328,31.649999618530273,31.90999984741211,29105800.0
2019-10-21T04:00:00Z,31.915000915527344,32.04499816894531,31.815000534057617,32.03499984741211,22924800.0
2019-10-22T04:00:00Z,32.11000061035156,32.314998626708984,32.01499938964844,32.16999816894531,31182600.0
2019-10-23T04:00:00Z,32.244998931884766,32.380001068115234,32.15999984741211,32.29999923706055,25821800.0
2019-10-24T04:00:00Z,32.314998626708984,32.46500015258789,32.26499938964844,32.40999984741211,22922400.0
2019-10-25T04:00:00Z,32.435001373291016,32.47999954223633,31.950000762939453,32.08000183105469,33850200.0
2019-10-28T04:00:00Z,31.915000915527344,32.0,31.600000381469727,31.639999389648438,50137200.0
2019-10-29T04:00:00Z,31.6200008392334,31.739999771118164,31.530000686645508,31.670000076293945,39544800.0
2019-10-30T04:00:00Z,31.69499969482422,32.029998779296875,31.690000534057617,31.950000762939453,39360600.0
2019-10-31T04:00:00Z,31.979999542236328,32.165000915527344,31.875,32.125,34491800.0
2019-11-01T04:00:00Z,32.14500045776367,32.244998931884766,31.989999771118164,32.04499816894531,31381800.0
2019-11-04T05:00:00Z,32.01499938964844,32.03499984741211,31.520000457763672,31.635000228881836,48685600.0
2019-11-05T05:00:00Z,31.479999542236328,31.579999923706055,31.225000381469727,31.309999465942383,43993800.0
2019-11-06T05:00:00Z,31.364999771118164,31.559999465942383,31.315000534057617,31.43000030517578,35543800.0
2019-11-07T05:00:00Z,31.264999389648438,31.424999237060547,30.799999237060547,31.0049991607666,45689400.0
2019-11-08T05:00:00Z,30.90999984741211,31.045000076293945,30.739999771118164,30.875,31943000.0
2019-11-11T05:00:00Z,30.885000228881836,30.920000076293945,30.655000686645508,30.684999465942383,18546400.0
2019-11-12T05:00:00Z,30.690000534057617,30.81999969482422,30.670000076293945,30.760000228881836,25337000.0
2019-11-13T05:00:00Z,30.8700008392334,31.28499984741211,30.829999923706055,31.21500015258789,33593800.0
2019-11-14T05:00:00Z,31.315000534057617,31.485000610351562,31.225000381469727,31.325000762939453,33672000.0
2019-11-15T05:00:00Z,31.34000015258789,31.440000534057617,31.2450008392334,31.424999237060547,19931600.0
2019-11-18T05:00:00Z,31.489999771118164,31.75,31.434999465942383,31.489999771118164,32981600.0
2019-11-19T05:00:00Z,31.399999618530273,31.584999084472656,31.2450008392334,31.40999984741211,36104800.0
2019-11-20T05:00:00Z,31.454999923706055,31.645000457763672,31.3799991607666,31.600000381469727,39359000.0
2019-11-21T05:00:00Z,31.594999313354492,31.625,31.385000228881836,31.489999771118164,28418000.0
2019-11-22T05:00:00Z,31.559999465942383,31.575000762939453,31.274999618530273,31.5,22970400.0
2019-11-25T05:00:00Z,31.530000686645508,31.6200008392334,31.325000762939453,31.395000457763672,40797400.0
2019-11-26T05:00:00Z,31.44499969482422,31.545000076293945,31.375,31.5,32300200.0
2019-11-27T05:00:00Z,31.424999237060547,31.59000015258789,31.399999618530273,31.55500030517578,25056400.0
2019-11-29T05:00:00Z,31.614999771118164,31.735000610351562,31.4950008392334,31.524999618530273,10243000.0
2019-12-02T05:00:00Z,31.375,31.454999923706055,31.2549991607666,31.31999969482422,37401200.0
2019-12-03T05:00:00Z,31.399999618530273,31.46500015258789,31.329999923706055,31.405000686645508,25801800.0
2019-12-04T05:00:00Z,31.395000457763672,31.69499969482422,31.3700008392334,31.645000457763672,39195400.0
2019-12-05T05:00:00Z,31.594999313354492,31.704999923706055,31.514999389648438,31.700000762939453,24899400.0
2019-12-06T05:00:00Z,31.579999923706055,31.790000915527344,31.579999923706055,31.604999542236328,19164400.0
2019-12-09T05:00:00Z,31.674999237060547,31.68000030517578,31.440000534057617,31.4950008392334,23166400.0
2019-12-10T05:00:00Z,31.489999771118164,31.55500030517578,31.40999984741211,31.489999771118164,25197600.0
2019-12-11T05:00:00Z,31.530000686645508,31.6299991607666,31.415000915527344,31.575000762939453,23980200.0
2019-12-12T05:00:00Z,31.53499984741211,31.65999984741211,31.30500030517578,31.440000534057617,48234200.0
2019-12-13T05:00:00Z,31.454999923706055,31.739999771118164,31.334999084472656,31.684999465942383,38669200.0
2019-12-16T05:00:00Z,31.684999465942383,32.099998474121094,31.684999465942383,32.08000183105469,41547800.0
2019-12-17T05:00:00Z,32.099998474121094,32.3849983215332,32.06999969482422,32.185001373291016,33694600.0
2019-12-18T05:00:00Z,32.209999084472656,32.36000061035156,32.040000915527344,32.314998626708984,25615800.0
2019-12-19T05:00:00Z,32.314998626708984,32.369998931884766,32.125,32.32500076293945,33803200.0
2019-12-20T05:00:00Z,32.064998626708984,32.470001220703125,32.064998626708984,32.29499816894531,45942200.0
2019-12-23T05:00:00Z,32.349998474121094,32.3650016784668,31.90999984741211,31.9950008392334,32956000.0
2019-12-24T05:00:00Z,32.029998779296875,32.05500030517578,31.8700008392334,32.040000915527344,9025600.0
2019-12-26T05:00:00Z,32.06999969482422,32.125,31.959999084472656,32.095001220703125,13317000.0
2019-12-27T05:00:00Z,32.095001220703125,32.189998626708984,32.03499984741211,32.189998626708984,20603400.0
2019-12-30T05:00:00Z,32.05500030517578,32.189998626708984,32.01499938964844,32.185001373291016,23868600.0
2019-12-31T05:00:00Z,32.18000030517578,32.349998474121094,32.13999938964844,32.310001373291016,21616800.0
2020-01-02T05:00:00Z,32.3650016784668,32.375,31.78499984741211,31.905000686645508,38215400.0
2020-01-03T05:00:00Z,31.93000030517578,32.084999084472656,31.854999542236328,31.969999313354492,35978600.0
2020-01-06T05:00:00Z,31.93000030517578,32.095001220703125,31.8799991607666,32.0,20889000.0
2020-01-07T05:00:00Z,31.920000076293945,31.969999313354492,31.774999618530273,31.954999923706055,26140600.0
2020-01-08T05:00:00Z,31.969999313354492,32.08000183105469,31.889999389648438,31.940000534057617,25482800.0
2020-01-09T05:00:00Z,31.899999618530273,32.150001525878906,31.895000457763672,32.1150016784668,23286200.0
2020-01-10T05:00:00Z,32.15999984741211,32.314998626708984,32.14500045776367,32.20000076293945,21165800.0
2020-01-13T05:00:00Z,32.189998626708984,32.4900016784668,32.189998626708984,32.39500045776367,25342200.0
2020-01-14T05:00:00Z,32.39500045776367,32.5,32.25,32.4900016784668,22990000.0
2020-01-15T05:00:00Z,32.560001373291016,33.0,32.55500030517578,32.94499969482422,31771800.0
2020-01-16T05:00:00Z,32.970001220703125,33.185001373291016,32.959999084472656,33.150001525878906,21797600.0
2020-01-17T05:00:00Z,33.13999938964844,33.42499923706055,33.04999923706055,33.380001068115234,26517600.0
2020-01-21T05:00:00Z,33.45500183105469,33.70000076293945,33.31999969482422,33.685001373291016,47753000.0
2020-01-22T05:00:00Z,33.75,33.8849983215332,33.70000076293945,33.790000915527344,21683200.0
2020-01-23T05:00:00Z,33.78499984741211,34.099998474121094,33.75,34.09000015258789,25938600.0
2020-01-24T05:00:00Z,34.0,34.30500030517578,33.94499969482422,34.18000030517578,28803000.0
2020-01-27T05:00:00Z,34.15999984741211,34.400001525878906,34.0,34.095001220703125,22544400.0
2020-01-28T05:00:00Z,34.130001068115234,34.380001068115234,34.04499816894531,34.23500061035156,35056800.0
2020-01-29T05:00:00Z,34.255001068115234,34.375,34.119998931884766,34.32500076293945,21599600.0
2020-01-30T05:00:00Z,34.30500030517578,34.665000915527344,34.220001220703125,34.64500045776367,28808600.0
2020-01-31T05:00:00Z,34.58000183105469,34.720001220703125,34.310001373291016,34.4900016784668,40949000.0
2020-02-03T05:00:00Z,34.54499816894531,34.63999938964844,34.46500015258789,34.599998474121094,27095800.0
2020-02-04T05:00:00Z,34.58000183105469,34.685001373291016,34.220001220703125,34.255001068115234,41384200.0
2020-02-05T05:00:00Z,34.18000030517578,34.47999954223633,34.10499954223633,34.39500045776367,32610200.0
2020-02-06T05:00:00Z,34.43000030517578,34.599998474121094,34.31999969482422,34.404998779296875,29908200.0
2020-02-07T05:00:00Z,34.48500061035156,34.53499984741211,34.28499984741211,34.29499816894531,21392800.0
2020-02-10T05:00:00Z,34.349998474121094,34.42499923706055,34.224998474121094,34.42499923706055,16279600.0
2020-02-11T05:00:00Z,34.48500061035156,34.665000915527344,34.46500015258789,34.54999923706055,20539400.0
2020-02-12T05:00:00Z,34.494998931884766,34.68000030517578,34.3849983215332,34.57500076293945,16094800.0
2020-02-13T05:00:00Z,34.60499954223633,34.97999954223633,34.54999923706055,34.959999084472656,27175200.0
2020-02-14T05:00:00Z,35.025001525878906,35.224998474121094,34.974998474121094,35.19499969482422,21108200.0
2020-02-18T05:00:00Z,35.33000183105469,35.54999923706055,35.22999954223633,35.4900016784668,30069600.0
2020-02-19T05:00:00Z,35.349998474121094,35.400001525878906,35.10499954223633,35.10499954223633,22391000.0
2020-02-20T05:00:00Z,35.1150016784668,35.25,34.94499969482422,35.22999954223633,28810200.0
2020-02-21T05:00:00Z,35.165000915527344,35.39500045776367,35.130001068115234,35.165000915527344,23457200.0
2020-02-24T05:00:00Z,35.01499938964844,35.209999084472656,34.7400016784668,34.755001068115234,40884200.0
2020-02-25T05:00:00Z,34.790000915527344,34.849998474121094,33.96500015258789,34.025001525878906,56276600.0
2020-02-26T05:00:00Z,34.025001525878906,34.33000183105469,33.67499923706055,33.68000030517578,52384600.0
2020-02-27T05:00:00Z,33.54499816894531,33.72999954223633,32.154998779296875,32.165000915527344,87206200.0
2020-02-28T05:00:00Z,31.43000030517578,31.46500015258789,30.350000381469727,31.09000015258789,180526200.0
2020-03-02T05:00:00Z,31.25,32.96500015258789,31.174999237060547,32.91999816894531,84351600.0
2020-03-03T05:00:00Z,32.939998626708984,33.619998931884766,32.3849983215332,32.51499938964844,126558000.0
2020-03-04T05:00:00Z,32.94499969482422,34.404998779296875,32.92499923706055,34.36000061035156,62856400.0
2020-03-05T05:00:00Z,33.79499816894531,34.290000915527344,33.43000030517578,33.83000183105469,67070200.0
2020-03-06T05:00:00Z,32.935001373291016,33.689998626708984,32.30500030517578,33.55500030517578,70997800.0
2020-03-09T04:00:00Z,31.774999618530273,32.625,31.229999542236328,31.729999542236328,74339400.0
2020-03-10T04:00:00Z,32.25,32.619998931884766,30.594999313354492,32.025001525878906,81616800.0
2020-03-11T04:00:00Z,31.309999465942383,31.329999923706055,29.985000610351562,30.415000915527344,64307800.0
2020-03-12T04:00:00Z,28.75,29.270000457763672,27.0049991607666,27.344999313354492,77766400.0
2020-03-13T04:00:00Z,28.885000228881836,28.885000228881836,26.825000762939453,28.834999084472656,54277200.0
2020-03-16T04:00:00Z,26.229999542236328,28.2549991607666,25.459999084472656,25.559999465942383,56293400.0
2020-03-17T04:00:00Z,26.30500030517578,29.075000762939453,26.020000457763672,28.829999923706055,77946000.0
2020-03-18T04:00:00Z,27.104999542236328,28.0049991607666,26.114999771118164,27.575000762939453,85692800.0
2020-03-19T04:00:00Z,27.31999969482422,27.440000534057617,25.889999389648438,25.969999313354492,65459000.0
2020-03-20T04:00:00Z,26.209999084472656,26.209999084472656,23.739999771118164,23.90999984741211,56358400.0
2020-03-23T04:00:00Z,23.594999313354492,23.594999313354492,21.719999313354492,22.46500015258789,64018000.0
2020-03-24T04:00:00Z,23.325000762939453,24.985000610351562,23.165000915527344,24.8799991607666,54902800.0
2020-03-25T04:00:00Z,24.915000915527344,26.584999084472656,24.165000915527344,25.514999389648438,61255000.0
2020-03-26T04:00:00Z,25.790000915527344,27.989999771118164,25.530000686645508,27.690000534057617,61794400.0
2020-03-27T04:00:00Z,26.854999542236328,28.844999313354492,26.719999313354492,27.84000015258789,50186200.0
2020-03-30T04:00:00Z,28.079999923706055,29.045000076293945,27.959999084472656,28.8700008392334,59519000.0
2020-03-31T04:00:00Z,28.645000457763672,28.645000457763672,27.614999771118164,27.704999923706055,67456400.0
2020-04-01T04:00:00Z,26.610000610351562,26.975000381469727,25.540000915527344,26.040000915527344,53420600.0
2020-04-02T04:00:00Z,25.760000228881836,27.040000915527344,25.614999771118164,26.854999542236328,53121600.0
2020-04-03T04:00:00Z,26.559999465942383,26.889999389648438,25.69499969482422,25.895000457763672,31872000.0
2020-04-06T04:00:00Z,26.844999313354492,28.174999237060547,26.844999313354492,27.895000457763672,41379600.0
2020-04-07T04:00:00Z,28.645000457763672,28.690000534057617,27.510000228881836,27.545000076293945,49163200.0
2020-04-08T04:00:00Z,27.709999084472656,29.28499984741211,27.479999542236328,29.045000076293945,64925600.0
2020-04-09T04:00:00Z,29.485000610351562,30.889999389648438,29.375,30.415000915527344,87722800.0
2020-04-13T04:00:00Z,30.260000228881836,30.260000228881836,29.155000686645508,29.450000762939453,27830400.0
2020-04-14T04:00:00Z,30.084999084472656,30.360000610351562,29.795000076293945,30.315000534057617,34175600.0
2020-04-15T04:00:00Z,29.479999542236328,29.84000015258789,29.149999618530273,29.315000534057617,25671600.0
2020-04-16T04:00:00Z,29.440000534057617,29.565000534057617,29.030000686645508,29.31999969482422,20800000.0
2020-04-17T04:00:00Z,29.94499969482422,30.424999237060547,29.540000915527344,30.264999389648438,21555000.0
2020-04-20T04:00:00Z,30.075000762939453,30.075000762939453,29.075000762939453,29.1200008392334,28761000.0
2020-04-21T04:00:00Z,28.594999313354492,28.985000610351562,28.31999969482422,28.639999389648438,40783200.0
2020-04-22T04:00:00Z,29.18000030517578,29.71500015258789,28.985000610351562,29.475000381469727,31190800.0
2020-04-23T04:00:00Z,29.565000534057617,29.645000457763672,28.815000534057617,28.979999542236328,24830400.0
2020-04-24T04:00:00Z,29.030000686645508,29.28499984741211,28.655000686645508,29.15999984741211,23973800.0
2020-04-27T04:00:00Z,29.329999923706055,29.68000030517578,29.299999237060547,29.46500015258789,25481000.0
2020-04-28T04:00:00Z,29.8799991607666,30.200000762939453,29.440000534057617,29.575000762939453,28643400.0
2020-04-29T04:00:00Z,30.05500030517578,30.06999969482422,29.184999465942383,29.30500030517578,23575600.0
2020-04-30T04:00:00Z,29.094999313354492,29.139999389648438,28.364999771118164,28.6299991607666,38733800.0
2020-05-01T04:00:00Z,28.295000076293945,28.315000534057617,27.780000686645508,27.940000534057617,26918600.0
2020-05-04T04:00:00Z,27.795000076293945,28.219999313354492,27.625,28.149999618530273,24027600.0
2020-05-05T04:00:00Z,28.25,28.719999313354492,28.21500015258789,28.3799991607666,23653600.0
2020-05-06T04:00:00Z,28.479999542236328,28.5,27.375,27.415000915527344,48150400.0
2020-05-07T04:00:00Z,27.729999542236328,27.975000381469727,27.479999542236328,27.524999618530273,42266200.0
2020-05-08T04:00:00Z,27.860000610351562,28.190000534057617,27.729999542236328,28.079999923706055,26553200.0
2020-05-11T04:00:00Z,27.860000610351562,28.065000534057617,27.46500015258789,27.959999084472656,31326400.0
2020-05-12T04:00:00Z,28.030000686645508,28.155000686645508,27.65999984741211,27.71500015258789,43734400.0
2020-05-13T04:00:00Z,27.65999984741211,27.65999984741211,27.165000915527344,27.479999542236328,39645000.0
2020-05-14T04:00:00Z,27.204999923706055,27.854999542236328,26.829999923706055,27.774999618530273,46233200.0
2020-05-15T04:00:00Z,27.579999923706055,27.59000015258789,26.985000610351562,27.405000686645508,69347600.0
2020-05-18T04:00:00Z,28.049999237060547,28.709999084472656,28.049999237060547,28.530000686645508,45994600.0
2020-05-19T04:00:00Z,28.40999984741211,28.489999771118164,28.05500030517578,28.059999465942383,32655800.0
2020-05-20T04:00:00Z,28.350000381469727,28.530000686645508,28.104999542236328,28.21500015258789,23583200.0
2020-05-21T04:00:00Z,28.139999389648438,28.34000015258789,27.875,27.93000030517578,33868200.0
2020-05-22T04:00:00Z,27.93000030517578,28.264999389648438,27.84000015258789,28.239999771118164,23838000.0
2020-05-26T04:00:00Z,28.75,28.975000381469727,28.395000457763672,28.424999237060547,35071800.0
2020-05-27T04:00:00Z,28.924999237060547,28.975000381469727,28.3700008392334,28.764999389648438,32984600.0
2020-05-28T04:00:00Z,29.135000228881836,29.739999771118164,29.110000610351562,29.614999771118164,42582000.0
2020-05-29T04:00:00Z,29.545000076293945,30.0,29.3700008392334,29.844999313354492,29511800.0
2020-06-01T04:00:00Z,29.834999084472656,30.385000228881836,29.665000915527344,30.200000762939453,29112800.0
2020-06-02T04:00:00Z,30.315000534057617,30.415000915527344,29.989999771118164,30.395000457763672,27998600.0
2020-06-03T04:00:00Z,30.559999465942383,30.975000381469727,30.53499984741211,30.760000228881836,25682800.0
2020-06-04T04:00:00Z,30.594999313354492,30.65999984741211,29.81999969482422,30.209999084472656,43679200.0
2020-06-05T04:00:00Z,30.485000610351562,31.18000030517578,30.454999923706055,30.594999313354492,44260000.0
2020-06-08T04:00:00Z,30.649999618530273,31.514999389648438,30.43000030517578,31.415000915527344,31919000.0
2020-06-09T04:00:00Z,31.1299991607666,31.145000457763672,30.44499969482422,30.78499984741211,37283600.0
2020-06-10T04:00:00Z,30.78499984741211,30.989999771118164,30.5049991607666,30.604999542236328,25052000.0
2020-06-11T04:00:00Z,30.079999923706055,30.165000915527344,29.19499969482422,29.40999984741211,69420400.0
2020-06-12T04:00:00Z,29.969999313354492,30.0049991607666,28.975000381469727,29.334999084472656,46404800.0
2020-06-15T04:00:00Z,28.815000534057617,29.75,28.565000534057617,29.53499984741211,33434000.0
2020-06-16T04:00:00Z,30.25,30.415000915527344,29.510000228881836,29.670000076293945,34226600.0
2020-06-17T04:00:00Z,29.795000076293945,29.799999237060547,29.295000076293945,29.579999923706055,24374400.0
2020-06-18T04:00:00Z,29.395000457763672,29.655000686645508,29.239999771118164,29.575000762939453,26507600.0
2020-06-19T04:00:00Z,29.809999465942383,29.934999465942383,28.700000762939453,28.7450008392334,58531600.0
2020-06-22T04:00:00Z,28.489999771118164,28.96500015258789,28.225000381469727,28.78499984741211,25906400.0
2020-06-23T04:00:00Z,29.079999923706055,29.114999771118164,28.415000915527344,28.4950008392334,25244400.0
2020-06-24T04:00:00Z,28.280000686645508,28.40999984741211,27.895000457763672,28.235000610351562,28538400.0
2020-06-25T04:00:00Z,28.174999237060547,28.190000534057617,27.559999465942383,27.885000228881836,43502400.0
2020-06-26T04:00:00Z,27.844999313354492,28.15999984741211,27.405000686645508,27.59000015258789,57463400.0
2020-06-29T04:00:00Z,27.809999465942383,28.125,27.514999389648438,28.110000610351562,29730600.0
2020-06-30T04:00:00Z,28.114999771118164,28.3700008392334,27.950000762939453,28.21500015258789,33743800.0
2020-07-01T04:00:00Z,28.239999771118164,29.0,28.190000534057617,28.875,39777400.0
2020-07-02T04:00:00Z,29.079999923706055,29.260000228881836,28.875,28.950000762939453,24295200.0
2020-07-06T04:00:00Z,29.05500030517578,29.2450008392334,28.360000610351562,28.594999313354492,30775400.0
2020-07-07T04:00:00Z,28.280000686645508,28.584999084472656,28.145000457763672,28.479999542236328,22681000.0
2020-07-08T04:00:00Z,28.434999465942383,28.829999923706055,28.3799991607666,28.735000610351562,24359400.0
2020-07-09T04:00:00Z,28.594999313354492,28.610000610351562,27.954999923706055,28.350000381469727,35750400.0
2020-07-10T04:00:00Z,28.350000381469727,28.96500015258789,28.34000015258789,28.885000228881836,27166400.0
2020-07-13T04:00:00Z,28.885000228881836,29.200000762939453,28.780000686645508,28.915000915527344,35531600.0
2020-07-14T04:00:00Z,28.920000076293945,29.354999542236328,28.885000228881836,29.184999465942383,67894200.0
2020-07-15T04:00:00Z,29.459999084472656,29.674999237060547,29.014999389648438,29.06999969482422,26940400.0
2020-07-16T04:00:00Z,29.094999313354492,29.520000457763672,29.020000457763672,29.440000534057617,30126400.0
2020-07-17T04:00:00Z,29.600000381469727,30.184999465942383,29.575000762939453,30.104999542236328,45901600.0
2020-07-20T04:00:00Z,30.0,30.084999084472656,29.65999984741211,29.709999084472656,24255200.0
2020-07-21T04:00:00Z,29.78499984741211,30.190000534057617,29.690000534057617,29.844999313354492,30216000.0
2020-07-22T04:00:00Z,29.709999084472656,30.415000915527344,29.420000076293945,30.30500030517578,29694200.0
2020-07-23T04:00:00Z,30.295000076293945,30.55500030517578,30.15999984741211,30.34000015258789,38277400.0
2020-07-24T04:00:00Z,30.399999618530273,30.709999084472656,29.969999313354492,30.139999389648438,35397000.0
2020-07-27T04:00:00Z,30.149999618530273,30.170000076293945,29.559999465942383,29.774999618530273,22638600.0
2020-07-28T04:00:00Z,29.700000762939453,30.479999542236328,29.674999237060547,30.225000381469727,37792000.0
2020-07-29T04:00:00Z,30.280000686645508,30.44499969482422,30.139999389648438,30.364999771118164,18205600.0
2020-07-30T04:00:00Z,30.145000457763672,30.3700008392334,29.9950008392334,30.364999771118164,25475800.0
2020-07-31T04:00:00Z,30.28499984741211,30.4950008392334,29.989999771118164,30.415000915527344,24228000.0
2020-08-03T04:00:00Z,30.395000457763672,30.399999618530273,29.924999237060547,30.084999084472656,19303800.0
2020-08-04T04:00:00Z,30.065000534057617,30.549999237060547,29.989999771118164,30.415000915527344,41663600.0
2020-08-05T04:00:00Z,30.479999542236328,30.5,29.905000686645508,30.024999618530273,23658600.0
2020-08-06T04:00:00Z,29.9950008392334,30.25,29.84000015258789,30.200000762939453,27576000.0
2020-08-07T04:00:00Z,30.079999923706055,30.864999771118164,30.075000762939453,30.7450008392334,30942200.0
2020-08-10T04:00:00Z,30.844999313354492,30.975000381469727,30.635000228881836,30.735000610351562,21208600.0
2020-08-11T04:00:00Z,30.770000457763672,30.829999923706055,29.989999771118164,30.06999969482422,50996000.0
2020-08-12T04:00:00Z,30.15999984741211,30.709999084472656,30.149999618530273,30.5049991607666,34570600.0
2020-08-13T04:00:00Z,30.3799991607666,30.520000457763672,30.219999313354492,30.454999923706055,31627200.0
2020-08-14T04:00:00Z,30.389999389648438,30.43000030517578,30.110000610351562,30.190000534057617,17336600.0
2020-08-17T04:00:00Z,30.21500015258789,30.415000915527344,30.03499984741211,30.149999618530273,19020400.0
2020-08-18T04:00:00Z,30.1299991607666,30.25,29.860000610351562,30.014999389648438,24294600.0
2020-08-19T04:00:00Z,30.09000015258789,30.104999542236328,29.864999771118164,29.924999237060547,18042800.0
2020-08-20T04:00:00Z,29.80500030517578,29.954999923706055,29.579999923706055,29.65999984741211,25932000.0
2020-08-21T04:00:00Z,29.684999465942383,29.764999389648438,29.40999984741211,29.709999084472656,18933400.0
2020-08-24T04:00:00Z,29.795000076293945,29.979999542236328,29.520000457763672,29.969999313354492,14985800.0
2020-08-25T04:00:00Z,30.024999618530273,30.030000686645508,29.584999084472656,29.684999465942383,23573200.0
2020-08-26T04:00:00Z,29.579999923706055,29.600000381469727,29.2450008392334,29.354999542236328,23329800.0
2020-08-27T04:00:00Z,29.440000534057617,29.65999984741211,29.270000457763672,29.450000762939453,38907200.0
2020-08-28T04:00:00Z,29.510000228881836,29.565000534057617,29.229999542236328,29.53499984741211,16995800.0
2020-08-31T04:00:00Z,29.489999771118164,29.80500030517578,29.485000610351562,29.625,19975600.0
2020-09-01T04:00:00Z,29.530000686645508,29.549999237060547,29.170000076293945,29.28499984741211,26620400.0
2020-09-02T04:00:00Z,29.350000381469727,30.329999923706055,29.229999542236328,30.19499969482422,37298400.0
2020-09-03T04:00:00Z,30.204999923706055,30.520000457763672,29.575000762939453,29.854999542236328,38871400.0
2020-09-04T04:00:00Z,29.915000915527344,30.084999084472656,29.299999237060547,29.684999465942383,35792200.0
2020-09-08T04:00:00Z,29.71500015258789,29.75,29.239999771118164,29.520000457763672,28990800.0
2020-09-09T04:00:00Z,29.739999771118164,30.295000076293945,29.709999084472656,29.90999984741211,30869400.0
2020-09-10T04:00:00Z,29.795000076293945,29.829999923706055,29.360000610351562,29.395000457763672,36280400.0
2020-09-11T04:00:00Z,29.459999084472656,29.559999465942383,29.235000610351562,29.46500015258789,25332600.0
2020-09-14T04:00:00Z,29.610000610351562,30.024999618530273,29.579999923706055,29.8700008392334,20927200.0
2020-09-15T04:00:00Z,30.174999237060547,30.514999389648438,29.90999984741211,30.06999969482422,23342600.0
2020-09-16T04:00:00Z,29.96500015258789,30.239999771118164,29.834999084472656,30.030000686645508,23082200.0
2020-09-17T04:00:00Z,29.84000015258789,29.950000762939453,29.549999237060547,29.78499984741211,22775400.0
2020-09-18T04:00:00Z,29.780000686645508,29.799999237060547,29.19499969482422,29.260000228881836,31969600.0
2020-09-21T04:00:00Z,28.799999237060547,28.96500015258789,28.454999923706055,28.829999923706055,30371200.0
2020-09-22T04:00:00Z,28.844999313354492,29.204999923706055,28.825000762939453,29.010000228881836,21247400.0
2020-09-23T04:00:00Z,29.045000076293945,29.094999313354492,28.540000915527344,28.565000534057617,21576400.0
2020-09-24T04:00:00Z,28.53499984741211,29.09000015258789,28.360000610351562,28.885000228881836,31328200.0
2020-09-25T04:00:00Z,28.760000228881836,29.389999389648438,28.655000686645508,29.360000610351562,22576000.0
2020-09-28T04:00:00Z,29.489999771118164,29.729999542236328,29.385000228881836,29.434999465942383,20359600.0
2020-09-29T04:00:00Z,29.524999618530273,29.725000381469727,29.290000915527344,29.424999237060547,18435800.0
2020-09-30T04:00:00Z,29.610000610351562,29.834999084472656,29.440000534057617,29.690000534057617,24208200.0
2020-10-01T04:00:00Z,29.764999389648438,30.065000534057617,29.704999923706055,29.989999771118164,26142000.0
2020-10-02T04:00:00Z,29.75,30.5,29.684999465942383,30.344999313354492,33890000.0
2020-10-05T04:00:00Z,30.424999237060547,30.809999465942383,30.219999313354492,30.725000381469727,22076800.0
2020-10-06T04:00:00Z,30.7450008392334,31.334999084472656,30.610000610351562,30.985000610351562,32776800.0
2020-10-07T04:00:00Z,31.145000457763672,31.30500030517578,30.94499969482422,31.174999237060547,24403600.0
2020-10-08T04:00:00Z,31.309999465942383,31.795000076293945,31.290000915527344,31.7450008392334,27235600.0
2020-10-09T04:00:00Z,31.920000076293945,31.934999465942383,31.524999618530273,31.739999771118164,17091200.0
2020-10-12T04:00:00Z,31.760000228881836,32.154998779296875,31.68000030517578,31.940000534057617,14970200.0
2020-10-13T04:00:00Z,31.719999313354492,31.80500030517578,31.364999771118164,31.719999313354492,20210400.0
2020-10-14T04:00:00Z,31.760000228881836,31.895000457763672,31.514999389648438,31.68000030517578,22338800.0
2020-10-15T04:00:00Z,31.3799991607666,31.834999084472656,31.299999237060547,31.65999984741211,19124000.0
2020-10-16T04:00:00Z,31.700000762939453,32.119998931884766,31.665000915527344,32.0,16081000.0
2020-10-19T04:00:00Z,31.985000610351562,32.154998779296875,31.639999389648438,31.729999542236328,26603000.0
2020-10-20T04:00:00Z,31.860000610351562,32.095001220703125,31.739999771118164,31.920000076293945,24979400.0
2020-10-21T04:00:00Z,31.850000381469727,32.04499816894531,31.7450008392334,31.834999084472656,14200000.0
2020-10-22T04:00:00Z,31.8799991607666,32.34000015258789,31.790000915527344,32.28499984741211,15212000.0
2020-10-23T04:00:00Z,32.44499969482422,32.5,32.19499969482422,32.375,14485000.0
2020-10-26T04:00:00Z,32.125,32.42499923706055,31.915000915527344,32.3650016784668,20763200.0
2020-10-27T04:00:00Z,32.42499923706055,32.66999816894531,32.185001373291016,32.34000015258789,19601800.0
2020-10-28T04:00:00Z,31.889999389648438,32.29999923706055,31.334999084472656,31.399999618530273,34026600.0
2020-10-29T04:00:00Z,31.28499984741211,31.8700008392334,30.8799991607666,31.485000610351562,29847800.0
2020-10-30T04:00:00Z,31.309999465942383,31.5049991607666,30.889999389648438,31.190000534057617,34824600.0
2020-11-02T05:00:00Z,31.614999771118164,31.920000076293945,31.299999237060547,31.875,29911800.0
2020-11-03T05:00:00Z,32.275001525878906,32.685001373291016,32.14500045776367,32.334999084472656,30157400.0
2020-11-04T05:00:00Z,32.14500045776367,32.64500045776367,31.815000534057617,31.850000381469727,36662200.0
2020-11-05T05:00:00Z,32.185001373291016,32.720001220703125,32.11000061035156,32.1349983215332,31525200.0
2020-11-06T05:00:00Z,32.154998779296875,32.439998626708984,31.979999542236328,32.064998626708984,18955400.0
2020-11-09T05:00:00Z,32.994998931884766,33.96500015258789,32.630001068115234,32.65999984741211,46072200.0
2020-11-10T05:00:00Z,32.834999084472656,33.224998474121094,32.70000076293945,33.130001068115234,31172000.0
2020-11-11T05:00:00Z,33.29999923706055,33.54999923706055,33.125,33.255001068115234,19459000.0
2020-11-12T05:00:00Z,33.060001373291016,33.1349983215332,32.46500015258789,32.720001220703125,53020200.0
2020-11-13T05:00:00Z,32.880001068115234,33.1349983215332,32.81999969482422,33.04499816894531,26324800.0
2020-11-16T05:00:00Z,33.45500183105469,33.474998474121094,32.98500061035156,33.380001068115234,27375000.0
2020-11-17T05:00:00Z,33.165000915527344,33.32500076293945,32.67499923706055,32.724998474121094,16811200.0
2020-11-18T05:00:00Z,32.89500045776367,32.935001373291016,32.07500076293945,32.084999084472656,25581400.0
2020-11-19T05:00:00Z,32.04999923706055,32.07500076293945,31.540000915527344,31.764999389648438,26996200.0
2020-11-20T05:00:00Z,31.709999084472656,31.989999771118164,31.610000610351562,31.770000457763672,18632200.0
2020-11-23T05:00:00Z,31.895000457763672,31.954999923706055,31.6299991607666,31.774999618530273,16930600.0
2020-11-24T05:00:00Z,32.029998779296875,32.19499969482422,31.8700008392334,32.1150016784668,21807000.0
2020-11-25T05:00:00Z,32.07500076293945,32.209999084472656,31.795000076293945,32.20000076293945,22985200.0
2020-11-27T05:00:00Z,32.189998626708984,32.220001220703125,31.75,31.8799991607666,12073200.0
2020-11-30T05:00:00Z,31.790000915527344,31.809999465942383,31.295000076293945,31.420000076293945,26889400.0
2020-12-01T05:00:00Z,31.655000686645508,32.084999084472656,31.6200008392334,31.639999389648438,30174800.0
2020-12-02T05:00:00Z,31.489999771118164,31.864999771118164,31.290000915527344,31.850000381469727,24397600.0
2020-12-03T05:00:00Z,31.799999237060547,31.829999923706055,31.434999465942383,31.520000457763672,18753600.0
2020-12-04T05:00:00Z,31.549999237060547,31.625,31.030000686645508,31.204999923706055,21005000.0
2020-12-07T05:00:00Z,31.100000381469727,31.53499984741211,31.094999313354492,31.3799991607666,17391400.0
2020-12-08T05:00:00Z,31.174999237060547,31.489999771118164,31.045000076293945,31.28499984741211,21005400.0
2020-12-09T05:00:00Z,31.309999465942383,31.360000610351562,31.020000457763672,31.229999542236328,22969800.0
2020-12-10T05:00:00Z,31.21500015258789,31.315000534057617,30.924999237060547,31.06999969482422,21602800.0
2020-12-11T05:00:00Z,30.940000534057617,31.15999984741211,30.90999984741211,31.1200008392334,13351400.0
2020-12-14T05:00:00Z,31.34000015258789,31.600000381469727,30.93000030517578,30.959999084472656,27208800.0
2020-12-15T05:00:00Z,31.104999542236328,31.649999618530273,30.950000762939453,31.56999969482422,22357200.0
2020-12-16T05:00:00Z,31.6299991607666,31.790000915527344,31.165000915527344,31.204999923706055,24312800.0
2020-12-17T05:00:00Z,31.315000534057617,31.645000457763672,31.309999465942383,31.415000915527344,25389800.0
2020-12-18T05:00:00Z,31.420000076293945,31.53499984741211,30.9950008392334,31.145000457763672,20877400.0
2020-12-21T05:00:00Z,30.639999389648438,30.639999389648438,30.15999984741211,30.510000228881836,27915400.0
2020-12-22T05:00:00Z,30.5,30.579999923706055,30.360000610351562,30.450000762939453,24177000.0
2020-12-23T05:00:00Z,30.594999313354492,30.834999084472656,30.385000228881836,30.389999389648438,11543400.0
2020-12-24T05:00:00Z,30.454999923706055,30.6200008392334,30.290000915527344,30.604999542236328,7272400.0
2020-12-28T05:00:00Z,30.764999389648438,30.940000534057617,30.625,30.739999771118164,11739000.0
2020-12-29T05:00:00Z,30.815000534057617,30.959999084472656,30.649999618530273,30.735000610351562,15165000.0
2020-12-30T05:00:00Z,30.7549991607666,30.989999771118164,30.704999923706055,30.889999389648438,11847200.0
2020-12-31T05:00:00Z,30.895000457763672,31.395000457763672,30.815000534057617,31.350000381469727,18184000.0
2021-01-04T05:00:00Z,31.405000686645508,31.405000686645508,30.385000228881836,30.559999465942383,25260600.0
2021-01-05T05:00:00Z,30.625,30.71500015258789,30.30500030517578,30.55500030517578,16666600.0
2021-01-06T05:00:00Z,30.729999542236328,31.520000457763672,30.65999984741211,31.315000534057617,35961800.0
2021-01-07T05:00:00Z,31.485000610351562,31.545000076293945,30.875,30.905000686645508,24758800.0
2021-01-08T05:00:00Z,30.94499969482422,31.229999542236328,30.889999389648438,31.165000915527344,26930600.0
2021-01-11T05:00:00Z,31.049999237060547,31.174999237060547,30.645000457763672,30.875,16657200.0
2021-01-12T05:00:00Z,30.825000762939453,30.93000030517578,30.34000015258789,30.709999084472656,24619000.0
2021-01-13T05:00:00Z,30.80500030517578,31.40999984741211,30.75,31.309999465942383,26687400.0
2021-01-14T05:00:00Z,31.31999969482422,31.344999313354492,31.010000228881836,31.190000534057617,26067000.0
2021-01-15T05:00:00Z,31.125,31.59000015258789,31.010000228881836,31.4950008392334,27564800.0
2021-01-19T05:00:00Z,31.665000915527344,31.69499969482422,31.329999923706055,31.375,18993200.0
2021-01-20T05:00:00Z,31.364999771118164,31.700000762939453,31.18000030517578,31.559999465942383,44796200.0
2021-01-21T05:00:00Z,31.485000610351562,31.549999237060547,31.31999969482422,31.375,13975600.0
2021-01-22T05:00:00Z,31.28499984741211,31.524999618530273,31.165000915527344,31.420000076293945,18760000.0
2021-01-25T05:00:00Z,31.309999465942383,32.095001220703125,31.274999618530273,32.04999923706055,37848600.0
2021-01-26T05:00:00Z,32.005001068115234,32.040000915527344,31.600000381469727,31.729999542236328,19473600.0
2021-01-27T05:00:00Z,31.475000381469727,31.709999084472656,30.735000610351562,30.875,39287400.0
2021-01-28T05:00:00Z,30.979999542236328,31.719999313354492,30.899999618530273,31.2450008392334,25465800.0
2021-01-29T05:00:00Z,31.084999084472656,31.389999389648438,30.8799991607666,31.075000762939453,27760600.0
2021-02-01T05:00:00Z,31.274999618530273,31.5049991607666,30.96500015258789,31.225000381469727,16109400.0
2021-02-02T05:00:00Z,31.329999923706055,31.96500015258789,31.200000762939453,31.479999542236328,28698600.0
2021-02-03T05:00:00Z,31.44499969482422,31.59000015258789,31.309999465942383,31.3799991607666,16266800.0
2021-02-04T05:00:00Z,31.364999771118164,31.670000076293945,31.274999618530273,31.625,22702200.0
2021-02-05T05:00:00Z,31.764999389648438,31.969999313354492,31.635000228881836,31.795000076293945,11920000.0
2021-02-08T05:00:00Z,31.864999771118164,31.875,31.43000030517578,31.549999237060547,21531400.0
2021-02-09T05:00:00Z,31.604999542236328,31.709999084472656,31.334999084472656,31.594999313354492,12386800.0
2021-02-10T05:00:00Z,31.780000686645508,31.850000381469727,31.5049991607666,31.719999313354492,19621200.0
2021-02-11T05:00:00Z,31.704999923706055,31.809999465942383,31.489999771118164,31.540000915527344,17422600.0
2021-02-12T05:00:00Z,31.44499969482422,31.59000015258789,31.145000457763672,31.309999465942383,20216000.0
2021-02-16T05:00:00Z,31.274999618530273,31.315000534057617,30.915000915527344,30.959999084472656,31723200.0
2021-02-17T05:00:00Z,30.9950008392334,31.040000915527344,30.774999618530273,30.985000610351562,20358200.0
2021-02-18T05:00:00Z,30.934999465942383,31.30500030517578,30.934999465942383,31.170000076293945,15419600.0
2021-02-19T05:00:00Z,31.174999237060547,31.190000534057617,30.68000030517578,30.704999923706055,17935400.0
2021-02-22T05:00:00Z,30.6200008392334,30.655000686645508,29.81999969482422,30.104999542236328,35602800.0
2021-02-23T05:00:00Z,30.225000381469727,30.459999084472656,30.06999969482422,30.354999542236328,26213200.0
2021-02-24T05:00:00Z,30.280000686645508,30.334999084472656,29.969999313354492,30.0,23673600.0
2021-02-25T05:00:00Z,29.940000534057617,30.084999084472656,29.584999084472656,29.729999542236328,31360400.0
2021-02-26T05:00:00Z,29.829999923706055,30.014999389648438,29.170000076293945,29.18000030517578,38014800.0
2021-03-01T05:00:00Z,29.549999237060547,30.15999984741211,29.545000076293945,29.825000762939453,31427400.0
2021-03-02T05:00:00Z,29.8700008392334,29.950000762939453,29.56999969482422,29.735000610351562,29306200.0
2021-03-03T05:00:00Z,29.690000534057617,29.690000534057617,29.135000228881836,29.385000228881836,45849800.0
2021-03-04T05:00:00Z,29.405000686645508,29.90999984741211,29.200000762939453,29.360000610351562,44172600.0
2021-03-05T05:00:00Z,29.485000610351562,29.979999542236328,29.225000381469727,29.84000015258789,33606600.0
2021-03-08T05:00:00Z,29.924999237060547,30.524999618530273,29.844999313354492,30.260000228881836,38423800.0
2021-03-09T05:00:00Z,30.424999237060547,30.760000228881836,30.385000228881836,30.65999984741211,22224400.0
2021-03-10T05:00:00Z,30.649999618530273,30.96500015258789,30.565000534057617,30.8700008392334,27421200.0
2021-03-11T05:00:00Z,30.815000534057617,31.18000030517578,30.774999618530273,30.790000915527344,17168800.0
2021-03-12T05:00:00Z,30.924999237060547,31.299999237060547,30.780000686645508,31.204999923706055,20043800.0
2021-03-15T04:00:00Z,31.25,31.684999465942383,31.25,31.604999542236328,24417200.0
2021-03-16T04:00:00Z,31.530000686645508,31.725000381469727,31.44499969482422,31.645000457763672,29243400.0
2021-03-17T04:00:00Z,31.6200008392334,31.625,31.100000381469727,31.1299991607666,34407000.0
2021-03-18T04:00:00Z,31.100000381469727,31.225000381469727,30.799999237060547,31.014999389648438,29627600.0
2021-03-19T04:00:00Z,31.024999618530273,31.3700008392334,30.69499969482422,31.100000381469727,38712600.0
2021-03-22T04:00:00Z,30.799999237060547,30.96500015258789,30.604999542236328,30.825000762939453,25641000.0
2021-03-23T04:00:00Z,30.815000534057617,31.405000686645508,30.75,31.28499984741211,26117200.0
2021-03-24T04:00:00Z,31.184999465942383,31.520000457763672,31.075000762939453,31.295000076293945,22058400.0
2021-03-25T04:00:00Z,31.395000457763672,31.735000610351562,31.2549991607666,31.6299991607666,28309600.0
2021-03-26T04:00:00Z,31.625,31.764999389648438,31.31999969482422,31.735000610351562,20770200.0
2021-03-29T04:00:00Z,31.670000076293945,32.224998474121094,31.655000686645508,32.07500076293945,32775600.0
2021-03-30T04:00:00Z,31.975000381469727,31.975000381469727,31.549999237060547,31.78499984741211,22111200.0
2021-03-31T04:00:00Z,31.799999237060547,32.08000183105469,31.735000610351562,32.02000045776367,22259200.0
2021-04-01T04:00:00Z,31.969999313354492,32.04499816894531,31.774999618530273,31.989999771118164,21046600.0
2021-04-05T04:00:00Z,32.10499954223633,32.54499816894531,32.07500076293945,32.34000015258789,29288200.0
2021-04-06T04:00:00Z,32.30500030517578,32.51499938964844,32.06999969482422,32.5099983215332,17258600.0
2021-04-07T04:00:00Z,32.48500061035156,32.64500045776367,32.30500030517578,32.470001220703125,15798400.0
2021-04-08T04:00:00Z,32.55500030517578,32.654998779296875,32.375,32.44499969482422,19909800.0
2021-04-09T04:00:00Z,32.474998474121094,32.61000061035156,32.345001220703125,32.40999984741211,15751200.0
2021-04-12T04:00:00Z,32.415000915527344,32.66999816894531,32.33000183105469,32.439998626708984,14201400.0
2021-04-13T04:00:00Z,32.310001373291016,32.8849983215332,32.25,32.82500076293945,18250800.0
2021-04-14T04:00:00Z,32.744998931884766,32.970001220703125,32.65999984741211,32.970001220703125,15125400.0
2021-04-15T04:00:00Z,32.974998474121094,33.349998474121094,32.95500183105469,33.334999084472656,23863400.0
2021-04-16T04:00:00Z,33.459999084472656,33.73500061035156,33.38999938964844,33.60499954223633,22376000.0
2021-04-19T04:00:00Z,33.625,33.68000030517578,33.35499954223633,33.435001373291016,21503400.0
2021-04-20T04:00:00Z,33.435001373291016,33.94499969482422,33.415000915527344,33.86000061035156,29548800.0
2021-04-21T04:00:00Z,33.89500045776367,34.025001525878906,33.45000076293945,33.57500076293945,19230200.0
2021-04-22T04:00:00Z,33.54999923706055,33.665000915527344,33.30500030517578,33.334999084472656,17983600.0
2021-04-23T04:00:00Z,33.349998474121094,33.459999084472656,33.20500183105469,33.290000915527344,16881600.0
2021-04-26T04:00:00Z,33.30500030517578,33.32500076293945,33.0,33.099998474121094,12578400.0
2021-04-27T04:00:00Z,33.04999923706055,33.064998626708984,32.790000915527344,32.845001220703125,20942000.0
2021-04-28T04:00:00Z,32.86000061035156,32.95000076293945,32.64500045776367,32.79999923706055,15158200.0
2021-04-29T04:00:00Z,32.79999923706055,33.119998931884766,32.79999923706055,33.099998474121094,19223600.0
2021-04-30T04:00:00Z,33.16999816894531,33.369998931884766,32.970001220703125,33.36000061035156,20484600.0
2021-05-03T04:00:00Z,33.435001373291016,33.665000915527344,33.29999923706055,33.35499954223633,21544000.0
2021-05-04T04:00:00Z,33.31999969482422,33.380001068115234,33.0099983215332,33.22999954223633,23445600.0
2021-05-05T04:00:00Z,33.22999954223633,33.22999954223633,32.48500061035156,32.66999816894531,23562800.0
2021-05-06T04:00:00Z,32.7599983215332,32.95000076293945,32.540000915527344,32.91999816894531,23305400.0
2021-05-07T04:00:00Z,32.900001525878906,33.27000045776367,32.88999938964844,33.02000045776367,18110800.0
2021-05-10T04:00:00Z,33.09000015258789,33.689998626708984,33.09000015258789,33.35499954223633,26442000.0
2021-05-11T04:00:00Z,33.31999969482422,33.3650016784668,32.71500015258789,32.94499969482422,28210000.0
2021-05-12T04:00:00Z,32.90999984741211,32.90999984741211,32.15999984741211,32.17499923706055,29553800.0
2021-05-13T04:00:00Z,32.209999084472656,32.9900016784668,32.185001373291016,32.79499816894531,28222800.0
2021-05-14T04:00:00Z,32.875,33.165000915527344,32.875,32.95500183105469,18910600.0
2021-05-17T04:00:00Z,32.939998626708984,33.130001068115234,32.6349983215332,32.685001373291016,25124000.0
2021-05-18T04:00:00Z,32.6150016784668,32.790000915527344,32.529998779296875,32.68000030517578,19532400.0
2021-05-19T04:00:00Z,32.525001525878906,32.654998779296875,32.244998931884766,32.625,26238000.0
2021-05-20T04:00:00Z,32.685001373291016,33.11000061035156,32.67499923706055,32.90999984741211,25679600.0
2021-05-21T04:00:00Z,32.9900016784668,33.20500183105469,32.845001220703125,33.08000183105469,20487800.0
2021-05-24T04:00:00Z,33.2400016784668,33.29499816894531,33.0,33.02000045776367,19343000.0
2021-05-25T04:00:00Z,33.05500030517578,33.05500030517578,32.54499816894531,32.619998931884766,20427400.0
2021-05-26T04:00:00Z,32.63999938964844,32.76499938964844,32.529998779296875,32.625,16841600.0
2021-05-27T04:00:00Z,32.7400016784668,32.7400016784668,32.39500045776367,32.404998779296875,16996200.0
2021-05-28T04:00:00Z,32.599998474121094,32.70000076293945,32.47999954223633,32.58000183105469,19565000.0
2021-06-01T04:00:00Z,32.654998779296875,32.72999954223633,32.30500030517578,32.380001068115234,22052200.0
2021-06-02T04:00:00Z,32.43000030517578,32.72999954223633,32.29999923706055,32.54999923706055,20491400.0
2021-06-03T04:00:00Z,32.400001525878906,32.849998474121094,32.290000915527344,32.744998931884766,23707200.0
2021-06-04T04:00:00Z,32.83000183105469,32.880001068115234,32.654998779296875,32.69499969482422,14469600.0
2021-06-07T04:00:00Z,32.724998474121094,32.80500030517578,32.66999816894531,32.755001068115234,13822400.0
2021-06-08T04:00:00Z,32.82500076293945,32.849998474121094,32.334999084472656,32.474998474121094,18363600.0
2021-06-09T04:00:00Z,32.55500030517578,32.82500076293945,32.48500061035156,32.76499938964844,18760800.0
2021-06-10T04:00:00Z,32.790000915527344,33.01499938964844,32.709999084472656,32.97999954223633,16654400.0
2021-06-11T04:00:00Z,32.97999954223633,33.08000183105469,32.82500076293945,33.05500030517578,18198400.0
2021-06-14T04:00:00Z,33.060001373291016,33.209999084472656,32.92499923706055,33.125,13733000.0
2021-06-15T04:00:00Z,33.165000915527344,33.404998779296875,33.06999969482422,33.224998474121094,32781000.0
2021-06-16T04:00:00Z,33.310001373291016,33.43000030517578,32.709999084472656,32.724998474121094,46277600.0
2021-06-17T04:00:00Z,32.70000076293945,33.084999084472656,32.60499954223633,32.904998779296875,25708800.0
2021-06-18T04:00:00Z,32.71500015258789,32.7400016784668,32.0,32.04999923706055,36079800.0
2021-06-21T04:00:00Z,31.905000686645508,32.29499816894531,31.725000381469727,32.21500015258789,27886600.0
2021-06-22T04:00:00Z,32.21500015258789,32.310001373291016,32.005001068115234,32.02000045776367,16608600.0
2021-06-23T04:00:00Z,32.0,32.0,31.584999084472656,31.68000030517578,25666400.0
2021-06-24T04:00:00Z,31.719999313354492,31.729999542236328,31.510000228881836,31.649999618530273,15215800.0
2021-06-25T04:00:00Z,31.665000915527344,32.01499938964844,31.6299991607666,31.989999771118164,18273600.0
2021-06-28T04:00:00Z,32.119998931884766,32.35499954223633,32.07500076293945,32.19499969482422,16735200.0
2021-06-29T04:00:00Z,32.095001220703125,32.28499984741211,31.579999923706055,31.674999237060547,24688000.0
2021-06-30T04:00:00Z,31.649999618530273,31.770000457763672,31.4950008392334,31.614999771118164,19077400.0
2021-07-01T04:00:00Z,31.674999237060547,32.06999969482422,31.549999237060547,31.959999084472656,22993200.0
2021-07-02T04:00:00Z,32.04499816894531,32.04499816894531,31.850000381469727,32.0099983215332,18629400.0
2021-07-06T04:00:00Z,32.005001068115234,32.165000915527344,31.639999389648438,32.14500045776367,18156400.0
2021-07-07T04:00:00Z,32.15999984741211,32.36000061035156,31.979999542236328,32.35499954223633,24199200.0
2021-07-08T04:00:00Z,32.17499923706055,32.45500183105469,32.125,32.2599983215332,20513000.0
2021-07-09T04:00:00Z,32.30500030517578,32.38999938964844,32.03499984741211,32.29999923706055,21484200.0
2021-07-12T04:00:00Z,32.26499938964844,32.43000030517578,32.11000061035156,32.404998779296875,17323000.0
2021-07-13T04:00:00Z,32.349998474121094,32.45500183105469,32.04499816894531,32.15999984741211,22493200.0
2021-07-14T04:00:00Z,32.16999816894531,32.58000183105469,32.02000045776367,32.439998626708984,20720000.0
2021-07-15T04:00:00Z,32.33000183105469,32.83000183105469,32.31999969482422,32.80500030517578,28574600.0
2021-07-16T04:00:00Z,32.84000015258789,33.30500030517578,32.80500030517578,33.1349983215332,33106600.0
2021-07-19T04:00:00Z,33.0,33.26499938964844,32.2400016784668,32.61000061035156,45585000.0
2021-07-20T04:00:00Z,32.63999938964844,33.08000183105469,32.63999938964844,32.75,33779200.0
2021-07-21T04:00:00Z,32.77000045776367,32.845001220703125,32.3650016784668,32.38999938964844,22456800.0
2021-07-22T04:00:00Z,32.42499923706055,32.584999084472656,32.334999084472656,32.439998626708984,22875400.0
2021-07-23T04:00:00Z,32.52000045776367,32.8849983215332,32.459999084472656,32.85499954223633,16216800.0
2021-07-26T04:00:00Z,32.790000915527344,32.96500015258789,32.6349983215332,32.8650016784668,17936800.0
2021-07-27T04:00:00Z,32.84000015258789,33.48500061035156,32.650001525878906,33.43000030517578,34285800.0
2021-07-28T04:00:00Z,33.415000915527344,33.474998474121094,32.93000030517578,33.17499923706055,24948200.0
2021-07-29T04:00:00Z,33.23500061035156,33.36000061035156,33.07500076293945,33.26499938964844,30247800.0
2021-07-30T04:00:00Z,33.244998931884766,33.525001525878906,32.90999984741211,32.98500061035156,25265200.0
2021-08-02T04:00:00Z,33.060001373291016,33.36000061035156,33.02000045776367,33.2400016784668,23564200.0
2021-08-03T04:00:00Z,33.290000915527344,33.584999084472656,33.1349983215332,33.43000030517578,25994400.0
2021-08-04T04:00:00Z,33.29499816894531,33.41999816894531,32.96500015258789,33.380001068115234,32378000.0
2021-08-05T04:00:00Z,33.42499923706055,33.790000915527344,33.34000015258789,33.744998931884766,31790800.0
2021-08-06T04:00:00Z,33.709999084472656,33.970001220703125,33.630001068115234,33.724998474121094,20000800.0
2021-08-09T04:00:00Z,33.75,33.84000015258789,33.529998779296875,33.71500015258789,16865200.0
2021-08-10T04:00:00Z,33.744998931884766,33.8650016784668,33.595001220703125,33.75,15834200.0
2021-08-11T04:00:00Z,33.82500076293945,34.220001220703125,33.82500076293945,34.064998626708984,18488800.0
2021-08-12T04:00:00Z,34.005001068115234,34.220001220703125,33.9900016784668,34.099998474121094,18920200.0
2021-08-13T04:00:00Z,34.16999816894531,34.380001068115234,34.099998474121094,34.34000015258789,23580800.0
2021-08-16T04:00:00Z,34.34000015258789,34.79499816894531,34.30500030517578,34.54999923706055,25796600.0
2021-08-17T04:00:00Z,34.45500183105469,34.57500076293945,34.224998474121094,34.56999969482422,23037200.0
2021-08-18T04:00:00Z,34.564998626708984,34.63999938964844,34.279998779296875,34.39500045776367,31411200.0
2021-08-19T04:00:00Z,34.40999984741211,34.814998626708984,34.375,34.53499984741211,27723000.0
2021-08-20T04:00:00Z,34.474998474121094,34.9900016784668,34.29499816894531,34.96500015258789,23581600.0
2021-08-23T04:00:00Z,34.939998626708984,34.95000076293945,34.45000076293945,34.51499938964844,21830800.0
2021-08-24T04:00:00Z,34.5,34.529998779296875,34.060001373291016,34.290000915527344,25331000.0
2021-08-25T04:00:00Z,34.28499984741211,34.46500015258789,34.09000015258789,34.35499954223633,16329800.0
2021-08-26T04:00:00Z,34.35499954223633,34.369998931884766,34.19499969482422,34.27000045776367,16631800.0
2021-08-27T04:00:00Z,34.30500030517578,34.415000915527344,34.19499969482422,34.2599983215332,21005000.0
2021-08-30T04:00:00Z,34.25,34.40999984741211,34.1349983215332,34.310001373291016,23691400.0
2021-08-31T04:00:00Z,34.29499816894531,34.46500015258789,34.125,34.27000045776367,22580200.0
2021-09-01T04:00:00Z,34.3650016784668,34.834999084472656,34.31999969482422,34.720001220703125,26667400.0
2021-09-02T04:00:00Z,34.79499816894531,35.03499984741211,34.7599983215332,35.03499984741211,20598800.0
2021-09-03T04:00:00Z,34.93000030517578,34.97999954223633,34.65999984741211,34.744998931884766,18942000.0
2021-09-07T04:00:00Z,34.71500015258789,34.720001220703125,34.224998474121094,34.28499984741211,26290200.0
2021-09-08T04:00:00Z,34.26499938964844,34.994998931884766,34.185001373291016,34.900001525878906,29176200.0
2021-09-09T04:00:00Z,34.790000915527344,34.915000915527344,34.68000030517578,34.709999084472656,16355000.0
2021-09-10T04:00:00Z,34.685001373291016,34.724998474121094,34.21500015258789,34.224998474121094,24654400.0
2021-09-13T04:00:00Z,34.51499938964844,34.55500030517578,34.064998626708984,34.165000915527344,26236400.0
2021-09-14T04:00:00Z,34.275001525878906,34.3849983215332,33.96500015258789,34.04999923706055,28103200.0
2021-09-15T04:00:00Z,34.0,34.22999954223633,33.814998626708984,34.005001068115234,19812800.0
2021-09-16T04:00:00Z,34.0,34.13999938964844,33.66999816894531,33.720001220703125,31464000.0
2021-09-17T04:00:00Z,33.650001525878906,33.83000183105469,33.16999816894531,33.20000076293945,25108000.0
2021-09-20T04:00:00Z,32.880001068115234,33.18000030517578,32.529998779296875,32.88999938964844,45678600.0
2021-09-21T04:00:00Z,32.98500061035156,33.209999084472656,32.779998779296875,32.79999923706055,26417600.0
2021-09-22T04:00:00Z,32.91999816894531,33.04499816894531,32.654998779296875,32.779998779296875,24787600.0
2021-09-23T04:00:00Z,32.779998779296875,33.025001525878906,32.57500076293945,32.60499954223633,19333200.0
2021-09-24T04:00:00Z,32.599998474121094,32.814998626708984,32.4900016784668,32.56999969482422,23660200.0
2021-09-27T04:00:00Z,32.51499938964844,32.845001220703125,32.13999938964844,32.185001373291016,21783400.0
2021-09-28T04:00:00Z,32.154998779296875,32.20500183105469,31.684999465942383,31.780000686645508,40471600.0
2021-09-29T04:00:00Z,31.875,32.41999816894531,31.790000915527344,32.19499969482422,30867600.0
2021-09-30T04:00:00Z,32.314998626708984,32.334999084472656,31.895000457763672,31.940000534057617,27142600.0
2021-10-01T04:00:00Z,32.1349983215332,32.19499969482422,31.829999923706055,31.940000534057617,29001200.0
2021-10-04T04:00:00Z,31.905000686645508,32.470001220703125,31.889999389648438,32.380001068115234,40402600.0
2021-10-05T04:00:00Z,32.41999816894531,32.53499984741211,32.2599983215332,32.29999923706055,26130400.0
2021-10-06T04:00:00Z,32.20000076293945,32.82500076293945,32.0099983215332,32.79999923706055,33152400.0
2021-10-07T04:00:00Z,32.86000061035156,33.119998931884766,32.59000015258789,32.625,27540200.0
2021-10-08T04:00:00Z,32.619998931884766,32.685001373291016,32.36000061035156,32.3849983215332,17795800.0
2021-10-11T04:00:00Z,32.25,32.314998626708984,31.899999618530273,31.94499969482422,25420200.0
2021-10-12T04:00:00Z,31.989999771118164,32.255001068115234,31.905000686645508,32.15999984741211,20996000.0
2021-10-13T04:00:00Z,32.16999816894531,32.560001373291016,32.0,32.53499984741211,26205400.0
2021-10-14T04:00:00Z,32.64500045776367,33.0,32.564998626708984,32.935001373291016,21398000.0
2021-10-15T04:00:00Z,32.98500061035156,33.099998474121094,32.78499984741211,32.84000015258789,29602400.0
2021-10-18T04:00:00Z,32.619998931884766,32.70500183105469,32.349998474121094,32.525001525878906,20702000.0
2021-10-19T04:00:00Z,32.775001525878906,32.97999954223633,32.685001373291016,32.935001373291016,21413600.0
2021-10-20T04:00:00Z,33.06999969482422,33.584999084472656,33.03499984741211,33.45500183105469,27799600.0
2021-10-21T04:00:00Z,33.474998474121094,33.59000015258789,33.40999984741211,33.45500183105469,17372800.0
2021-10-22T04:00:00Z,33.54499816894531,33.685001373291016,33.470001220703125,33.625,21399800.0
2021-10-25T04:00:00Z,33.57500076293945,33.685001373291016,33.400001525878906,33.47999954223633,15160200.0
2021-10-26T04:00:00Z,33.5099983215332,33.91999816894531,33.45500183105469,33.65999984741211,19391400.0
2021-10-27T04:00:00Z,33.7400016784668,33.82500076293945,33.400001525878906,33.435001373291016,22263600.0
2021-10-28T04:00:00Z,33.404998779296875,33.65999984741211,33.3650016784668,33.654998779296875,15443600.0
2021-10-29T04:00:00Z,33.64500045776367,33.78499984741211,33.290000915527344,33.45500183105469,26666800.0
2021-11-01T04:00:00Z,33.44499969482422,33.65999984741211,33.34000015258789,33.57500076293945,16182800.0
2021-11-02T04:00:00Z,33.70000076293945,33.76499938964844,33.3650016784668,33.60499954223633,19864800.0
2021-11-03T04:00:00Z,33.54999923706055,33.68000030517578,33.209999084472656,33.47999954223633,20992200.0
2021-11-04T04:00:00Z,33.43000030517578,33.5,32.95000076293945,33.29499816894531,32183000.0
2021-11-05T04:00:00Z,33.404998779296875,33.755001068115234,33.369998931884766,33.61000061035156,21584400.0
2021-11-08T05:00:00Z,33.650001525878906,33.654998779296875,32.95000076293945,33.11000061035156,19670200.0
2021-11-09T05:00:00Z,33.16999816894531,33.375,33.064998626708984,33.279998779296875,16489400.0
2021-11-10T05:00:00Z,33.30500030517578,33.58000183105469,33.28499984741211,33.54999923706055,25833200.0
2021-11-11T05:00:00Z,33.529998779296875,33.54499816894531,33.16999816894531,33.345001220703125,15747400.0
2021-11-12T05:00:00Z,33.334999084472656,33.415000915527344,33.18000030517578,33.32500076293945,18179000.0
2021-11-15T05:00:00Z,33.470001220703125,33.779998779296875,33.400001525878906,33.76499938964844,19003800.0
2021-11-16T05:00:00Z,33.779998779296875,33.845001220703125,33.584999084472656,33.60499954223633,13213400.0
2021-11-17T05:00:00Z,33.525001525878906,33.685001373291016,33.35499954223633,33.6349983215332,19001800.0
2021-11-18T05:00:00Z,33.58000183105469,33.64500045776367,33.345001220703125,33.459999084472656,15305000.0
2021-11-19T05:00:00Z,33.505001068115234,33.724998474121094,33.415000915527344,33.650001525878906,20606000.0
2021-11-22T05:00:00Z,33.625,34.03499984741211,33.53499984741211,33.85499954223633,23154000.0
2021-11-23T05:00:00Z,33.849998474121094,34.09000015258789,33.685001373291016,33.88999938964844,19036400.0
2021-11-24T05:00:00Z,33.875,33.97999954223633,33.70000076293945,33.90999984741211,15931600.0
2021-11-26T05:00:00Z,33.66999816894531,33.88999938964844,33.29499816894531,33.380001068115234,21854600.0
2021-11-29T05:00:00Z,33.63999938964844,33.970001220703125,33.369998931884766,33.875,22821800.0
2021-11-30T05:00:00Z,33.71500015258789,33.720001220703125,32.85499954223633,32.8849983215332,48623000.0
2021-12-01T05:00:00Z,33.10499954223633,33.7400016784668,32.92499923706055,32.94499969482422,46024600.0
2021-12-02T05:00:00Z,33.025001525878906,33.67499923706055,33.025001525878906,33.3650016784668,35050200.0
2021-12-03T05:00:00Z,33.529998779296875,33.709999084472656,33.040000915527344,33.70000076293945,42771400.0
2021-12-06T05:00:00Z,33.91999816894531,34.56999969482422,33.904998779296875,34.21500015258789,47222000.0
2021-12-07T05:00:00Z,34.220001220703125,34.55500030517578,34.130001068115234,34.470001220703125,21789000.0
2021-12-08T05:00:00Z,34.5,34.665000915527344,34.25,34.435001373291016,25994400.0
2021-12-09T05:00:00Z,34.51499938964844,34.584999084472656,34.154998779296875,34.38999938964844,23783400.0
2021-12-10T05:00:00Z,34.529998779296875,34.7400016784668,34.39500045776367,34.57500076293945,23403600.0
2021-12-13T05:00:00Z,34.540000915527344,35.16999816894531,34.540000915527344,35.0,27500000.0
2021-12-14T05:00:00Z,34.994998931884766,35.064998626708984,34.625,34.790000915527344,35005000.0
2021-12-15T05:00:00Z,34.75,35.38999938964844,34.75,35.36000061035156,45364600.0
2021-12-16T05:00:00Z,35.32500076293945,35.755001068115234,35.29499816894531,35.540000915527344,30209200.0
2021-12-17T05:00:00Z,35.404998779296875,35.58000183105469,34.93000030517578,35.005001068115234,43674000.0
2021-12-20T05:00:00Z,34.400001525878906,34.79999923706055,34.119998931884766,34.76499938964844,30091200.0
2021-12-21T05:00:00Z,34.875,35.10499954223633,34.529998779296875,34.71500015258789,32355800.0
2021-12-22T05:00:00Z,34.65999984741211,34.915000915527344,34.61000061035156,34.8650016784668,18967800.0
2021-12-23T05:00:00Z,34.8849983215332,35.040000915527344,34.82500076293945,34.86000061035156,14505400.0
2021-12-27T05:00:00Z,34.875,35.029998779296875,34.77000045776367,35.029998779296875,15707400.0
2021-12-28T05:00:00Z,35.08000183105469,35.35499954223633,35.05500030517578,35.345001220703125,16104000.0
2021-12-29T05:00:00Z,35.3849983215332,35.59000015258789,35.32500076293945,35.53499984741211,13755400.0
2021-12-30T05:00:00Z,35.630001068115234,35.70000076293945,35.404998779296875,35.665000915527344,18672400.0
2021-12-31T05:00:00Z,35.59000015258789,35.915000915527344,35.52000045776367,35.790000915527344,18618800.0
2022-01-03T05:00:00Z,35.775001525878906,35.78499984741211,35.029998779296875,35.435001373291016,43299600.0
2022-01-04T05:00:00Z,35.435001373291016,35.779998779296875,35.314998626708984,35.32500076293945,29321800.0
2022-01-05T05:00:00Z,35.29999923706055,35.70500183105469,35.27000045776367,35.30500030517578,44486400.0
2022-01-06T05:00:00Z,35.30500030517578,35.45000076293945,34.900001525878906,34.939998626708984,36259600.0
2022-01-07T05:00:00Z,34.8650016784668,35.375,34.650001525878906,35.20500183105469,39272000.0
2022-01-10T05:00:00Z,35.17499923706055,35.224998474121094,34.80500030517578,34.974998474121094,31169800.0
2022-01-11T05:00:00Z,34.94499969482422,35.07500076293945,34.43000030517578,34.65999984741211,33653800.0
2022-01-12T05:00:00Z,34.54999923706055,34.86000061035156,34.45000076293945,34.77000045776367,28113600.0
2022-01-13T05:00:00Z,34.755001068115234,35.07500076293945,34.73500061035156,34.939998626708984,33949000.0
2022-01-14T05:00:00Z,34.939998626708984,35.005001068115234,34.525001525878906,34.70000076293945,32547200.0
2022-01-18T05:00:00Z,34.44499969482422,34.505001068115234,34.01499938964844,34.28499984741211,35534800.0
2022-01-19T05:00:00Z,34.29499816894531,34.744998931884766,34.28499984741211,34.439998626708984,32051200.0
2022-01-20T05:00:00Z,34.54499816894531,34.98500061035156,34.44499969482422,34.48500061035156,29529600.0
2022-01-21T05:00:00Z,34.654998779296875,34.834999084472656,34.35499954223633,34.41999816894531,48542600.0
2022-01-24T05:00:00Z,34.380001068115234,34.4900016784668,33.21500015258789,34.09000015258789,57602000.0
2022-01-25T05:00:00Z,33.560001373291016,33.959999084472656,33.400001525878906,33.55500030517578,52218600.0
2022-01-26T05:00:00Z,33.619998931884766,33.98500061035156,33.095001220703125,33.279998779296875,49234200.0
2022-01-27T05:00:00Z,33.59000015258789,33.994998931884766,33.40999984741211,33.57500076293945,44982000.0
2022-01-28T05:00:00Z,33.48500061035156,34.0099983215332,33.22999954223633,33.97999954223633,50050400.0
2022-01-31T05:00:00Z,33.779998779296875,34.654998779296875,33.709999084472656,34.625,52580000.0
2022-02-01T05:00:00Z,34.529998779296875,34.71500015258789,33.845001220703125,34.165000915527344,41020200.0
2022-02-02T05:00:00Z,34.13999938964844,34.720001220703125,34.08000183105469,34.66999816894531,45723800.0
2022-02-03T05:00:00Z,34.56999969482422,34.72999954223633,34.41999816894531,34.51499938964844,34289800.0
2022-02-04T05:00:00Z,34.21500015258789,34.54499816894531,33.89500045776367,34.2400016784668,37029200.0
2022-02-07T05:00:00Z,34.18000030517578,34.33000183105469,33.97999954223633,34.189998626708984,27543600.0
2022-02-08T05:00:00Z,34.33000183105469,34.439998626708984,34.130001068115234,34.21500015258789,38853200.0
2022-02-09T05:00:00Z,34.459999084472656,34.540000915527344,34.2599983215332,34.3650016784668,35231800.0
2022-02-10T05:00:00Z,34.025001525878906,34.189998626708984,33.42499923706055,33.494998931884766,45060000.0
2022-02-11T05:00:00Z,33.63999938964844,33.88999938964844,33.369998931884766,33.51499938964844,36059800.0
2022-02-14T05:00:00Z,33.625,33.68000030517578,32.90999984741211,33.22999954223633,37112200.0
2022-02-15T05:00:00Z,33.435001373291016,33.564998626708984,32.92499923706055,33.07500076293945,34174400.0
2022-02-16T05:00:00Z,33.119998931884766,33.290000915527344,32.82500076293945,33.150001525878906,32184600.0
2022-02-17T05:00:00Z,33.0,33.33000183105469,32.76499938964844,33.16999816894531,29159800.0
2022-02-18T05:00:00Z,33.060001373291016,33.3849983215332,32.959999084472656,33.11000061035156,33686800.0
2022-02-22T05:00:00Z,33.22999954223633,33.310001373291016,32.849998474121094,33.07500076293945,34421400.0
2022-02-23T05:00:00Z,33.1349983215332,33.23500061035156,32.47999954223633,32.51499938964844,34583600.0
2022-02-24T05:00:00Z,32.30500030517578,32.84000015258789,32.13999938964844,32.775001525878906,57320000.0
2022-02-25T05:00:00Z,33.064998626708984,33.83000183105469,32.9900016784668,33.790000915527344,42528000.0
2022-02-28T05:00:00Z,33.584999084472656,34.01499938964844,33.54499816894531,33.96500015258789,36705200.0
2022-03-01T05:00:00Z,33.89500045776367,34.189998626708984,33.415000915527344,33.66999816894531,33464600.0
2022-03-02T05:00:00Z,33.685001373291016,34.20500183105469,33.665000915527344,34.08000183105469,29259800.0
2022-03-03T05:00:00Z,34.21500015258789,34.849998474121094,34.185001373291016,34.68000030517578,41471200.0
2022-03-04T05:00:00Z,34.59000015258789,35.474998474121094,34.52000045776367,35.44499969482422,48683600.0
2022-03-07T05:00:00Z,35.525001525878906,35.98500061035156,35.224998474121094,35.904998779296875,61944000.0
2022-03-08T05:00:00Z,36.0,36.185001373291016,35.334999084472656,35.349998474121094,53129800.0
2022-03-09T05:00:00Z,35.60499954223633,35.654998779296875,35.03499984741211,35.099998474121094,50953800.0
2022-03-10T05:00:00Z,34.834999084472656,35.404998779296875,34.810001373291016,35.334999084472656,34039800.0
2022-03-11T05:00:00Z,35.38999938964844,35.625,35.18000030517578,35.21500015258789,24988400.0
2022-03-14T04:00:00Z,35.439998626708984,35.619998931884766,34.994998931884766,35.17499923706055,41004600.0
2022-03-15T04:00:00Z,35.51499938964844,35.70000076293945,35.310001373291016,35.625,29004400.0
2022-03-16T04:00:00Z,35.58000183105469,35.73500061035156,35.05500030517578,35.560001373291016,40011800.0
2022-03-17T04:00:00Z,35.58000183105469,35.96500015258789,35.5099983215332,35.709999084472656,31830000.0
2022-03-18T04:00:00Z,35.709999084472656,35.869998931884766,35.32500076293945,35.404998779296875,37038000.0
2022-03-21T04:00:00Z,35.220001220703125,35.56999969482422,35.209999084472656,35.404998779296875,36294400.0
2022-03-22T04:00:00Z,35.540000915527344,35.540000915527344,35.17499923706055,35.45500183105469,29286400.0
2022-03-23T04:00:00Z,35.41999816894531,35.709999084472656,35.244998931884766,35.505001068115234,27990000.0
2022-03-24T04:00:00Z,35.58000183105469,35.915000915527344,35.5099983215332,35.869998931884766,26591400.0
2022-03-25T04:00:00Z,36.0,36.404998779296875,35.915000915527344,36.38999938964844,28922000.0
2022-03-28T04:00:00Z,36.42499923706055,36.625,36.209999084472656,36.625,30959800.0
2022-03-29T04:00:00Z,36.61000061035156,36.96500015258789,36.54499816894531,36.96500015258789,38114600.0
2022-03-30T04:00:00Z,37.0,37.279998779296875,36.88999938964844,37.27000045776367,35229200.0
2022-03-31T04:00:00Z,37.244998931884766,37.56999969482422,37.209999084472656,37.22999954223633,35701200.0
2022-04-01T04:00:00Z,37.20000076293945,37.775001525878906,36.97999954223633,37.75,38013800.0
2022-04-04T04:00:00Z,37.595001220703125,37.595001220703125,37.07500076293945,37.459999084472656,28391000.0
2022-04-05T04:00:00Z,37.474998474121094,38.125,37.470001220703125,37.69499969482422,38140600.0
2022-04-06T04:00:00Z,37.814998626708984,38.470001220703125,37.64500045776367,38.44499969482422,56489200.0
2022-04-07T04:00:00Z,38.43000030517578,38.44499969482422,38.0,38.349998474121094,42033800.0
2022-04-08T04:00:00Z,38.4900016784668,38.6150016784668,38.154998779296875,38.47999954223633,34388600.0
2022-04-11T04:00:00Z,38.505001068115234,38.55500030517578,37.900001525878906,37.95500183105469,46335800.0
2022-04-12T04:00:00Z,37.849998474121094,38.29999923706055,37.71500015258789,38.099998474121094,45313800.0
2022-04-13T04:00:00Z,38.10499954223633,38.20500183105469,37.775001525878906,38.025001525878906,35313000.0
2022-04-14T04:00:00Z,38.099998474121094,38.29999923706055,37.9900016784668,38.04499816894531,28427000.0
2022-04-18T04:00:00Z,38.09000015258789,38.30500030517578,37.65999984741211,37.84000015258789,29878000.0
2022-04-19T04:00:00Z,37.95000076293945,38.15999984741211,37.84000015258789,38.084999084472656,33030400.0
2022-04-20T04:00:00Z,38.4900016784668,38.584999084472656,38.279998779296875,38.39500045776367,36652400.0
2022-04-21T04:00:00Z,38.27000045776367,38.380001068115234,37.72999954223633,37.7599983215332,36817000.0
2022-04-22T04:00:00Z,37.709999084472656,37.75,37.099998474121094,37.125,54683400.0
2022-04-25T04:00:00Z,37.255001068115234,37.275001525878906,36.2599983215332,36.869998931884766,59671800.0
2022-04-26T04:00:00Z,36.7400016784668,37.19499969482422,36.48500061035156,36.5,41106200.0
2022-04-27T04:00:00Z,36.525001525878906,36.8650016784668,36.20500183105469,36.32500076293945,49067800.0
2022-04-28T04:00:00Z,36.5,36.86000061035156,36.310001373291016,36.72999954223633,39902600.0
2022-04-29T04:00:00Z,36.56999969482422,36.6349983215332,35.57500076293945,35.630001068115234,54338200.0
2022-05-02T04:00:00Z,35.79999923706055,35.96500015258789,34.81999969482422,35.26499938964844,65832200.0
2022-05-03T04:00:00Z,35.39500045776367,35.97999954223633,35.23500061035156,35.400001525878906,42152800.0
2022-05-04T04:00:00Z,35.619998931884766,36.255001068115234,35.470001220703125,36.189998626708984,56580200.0
2022-05-05T04:00:00Z,35.95000076293945,36.25,35.5,35.81999969482422,54849200.0
2022-05-06T04:00:00Z,35.61000061035156,36.220001220703125,35.599998474121094,36.10499954223633,55359800.0
2022-05-09T04:00:00Z,35.8849983215332,36.20000076293945,35.53499984741211,35.834999084472656,51419400.0
2022-05-10T04:00:00Z,35.8849983215332,36.375,34.97999954223633,35.400001525878906,65578400.0
2022-05-11T04:00:00Z,35.375,36.25,35.345001220703125,35.654998779296875,72101800.0
2022-05-12T04:00:00Z,35.6150016784668,35.70500183105469,34.91999816894531,35.29499816894531,49892000.0
2022-05-13T04:00:00Z,35.60499954223633,35.77000045776367,35.14500045776367,35.71500015258789,30208800.0
2022-05-16T04:00:00Z,35.72999954223633,35.97999954223633,35.58000183105469,35.82500076293945,23213600.0
2022-05-17T04:00:00Z,35.994998931884766,36.20000076293945,35.439998626708984,36.19499969482422,29901800.0
2022-05-18T04:00:00Z,36.255001068115234,36.33000183105469,35.75,35.845001220703125,37456600.0
2022-05-19T04:00:00Z,35.68000030517578,35.93000030517578,35.26499938964844,35.77000045776367,36552200.0
2022-05-20T04:00:00Z,35.8650016784668,35.970001220703125,35.375,35.869998931884766,31358000.0
2022-05-23T04:00:00Z,36.279998779296875,36.46500015258789,35.939998626708984,36.29999923706055,27082200.0
2022-05-24T04:00:00Z,36.369998931884766,37.095001220703125,36.095001220703125,37.025001525878906,32311400.0
2022-05-25T04:00:00Z,37.064998626708984,37.119998931884766,36.7599983215332,37.0,27723800.0
2022-05-26T04:00:00Z,37.22999954223633,37.375,37.07500076293945,37.10499954223633,23290000.0
2022-05-27T04:00:00Z,37.07500076293945,37.685001373291016,36.915000915527344,37.685001373291016,23241200.0
2022-05-31T04:00:00Z,37.334999084472656,37.474998474121094,37.005001068115234,37.165000915527344,31041000.0
2022-06-01T04:00:00Z,37.29999923706055,37.29999923706055,36.76499938964844,37.10499954223633,22422200.0
2022-06-02T04:00:00Z,37.28499984741211,37.38999938964844,36.529998779296875,37.35499954223633,25038200.0
2022-06-03T04:00:00Z,37.20000076293945,37.404998779296875,37.10499954223633,37.17499923706055,17691200.0
2022-06-06T04:00:00Z,37.5099983215332,37.630001068115234,37.29499816894531,37.34000015258789,20345800.0
2022-06-07T04:00:00Z,37.244998931884766,37.599998474121094,37.01499938964844,37.564998626708984,19820000.0
2022-06-08T04:00:00Z,37.400001525878906,37.400001525878906,36.775001525878906,36.83000183105469,19971400.0
2022-06-09T04:00:00Z,36.810001373291016,36.98500061035156,35.91999816894531,35.94499969482422,25767600.0
2022-06-10T04:00:00Z,35.59000015258789,35.9900016784668,35.369998931884766,35.66999816894531,32800600.0
2022-06-13T04:00:00Z,35.21500015258789,35.29499816894531,33.86000061035156,34.029998779296875,52721400.0
2022-06-14T04:00:00Z,34.06999969482422,34.19499969482422,32.79499816894531,33.16999816894531,51342600.0
2022-06-15T04:00:00Z,33.46500015258789,33.89500045776367,32.97999954223633,33.3849983215332,51664800.0
2022-06-16T04:00:00Z,32.970001220703125,32.970001220703125,32.47999954223633,32.7400016784668,48754400.0
2022-06-17T04:00:00Z,32.790000915527344,33.02000045776367,32.165000915527344,32.435001373291016,43129400.0
2022-06-21T04:00:00Z,32.290000915527344,32.970001220703125,32.209999084472656,32.790000915527344,37266400.0
2022-06-22T04:00:00Z,32.6150016784668,33.380001068115234,32.60499954223633,33.1349983215332,28582200.0
2022-06-23T04:00:00Z,33.33000183105469,33.974998474121094,33.28499984741211,33.915000915527344,41140200.0
2022-06-24T04:00:00Z,34.095001220703125,34.57500076293945,33.959999084472656,34.505001068115234,30075200.0
2022-06-27T04:00:00Z,34.43000030517578,34.8650016784668,34.29499816894531,34.78499984741211,23276800.0
2022-06-28T04:00:00Z,34.900001525878906,35.16999816894531,34.61000061035156,34.654998779296875,26371800.0
2022-06-29T04:00:00Z,34.709999084472656,34.814998626708984,34.459999084472656,34.68000030517578,30329400.0
2022-06-30T04:00:00Z,34.46500015258789,35.32500076293945,34.41999816894531,35.064998626708984,37737800.0
2022-07-01T04:00:00Z,35.244998931884766,35.98500061035156,35.10499954223633,35.92499923706055,34255800.0
2022-07-05T04:00:00Z,35.845001220703125,35.869998931884766,34.154998779296875,34.70000076293945,44053600.0
2022-07-06T04:00:00Z,34.869998931884766,35.380001068115234,34.595001220703125,35.060001373291016,28518200.0
2022-07-07T04:00:00Z,35.2400016784668,35.35499954223633,34.98500061035156,35.025001525878906,16799400.0
2022-07-08T04:00:00Z,34.9900016784668,35.064998626708984,34.79499816894531,34.90999984741211,12564600.0
2022-07-11T04:00:00Z,34.775001525878906,35.19499969482422,34.69499969482422,35.130001068115234,13232800.0
2022-07-12T04:00:00Z,34.92499923706055,35.404998779296875,34.814998626708984,34.959999084472656,19140800.0
2022-07-13T04:00:00Z,34.6349983215332,35.189998626708984,34.60499954223633,34.814998626708984,38159200.0
2022-07-14T04:00:00Z,34.255001068115234,34.8650016784668,34.17499923706055,34.814998626708984,18925000.0
2022-07-15T04:00:00Z,34.849998474121094,34.93000030517578,34.279998779296875,34.880001068115234,17484200.0
2022-07-18T04:00:00Z,34.79999923706055,34.849998474121094,34.380001068115234,34.39500045776367,15422000.0
2022-07-19T04:00:00Z,34.619998931884766,34.80500030517578,34.5,34.6150016784668,22715400.0
2022-07-20T04:00:00Z,34.67499923706055,34.689998626708984,34.11000061035156,34.154998779296875,34085200.0
2022-07-21T04:00:00Z,34.25,34.2599983215332,33.92499923706055,34.244998931884766,26029400.0
2022-07-22T04:00:00Z,34.52000045776367,34.849998474121094,34.439998626708984,34.71500015258789,19543000.0
2022-07-25T04:00:00Z,34.65999984741211,35.15999984741211,34.564998626708984,35.150001525878906,17292000.0
2022-07-26T04:00:00Z,35.119998931884766,35.470001220703125,35.08000183105469,35.36000061035156,17934400.0
2022-07-27T04:00:00Z,35.19499969482422,35.48500061035156,35.095001220703125,35.38999938964844,20684200.0
2022-07-28T04:00:00Z,36.01499938964844,36.73500061035156,35.98500061035156,36.65999984741211,29715600.0
2022-07-29T04:00:00Z,36.59000015258789,37.130001068115234,36.584999084472656,36.974998474121094,24547600.0
2022-08-01T04:00:00Z,36.86000061035156,37.04499816894531,36.625,37.01499938964844,23148800.0
2022-08-02T04:00:00Z,37.18000030517578,37.39500045776367,36.90999984741211,36.939998626708984,22916600.0
2022-08-03T04:00:00Z,36.8849983215332,37.2599983215332,36.310001373291016,37.16999816894531,21960400.0
2022-08-04T04:00:00Z,37.189998626708984,37.52000045776367,37.06999969482422,37.25,17328200.0
2022-08-05T04:00:00Z,37.150001525878906,37.31999969482422,36.76499938964844,37.1150016784668,22050200.0
2022-08-08T04:00:00Z,37.435001373291016,37.61000061035156,36.994998931884766,37.16999816894531,16899000.0
2022-08-09T04:00:00Z,37.28499984741211,37.654998779296875,37.2599983215332,37.584999084472656,16213600.0
2022-08-10T04:00:00Z,37.755001068115234,37.834999084472656,37.474998474121094,37.75,15778600.0
2022-08-11T04:00:00Z,37.80500030517578,38.125,37.6349983215332,37.744998931884766,16048200.0
2022-08-12T04:00:00Z,38.0,38.3650016784668,37.92499923706055,38.36000061035156,15798800.0
2022-08-15T04:00:00Z,38.28499984741211,38.720001220703125,38.21500015258789,38.68000030517578,15571000.0
2022-08-16T04:00:00Z,38.595001220703125,38.93000030517578,38.55500030517578,38.790000915527344,15577600.0
2022-08-17T04:00:00Z,38.630001068115234,38.89500045776367,38.599998474121094,38.724998474121094,21286000.0
2022-08-18T04:00:00Z,38.7599983215332,38.9900016784668,38.73500061035156,38.869998931884766,16559000.0
2022-08-19T04:00:00Z,38.81999969482422,39.025001525878906,38.67499923706055,38.849998474121094,17286600.0
2022-08-22T04:00:00Z,38.665000915527344,38.73500061035156,38.220001220703125,38.31999969482422,26453000.0
2022-08-23T04:00:00Z,38.25,38.334999084472656,37.935001373291016,38.09000015258789,15747000.0
2022-08-24T04:00:00Z,38.040000915527344,38.2599983215332,37.94499969482422,38.209999084472656,15002200.0
2022-08-25T04:00:00Z,38.29999923706055,38.44499969482422,38.0099983215332,38.44499969482422,14601800.0
2022-08-26T04:00:00Z,38.459999084472656,38.59000015258789,37.81999969482422,37.85499954223633,17732400.0
2022-08-29T04:00:00Z,37.65999984741211,38.25,37.439998626708984,37.970001220703125,22477400.0
2022-08-30T04:00:00Z,37.959999084472656,37.9900016784668,37.275001525878906,37.415000915527344,20560600.0
2022-08-31T04:00:00Z,37.435001373291016,37.665000915527344,37.154998779296875,37.16999816894531,22012800.0
2022-09-01T04:00:00Z,37.025001525878906,37.7599983215332,37.025001525878906,37.70500183105469,28160000.0
2022-09-02T04:00:00Z,37.79999923706055,38.154998779296875,37.189998626708984,37.29999923706055,25536800.0
2022-09-06T04:00:00Z,37.5099983215332,37.915000915527344,37.29999923706055,37.39500045776367,32900400.0
2022-09-07T04:00:00Z,37.57500076293945,38.619998931884766,37.53499984741211,38.564998626708984,31509800.0
2022-09-08T04:00:00Z,38.41999816894531,38.790000915527344,38.33000183105469,38.53499984741211,25150600.0
2022-09-09T04:00:00Z,38.76499938964844,38.90999984741211,38.42499923706055,38.689998626708984,21181400.0
2022-09-12T04:00:00Z,38.79499816894531,39.11000061035156,38.67499923706055,39.060001373291016,22680600.0
2022-09-13T04:00:00Z,38.665000915527344,38.82500076293945,37.834999084472656,38.02000045776367,35156200.0
2022-09-14T04:00:00Z,38.03499984741211,38.54499816894531,37.994998931884766,38.33000183105469,22297400.0
2022-09-15T04:00:00Z,38.025001525878906,38.025001525878906,37.279998779296875,37.375,36110000.0
2022-09-16T04:00:00Z,37.2400016784668,37.525001525878906,37.16999816894531,37.23500061035156,32222400.0
2022-09-19T04:00:00Z,36.869998931884766,37.48500061035156,36.77000045776367,37.47999954223633,21462800.0
2022-09-20T04:00:00Z,37.23500061035156,37.23500061035156,36.665000915527344,36.935001373291016,23408400.0
2022-09-21T04:00:00Z,37.17499923706055,37.42499923706055,36.415000915527344,36.43000030517578,30461200.0
2022-09-22T04:00:00Z,36.400001525878906,36.54499816894531,36.11000061035156,36.29999923706055,34700800.0
2022-09-23T04:00:00Z,35.94499969482422,35.994998931884766,35.41999816894531,35.880001068115234,32420600.0
2022-09-26T04:00:00Z,35.790000915527344,35.834999084472656,34.665000915527344,35.01499938964844,35939000.0
2022-09-27T04:00:00Z,35.244998931884766,35.29999923706055,34.255001068115234,34.42499923706055,38286000.0
2022-09-28T04:00:00Z,34.82500076293945,35.0099983215332,34.369998931884766,34.79499816894531,45882600.0
2022-09-29T04:00:00Z,34.6150016784668,34.69499969482422,33.33000183105469,33.400001525878906,40662000.0
2022-09-30T04:00:00Z,33.560001373291016,33.689998626708984,32.685001373291016,32.755001068115234,45553000.0
2022-10-03T04:00:00Z,33.290000915527344,33.900001525878906,33.060001373291016,33.71500015258789,50894000.0
2022-10-04T04:00:00Z,33.95000076293945,34.459999084472656,33.7400016784668,34.43000030517578,33993000.0
2022-10-05T04:00:00Z,33.9900016784668,33.9900016784668,33.290000915527344,33.665000915527344,34411400.0
2022-10-06T04:00:00Z,33.52000045776367,33.57500076293945,32.52000045776367,32.55500030517578,51342000.0
2022-10-07T04:00:00Z,32.459999084472656,32.58000183105469,31.65999984741211,31.8799991607666,42166800.0
2022-10-10T04:00:00Z,31.94499969482422,32.314998626708984,31.889999389648438,31.934999465942383,33035600.0
2022-10-11T04:00:00Z,31.815000534057617,32.23500061035156,31.649999618530273,31.81999969482422,34320000.0
2022-10-12T04:00:00Z,31.770000457763672,31.829999923706055,30.739999771118164,30.760000228881836,41833000.0
2022-10-13T04:00:00Z,30.295000076293945,31.655000686645508,30.174999237060547,31.530000686645508,61429800.0
2022-10-14T04:00:00Z,31.854999542236328,32.084999084472656,30.920000076293945,31.075000762939453,39305800.0
2022-10-17T04:00:00Z,31.5,32.025001525878906,31.5,31.725000381469727,28247400.0
2022-10-18T04:00:00Z,32.35499954223633,32.47999954223633,31.985000610351562,32.30500030517578,32083800.0
2022-10-19T04:00:00Z,31.885000228881836,32.099998474121094,31.610000610351562,31.885000228881836,25686800.0
2022-10-20T04:00:00Z,31.895000457763672,31.895000457763672,30.93000030517578,31.079999923706055,31037000.0
2022-10-21T04:00:00Z,31.19499969482422,31.889999389648438,30.979999542236328,31.655000686645508,31087200.0
2022-10-24T04:00:00Z,31.825000762939453,32.16999816894531,31.575000762939453,31.920000076293945,20061000.0
2022-10-25T04:00:00Z,32.025001525878906,32.64500045776367,31.950000762939453,32.560001373291016,28403600.0
2022-10-26T04:00:00Z,32.73500061035156,32.900001525878906,32.404998779296875,32.54499816894531,27068800.0
2022-10-27T04:00:00Z,32.779998779296875,33.17499923706055,32.709999084472656,32.80500030517578,24514600.0
2022-10-28T04:00:00Z,32.939998626708984,33.775001525878906,32.89500045776367,33.70500183105469,27185800.0
2022-10-31T04:00:00Z,33.619998931884766,33.7599983215332,33.189998626708984,33.38999938964844,21789600.0
2022-11-01T04:00:00Z,33.59000015258789,33.71500015258789,33.255001068115234,33.52000045776367,21479000.0
2022-11-02T04:00:00Z,33.40999984741211,34.10499954223633,33.18000030517578,33.19499969482422,42680400.0
2022-11-03T04:00:00Z,32.880001068115234,33.6349983215332,32.70000076293945,33.34000015258789,28656400.0
2022-11-04T04:00:00Z,33.40999984741211,33.68000030517578,32.959999084472656,33.54499816894531,24298400.0
2022-11-07T05:00:00Z,33.47999954223633,33.53499984741211,32.3849983215332,32.904998779296875,28592800.0
2022-11-08T05:00:00Z,32.95000076293945,33.34000015258789,32.845001220703125,33.1349983215332,24827800.0
2022-11-09T05:00:00Z,33.0,33.255001068115234,32.810001373291016,32.875,25781800.0
2022-11-10T05:00:00Z,33.8650016784668,34.48500061035156,33.3650016784668,34.42499923706055,35830400.0
2022-11-11T05:00:00Z,34.42499923706055,34.51499938964844,33.71500015258789,34.040000915527344,30624000.0
2022-11-14T05:00:00Z,34.060001373291016,34.244998931884766,33.619998931884766,33.6349983215332,20490600.0
2022-11-15T05:00:00Z,33.9900016784668,34.2400016784668,33.595001220703125,34.005001068115234,27241600.0
2022-11-16T05:00:00Z,34.02000045776367,34.48500061035156,34.02000045776367,34.310001373291016,26462200.0
2022-11-17T05:00:00Z,33.935001373291016,34.029998779296875,33.54499816894531,33.709999084472656,23247200.0
2022-11-18T05:00:00Z,34.025001525878906,34.459999084472656,34.0099983215332,34.42499923706055,23483000.0
2022-11-21T05:00:00Z,34.369998931884766,34.68000030517578,34.345001220703125,34.58000183105469,22876400.0
2022-11-22T05:00:00Z,34.744998931884766,35.09000015258789,34.654998779296875,34.875,14904800.0
2022-11-23T05:00:00Z,34.775001525878906,35.279998779296875,34.775001525878906,35.26499938964844,14333400.0
2022-11-25T05:00:00Z,35.39500045776367,35.58000183105469,35.369998931884766,35.470001220703125,8983000.0
2022-11-28T05:00:00Z,35.224998474121094,35.36000061035156,34.95500183105469,35.10499954223633,18262600.0
2022-11-29T05:00:00Z,34.88999938964844,34.91999816894531,34.63999938964844,34.845001220703125,19004400.0
2022-11-30T05:00:00Z,34.779998779296875,35.790000915527344,34.744998931884766,35.71500015258789,32946400.0
2022-12-01T05:00:00Z,36.064998626708984,36.255001068115234,35.595001220703125,35.685001373291016,30706200.0
2022-12-02T05:00:00Z,35.30500030517578,35.61000061035156,35.15999984741211,35.51499938964844,20708200.0
2022-12-05T05:00:00Z,35.244998931884766,35.45000076293945,35.18000030517578,35.314998626708984,22903000.0
2022-12-06T05:00:00Z,35.26499938964844,35.55500030517578,35.130001068115234,35.53499984741211,25649600.0
2022-12-07T05:00:00Z,35.564998626708984,35.80500030517578,35.2400016784668,35.369998931884766,28297800.0
2022-12-08T05:00:00Z,35.375,35.72999954223633,35.244998931884766,35.599998474121094,19920000.0
2022-12-09T05:00:00Z,35.474998474121094,35.724998474121094,35.380001068115234,35.415000915527344,23837200.0
2022-12-12T05:00:00Z,35.60499954223633,36.23500061035156,35.470001220703125,36.224998474121094,22763800.0
2022-12-13T05:00:00Z,36.73500061035156,36.89500045776367,35.939998626708984,36.334999084472656,27388400.0
2022-12-14T05:00:00Z,36.459999084472656,36.845001220703125,36.025001525878906,36.290000915527344,26637400.0
2022-12-15T05:00:00Z,36.150001525878906,36.209999084472656,35.68000030517578,35.849998474121094,26308000.0
2022-12-16T05:00:00Z,35.58000183105469,35.58000183105469,34.79999923706055,35.2400016784668,39263400.0
2022-12-19T05:00:00Z,34.775001525878906,35.150001525878906,34.59000015258789,34.814998626708984,19664600.0
2022-12-20T05:00:00Z,34.79499816894531,35.01499938964844,34.56999969482422,34.82500076293945,15964000.0
2022-12-21T05:00:00Z,35.03499984741211,35.32500076293945,34.91999816894531,35.310001373291016,16484800.0
2022-12-22T05:00:00Z,35.255001068115234,35.255001068115234,34.51499938964844,35.095001220703125,14103800.0
2022-12-23T05:00:00Z,35.029998779296875,35.47999954223633,35.025001525878906,35.45500183105469,11349400.0
2022-12-27T05:00:00Z,35.53499984741211,35.75,35.310001373291016,35.67499923706055,12211400.0
2022-12-28T05:00:00Z,35.755001068115234,35.904998779296875,35.279998779296875,35.334999084472656,14431200.0
2022-12-29T05:00:00Z,35.5099983215332,35.790000915527344,35.48500061035156,35.59000015258789,11555200.0
2022-12-30T05:00:00Z,35.55500030517578,35.6150016784668,34.91999816894531,35.25,14700200.0
2023-01-03T05:00:00Z,35.349998474121094,35.470001220703125,34.77000045776367,35.25,25774200.0
2023-01-04T05:00:00Z,35.40999984741211,35.88999938964844,35.35499954223633,35.56999969482422,20872600.0
2023-01-05T05:00:00Z,35.29999923706055,35.435001373291016,34.69499969482422,34.79999923706055,19572800.0
2023-01-06T05:00:00Z,35.19499969482422,35.66999816894531,35.14500045776367,35.5,19620400.0
2023-01-09T05:00:00Z,35.494998931884766,36.0099983215332,35.38999938964844,35.7400016784668,23438800.0
2023-01-10T05:00:00Z,35.64500045776367,35.77000045776367,35.33000183105469,35.75,17215000.0
2023-01-11T05:00:00Z,35.75,36.09000015258789,35.744998931884766,36.040000915527344,21371800.0
2023-01-12T05:00:00Z,36.084999084472656,36.1349983215332,35.76499938964844,35.79499816894531,25797800.0
2023-01-13T05:00:00Z,35.64500045776367,35.78499984741211,35.400001525878906,35.665000915527344,23793600.0
2023-01-17T05:00:00Z,35.689998626708984,35.94499969482422,35.55500030517578,35.6150016784668,19530400.0
2023-01-18T05:00:00Z,35.77000045776367,35.77000045776367,34.71500015258789,34.7599983215332,29020400.0
2023-01-19T05:00:00Z,34.744998931884766,34.779998779296875,34.32500076293945,34.40999984741211,28394000.0
2023-01-20T05:00:00Z,34.38999938964844,34.630001068115234,33.91999816894531,34.6150016784668,26621000.0
2023-01-23T05:00:00Z,34.494998931884766,34.959999084472656,34.345001220703125,34.625,19652600.0
2023-01-24T05:00:00Z,34.65999984741211,34.904998779296875,34.21500015258789,34.79999923706055,20658800.0
2023-01-25T05:00:00Z,34.290000915527344,34.40999984741211,33.97999954223633,34.33000183105469,25983000.0
2023-01-26T05:00:00Z,34.150001525878906,34.5,34.084999084472656,34.44499969482422,20360000.0
2023-01-27T05:00:00Z,34.369998931884766,34.595001220703125,34.23500061035156,34.44499969482422,15425800.0
2023-01-30T05:00:00Z,34.31999969482422,34.68000030517578,34.26499938964844,34.290000915527344,15561000.0
2023-01-31T05:00:00Z,34.3849983215332,34.55500030517578,33.97999954223633,34.54499816894531,19442400.0
2023-02-01T05:00:00Z,34.380001068115234,34.849998474121094,34.1349983215332,34.60499954223633,30944600.0
2023-02-02T05:00:00Z,34.625,35.064998626708984,34.35499954223633,34.68000030517578,24997000.0
2023-02-03T05:00:00Z,34.369998931884766,34.505001068115234,33.5,33.95500183105469,25362200.0
2023-02-06T05:00:00Z,33.83000183105469,34.275001525878906,33.77000045776367,34.244998931884766,31414200.0
2023-02-07T05:00:00Z,34.09000015258789,34.34000015258789,33.755001068115234,34.22999954223633,21124400.0
2023-02-08T05:00:00Z,34.029998779296875,34.04499816894531,33.48500061035156,33.654998779296875,22471400.0
2023-02-09T05:00:00Z,33.73500061035156,33.91999816894531,33.13999938964844,33.19499969482422,20715200.0
2023-02-10T05:00:00Z,33.22999954223633,33.8849983215332,33.189998626708984,33.85499954223633,30963400.0
2023-02-13T05:00:00Z,33.869998931884766,34.14500045776367,33.869998931884766,34.060001373291016,16183800.0
2023-02-14T05:00:00Z,34.025001525878906,34.2599983215332,33.73500061035156,33.915000915527344,14150400.0
2023-02-15T05:00:00Z,33.720001220703125,34.15999984741211,33.720001220703125,34.1349983215332,11020000.0
2023-02-16T05:00:00Z,33.79999923706055,34.03499984741211,33.51499938964844,33.875,18399600.0
2023-02-17T05:00:00Z,33.8849983215332,34.400001525878906,33.70500183105469,34.2400016784668,21873200.0
2023-02-21T05:00:00Z,33.9900016784668,34.084999084472656,33.57500076293945,33.599998474121094,16969000.0
2023-02-22T05:00:00Z,33.595001220703125,33.85499954223633,33.380001068115234,33.470001220703125,26750200.0
2023-02-23T05:00:00Z,33.619998931884766,33.619998931884766,33.150001525878906,33.29499816894531,21406600.0
2023-02-24T05:00:00Z,33.005001068115234,33.42499923706055,32.869998931884766,33.30500030517578,23150400.0
2023-02-27T05:00:00Z,33.470001220703125,33.790000915527344,33.0099983215332,33.08000183105469,21720600.0
2023-02-28T05:00:00Z,32.93000030517578,33.09000015258789,32.5,32.5,41151800.0
2023-03-01T05:00:00Z,32.33000183105469,32.36000061035156,31.815000534057617,31.96500015258789,47276000.0
2023-03-02T05:00:00Z,31.920000076293945,32.59000015258789,31.875,32.56999969482422,30688600.0
2023-03-03T05:00:00Z,32.70000076293945,33.14500045776367,32.380001068115234,33.125,30175200.0
2023-03-06T05:00:00Z,33.14500045776367,33.3849983215332,33.099998474121094,33.28499984741211,24243200.0
2023-03-07T05:00:00Z,33.314998626708984,33.400001525878906,32.58000183105469,32.7400016784668,24055200.0
2023-03-08T05:00:00Z,32.72999954223633,33.05500030517578,32.60499954223633,32.9900016784668,27407400.0
2023-03-09T05:00:00Z,33.08000183105469,33.3849983215332,32.6150016784668,32.724998474121094,34067200.0
2023-03-10T05:00:00Z,32.8849983215332,32.8849983215332,32.04499816894531,32.209999084472656,41666400.0
2023-03-13T04:00:00Z,32.16999816894531,33.42499923706055,32.125,32.70500183105469,67671200.0
2023-03-14T04:00:00Z,32.95000076293945,33.404998779296875,32.810001373291016,33.1349983215332,35118400.0
2023-03-15T04:00:00Z,33.040000915527344,33.79999923706055,32.880001068115234,33.584999084472656,48336800.0
2023-03-16T04:00:00Z,33.459999084472656,34.005001068115234,33.33000183105469,33.810001373291016,31646800.0
2023-03-17T04:00:00Z,33.72999954223633,33.79999923706055,33.23500061035156,33.48500061035156,35814600.0
2023-03-20T04:00:00Z,33.290000915527344,33.61000061035156,33.279998779296875,33.5,38838000.0
2023-03-21T04:00:00Z,33.55500030517578,33.595001220703125,32.3849983215332,32.82500076293945,51865000.0
2023-03-22T04:00:00Z,32.779998779296875,32.95500183105469,32.165000915527344,32.18000030517578,35793200.0
2023-03-23T04:00:00Z,32.189998626708984,32.5,31.690000534057617,31.850000381469727,33769000.0
2023-03-24T04:00:00Z,31.885000228881836,32.85499954223633,31.854999542236328,32.845001220703125,36112000.0
2023-03-27T04:00:00Z,32.94499969482422,33.18000030517578,32.79499816894531,32.8849983215332,28273800.0
2023-03-28T04:00:00Z,32.80500030517578,33.32500076293945,32.80500030517578,32.974998474121094,22038800.0
2023-03-29T04:00:00Z,33.150001525878906,33.5099983215332,33.150001525878906,33.45500183105469,19807800.0
2023-03-30T04:00:00Z,33.53499984741211,33.76499938964844,33.40999984741211,33.599998474121094,20585600.0
2023-03-31T04:00:00Z,33.709999084472656,33.86000061035156,33.51499938964844,33.845001220703125,23444000.0
2023-04-03T04:00:00Z,33.720001220703125,33.8650016784668,33.42499923706055,33.6150016784668,24071400.0
2023-04-04T04:00:00Z,33.595001220703125,33.845001220703125,33.505001068115234,33.78499984741211,21613800.0
2023-04-05T04:00:00Z,33.93000030517578,34.755001068115234,33.92499923706055,34.65999984741211,37674400.0
2023-04-06T04:00:00Z,34.939998626708984,34.97999954223633,34.54999923706055,34.904998779296875,33350400.0
2023-04-10T04:00:00Z,34.70500183105469,34.845001220703125,34.36000061035156,34.834999084472656,20463000.0
2023-04-11T04:00:00Z,34.78499984741211,34.96500015258789,34.69499969482422,34.8650016784668,17274000.0
2023-04-12T04:00:00Z,34.93000030517578,35.08000183105469,34.70500183105469,34.83000183105469,25109200.0
2023-04-13T04:00:00Z,34.67499923706055,34.93000030517578,34.17499923706055,34.834999084472656,32892400.0
2023-04-14T04:00:00Z,34.58000183105469,34.650001525878906,34.28499984741211,34.44499969482422,18129400.0
2023-04-17T04:00:00Z,34.505001068115234,34.69499969482422,34.290000915527344,34.6349983215332,15613800.0
2023-04-18T04:00:00Z,34.650001525878906,34.720001220703125,34.32500076293945,34.45500183105469,15566200.0
2023-04-19T04:00:00Z,34.540000915527344,34.82500076293945,34.4900016784668,34.720001220703125,20634600.0
2023-04-20T04:00:00Z,34.75,34.845001220703125,34.505001068115234,34.709999084472656,14737400.0
2023-04-21T04:00:00Z,34.935001373291016,35.05500030517578,34.60499954223633,34.810001373291016,14075600.0
2023-04-24T04:00:00Z,34.79999923706055,35.04499816894531,34.59000015258789,34.98500061035156,13579000.0
2023-04-25T04:00:00Z,34.85499954223633,35.13999938964844,34.845001220703125,34.95000076293945,20503200.0
2023-04-26T04:00:00Z,34.68000030517578,34.790000915527344,34.09000015258789,34.130001068115234,29513800.0
2023-04-27T04:00:00Z,34.22999954223633,34.56999969482422,34.20000076293945,34.540000915527344,24933400.0
2023-04-28T04:00:00Z,34.439998626708984,34.69499969482422,34.275001525878906,34.4900016784668,24246800.0
2023-05-01T04:00:00Z,34.40999984741211,34.8849983215332,34.380001068115234,34.54999923706055,21016200.0
2023-05-02T04:00:00Z,34.52000045776367,34.61000061035156,33.935001373291016,34.130001068115234,22931000.0
2023-05-03T04:00:00Z,34.31999969482422,34.525001525878906,33.994998931884766,34.03499984741211,23714400.0
2023-05-04T04:00:00Z,34.095001220703125,34.43000030517578,33.775001525878906,34.29499816894531,29262200.0
2023-05-05T04:00:00Z,34.18000030517578,34.599998474121094,34.18000030517578,34.51499938964844,22833200.0
2023-05-08T04:00:00Z,34.47999954223633,34.72999954223633,34.29499816894531,34.40999984741211,16573400.0
2023-05-09T04:00:00Z,34.33000183105469,34.45500183105469,34.119998931884766,34.3650016784668,20562200.0
2023-05-10T04:00:00Z,34.58000183105469,34.77000045776367,34.33000183105469,34.68000030517578,21416600.0
2023-05-11T04:00:00Z,34.70000076293945,34.709999084472656,34.165000915527344,34.32500076293945,29748200.0
2023-05-12T04:00:00Z,34.51499938964844,34.73500061035156,34.310001373291016,34.51499938964844,23748200.0
2023-05-15T04:00:00Z,34.64500045776367,34.69499969482422,33.939998626708984,34.08000183105469,26370200.0
2023-05-16T04:00:00Z,34.040000915527344,34.10499954223633,33.30500030517578,33.32500076293945,28008000.0
2023-05-17T04:00:00Z,33.43000030517578,33.439998626708984,33.064998626708984,33.20500183105469,34176600.0
2023-05-18T04:00:00Z,33.04999923706055,33.13999938964844,32.814998626708984,33.10499954223633,32335600.0
2023-05-19T04:00:00Z,33.2599983215332,33.44499969482422,33.03499984741211,33.05500030517578,24945000.0
2023-05-22T04:00:00Z,33.13999938964844,33.310001373291016,32.94499969482422,33.064998626708984,18989400.0
2023-05-23T04:00:00Z,32.939998626708984,33.275001525878906,32.86000061035156,32.95000076293945,24128000.0
2023-05-24T04:00:00Z,32.904998779296875,33.025001525878906,32.68000030517578,32.73500061035156,23127600.0
2023-05-25T04:00:00Z,32.67499923706055,32.689998626708984,32.064998626708984,32.29499816894531,32252200.0
2023-05-26T04:00:00Z,32.244998931884766,32.31999969482422,31.96500015258789,32.29499816894531,33187800.0
2023-05-30T04:00:00Z,32.349998474121094,32.51499938964844,32.119998931884766,32.16999816894531,31165800.0
2023-05-31T04:00:00Z,32.185001373291016,32.61000061035156,31.979999542236328,32.46500015258789,34266200.0
2023-06-01T04:00:00Z,32.525001525878906,32.56999969482422,32.025001525878906,32.224998474121094,37306400.0
2023-06-02T04:00:00Z,32.060001373291016,32.685001373291016,31.985000610351562,32.560001373291016,46091600.0
2023-06-05T04:00:00Z,32.630001068115234,33.06999969482422,32.560001373291016,32.71500015258789,24089000.0
2023-06-06T04:00:00Z,32.8650016784668,32.91999816894531,32.599998474121094,32.689998626708984,25723200.0
2023-06-07T04:00:00Z,32.71500015258789,33.32500076293945,32.51499938964844,33.244998931884766,38529600.0
2023-06-08T04:00:00Z,33.23500061035156,33.439998626708984,32.98500061035156,33.38999938964844,29318200.0
2023-06-09T04:00:00Z,33.400001525878906,33.42499923706055,33.17499923706055,33.19499969482422,26632600.0
2023-06-12T04:00:00Z,33.220001220703125,33.310001373291016,33.0,33.1349983215332,22967400.0
2023-06-13T04:00:00Z,32.935001373291016,33.244998931884766,32.880001068115234,33.130001068115234,23737200.0
2023-06-14T04:00:00Z,33.25,33.505001068115234,33.04499816894531,33.11000061035156,28047200.0
2023-06-15T04:00:00Z,33.23500061035156,33.54999923706055,33.165000915527344,33.470001220703125,27402400.0
2023-06-16T04:00:00Z,33.54999923706055,33.91999816894531,33.525001525878906,33.650001525878906,27370800.0
2023-06-20T04:00:00Z,33.28499984741211,33.35499954223633,32.95500183105469,32.9900016784668,25850800.0
2023-06-21T04:00:00Z,32.875,33.290000915527344,32.51499938964844,33.255001068115234,21445400.0
2023-06-22T04:00:00Z,33.380001068115234,33.44499969482422,32.904998779296875,33.0,20000800.0
2023-06-23T04:00:00Z,33.095001220703125,33.209999084472656,32.470001220703125,32.51499938964844,25439200.0
2023-06-26T04:00:00Z,32.56999969482422,32.935001373291016,32.44499969482422,32.834999084472656,20535200.0
2023-06-27T04:00:00Z,32.86000061035156,32.959999084472656,32.7400016784668,32.845001220703125,17020800.0
2023-06-28T04:00:00Z,32.834999084472656,32.834999084472656,32.275001525878906,32.36000061035156,29447600.0
2023-06-29T04:00:00Z,32.10499954223633,32.540000915527344,32.03499984741211,32.36000061035156,29307800.0
2023-06-30T04:00:00Z,32.404998779296875,32.755001068115234,32.38999938964844,32.720001220703125,27858600.0
2023-07-03T04:00:00Z,32.650001525878906,32.97999954223633,32.540000915527344,32.96500015258789,16329200.0
2023-07-05T04:00:00Z,32.849998474121094,33.59000015258789,32.80500030517578,33.34000015258789,38338000.0
2023-07-06T04:00:00Z,33.07500076293945,33.16999816894531,32.755001068115234,32.935001373291016,30845600.0
2023-07-07T04:00:00Z,32.720001220703125,32.92499923706055,32.61000061035156,32.69499969482422,25787600.0
2023-07-10T04:00:00Z,32.63999938964844,32.75,32.29499816894531,32.55500030517578,24820200.0
2023-07-11T04:00:00Z,32.619998931884766,32.970001220703125,32.5,32.959999084472656,22871800.0
2023-07-12T04:00:00Z,33.060001373291016,33.47999954223633,33.0,33.439998626708984,26655000.0
2023-07-13T04:00:00Z,33.439998626708984,33.564998626708984,33.31999969482422,33.55500030517578,19835400.0
2023-07-14T04:00:00Z,33.470001220703125,33.56999969482422,33.23500061035156,33.42499923706055,20285600.0
2023-07-17T04:00:00Z,33.314998626708984,33.38999938964844,33.025001525878906,33.040000915527344,21260800.0
2023-07-18T04:00:00Z,33.0099983215332,33.29499816894531,32.494998931884766,32.78499984741211,36264600.0
2023-07-19T04:00:00Z,32.810001373291016,33.314998626708984,32.810001373291016,33.119998931884766,27154000.0
2023-07-20T04:00:00Z,33.209999084472656,33.775001525878906,33.040000915527344,33.724998474121094,33329000.0
2023-07-21T04:00:00Z,33.86000061035156,34.3650016784668,33.79999923706055,34.22999954223633,36746000.0
2023-07-24T04:00:00Z,34.279998779296875,34.34000015258789,33.97999954223633,34.13999938964844,26484600.0
2023-07-25T04:00:00Z,34.099998474121094,34.30500030517578,33.994998931884766,34.20000076293945,16701600.0
2023-07-26T04:00:00Z,34.11000061035156,34.58000183105469,34.040000915527344,34.20000076293945,23158200.0
2023-07-27T04:00:00Z,34.064998626708984,34.209999084472656,33.525001525878906,33.595001220703125,32130200.0
2023-07-28T04:00:00Z,33.814998626708984,33.95000076293945,33.35499954223633,33.52000045776367,26432200.0
2023-07-31T04:00:00Z,33.654998779296875,33.790000915527344,33.380001068115234,33.53499984741211,25047000.0
2023-08-01T04:00:00Z,33.494998931884766,33.66999816894531,33.10499954223633,33.125,26919600.0
2023-08-02T04:00:00Z,32.9900016784668,33.279998779296875,32.935001373291016,33.125,30335000.0
2023-08-03T04:00:00Z,33.025001525878906,33.04999923706055,32.34000015258789,32.369998931884766,41266400.0
2023-08-04T04:00:00Z,32.45500183105469,32.665000915527344,31.854999542236328,31.9950008392334,36497800.0
2023-08-07T04:00:00Z,32.1150016784668,32.26499938964844,31.979999542236328,31.989999771118164,25131800.0
2023-08-08T04:00:00Z,31.985000610351562,32.154998779296875,31.690000534057617,32.13999938964844,30350200.0
2023-08-09T04:00:00Z,32.125,32.494998931884766,32.06999969482422,32.209999084472656,26387400.0
2023-08-10T04:00:00Z,32.34000015258789,32.53499984741211,32.01499938964844,32.11000061035156,27384400.0
2023-08-11T04:00:00Z,32.13999938964844,32.33000183105469,32.040000915527344,32.28499984741211,24336200.0
2023-08-14T04:00:00Z,32.26499938964844,32.28499984741211,31.889999389648438,32.029998779296875,21549600.0
2023-08-15T04:00:00Z,31.844999313354492,31.860000610351562,31.489999771118164,31.510000228881836,30379000.0
2023-08-16T04:00:00Z,31.645000457763672,31.790000915527344,31.524999618530273,31.649999618530273,25028400.0
2023-08-17T04:00:00Z,31.684999465942383,31.9950008392334,31.565000534057617,31.579999923706055,23752800.0
2023-08-18T04:00:00Z,31.575000762939453,31.81999969482422,31.545000076293945,31.7450008392334,25675600.0
2023-08-21T04:00:00Z,31.649999618530273,31.735000610351562,31.295000076293945,31.545000076293945,24162000.0
2023-08-22T04:00:00Z,31.524999618530273,31.725000381469727,31.405000686645508,31.635000228881836,27057800.0
2023-08-23T04:00:00Z,31.80500030517578,31.84000015258789,31.540000915527344,31.760000228881836,26772000.0
2023-08-24T04:00:00Z,31.704999923706055,32.13999938964844,31.545000076293945,31.575000762939453,25933800.0
2023-08-25T04:00:00Z,31.6200008392334,31.975000381469727,31.600000381469727,31.815000534057617,24981000.0
2023-08-28T04:00:00Z,31.8700008392334,32.04499816894531,31.7450008392334,31.809999465942383,17326400.0
2023-08-29T04:00:00Z,31.850000381469727,32.025001525878906,31.719999313354492,31.93000030517578,23746200.0
2023-08-30T04:00:00Z,31.825000762939453,32.03499984741211,31.665000915527344,31.78499984741211,22480800.0
2023-08-31T04:00:00Z,31.90999984741211,31.940000534057617,31.469999313354492,31.479999542236328,27542200.0
2023-09-01T04:00:00Z,31.645000457763672,31.7549991607666,31.075000762939453,31.31999969482422,28775400.0
2023-09-05T04:00:00Z,31.299999237060547,31.31999969482422,30.670000076293945,30.84000015258789,37650600.0
2023-09-06T04:00:00Z,30.885000228881836,30.94499969482422,30.709999084472656,30.90999984741211,38940200.0
2023-09-07T04:00:00Z,31.174999237060547,31.565000534057617,31.094999313354492,31.315000534057617,33748600.0
2023-09-08T04:00:00Z,31.3700008392334,31.645000457763672,31.270000457763672,31.59000015258789,32521400.0
2023-09-11T04:00:00Z,31.55500030517578,31.885000228881836,31.545000076293945,31.719999313354492,27023600.0
2023-09-12T04:00:00Z,31.71500015258789,31.850000381469727,31.5049991607666,31.760000228881836,22094800.0
2023-09-13T04:00:00Z,31.774999618530273,32.28499984741211,31.774999618530273,32.13999938964844,30120800.0
2023-09-14T04:00:00Z,32.34000015258789,32.630001068115234,32.29499816894531,32.61000061035156,26201000.0
2023-09-15T04:00:00Z,32.55500030517578,32.80500030517578,32.435001373291016,32.470001220703125,34802000.0
2023-09-18T04:00:00Z,32.22999954223633,32.290000915527344,31.959999084472656,32.185001373291016,19135000.0
2023-09-19T04:00:00Z,32.15999984741211,32.275001525878906,32.0,32.0099983215332,24889000.0
2023-09-20T04:00:00Z,32.13999938964844,32.375,31.94499969482422,32.040000915527344,18736000.0
2023-09-21T04:00:00Z,32.01499938964844,32.07500076293945,31.690000534057617,31.704999923706055,25628600.0
2023-09-22T04:00:00Z,31.565000534057617,31.854999542236328,31.434999465942383,31.645000457763672,24595400.0
2023-09-25T04:00:00Z,31.459999084472656,31.625,31.270000457763672,31.600000381469727,24729800.0
2023-09-26T04:00:00Z,31.469999313354492,31.5049991607666,30.56999969482422,30.655000686645508,46833400.0
2023-09-27T04:00:00Z,30.594999313354492,30.670000076293945,29.985000610351562,30.065000534057617,52042200.0
2023-09-28T04:00:00Z,30.18000030517578,30.239999771118164,29.3700008392334,29.415000915527344,77189800.0
2023-09-29T04:00:00Z,29.670000076293945,29.90999984741211,29.30500030517578,29.46500015258789,45737800.0
2023-10-02T04:00:00Z,29.295000076293945,29.295000076293945,27.760000228881836,28.094999313354492,111645400.0
2023-10-03T04:00:00Z,27.875,28.514999389648438,27.46500015258789,28.420000076293945,115236400.0
2023-10-04T04:00:00Z,28.565000534057617,28.6200008392334,27.94499969482422,28.389999389648438,58997200.0
2023-10-05T04:00:00Z,28.315000534057617,28.399999618530273,27.950000762939453,28.225000381469727,56290000.0
2023-10-06T04:00:00Z,27.875,28.69499969482422,27.385000228881836,28.625,68207400.0
2023-10-09T04:00:00Z,28.575000762939453,28.90999984741211,28.454999923706055,28.90999984741211,40487600.0
2023-10-10T04:00:00Z,28.90999984741211,29.31999969482422,28.90999984741211,29.30500030517578,61414400.0
2023-10-11T04:00:00Z,29.469999313354492,29.80500030517578,29.260000228881836,29.780000686645508,53347400.0
2023-10-12T04:00:00Z,29.6299991607666,29.80500030517578,29.05500030517578,29.31999969482422,55086600.0
2023-10-13T04:00:00Z,29.514999389648438,29.84000015258789,29.440000534057617,29.649999618530273,39568800.0
2023-10-16T04:00:00Z,29.709999084472656,30.065000534057617,29.479999542236328,29.954999923706055,39554800.0
2023-10-17T04:00:00Z,29.700000762939453,30.065000534057617,29.655000686645508,29.875,36960400.0
2023-10-18T04:00:00Z,29.844999313354492,30.024999618530273,29.424999237060547,29.614999771118164,46727000.0
2023-10-19T04:00:00Z,29.520000457763672,29.795000076293945,29.299999237060547,29.31999969482422,39363800.0
2023-10-20T04:00:00Z,29.25,29.53499984741211,29.010000228881836,29.014999389648438,40044800.0
2023-10-23T04:00:00Z,28.75,29.184999465942383,28.520000457763672,28.770000457763672,41041200.0
2023-10-24T04:00:00Z,29.204999923706055,29.6299991607666,29.114999771118164,29.510000228881836,47194400.0
2023-10-25T04:00:00Z,29.459999084472656,29.735000610351562,29.34000015258789,29.674999237060547,41309400.0
2023-10-26T04:00:00Z,29.7549991607666,30.19499969482422,29.7450008392334,29.93000030517578,47174600.0
2023-10-27T04:00:00Z,29.799999237060547,29.969999313354492,29.274999618530273,29.364999771118164,40502400.0
2023-10-30T04:00:00Z,29.489999771118164,29.78499984741211,29.264999389648438,29.59000015258789,28539200.0
2023-10-31T04:00:00Z,29.709999084472656,29.875,29.5,29.844999313354492,21364600.0
2023-11-01T04:00:00Z,29.885000228881836,30.364999771118164,29.594999313354492,30.184999465942383,46523000.0
2023-11-02T04:00:00Z,30.25,30.90999984741211,30.200000762939453,30.75,51100200.0
2023-11-03T04:00:00Z,31.28499984741211,31.325000762939453,30.920000076293945,30.93000030517578,45147200.0
2023-11-06T05:00:00Z,30.985000610351562,31.084999084472656,30.81999969482422,30.850000381469727,38240000.0
2023-11-07T05:00:00Z,30.864999771118164,30.905000686645508,30.575000762939453,30.625,37684600.0
2023-11-08T05:00:00Z,30.4950008392334,30.5049991607666,30.059999465942383,30.399999618530273,43295600.0
2023-11-09T05:00:00Z,30.454999923706055,30.549999237060547,29.985000610351562,30.0,32195600.0
2023-11-10T05:00:00Z,30.135000228881836,30.2450008392334,29.959999084472656,30.15999984741211,28030200.0
2023-11-13T05:00:00Z,30.094999313354492,30.165000915527344,29.7549991607666,29.799999237060547,31159600.0
2023-11-14T05:00:00Z,30.469999313354492,31.014999389648438,30.40999984741211,30.989999771118164,57318200.0
2023-11-15T05:00:00Z,30.905000686645508,31.344999313354492,30.825000762939453,30.895000457763672,49662800.0
2023-11-16T05:00:00Z,31.149999618530273,31.309999465942383,31.03499984741211,31.059999465942383,34650400.0
2023-11-17T05:00:00Z,31.229999542236328,31.264999389648438,30.975000381469727,31.145000457763672,23879000.0
2023-11-20T05:00:00Z,31.0,31.170000076293945,30.639999389648438,31.049999237060547,28316600.0
2023-11-21T05:00:00Z,31.024999618530273,31.18000030517578,30.825000762939453,31.114999771118164,20288400.0
2023-11-22T05:00:00Z,31.225000381469727,31.274999618530273,30.969999313354492,31.264999389648438,17919600.0
2023-11-24T05:00:00Z,31.260000228881836,31.350000381469727,31.139999389648438,31.344999313354492,9798600.0
2023-11-27T05:00:00Z,31.3700008392334,31.459999084472656,31.145000457763672,31.395000457763672,24833200.0
2023-11-28T05:00:00Z,31.399999618530273,31.725000381469727,31.274999618530273,31.4950008392334,29415200.0
2023-11-29T05:00:00Z,31.5049991607666,31.6299991607666,31.135000228881836,31.2450008392334,35806400.0
2023-11-30T05:00:00Z,31.334999084472656,31.420000076293945,31.1200008392334,31.3799991607666,30483600.0
2023-12-01T05:00:00Z,31.395000457763672,31.770000457763672,31.190000534057617,31.764999389648438,29342800.0
2023-12-04T05:00:00Z,31.614999771118164,31.905000686645508,31.479999542236328,31.639999389648438,30515800.0
2023-12-05T05:00:00Z,31.670000076293945,31.674999237060547,31.290000915527344,31.415000915527344,22536600.0
2023-12-06T05:00:00Z,31.55500030517578,31.844999313354492,31.510000228881836,31.834999084472656,26817800.0
2023-12-07T05:00:00Z,31.8799991607666,31.9950008392334,31.6200008392334,31.764999389648438,21876600.0
2023-12-08T05:00:00Z,31.71500015258789,31.850000381469727,31.469999313354492,31.704999923706055,24002800.0
2023-12-11T05:00:00Z,31.540000915527344,31.950000762939453,31.540000915527344,31.90999984741211,22448800.0
2023-12-12T05:00:00Z,31.954999923706055,31.969999313354492,31.53499984741211,31.780000686645508,21768200.0
2023-12-13T05:00:00Z,31.815000534057617,32.97999954223633,31.645000457763672,32.97999954223633,43452000.0
2023-12-14T05:00:00Z,33.18000030517578,33.349998474121094,32.48500061035156,32.54999923706055,64968200.0
2023-12-15T05:00:00Z,32.224998474121094,32.38999938964844,31.75,31.985000610351562,53129000.0
2023-12-18T05:00:00Z,31.774999618530273,31.954999923706055,31.549999237060547,31.614999771118164,32507000.0
2023-12-19T05:00:00Z,31.725000381469727,31.834999084472656,31.59000015258789,31.795000076293945,25377800.0
2023-12-20T05:00:00Z,31.7549991607666,31.844999313354492,31.145000457763672,31.149999618530273,36651800.0
2023-12-21T05:00:00Z,31.2549991607666,31.420000076293945,30.985000610351562,31.204999923706055,31753600.0
2023-12-22T05:00:00Z,31.31999969482422,31.6200008392334,31.25,31.309999465942383,26447400.0
2023-12-26T05:00:00Z,31.260000228881836,31.6200008392334,31.25,31.5,19075000.0
2023-12-27T05:00:00Z,31.440000534057617,31.540000915527344,31.31999969482422,31.479999542236328,18984400.0
2023-12-28T05:00:00Z,31.3799991607666,31.75,31.3799991607666,31.704999923706055,17346400.0
2023-12-29T05:00:00Z,31.635000228881836,31.729999542236328,31.454999923706055,31.665000915527344,22478000.0
2024-01-02T05:00:00Z,31.530000686645508,32.20000076293945,31.46500015258789,32.125,30758600.0
2024-01-03T05:00:00Z,32.1150016784668,32.30500030517578,31.895000457763672,32.244998931884766,32866400.0
2024-01-04T05:00:00Z,32.279998779296875,32.45000076293945,32.10499954223633,32.14500045776367,26622400.0
2024-01-05T05:00:00Z,32.099998474121094,32.41999816894531,31.954999923706055,32.26499938964844,27190400.0
2024-01-08T05:00:00Z,32.19499969482422,32.5099983215332,32.095001220703125,32.5,23434400.0
2024-01-09T05:00:00Z,32.33000183105469,32.380001068115234,32.165000915527344,32.23500061035156,28805400.0
2024-01-10T05:00:00Z,32.23500061035156,32.380001068115234,32.1150016784668,32.22999954223633,21853800.0
2024-01-11T05:00:00Z,32.125,32.130001068115234,31.3799991607666,31.479999542236328,44353600.0
2024-01-12T05:00:00Z,31.690000534057617,31.790000915527344,31.53499984741211,31.65999984741211,19537400.0
2024-01-16T05:00:00Z,31.5049991607666,31.59000015258789,31.239999771118164,31.315000534057617,30454000.0
2024-01-17T05:00:00Z,31.135000228881836,31.420000076293945,30.625,30.860000610351562,39178000.0
2024-01-18T05:00:00Z,30.704999923706055,30.735000610351562,30.354999542236328,30.530000686645508,39464000.0
2024-01-19T05:00:00Z,30.559999465942383,30.610000610351562,30.295000076293945,30.489999771118164,28257600.0
2024-01-22T05:00:00Z,30.479999542236328,30.704999923706055,30.204999923706055,30.334999084472656,41676200.0
2024-01-23T05:00:00Z,30.344999313354492,30.485000610351562,30.209999084472656,30.389999389648438,41100200.0
2024-01-24T05:00:00Z,30.600000381469727,30.649999618530273,29.93000030517578,29.975000381469727,50878200.0
2024-01-25T05:00:00Z,30.375,30.520000457763672,30.09000015258789,30.514999389648438,50516800.0
2024-01-26T05:00:00Z,30.594999313354492,30.719999313354492,30.5049991607666,30.604999542236328,36653200.0
2024-01-29T05:00:00Z,30.625,30.920000076293945,30.44499969482422,30.799999237060547,26054400.0
2024-01-30T05:00:00Z,30.725000381469727,30.975000381469727,30.524999618530273,30.790000915527344,36109000.0
2024-01-31T05:00:00Z,31.045000076293945,31.18000030517578,30.549999237060547,30.725000381469727,59642400.0
2024-02-01T05:00:00Z,30.594999313354492,31.309999465942383,30.454999923706055,31.309999465942383,51507200.0
2024-02-02T05:00:00Z,30.954999923706055,31.045000076293945,30.530000686645508,30.7450008392334,51839600.0
2024-02-05T05:00:00Z,30.44499969482422,30.46500015258789,30.09000015258789,30.104999542236328,39895000.0
2024-02-06T05:00:00Z,30.09000015258789,30.315000534057617,29.9950008392334,30.21500015258789,27557000.0
2024-02-07T05:00:00Z,30.334999084472656,30.399999618530273,30.075000762939453,30.235000610351562,23748600.0
2024-02-08T05:00:00Z,30.100000381469727,30.165000915527344,29.760000228881836,30.020000457763672,41755400.0
2024-02-09T05:00:00Z,29.934999465942383,30.165000915527344,29.875,30.135000228881836,29647800.0
2024-02-12T05:00:00Z,30.135000228881836,30.510000228881836,30.059999465942383,30.485000610351562,25219000.0
2024-02-13T05:00:00Z,30.315000534057617,30.469999313354492,29.56999969482422,29.979999542236328,45402200.0
2024-02-14T05:00:00Z,30.09000015258789,30.21500015258789,29.920000076293945,30.145000457763672,34871800.0
2024-02-15T05:00:00Z,30.239999771118164,30.674999237060547,30.239999771118164,30.649999618530273,34680800.0
2024-02-16T05:00:00Z,30.5,30.760000228881836,30.315000534057617,30.614999771118164,29914200.0
2024-02-20T05:00:00Z,30.559999465942383,30.94499969482422,30.530000686645508,30.594999313354492,22764000.0
2024-02-21T05:00:00Z,30.795000076293945,31.040000915527344,30.645000457763672,31.0,31565000.0
2024-02-22T05:00:00Z,30.7549991607666,30.889999389648438,30.524999618530273,30.760000228881836,31841600.0
2024-02-23T05:00:00Z,30.825000762939453,31.125,30.75,30.979999542236328,24572800.0
2024-02-26T05:00:00Z,30.829999923706055,30.850000381469727,30.315000534057617,30.3700008392334,25587000.0
2024-02-27T05:00:00Z,30.549999237060547,30.954999923706055,30.424999237060547,30.94499969482422,27487600.0
2024-02-28T05:00:00Z,30.90999984741211,31.084999084472656,30.84000015258789,31.040000915527344,22983600.0
2024-02-29T05:00:00Z,31.15999984741211,31.309999465942383,30.905000686645508,31.049999237060547,30675400.0
2024-03-01T05:00:00Z,30.954999923706055,30.959999084472656,30.479999542236328,30.860000610351562,42511000.0
2024-03-04T05:00:00Z,30.71500015258789,31.424999237060547,30.71500015258789,31.3799991607666,33020800.0
2024-03-05T05:00:00Z,31.475000381469727,31.985000610351562,31.15999984741211,31.290000915527344,49602800.0
2024-03-06T05:00:00Z,31.514999389648438,31.75,31.44499969482422,31.59000015258789,32652200.0
2024-03-07T05:00:00Z,31.850000381469727,31.93000030517578,31.735000610351562,31.795000076293945,21384200.0
2024-03-08T05:00:00Z,31.885000228881836,31.969999313354492,31.610000610351562,31.875,27511600.0
2024-03-11T04:00:00Z,31.829999923706055,32.10499954223633,31.709999084472656,32.03499984741211,20968200.0
2024-03-12T04:00:00Z,31.969999313354492,31.985000610351562,31.524999618530273,31.725000381469727,29489000.0
2024-03-13T04:00:00Z,31.975000381469727,32.224998474121094,31.8700008392334,31.940000534057617,25877800.0
2024-03-14T04:00:00Z,31.8700008392334,31.9950008392334,31.459999084472656,31.684999465942383,31869800.0
2024-03-15T04:00:00Z,31.584999084472656,31.899999618530273,31.55500030517578,31.729999542236328,35445000.0
2024-03-18T04:00:00Z,31.510000228881836,31.815000534057617,31.325000762939453,31.614999771118164,26843800.0
2024-03-19T04:00:00Z,31.690000534057617,31.924999237060547,31.600000381469727,31.895000457763672,19985400.0
2024-03-20T04:00:00Z,31.84000015258789,32.099998474121094,31.7549991607666,31.934999465942383,32620800.0
2024-03-21T04:00:00Z,32.02000045776367,32.23500061035156,31.8700008392334,31.885000228881836,40327800.0
2024-03-22T04:00:00Z,32.084999084472656,32.14500045776367,31.889999389648438,31.93000030517578,21059400.0
2024-03-25T04:00:00Z,32.02000045776367,32.099998474121094,31.885000228881836,32.08000183105469,23194200.0
2024-03-26T04:00:00Z,32.1150016784668,32.209999084472656,31.690000534057617,31.71500015258789,29830400.0
2024-03-27T04:00:00Z,31.950000762939453,32.599998474121094,31.915000915527344,32.599998474121094,34600400.0
2024-03-28T04:00:00Z,32.595001220703125,32.880001068115234,32.5099983215332,32.82500076293945,27492200.0
2024-04-01T04:00:00Z,32.83000183105469,32.8650016784668,32.415000915527344,32.625,22702600.0
2024-04-02T04:00:00Z,32.54999923706055,32.869998931884766,32.53499984741211,32.68000030517578,30212400.0
2024-04-03T04:00:00Z,32.67499923706055,32.76499938964844,32.43000030517578,32.54999923706055,26574200.0
2024-04-04T04:00:00Z,32.80500030517578,32.900001525878906,32.26499938964844,32.48500061035156,29356800.0
2024-04-05T04:00:00Z,32.275001525878906,32.665000915527344,32.119998931884766,32.58000183105469,32322400.0
2024-04-08T04:00:00Z,32.584999084472656,32.849998474121094,32.540000915527344,32.79499816894531,20142600.0
2024-04-09T04:00:00Z,32.8650016784668,33.040000915527344,32.77000045776367,32.974998474121094,24024200.0
2024-04-10T04:00:00Z,32.314998626708984,32.53499984741211,32.125,32.40999984741211,38280600.0
2024-04-11T04:00:00Z,32.595001220703125,32.6349983215332,32.125,32.345001220703125,25621200.0
2024-04-12T04:00:00Z,32.404998779296875,32.5,31.94499969482422,32.099998474121094,39844800.0
2024-04-15T04:00:00Z,32.31999969482422,32.45500183105469,31.684999465942383,31.80500030517578,29407800.0
2024-04-16T04:00:00Z,31.704999923706055,31.739999771118164,31.274999618530273,31.385000228881836,32907600.0
2024-04-17T04:00:00Z,31.59000015258789,32.119998931884766,31.530000686645508,32.040000915527344,28152800.0
2024-04-18T04:00:00Z,32.150001525878906,32.33000183105469,31.915000915527344,32.220001220703125,22288600.0
2024-04-19T04:00:00Z,32.30500030517578,32.78499984741211,32.27000045776367,32.71500015258789,37004600.0
2024-04-22T04:00:00Z,32.73500061035156,33.10499954223633,32.5099983215332,33.01499938964844,23458600.0
2024-04-23T04:00:00Z,33.0,33.380001068115234,32.91999816894531,33.16999816894531,22338000.0
2024-04-24T04:00:00Z,32.869998931884766,33.47999954223633,32.70500183105469,33.369998931884766,26127000.0
2024-04-25T04:00:00Z,33.290000915527344,33.595001220703125,33.0,33.459999084472656,31562400.0
2024-04-26T04:00:00Z,33.459999084472656,33.505001068115234,33.08000183105469,33.095001220703125,24547400.0
2024-04-29T04:00:00Z,33.32500076293945,33.60499954223633,33.29499816894531,33.54499816894531,29368200.0
2024-04-30T04:00:00Z,33.36000061035156,33.630001068115234,33.13999938964844,33.369998931884766,29724800.0
2024-05-01T04:00:00Z,33.3650016784668,34.060001373291016,33.23500061035156,33.755001068115234,42371800.0
2024-05-02T04:00:00Z,33.89500045776367,34.02000045776367,33.625,33.935001373291016,28609400.0
2024-05-03T04:00:00Z,34.20000076293945,34.314998626708984,33.900001525878906,34.20500183105469,29817000.0
2024-05-06T04:00:00Z,34.310001373291016,34.415000915527344,34.099998474121094,34.380001068115234,21221400.0
2024-05-07T04:00:00Z,34.525001525878906,34.79999923706055,34.45000076293945,34.77000045776367,28808200.0
2024-05-08T04:00:00Z,34.69499969482422,35.154998779296875,34.61000061035156,35.1349983215332,27708200.0
2024-05-09T04:00:00Z,35.11000061035156,35.70500183105469,35.03499984741211,35.66999816894531,48549200.0
2024-05-10T04:00:00Z,35.869998931884766,35.92499923706055,35.53499984741211,35.6349983215332,39129200.0
2024-05-13T04:00:00Z,35.755001068115234,35.93000030517578,35.564998626708984,35.6349983215332,21219200.0
2024-05-14T04:00:00Z,35.790000915527344,35.84000015258789,35.529998779296875,35.72999954223633,23566400.0
2024-05-15T04:00:00Z,36.099998474121094,36.3650016784668,36.040000915527344,36.26499938964844,29176600.0
2024-05-16T04:00:00Z,36.28499984741211,36.45500183105469,36.084999084472656,36.13999938964844,25322400.0
2024-05-17T04:00:00Z,36.095001220703125,36.255001068115234,35.970001220703125,36.16999816894531,21715600.0
2024-05-20T04:00:00Z,36.25,36.25,36.029998779296875,36.11000061035156,13830400.0
2024-05-21T04:00:00Z,36.09000015258789,36.45000076293945,36.08000183105469,36.435001373291016,16263400.0
2024-05-22T04:00:00Z,36.23500061035156,36.36000061035156,35.970001220703125,36.005001068115234,21128800.0
2024-05-23T04:00:00Z,35.95000076293945,35.95000076293945,35.375,35.39500045776367,28718600.0
2024-05-24T04:00:00Z,35.48500061035156,35.88999938964844,35.41999816894531,35.75,16366800.0
2024-05-28T04:00:00Z,35.78499984741211,35.93000030517578,35.63999938964844,35.71500015258789,17765200.0
2024-05-29T04:00:00Z,35.404998779296875,35.45000076293945,35.125,35.255001068115234,28118600.0
2024-05-30T04:00:00Z,35.369998931884766,35.755001068115234,35.30500030517578,35.72999954223633,18129600.0
2024-05-31T04:00:00Z,35.849998474121094,36.39500045776367,35.69499969482422,36.36000061035156,24777600.0
2024-06-03T04:00:00Z,36.29999923706055,36.334999084472656,35.814998626708984,35.94499969482422,36915800.0
2024-06-04T04:00:00Z,35.85499954223633,36.05500030517578,35.53499984741211,35.93000030517578,29419600.0
2024-06-05T04:00:00Z,35.88999938964844,35.91999816894531,35.665000915527344,35.724998474121094,17920400.0
2024-06-06T04:00:00Z,35.64500045776367,35.85499954223633,35.30500030517578,35.35499954223633,18184800.0
2024-06-07T04:00:00Z,35.04999923706055,35.33000183105469,34.959999084472656,34.970001220703125,16286800.0
2024-06-10T04:00:00Z,34.96500015258789,35.47999954223633,34.875,35.41999816894531,19591400.0
2024-06-11T04:00:00Z,35.119998931884766,35.255001068115234,34.904998779296875,35.20500183105469,22694800.0
2024-06-12T04:00:00Z,35.650001525878906,35.654998779296875,34.86000061035156,34.974998474121094,24912200.0
2024-06-13T04:00:00Z,35.029998779296875,35.185001373291016,34.689998626708984,35.05500030517578,22974000.0
2024-06-14T04:00:00Z,34.849998474121094,35.01499938964844,34.70500183105469,34.970001220703125,20280600.0
2024-06-17T04:00:00Z,34.78499984741211,34.8650016784668,34.54999923706055,34.584999084472656,21026400.0
2024-06-18T04:00:00Z,34.30500030517578,34.61000061035156,34.275001525878906,34.599998474121094,24573600.0
2024-06-20T04:00:00Z,34.709999084472656,34.970001220703125,34.595001220703125,34.900001525878906,27948000.0
2024-06-21T04:00:00Z,35.029998779296875,35.06999969482422,34.66999816894531,34.69499969482422,18990800.0
2024-06-24T04:00:00Z,34.40999984741211,34.98500061035156,34.3849983215332,34.869998931884766,17956800.0
2024-06-25T04:00:00Z,34.79999923706055,34.89500045776367,34.43000030517578,34.540000915527344,25099400.0
2024-06-26T04:00:00Z,34.40999984741211,34.470001220703125,34.189998626708984,34.39500045776367,13882000.0
2024-06-27T04:00:00Z,34.42499923706055,34.5,34.220001220703125,34.45500183105469,10899600.0
2024-06-28T04:00:00Z,34.45500183105469,34.5,33.90999984741211,34.06999969482422,23063000.0
2024-07-01T04:00:00Z,34.42499923706055,34.48500061035156,33.79999923706055,33.834999084472656,16757800.0
2024-07-02T04:00:00Z,33.915000915527344,34.07500076293945,33.86000061035156,34.0099983215332,16724200.0
2024-07-03T04:00:00Z,34.060001373291016,34.45500183105469,33.994998931884766,34.21500015258789,13241200.0
2024-07-05T04:00:00Z,34.27000045776367,34.41999816894531,34.1150016784668,34.275001525878906,13830600.0
2024-07-08T04:00:00Z,34.30500030517578,34.41999816894531,34.18000030517578,34.310001373291016,13634400.0
2024-07-09T04:00:00Z,34.310001373291016,34.70000076293945,34.275001525878906,34.40999984741211,21601200.0
2024-07-10T04:00:00Z,34.540000915527344,34.744998931884766,34.279998779296875,34.73500061035156,13800000.0
2024-07-11T04:00:00Z,34.90999984741211,35.46500015258789,34.89500045776367,35.369998931884766,29766400.0
2024-07-12T04:00:00Z,35.494998931884766,35.86000061035156,35.34000015258789,35.630001068115234,16524200.0
2024-07-15T04:00:00Z,35.22999954223633,35.34000015258789,34.709999084472656,34.76499938964844,29827600.0
2024-07-16T04:00:00Z,34.974998474121094,35.095001220703125,34.869998931884766,35.03499984741211,15009200.0
2024-07-17T04:00:00Z,35.0,35.5,34.90999984741211,35.05500030517578,27516000.0
2024-07-18T04:00:00Z,35.0099983215332,35.3650016784668,34.96500015258789,35.025001525878906,13542600.0
2024-07-19T04:00:00Z,35.09000015258789,35.17499923706055,34.85499954223633,35.064998626708984,12985400.0
2024-07-22T04:00:00Z,35.25,35.439998626708984,35.130001068115234,35.36000061035156,12965400.0
2024-07-23T04:00:00Z,35.290000915527344,35.35499954223633,35.1150016784668,35.13999938964844,12686400.0
2024-07-24T04:00:00Z,35.38999938964844,35.67499923706055,35.17499923706055,35.53499984741211,25284800.0
2024-07-25T04:00:00Z,35.70000076293945,35.88999938964844,35.09000015258789,35.2400016784668,26666000.0
2024-07-26T04:00:00Z,35.52000045776367,35.654998779296875,35.38999938964844,35.584999084472656,16706400.0
2024-07-29T04:00:00Z,35.720001220703125,35.86000061035156,35.43000030517578,35.744998931884766,15151200.0
2024-07-30T04:00:00Z,35.70500183105469,35.959999084472656,35.630001068115234,35.93000030517578,16696400.0
2024-07-31T04:00:00Z,36.435001373291016,36.474998474121094,36.04499816894531,36.39500045776367,21765400.0
2024-08-01T04:00:00Z,36.46500015258789,37.099998474121094,36.41999816894531,37.04999923706055,32567400.0
2024-08-02T04:00:00Z,37.52000045776367,37.779998779296875,36.60499954223633,37.11000061035156,48257200.0
2024-08-05T04:00:00Z,37.30500030517578,37.30500030517578,36.09000015258789,36.130001068115234,41099800.0
2024-08-06T04:00:00Z,36.27000045776367,36.85499954223633,36.244998931884766,36.435001373291016,29286400.0
2024-08-07T04:00:00Z,36.73500061035156,37.06999969482422,36.5,36.63999938964844,24758800.0
2024-08-08T04:00:00Z,36.5,36.904998779296875,36.39500045776367,36.68000030517578,23360400.0
2024-08-09T04:00:00Z,36.77000045776367,36.85499954223633,36.17499923706055,36.80500030517578,16708400.0
2024-08-12T04:00:00Z,36.814998626708984,36.8849983215332,36.595001220703125,36.869998931884766,15027000.0
2024-08-13T04:00:00Z,37.025001525878906,37.119998931884766,36.86000061035156,37.084999084472656,17075000.0
2024-08-14T04:00:00Z,37.0,37.279998779296875,36.78499984741211,37.060001373291016,16166000.0
2024-08-15T04:00:00Z,36.845001220703125,37.165000915527344,36.720001220703125,37.05500030517578,18807600.0
2024-08-16T04:00:00Z,37.095001220703125,37.345001220703125,36.935001373291016,37.220001220703125,13522800.0
2024-08-19T04:00:00Z,37.255001068115234,37.4900016784668,37.224998474121094,37.46500015258789,11505400.0
2024-08-20T04:00:00Z,37.46500015258789,37.59000015258789,37.345001220703125,37.3849983215332,15989800.0
2024-08-21T04:00:00Z,37.439998626708984,37.76499938964844,37.38999938964844,37.650001525878906,13451800.0
2024-08-22T04:00:00Z,37.689998626708984,37.77000045776367,37.45500183105469,37.60499954223633,14648000.0
2024-08-23T04:00:00Z,37.73500061035156,37.88999938964844,37.599998474121094,37.709999084472656,15050400.0
2024-08-26T04:00:00Z,37.84000015258789,38.11000061035156,37.834999084472656,37.95500183105469,13336400.0
2024-08-27T04:00:00Z,37.875,38.0099983215332,37.63999938964844,37.654998779296875,16666800.0
2024-08-28T04:00:00Z,37.77000045776367,37.97999954223633,37.625,37.654998779296875,10482800.0
2024-08-29T04:00:00Z,37.779998779296875,37.89500045776367,37.40999984741211,37.86000061035156,12758200.0
2024-08-30T04:00:00Z,37.93000030517578,38.20000076293945,37.790000915527344,38.14500045776367,17007400.0
2024-09-03T04:00:00Z,38.154998779296875,38.3650016784668,37.970001220703125,38.09000015258789,23627000.0
2024-09-04T04:00:00Z,38.275001525878906,38.70500183105469,38.224998474121094,38.415000915527344,27303200.0
2024-09-05T04:00:00Z,38.70500183105469,38.755001068115234,38.20500183105469,38.31999969482422,15545400.0
2024-09-06T04:00:00Z,38.404998779296875,38.48500061035156,37.95000076293945,37.95500183105469,19605800.0
2024-09-09T04:00:00Z,38.119998931884766,38.345001220703125,37.900001525878906,38.34000015258789,14366200.0
2024-09-10T04:00:00Z,38.40999984741211,38.68000030517578,38.279998779296875,38.52000045776367,23255400.0
2024-09-11T04:00:00Z,38.525001525878906,38.68000030517578,38.07500076293945,38.63999938964844,20766600.0
2024-09-12T04:00:00Z,38.724998474121094,38.790000915527344,38.48500061035156,38.724998474121094,19335000.0
2024-09-13T04:00:00Z,38.85499954223633,39.279998779296875,38.70500183105469,39.27000045776367,16238800.0
2024-09-16T04:00:00Z,39.39500045776367,39.68000030517578,39.290000915527344,39.56999969482422,19910600.0
2024-09-17T04:00:00Z,39.59000015258789,39.689998626708984,39.40999984741211,39.540000915527344,27963000.0
2024-09-18T04:00:00Z,39.470001220703125,39.58000183105469,39.06999969482422,39.2400016784668,47034800.0
2024-09-19T04:00:00Z,39.099998474121094,39.189998626708984,38.689998626708984,39.0099983215332,41536400.0
2024-09-20T04:00:00Z,39.5,40.125,39.44499969482422,40.040000915527344,44279200.0
2024-09-23T04:00:00Z,40.01499938964844,40.20000076293945,39.869998931884766,40.165000915527344,23340600.0
2024-09-24T04:00:00Z,39.939998626708984,40.3849983215332,39.79499816894531,39.880001068115234,28105200.0
2024-09-25T04:00:00Z,40.099998474121094,40.209999084472656,39.7400016784668,40.09000015258789,16359200.0
2024-09-26T04:00:00Z,40.01499938964844,40.189998626708984,39.70500183105469,39.814998626708984,19794600.0
2024-09-27T04:00:00Z,39.97999954223633,40.31999969482422,39.939998626708984,40.209999084472656,14804000.0
2024-09-30T04:00:00Z,40.290000915527344,40.415000915527344,39.93000030517578,40.38999938964844,19014200.0
2024-10-01T04:00:00Z,40.345001220703125,40.775001525878906,40.099998474121094,40.71500015258789,24362400.0
2024-10-02T04:00:00Z,40.45500183105469,40.810001373291016,40.3849983215332,40.73500061035156,16491600.0
2024-10-03T04:00:00Z,40.959999084472656,41.029998779296875,40.619998931884766,40.720001220703125,24205400.0
2024-10-04T04:00:00Z,40.369998931884766,40.70000076293945,40.2400016784668,40.654998779296875,25082800.0
2024-10-07T04:00:00Z,40.52000045776367,40.54499816894531,39.6150016784668,39.720001220703125,35284000.0
2024-10-08T04:00:00Z,39.89500045776367,40.02000045776367,39.73500061035156,39.7400016784668,26022200.0
2024-10-09T04:00:00Z,39.630001068115234,39.75,39.17499923706055,39.400001525878906,34288000.0
2024-10-10T04:00:00Z,39.439998626708984,39.75,39.2599983215332,39.279998779296875,26326600.0
2024-10-11T04:00:00Z,39.150001525878906,39.625,39.025001525878906,39.625,19332600.0
2024-10-14T04:00:00Z,39.685001373291016,40.15999984741211,39.61000061035156,40.125,18041800.0
2024-10-15T04:00:00Z,40.29999923706055,40.599998474121094,40.2599983215332,40.30500030517578,26427600.0
2024-10-16T04:00:00Z,40.505001068115234,41.185001373291016,40.32500076293945,41.10499954223633,19099600.0
2024-10-17T04:00:00Z,41.2400016784668,41.25,40.709999084472656,40.7400016784668,23527200.0
2024-10-18T04:00:00Z,40.70500183105469,40.994998931884766,40.525001525878906,40.974998474121094,14035200.0
2024-10-21T04:00:00Z,41.06999969482422,41.189998626708984,40.654998779296875,40.814998626708984,14811600.0
2024-10-22T04:00:00Z,40.540000915527344,40.755001068115234,40.345001220703125,40.66999816894531,17119200.0
2024-10-23T04:00:00Z,40.70000076293945,41.07500076293945,40.625,41.060001373291016,19645000.0
2024-10-24T04:00:00Z,41.064998626708984,41.150001525878906,40.65999984741211,40.79499816894531,13092000.0
2024-10-25T04:00:00Z,41.0,41.03499984741211,40.15999984741211,40.189998626708984,17518200.0
2024-10-28T04:00:00Z,40.404998779296875,40.709999084472656,40.310001373291016,40.505001068115234,14622800.0
2024-10-29T04:00:00Z,40.05500030517578,40.060001373291016,39.630001068115234,39.63999938964844,27733000.0
2024-10-30T04:00:00Z,39.79499816894531,39.869998931884766,39.474998474121094,39.54499816894531,20910600.0
2024-10-31T04:00:00Z,39.64500045776367,40.25,39.6150016784668,39.95500183105469,27516000.0
2024-11-01T04:00:00Z,39.95000076293945,40.06999969482422,39.029998779296875,39.064998626708984,30861000.0
2024-11-04T05:00:00Z,38.67499923706055,38.880001068115234,38.38999938964844,38.599998474121094,27956200.0
2024-11-05T05:00:00Z,38.58000183105469,39.18000030517578,38.46500015258789,39.18000030517578,19016200.0
2024-11-06T05:00:00Z,38.67499923706055,38.94499969482422,38.40999984741211,38.775001525878906,32958800.0
2024-11-07T05:00:00Z,38.970001220703125,39.23500061035156,38.63999938964844,38.845001220703125,37703200.0
2024-11-08T05:00:00Z,39.040000915527344,39.67499923706055,39.0099983215332,39.59000015258789,28857200.0
2024-11-11T05:00:00Z,39.595001220703125,39.935001373291016,39.505001068115234,39.70000076293945,26011000.0
2024-11-12T05:00:00Z,39.58000183105469,39.66999816894531,39.05500030517578,39.244998931884766,18703200.0
2024-11-13T05:00:00Z,39.5,39.51499938964844,39.0099983215332,39.17499923706055,16411800.0
2024-11-14T05:00:00Z,39.224998474121094,39.42499923706055,38.97999954223633,39.040000915527344,17707400.0
2024-11-15T05:00:00Z,39.06999969482422,39.67499923706055,38.994998931884766,39.625,23931400.0
2024-11-18T05:00:00Z,39.59000015258789,40.08000183105469,39.540000915527344,39.970001220703125,14660200.0
2024-11-19T05:00:00Z,39.81999969482422,40.22999954223633,39.630001068115234,40.224998474121094,11750400.0
2024-11-20T05:00:00Z,40.29999923706055,40.435001373291016,40.04499816894531,40.244998931884766,12196800.0
2024-11-21T05:00:00Z,40.30500030517578,40.994998931884766,40.11000061035156,40.94499969482422,21764000.0
2024-11-22T05:00:00Z,41.07500076293945,41.1349983215332,40.709999084472656,40.724998474121094,15761400.0
2024-11-25T05:00:00Z,41.04999923706055,41.125,40.5,40.79999923706055,14253800.0
2024-11-26T05:00:00Z,40.915000915527344,41.474998474121094,40.810001373291016,41.45000076293945,17374800.0
2024-11-27T05:00:00Z,41.57500076293945,41.70500183105469,41.40999984741211,41.45000076293945,17156600.0
2024-11-29T05:00:00Z,41.584999084472656,41.6150016784668,41.375,41.46500015258789,9234800.0
2024-12-02T05:00:00Z,41.459999084472656,41.474998474121094,40.560001373291016,40.57500076293945,22084200.0
2024-12-03T05:00:00Z,40.81999969482422,40.95000076293945,40.21500015258789,40.224998474121094,18853600.0
2024-12-04T05:00:00Z,40.349998474121094,40.45000076293945,40.064998626708984,40.220001220703125,24169400.0
2024-12-05T05:00:00Z,40.26499938964844,40.56999969482422,40.15999984741211,40.345001220703125,14226000.0
2024-12-06T05:00:00Z,40.3650016784668,40.459999084472656,39.77000045776367,39.845001220703125,14228600.0
2024-12-09T05:00:00Z,39.845001220703125,39.900001525878906,39.31999969482422,39.345001220703125,21053800.0
2024-12-10T05:00:00Z,39.279998779296875,39.279998779296875,38.744998931884766,39.060001373291016,20319000.0
2024-12-11T05:00:00Z,39.165000915527344,39.19499969482422,38.744998931884766,38.814998626708984,14759600.0
2024-12-12T05:00:00Z,39.0,39.125,38.7599983215332,38.79499816894531,15425000.0
2024-12-13T05:00:00Z,38.849998474121094,39.025001525878906,38.755001068115234,38.81999969482422,13808400.0
2024-12-16T05:00:00Z,38.85499954223633,38.95500183105469,38.494998931884766,38.5099983215332,16121000.0
2024-12-17T05:00:00Z,38.27000045776367,38.5099983215332,38.19499969482422,38.349998474121094,15876800.0
2024-12-18T05:00:00Z,38.32500076293945,38.380001068115234,37.41999816894531,37.44499969482422,29811800.0
2024-12-19T05:00:00Z,37.47999954223633,38.040000915527344,37.470001220703125,37.6150016784668,27076400.0
2024-12-20T05:00:00Z,37.400001525878906,38.29999923706055,37.349998474121094,38.21500015258789,25188600.0
2024-12-23T05:00:00Z,37.80500030517578,38.060001373291016,37.435001373291016,38.029998779296875,20114400.0
2024-12-24T05:00:00Z,38.029998779296875,38.25,37.915000915527344,38.2400016784668,9010200.0
2024-12-26T05:00:00Z,38.08000183105469,38.255001068115234,37.994998931884766,38.150001525878906,10114000.0
2024-12-27T05:00:00Z,37.95000076293945,38.150001525878906,37.79499816894531,38.040000915527344,13805400.0
2024-12-30T05:00:00Z,37.869998931884766,37.974998474121094,37.53499984741211,37.880001068115234,16870000.0
2024-12-31T05:00:00Z,37.95500183105469,38.06999969482422,37.665000915527344,37.845001220703125,12605400.0
2025-01-02T05:00:00Z,38.119998931884766,38.33000183105469,37.86000061035156,38.1349983215332,24103400.0
2025-01-03T05:00:00Z,38.35499954223633,38.744998931884766,38.189998626708984,38.540000915527344,17767000.0
2025-01-06T05:00:00Z,38.540000915527344,38.56999969482422,37.98500061035156,38.11000061035156,25623800.0
2025-01-07T05:00:00Z,38.2400016784668,38.404998779296875,37.915000915527344,38.01499938964844,22856400.0
2025-01-08T05:00:00Z,37.95000076293945,38.04499816894531,37.380001068115234,38.005001068115234,26845800.0
2025-01-10T05:00:00Z,38.125,38.41999816894531,37.61000061035156,37.790000915527344,31217000.0
2025-01-13T05:00:00Z,37.75,37.790000915527344,36.95500183105469,37.349998474121094,24891600.0
2025-01-14T05:00:00Z,37.494998931884766,37.95500183105469,37.400001525878906,37.84000015258789,19675000.0
2025-01-15T05:00:00Z,38.5,38.775001525878906,38.35499954223633,38.39500045776367,21360400.0
2025-01-16T05:00:00Z,38.375,39.380001068115234,38.36000061035156,39.3650016784668,30415000.0
2025-01-17T05:00:00Z,39.34000015258789,39.599998474121094,39.21500015258789,39.41999816894531,14668800.0
2025-01-21T05:00:00Z,39.8650016784668,40.220001220703125,39.76499938964844,40.025001525878906,21633400.0
2025-01-22T05:00:00Z,40.1349983215332,40.1349983215332,39.13999938964844,39.15999984741211,23644800.0
2025-01-23T05:00:00Z,39.30500030517578,39.630001068115234,39.23500061035156,39.345001220703125,21585000.0
2025-01-24T05:00:00Z,39.28499984741211,39.86000061035156,39.20000076293945,39.744998931884766,16769600.0
2025-01-27T05:00:00Z,38.94499969482422,39.040000915527344,37.915000915527344,38.82500076293945,42448200.0
2025-01-28T05:00:00Z,38.80500030517578,38.80500030517578,37.95000076293945,38.290000915527344,28540200.0
2025-01-29T05:00:00Z,38.279998779296875,38.810001373291016,38.2400016784668,38.369998931884766,19130800.0
2025-01-30T05:00:00Z,38.814998626708984,39.22999954223633,38.779998779296875,39.16999816894531,18712600.0
2025-01-31T05:00:00Z,39.20500183105469,39.2400016784668,38.849998474121094,38.939998626708984,19669600.0
2025-02-03T05:00:00Z,38.42499923706055,39.29499816894531,38.3650016784668,39.150001525878906,28118800.0
2025-02-04T05:00:00Z,38.92499923706055,38.9900016784668,38.415000915527344,38.80500030517578,20498200.0
2025-02-05T05:00:00Z,39.189998626708984,39.459999084472656,38.869998931884766,39.19499969482422,15992600.0
2025-02-06T05:00:00Z,39.3650016784668,39.3650016784668,38.869998931884766,39.150001525878906,12820800.0
2025-02-07T05:00:00Z,39.13999938964844,39.415000915527344,39.025001525878906,39.06999969482422,14330400.0
2025-02-10T05:00:00Z,39.18000030517578,39.5099983215332,38.96500015258789,39.494998931884766,10664200.0
2025-02-11T05:00:00Z,39.34000015258789,39.71500015258789,39.0099983215332,39.69499969482422,10835600.0
2025-02-12T05:00:00Z,39.185001373291016,39.720001220703125,39.0099983215332,39.625,14888800.0
2025-02-13T05:00:00Z,39.70000076293945,39.790000915527344,39.470001220703125,39.71500015258789,17020800.0
2025-02-14T05:00:00Z,39.69499969482422,40.01499938964844,39.525001525878906,39.54999923706055,13972000.0
2025-02-18T05:00:00Z,39.71500015258789,39.98500061035156,39.58000183105469,39.91999816894531,15509000.0
2025-02-19T05:00:00Z,39.875,40.25,39.834999084472656,40.130001068115234,12513200.0
2025-02-20T05:00:00Z,40.0,40.220001220703125,39.64500045776367,40.125,17390800.0
2025-02-21T05:00:00Z,40.130001068115234,40.26499938964844,39.939998626708984,40.1349983215332,15547400.0
2025-02-24T05:00:00Z,40.25,40.255001068115234,39.755001068115234,39.935001373291016,14974000.0
2025-02-25T05:00:00Z,39.70000076293945,39.814998626708984,39.15999984741211,39.73500061035156,21837800.0
2025-02-26T05:00:00Z,39.810001373291016,40.25,39.68000030517578,39.900001525878906,15421800.0
2025-02-27T05:00:00Z,39.790000915527344,39.880001068115234,38.974998474121094,39.01499938964844,25074600.0
2025-02-28T05:00:00Z,39.27000045776367,39.625,39.060001373291016,39.61000061035156,21770000.0
2025-03-03T05:00:00Z,39.56999969482422,39.790000915527344,39.400001525878906,39.665000915527344,19276400.0
2025-03-04T05:00:00Z,39.665000915527344,39.875,38.959999084472656,39.02000045776367,22561800.0
2025-03-05T05:00:00Z,38.7599983215332,39.02000045776367,38.43000030517578,38.744998931884766,20666800.0
2025-03-06T05:00:00Z,38.44499969482422,38.47999954223633,37.83000183105469,37.939998626708984,25405800.0
2025-03-07T05:00:00Z,38.025001525878906,38.814998626708984,37.915000915527344,38.64500045776367,23234400.0
2025-03-10T04:00:00Z,38.5099983215332,39.185001373291016,38.5099983215332,39.06999969482422,37366000.0
2025-03-11T04:00:00Z,39.04999923706055,39.20000076293945,38.5,38.70500183105469,32640000.0
2025-03-12T04:00:00Z,38.70000076293945,38.92499923706055,38.349998474121094,38.584999084472656,17432000.0
2025-03-13T04:00:00Z,38.71500015258789,38.84000015258789,38.435001373291016,38.68000030517578,16801200.0
2025-03-14T04:00:00Z,38.79499816894531,39.47999954223633,38.654998779296875,39.435001373291016,18269400.0
2025-03-17T04:00:00Z,39.42499923706055,39.83000183105469,39.22999954223633,39.599998474121094,19290400.0
2025-03-18T04:00:00Z,39.3650016784668,39.435001373291016,39.06999969482422,39.32500076293945,19285200.0
2025-03-19T04:00:00Z,39.345001220703125,39.525001525878906,39.20500183105469,39.470001220703125,16163400.0
2025-03-20T04:00:00Z,39.474998474121094,39.689998626708984,39.38999938964844,39.630001068115234,16415200.0
2025-03-21T04:00:00Z,39.474998474121094,39.665000915527344,39.130001068115234,39.375,15627600.0
2025-03-24T04:00:00Z,39.25,39.560001373291016,39.04999923706055,39.084999084472656,13996800.0
2025-03-25T04:00:00Z,39.04499816894531,39.05500030517578,38.279998779296875,38.459999084472656,22396000.0
2025-03-26T04:00:00Z,38.46500015258789,38.80500030517578,38.46500015258789,38.71500015258789,15164000.0
2025-03-27T04:00:00Z,38.68000030517578,39.025001525878906,38.59000015258789,38.70500183105469,13971800.0
2025-03-28T04:00:00Z,38.939998626708984,39.23500061035156,38.869998931884766,38.9900016784668,19078600.0
2025-03-31T04:00:00Z,39.04999923706055,39.584999084472656,39.040000915527344,39.42499923706055,21470000.0
2025-04-01T04:00:00Z,39.400001525878906,39.63999938964844,39.14500045776367,39.525001525878906,18084800.0
2025-04-02T04:00:00Z,39.494998931884766,39.79999923706055,39.29499816894531,39.709999084472656,12951200.0
2025-04-03T04:00:00Z,39.65999984741211,40.10499954223633,39.40999984741211,39.459999084472656,38650200.0
2025-04-04T04:00:00Z,39.64500045776367,39.64500045776367,37.02000045776367,37.26499938964844,66165400.0
2025-04-07T04:00:00Z,36.69499969482422,37.81999969482422,35.88999938964844,36.69499969482422,73162600.0
2025-04-08T04:00:00Z,37.349998474121094,37.6150016784668,36.119998931884766,36.54499816894531,39600400.0
2025-04-09T04:00:00Z,36.22999954223633,38.084999084472656,35.5099983215332,37.98500061035156,70054800.0
2025-04-10T04:00:00Z,37.70000076293945,38.13999938964844,36.915000915527344,37.70000076293945,44167800.0
2025-04-11T04:00:00Z,37.68000030517578,38.290000915527344,37.21500015258789,38.15999984741211,28840000.0
2025-04-14T04:00:00Z,38.459999084472656,38.970001220703125,38.23500061035156,38.845001220703125,19415600.0
2025-04-15T04:00:00Z,38.93000030517578,39.185001373291016,38.790000915527344,38.84000015258789,15257200.0
2025-04-16T04:00:00Z,38.935001373291016,39.084999084472656,38.36000061035156,38.4900016784668,17500800.0
2025-04-17T04:00:00Z,38.63999938964844,39.375,38.63999938964844,38.8849983215332,18928800.0
2025-04-21T04:00:00Z,38.709999084472656,38.755001068115234,37.51499938964844,37.96500015258789,20780000.0
2025-04-22T04:00:00Z,38.369998931884766,39.084999084472656,38.34000015258789,39.0,21700800.0
2025-04-23T04:00:00Z,39.3849983215332,39.60499954223633,38.810001373291016,39.165000915527344,27903600.0
2025-04-24T04:00:00Z,39.1349983215332,39.404998779296875,38.85499954223633,39.224998474121094,16828000.0
2025-04-25T04:00:00Z,39.2599983215332,39.28499984741211,38.93000030517578,39.10499954223633,14074600.0
2025-04-28T04:00:00Z,39.125,39.42499923706055,38.85499954223633,39.345001220703125,11084800.0
2025-04-29T04:00:00Z,39.290000915527344,39.71500015258789,39.125,39.650001525878906,13168000.0
2025-04-30T04:00:00Z,39.494998931884766,39.584999084472656,38.77000045776367,39.45000076293945,18077200.0
2025-05-01T04:00:00Z,39.69499969482422,40.064998626708984,39.435001373291016,39.564998626708984,17967000.0
2025-05-02T04:00:00Z,39.709999084472656,39.994998931884766,39.494998931884766,39.875,16074000.0
2025-05-05T04:00:00Z,39.744998931884766,39.89500045776367,39.3849983215332,39.775001525878906,14895800.0
2025-05-06T04:00:00Z,39.779998779296875,40.540000915527344,39.744998931884766,40.2599983215332,20635000.0
2025-05-07T04:00:00Z,40.189998626708984,40.61000061035156,40.04999923706055,40.375,19575000.0
2025-05-08T04:00:00Z,40.39500045776367,40.494998931884766,39.994998931884766,40.04999923706055,22437800.0
2025-05-09T04:00:00Z,40.154998779296875,40.165000915527344,39.86000061035156,40.119998931884766,17420400.0
2025-05-12T04:00:00Z,40.30500030517578,40.40999984741211,39.70000076293945,39.880001068115234,27460200.0
2025-05-13T04:00:00Z,39.81999969482422,40.1349983215332,39.60499954223633,39.82500076293945,24064000.0
2025-05-14T04:00:00Z,39.7400016784668,39.755001068115234,39.05500030517578,39.650001525878906,22912600.0
2025-05-15T04:00:00Z,39.810001373291016,40.60499954223633,39.78499984741211,40.494998931884766,26629200.0
2025-05-16T04:00:00Z,40.55500030517578,41.10499954223633,40.45500183105469,41.09000015258789,20076800.0
2025-05-19T04:00:00Z,40.744998931884766,41.28499984741211,40.73500061035156,41.26499938964844,16306400.0
2025-05-20T04:00:00Z,41.20000076293945,41.525001525878906,41.20000076293945,41.3849983215332,18075200.0
2025-05-21T04:00:00Z,41.25,41.33000183105469,40.54999923706055,40.630001068115234,22704000.0
2025-05-22T04:00:00Z,40.28499984741211,40.28499984741211,39.584999084472656,40.04999923706055,30637600.0
2025-05-23T04:00:00Z,40.31999969482422,40.564998626708984,39.849998474121094,40.529998779296875,21730200.0
2025-05-27T04:00:00Z,40.845001220703125,40.939998626708984,40.525001525878906,40.834999084472656,18494200.0
2025-05-28T04:00:00Z,40.810001373291016,40.83000183105469,40.09000015258789,40.26499938964844,20954600.0
2025-05-29T04:00:00Z,40.28499984741211,40.61000061035156,40.10499954223633,40.54499816894531,20867400.0
2025-05-30T04:00:00Z,40.46500015258789,41.029998779296875,40.38999938964844,40.959999084472656,20680400.0
2025-06-02T04:00:00Z,40.78499984741211,41.14500045776367,40.619998931884766,41.09000015258789,26799200.0
2025-06-03T04:00:00Z,41.584999084472656,41.584999084472656,40.869998931884766,41.20000076293945,28547800.0
2025-06-04T04:00:00Z,41.130001068115234,41.130001068115234,40.47999954223633,40.47999954223633,33001800.0
2025-06-05T04:00:00Z,40.595001220703125,40.595001220703125,40.334999084472656,40.415000915527344,21175000.0
2025-06-06T04:00:00Z,40.619998931884766,40.665000915527344,40.25,40.595001220703125,21267200.0
2025-06-09T04:00:00Z,40.525001525878906,40.68000030517578,40.27000045776367,40.334999084472656,24866400.0
2025-06-10T04:00:00Z,40.439998626708984,40.525001525878906,40.130001068115234,40.43000030517578,28052800.0
2025-06-11T04:00:00Z,40.54999923706055,40.60499954223633,40.32500076293945,40.45500183105469,21394800.0
2025-06-12T04:00:00Z,40.47999954223633,40.970001220703125,40.459999084472656,40.94499969482422,19568600.0
2025-06-13T04:00:00Z,40.8849983215332,40.95500183105469,40.59000015258789,40.709999084472656,25325400.0
2025-06-16T04:00:00Z,40.90999984741211,41.130001068115234,40.314998626708984,40.5099983215332,27266600.0
2025-06-17T04:00:00Z,40.45000076293945,40.54999923706055,39.88999938964844,40.17499923706055,28335800.0
2025-06-18T04:00:00Z,40.27000045776367,40.47999954223633,40.06999969482422,40.279998779296875,22324000.0
2025-06-20T04:00:00Z,40.3650016784668,40.720001220703125,40.334999084472656,40.38999938964844,31688200.0
2025-06-23T04:00:00Z,40.31999969482422,40.685001373291016,40.23500061035156,40.619998931884766,25573000.0
2025-06-24T04:00:00Z,40.665000915527344,40.90999984741211,40.595001220703125,40.79499816894531,20389600.0
2025-06-25T04:00:00Z,40.70000076293945,40.70000076293945,40.17499923706055,40.25,26771800.0
2025-06-26T04:00:00Z,40.32500076293945,40.60499954223633,40.25,40.584999084472656,18746200.0
2025-06-27T04:00:00Z,40.689998626708984,40.994998931884766,40.540000915527344,40.665000915527344,25307800.0
2025-06-30T04:00:00Z,40.470001220703125,40.875,40.34000015258789,40.83000183105469,22018000.0
2025-07-01T04:00:00Z,40.814998626708984,41.0,40.34000015258789,40.970001220703125,39690200.0
2025-07-02T04:00:00Z,40.81999969482422,41.005001068115234,40.41999816894531,40.6150016784668,21891000.0
2025-07-03T04:00:00Z,40.6349983215332,41.084999084472656,40.564998626708984,40.91999816894531,14900200.0
2025-07-07T04:00:00Z,40.83000183105469,41.03499984741211,40.744998931884766,41.005001068115234,20215600.0
2025-07-08T04:00:00Z,40.720001220703125,40.720001220703125,40.17499923706055,40.56999969482422,44289800.0
2025-07-09T04:00:00Z,40.72999954223633,41.029998779296875,40.44499969482422,40.95000076293945,40230400.0
2025-07-10T04:00:00Z,40.810001373291016,41.3650016784668,40.685001373291016,41.28499984741211,29074000.0
2025-07-11T04:00:00Z,40.95500183105469,41.3849983215332,40.84000015258789,41.224998474121094,22199800.0
2025-07-14T04:00:00Z,41.19499969482422,41.525001525878906,40.970001220703125,41.38999938964844,23883400.0
2025-07-15T04:00:00Z,41.3849983215332,41.3849983215332,40.790000915527344,40.994998931884766,26253000.0
2025-07-16T04:00:00Z,41.02000045776367,41.18000030517578,40.69499969482422,41.01499938964844,22625000.0
2025-07-17T04:00:00Z,40.9900016784668,41.310001373291016,40.92499923706055,41.185001373291016,19757000.0
2025-07-18T04:00:00Z,41.31999969482422,42.02000045776367,41.26499938964844,41.875,28627400.0
2025-07-21T04:00:00Z,41.97999954223633,42.26499938964844,41.845001220703125,42.0099983215332,19895600.0
2025-07-22T04:00:00Z,42.16999816894531,42.54999923706055,42.05500030517578,42.525001525878906,23518200.0
2025-07-23T04:00:00Z,42.904998779296875,43.0099983215332,42.03499984741211,42.20500183105469,40333000.0
2025-07-24T04:00:00Z,42.2599983215332,42.349998474121094,42.040000915527344,42.150001525878906,22137600.0
2025-07-25T04:00:00Z,42.21500015258789,42.30500030517578,42.05500030517578,42.2599983215332,16320400.0
2025-07-28T04:00:00Z,42.255001068115234,42.26499938964844,41.70500183105469,41.810001373291016,22413600.0
2025-07-29T04:00:00Z,41.970001220703125,42.314998626708984,41.880001068115234,42.290000915527344,18395400.0
2025-07-30T04:00:00Z,42.415000915527344,42.98500061035156,42.375,42.60499954223633,27424400.0
2025-07-31T04:00:00Z,42.474998474121094,42.900001525878906,42.439998626708984,42.834999084472656,30179600.0
2025-08-01T04:00:00Z,42.78499984741211,43.130001068115234,42.45500183105469,42.900001525878906,35852000.0
2025-08-04T04:00:00Z,43.11000061035156,43.779998779296875,43.02000045776367,43.65999984741211,25730800.0
2025-08-05T04:00:00Z,43.67499923706055,43.834999084472656,43.064998626708984,43.19499969482422,21454400.0
2025-08-06T04:00:00Z,43.2599983215332,43.275001525878906,42.775001525878906,42.810001373291016,23020600.0
2025-08-07T04:00:00Z,42.66999816894531,43.39500045776367,42.59000015258789,43.275001525878906,25702800.0
2025-08-08T04:00:00Z,43.39500045776367,43.474998474121094,42.98500061035156,43.09000015258789,18445200.0
2025-08-11T04:00:00Z,43.20000076293945,43.22999954223633,42.744998931884766,42.95500183105469,19548800.0
2025-08-12T04:00:00Z,43.095001220703125,43.150001525878906,42.755001068115234,43.13999938964844,20756800.0
2025-08-13T04:00:00Z,43.20000076293945,43.26499938964844,42.834999084472656,43.23500061035156,22425400.0
2025-08-14T04:00:00Z,43.07500076293945,43.20500183105469,42.88999938964844,42.935001373291016,18747800.0
2025-08-15T04:00:00Z,42.869998931884766,43.04499816894531,42.54499816894531,42.810001373291016,29576600.0
2025-08-18T04:00:00Z,42.875,43.03499984741211,42.564998626708984,42.625,16080000.0
2025-08-19T04:00:00Z,42.63999938964844,43.060001373291016,42.564998626708984,43.040000915527344,16436800.0
2025-08-20T04:00:00Z,43.11000061035156,43.36000061035156,42.93000030517578,43.084999084472656,20169000.0
2025-08-21T04:00:00Z,43.09000015258789,43.310001373291016,42.66999816894531,42.790000915527344,16230000.0
2025-08-22T04:00:00Z,43.084999084472656,43.27000045776367,42.89500045776367,43.02000045776367,19234800.0
2025-08-25T04:00:00Z,42.875,43.0,42.4900016784668,42.53499984741211,16982200.0
2025-08-26T04:00:00Z,42.57500076293945,42.724998474121094,42.380001068115234,42.630001068115234,17263000.0
2025-08-27T04:00:00Z,42.630001068115234,42.7400016784668,42.5099983215332,42.63999938964844,16821400.0
2025-08-28T04:00:00Z,42.66999816894531,42.685001373291016,42.25,42.314998626708984,16078800.0
2025-08-29T04:00:00Z,42.290000915527344,42.380001068115234,42.095001220703125,42.15999984741211,19469400.0
2025-09-02T04:00:00Z,42.0,42.06999969482422,41.755001068115234,42.02000045776367,20655000.0
2025-09-03T04:00:00Z,41.875,41.994998931884766,41.689998626708984,41.915000915527344,17268000.0
2025-09-04T04:00:00Z,42.209999084472656,42.31999969482422,41.64500045776367,41.8650016784668,22362200.0
2025-09-05T04:00:00Z,41.974998474121094,42.07500076293945,41.404998779296875,41.73500061035156,27006800.0
2025-09-08T04:00:00Z,41.7599983215332,41.779998779296875,41.150001525878906,41.310001373291016,28469400.0
2025-09-09T04:00:00Z,41.29999923706055,41.73500061035156,41.224998474121094,41.595001220703125,25741400.0
2025-09-10T04:00:00Z,41.744998931884766,42.380001068115234,41.744998931884766,42.310001373291016,32168800.0
2025-09-11T04:00:00Z,42.255001068115234,42.564998626708984,42.19499969482422,42.53499984741211,24265200.0
2025-09-12T04:00:00Z,42.415000915527344,42.875,42.34000015258789,42.75,18727000.0
2025-09-15T04:00:00Z,42.755001068115234,43.04999923706055,42.755001068115234,42.849998474121094,22818400.0
2025-09-16T04:00:00Z,42.775001525878906,42.790000915527344,42.04999923706055,42.06999969482422,21652800.0
2025-09-17T04:00:00Z,42.345001220703125,42.53499984741211,42.09000015258789,42.17499923706055,20168200.0
2025-09-18T04:00:00Z,42.099998474121094,42.474998474121094,41.90999984741211,42.20500183105469,25303000.0
2025-09-19T04:00:00Z,42.310001373291016,42.64500045776367,42.084999084472656,42.474998474121094,20974000.0
2025-09-22T04:00:00Z,42.209999084472656,42.69499969482422,42.11000061035156,42.599998474121094,19477000.0
2025-09-23T04:00:00Z,42.53499984741211,42.88999938964844,42.45500183105469,42.81999969482422,17900600.0
2025-09-24T04:00:00Z,42.900001525878906,43.20000076293945,42.775001525878906,43.125,17317600.0
2025-09-25T04:00:00Z,43.084999084472656,43.17499923706055,42.709999084472656,42.709999084472656,18689600.0
2025-09-26T04:00:00Z,42.85499954223633,43.41999816894531,42.814998626708984,43.404998779296875,16233800.0
2025-09-29T04:00:00Z,43.3849983215332,43.599998474121094,43.08000183105469,43.529998779296875,17130800.0
2025-09-30T04:00:00Z,43.584999084472656,43.775001525878906,43.29499816894531,43.60499954223633,21960000.0
2025-10-01T04:00:00Z,43.689998626708984,44.119998931884766,43.6349983215332,44.025001525878906,29195400.0
2025-10-02T04:00:00Z,43.90999984741211,43.959999084472656,43.619998931884766,43.94499969482422,22648600.0
2025-10-03T04:00:00Z,44.08000183105469,44.8650016784668,44.04499816894531,44.45500183105469,25133200.0
2025-10-06T04:00:00Z,44.71500015258789,44.935001373291016,44.40999984741211,44.8849983215332,20024200.0
2025-10-07T04:00:00Z,45.06999969482422,45.28499984741211,44.95000076293945,45.09000015258789,32901800.0
2025-10-08T04:00:00Z,45.40999984741211,45.46500015258789,45.064998626708984,45.400001525878906,19790400.0
2025-10-09T04:00:00Z,45.54999923706055,45.685001373291016,45.19499969482422,45.28499984741211,21557400.0
2025-10-10T04:00:00Z,45.435001373291016,45.685001373291016,45.04999923706055,45.099998474121094,23183800.0
2025-10-13T04:00:00Z,45.130001068115234,45.654998779296875,45.11000061035156,45.44499969482422,18760600.0
2025-10-14T04:00:00Z,45.3650016784668,46.0,45.290000915527344,45.849998474121094,17571800.0
2025-10-15T04:00:00Z,46.05500030517578,46.59000015258789,46.05500030517578,46.45000076293945,19087600.0
2025-10-16T04:00:00Z,46.59000015258789,46.8849983215332,45.935001373291016,45.94499969482422,29119000.0
2025-10-17T04:00:00Z,46.029998779296875,46.095001220703125,45.59000015258789,45.78499984741211,21825800.0
2025-10-20T04:00:00Z,46.1349983215332,46.244998931884766,45.595001220703125,45.77000045776367,25420000.0
2025-10-21T04:00:00Z,45.814998626708984,45.869998931884766,45.084999084472656,45.30500030517578,22107800.0
2025-10-22T04:00:00Z,45.404998779296875,45.43000030517578,44.98500061035156,45.20000076293945,19108600.0
2025-10-23T04:00:00Z,45.494998931884766,45.52000045776367,44.915000915527344,45.165000915527344,16134000.0
2025-10-24T04:00:00Z,45.42499923706055,45.91999816894531,45.380001068115234,45.69499969482422,21737600.0
2025-10-27T04:00:00Z,45.69499969482422,45.8650016784668,45.2599983215332,45.81999969482422,16042800.0
2025-10-28T04:00:00Z,45.98500061035156,45.98500061035156,45.0099983215332,45.064998626708984,20661400.0
2025-10-29T04:00:00Z,45.060001373291016,45.35499954223633,44.8650016784668,45.04999923706055,24271800.0
2025-10-30T04:00:00Z,45.0,45.42499923706055,44.845001220703125,44.86000061035156,18870800.0
2025-10-31T04:00:00Z,44.65999984741211,44.790000915527344,44.314998626708984,44.54999923706055,18434000.0
2025-11-03T05:00:00Z,44.51499938964844,44.70000076293945,44.05500030517578,44.57500076293945,22339600.0
2025-11-04T05:00:00Z,44.55500030517578,44.59000015258789,44.224998474121094,44.415000915527344,17156200.0
2025-11-05T05:00:00Z,44.404998779296875,44.6349983215332,44.220001220703125,44.42499923706055,16858200.0
2025-11-06T05:00:00Z,44.345001220703125,44.68000030517578,44.209999084472656,44.22999954223633,23668200.0
2025-11-07T05:00:00Z,44.04999923706055,44.85499954223633,44.04999923706055,44.845001220703125,24337600.0
2025-11-10T05:00:00Z,44.974998474121094,45.18000030517578,44.44499969482422,44.83000183105469,17947200.0
2025-11-11T05:00:00Z,44.849998474121094,45.029998779296875,44.60499954223633,44.85499954223633,14435400.0
2025-11-12T05:00:00Z,44.8849983215332,45.0,44.709999084472656,44.959999084472656,15018400.0
2025-11-13T05:00:00Z,44.845001220703125,44.845001220703125,44.30500030517578,44.34000015258789,20675400.0
2025-11-14T05:00:00Z,44.21500015258789,44.720001220703125,44.11000061035156,44.380001068115234,20168200.0
2025-11-17T05:00:00Z,44.46500015258789,44.93000030517578,44.41999816894531,44.779998779296875,24201400.0
2025-11-18T05:00:00Z,44.81999969482422,45.03499984741211,44.595001220703125,44.61000061035156,25158800.0
2025-11-19T05:00:00Z,44.64500045776367,44.77000045776367,44.13999938964844,44.23500061035156,25095600.0
2025-11-20T05:00:00Z,44.584999084472656,44.86000061035156,43.97999954223633,44.0099983215332,25543200.0
2025-11-21T05:00:00Z,44.19499969482422,44.25,43.7599983215332,44.07500076293945,28589400.0
2025-11-24T05:00:00Z,44.13999938964844,44.689998626708984,43.8650016784668,44.57500076293945,23572800.0
2025-11-25T05:00:00Z,44.689998626708984,44.7599983215332,44.224998474121094,44.404998779296875,22195600.0
2025-11-26T05:00:00Z,44.64500045776367,45.04999923706055,44.560001373291016,44.994998931884766,16759200.0
2025-11-28T05:00:00Z,45.06999969482422,45.349998474121094,45.025001525878906,45.314998626708984,7882600.0
2025-12-01T05:00:00Z,45.060001373291016,45.060001373291016,44.22999954223633,44.255001068115234,26339000.0
2025-12-02T05:00:00Z,44.459999084472656,44.459999084472656,43.8849983215332,43.939998626708984,17384200.0
2025-12-03T05:00:00Z,43.974998474121094,44.099998474121094,43.630001068115234,43.79999923706055,21728000.0
2025-12-04T05:00:00Z,43.775001525878906,44.060001373291016,43.560001373291016,43.709999084472656,15535200.0
2025-12-05T05:00:00Z,43.720001220703125,43.779998779296875,43.279998779296875,43.29999923706055,13474700.0
2025-12-08T05:00:00Z,43.380001068115234,43.40999984741211,42.65999984741211,42.720001220703125,21607900.0
2025-12-09T05:00:00Z,42.95000076293945,43.16999816894531,42.72999954223633,42.75,24347200.0
2025-12-10T05:00:00Z,42.79999923706055,42.83000183105469,42.41999816894531,42.72999954223633,25940200.0
2025-12-11T05:00:00Z,42.650001525878906,43.150001525878906,42.650001525878906,43.040000915527344,18703300.0
2025-12-12T05:00:00Z,43.16999816894531,43.380001068115234,42.77000045776367,42.83000183105469,17179800.0
2025-12-15T05:00:00Z,43.11000061035156,43.290000915527344,42.83000183105469,43.220001220703125,19176400.0
2025-12-16T05:00:00Z,43.20000076293945,43.310001373291016,42.779998779296875,43.040000915527344,19067900.0
2025-12-17T05:00:00Z,43.060001373291016,43.13999938964844,42.540000915527344,42.7599983215332,19444600.0
2025-12-18T05:00:00Z,43.029998779296875,43.41999816894531,42.970001220703125,43.18000030517578,21935800.0
2025-12-19T05:00:00Z,43.119998931884766,43.369998931884766,42.599998474121094,42.630001068115234,22612000.0
2025-12-22T05:00:00Z,42.290000915527344,42.529998779296875,42.029998779296875,42.470001220703125,17894900.0
2025-12-23T05:00:00Z,42.400001525878906,42.75,42.380001068115234,42.619998931884766,15097300.0
2025-12-24T05:00:00Z,42.61000061035156,42.86000061035156,42.54999923706055,42.810001373291016,5761000.0
2025-12-26T05:00:00Z,42.790000915527344,42.869998931884766,42.630001068115234,42.779998779296875,8436700.0
2025-12-29T05:00:00Z,42.810001373291016,43.11000061035156,42.77000045776367,42.86000061035156,12838700.0
2025-12-30T05:00:00Z,42.880001068115234,43.040000915527344,42.810001373291016,42.959999084472656,9255300.0
2025-12-31T05:00:00Z,42.970001220703125,43.0099983215332,42.68000030517578,42.689998626708984,10129000.0
2026-01-02T05:00:00Z,42.88999938964844,43.38999938964844,42.65999984741211,43.18000030517578,20495400.0
2026-01-05T05:00:00Z,43.189998626708984,43.290000915527344,42.060001373291016,42.70000076293945,27884400.0
2026-01-06T05:00:00Z,42.75,42.959999084472656,42.52000045776367,42.90999984741211,21861800.0
2026-01-07T05:00:00Z,42.95000076293945,42.970001220703125,41.7400016784668,41.869998931884766,27613300.0
2026-01-08T05:00:00Z,41.81999969482422,42.290000915527344,41.810001373291016,41.9900016784668,22853300.0
2026-01-09T05:00:00Z,42.52000045776367,42.88999938964844,42.4900016784668,42.5099983215332,21518300.0
2026-01-12T05:00:00Z,42.380001068115234,42.709999084472656,42.29999923706055,42.58000183105469,16810600.0
2026-01-13T05:00:00Z,42.619998931884766,42.959999084472656,42.41999816894531,42.849998474121094,22207400.0
2026-01-14T05:00:00Z,42.810001373291016,43.31999969482422,42.77000045776367,43.16999816894531,21403100.0
2026-01-15T05:00:00Z,43.31999969482422,43.81999969482422,43.31999969482422,43.61000061035156,21762700.0
2026-01-16T05:00:00Z,43.16999816894531,43.52000045776367,42.939998626708984,43.38999938964844,27803600.0
2026-01-20T05:00:00Z,43.119998931884766,43.36000061035156,42.83000183105469,42.959999084472656,25300900.0
2026-01-21T05:00:00Z,43.310001373291016,43.310001373291016,42.689998626708984,43.02000045776367,33736500.0
2026-01-22T05:00:00Z,43.20000076293945,43.27000045776367,42.599998474121094,42.709999084472656,26170700.0
2026-01-23T05:00:00Z,42.709999084472656,42.75,42.29999923706055,42.560001373291016,26527200.0
2026-01-26T05:00:00Z,42.70000076293945,43.18000030517578,42.65999984741211,42.869998931884766,19254000.0
2026-01-27T05:00:00Z,42.81999969482422,43.54999923706055,42.599998474121094,43.43000030517578,31070500.0
2026-01-28T05:00:00Z,43.5,43.66999816894531,43.130001068115234,43.33000183105469,25183600.0
2026-01-29T05:00:00Z,43.5099983215332,43.77000045776367,43.08000183105469,43.33000183105469,27417900.0
2026-01-30T05:00:00Z,43.22999954223633,43.380001068115234,42.77000045776367,43.25,27998400.0
2026-02-02T05:00:00Z,43.29999923706055,43.47999954223633,42.54999923706055,42.619998931884766,32847600.0
2026-02-03T05:00:00Z,42.65999984741211,43.41999816894531,42.65999984741211,43.2400016784668,35525500.0
2026-02-04T05:00:00Z,43.470001220703125,43.650001525878906,42.9900016784668,43.08000183105469,30994300.0
2026-02-05T05:00:00Z,43.220001220703125,43.369998931884766,42.869998931884766,43.099998474121094,31475400.0
2026-02-06T05:00:00Z,43.4900016784668,43.86000061035156,42.97999954223633,43.349998474121094,30530100.0
2026-02-09T05:00:00Z,43.369998931884766,43.54999923706055,43.060001373291016,43.47999954223633,21173900.0
2026-02-10T05:00:00Z,43.75,44.529998779296875,43.560001373291016,44.20000076293945,34683600.0
2026-02-11T05:00:00Z,44.36000061035156,44.630001068115234,44.13999938964844,44.59000015258789,25614800.0
2026-02-12T05:00:00Z,44.790000915527344,45.7400016784668,44.7400016784668,45.25,45623300.0
2026-02-13T05:00:00Z,45.20000076293945,46.599998474121094,45.20000076293945,46.5,42451800.0
2026-02-17T05:00:00Z,46.79999923706055,47.08000183105469,46.2400016784668,46.380001068115234,32424000.0
2026-02-18T05:00:00Z,46.61000061035156,46.61000061035156,45.5099983215332,45.61000061035156,32841500.0
2026-02-19T05:00:00Z,45.779998779296875,46.18000030517578,45.68000030517578,46.11000061035156,24172500.0
2026-02-20T05:00:00Z,46.29999923706055,46.4900016784668,45.880001068115234,46.33000183105469,22623200.0
2026-02-23T05:00:00Z,46.470001220703125,46.959999084472656,46.369998931884766,46.68000030517578,33130900.0
2026-02-24T05:00:00Z,46.63999938964844,47.22999954223633,46.290000915527344,47.20000076293945,29503300.0
2026-02-25T05:00:00Z,47.209999084472656,47.43000030517578,46.599998474121094,47.36000061035156,22356600.0
2026-02-26T05:00:00Z,47.27000045776367,47.38999938964844,46.90999984741211,47.18000030517578,30578600.0
2026-02-27T05:00:00Z,47.20000076293945,47.79999923706055,47.130001068115234,47.72999954223633,39759600.0
2026-03-02T05:00:00Z,47.40999984741211,47.7400016784668,47.36000061035156,47.369998931884766,33087300.0
2026-03-03T05:00:00Z,46.70000076293945,47.45000076293945,45.959999084472656,47.06999969482422,60946600.0
2026-03-04T05:00:00Z,47.09000015258789,47.41999816894531,46.7599983215332,47.27000045776367,24020800.0
2026-03-05T05:00:00Z,46.95000076293945,47.02000045776367,46.470001220703125,46.900001525878906,29794500.0
2026-03-06T05:00:00Z,46.630001068115234,46.959999084472656,46.34000015258789,46.7400016784668,25001700.0
2026-03-09T04:00:00Z,46.560001373291016,46.95000076293945,46.040000915527344,46.849998474121094,27759000.0
2026-03-10T04:00:00Z,46.63999938964844,47.040000915527344,46.470001220703125,46.560001373291016,24935900.0
2026-03-11T04:00:00Z,46.5,46.560001373291016,46.0,46.16999816894531,20026100.0
2026-03-12T04:00:00Z,46.0,47.040000915527344,45.959999084472656,46.5,27419900.0
2026-03-13T04:00:00Z,46.970001220703125,47.31999969482422,46.86000061035156,46.959999084472656,31521000.0
2026-03-16T04:00:00Z,47.45000076293945,47.5,46.95000076293945,47.2599983215332,19775400.0
2026-03-17T04:00:00Z,47.52000045776367,47.63999938964844,47.08000183105469,47.130001068115234,18502300.0
2026-03-18T04:00:00Z,46.95000076293945,47.150001525878906,46.72999954223633,46.72999954223633,31063500.0
2026-03-19T04:00:00Z,46.650001525878906,46.900001525878906,46.040000915527344,46.540000915527344,29544000.0
2026-03-20T04:00:00Z,46.459999084472656,46.65999984741211,44.43000030517578,44.650001525878906,47128300.0
2026-03-23T04:00:00Z,44.93000030517578,45.189998626708984,44.56999969482422,44.779998779296875,31574300.0
2026-03-24T04:00:00Z,44.560001373291016,45.540000915527344,44.4900016784668,45.09000015258789,24183800.0
2026-03-25T04:00:00Z,45.52000045776367,45.650001525878906,45.209999084472656,45.25,22297400.0
2026-03-26T04:00:00Z,45.2400016784668,45.47999954223633,45.02000045776367,45.33000183105469,19988000.0
2026-03-27T04:00:00Z,45.369998931884766,46.08000183105469,45.29999923706055,45.59000015258789,26172900.0
2026-03-30T04:00:00Z,46.16999816894531,46.34000015258789,45.7599983215332,45.91999816894531,28363600.0
2026-03-31T04:00:00Z,45.849998474121094,45.95000076293945,45.2599983215332,45.88999938964844,42852800.0
2026-04-01T04:00:00Z,45.779998779296875,46.279998779296875,45.70000076293945,46.11000061035156,31185100.0
2026-04-02T04:00:00Z,46.040000915527344,46.59000015258789,45.90999984741211,46.34000015258789,17331800.0
2026-04-06T04:00:00Z,46.150001525878906,46.5,46.09000015258789,46.16999816894531,12939500.0
2026-04-07T04:00:00Z,46.060001373291016,46.43000030517578,46.040000915527344,46.27000045776367,13657000.0
2026-04-08T04:00:00Z,46.290000915527344,46.779998779296875,45.97999954223633,46.779998779296875,18879700.0
2026-04-09T04:00:00Z,46.65999984741211,47.709999084472656,46.619998931884766,47.150001525878906,23274600.0
2026-04-10T04:00:00Z,47.060001373291016,47.459999084472656,46.869998931884766,46.959999084472656,15052100.0
2026-04-13T04:00:00Z,46.84000015258789,46.880001068115234,46.119998931884766,46.38999938964844,17795700.0
2026-04-14T04:00:00Z,46.400001525878906,46.560001373291016,45.900001525878906,46.470001220703125,25118600.0
2026-04-15T04:00:00Z,46.310001373291016,46.31999969482422,45.880001068115234,46.02000045776367,24843900.0
2026-04-16T04:00:00Z,46.0,46.369998931884766,45.84000015258789,46.349998474121094,26945000.0
2026-04-17T04:00:00Z,46.22999954223633,46.279998779296875,45.63999938964844,46.15999984741211,17601500.0
2026-04-20T04:00:00Z,46.119998931884766,46.34000015258789,45.650001525878906,45.75,14376100.0
2026-04-21T04:00:00Z,45.90999984741211,45.95000076293945,44.90999984741211,44.95000076293945,19596900.0
2026-04-22T04:00:00Z,45.34000015258789,45.619998931884766,44.709999084472656,44.869998931884766,21731700.0
2026-04-23T04:00:00Z,45.369998931884766,46.13999938964844,45.20000076293945,46.09000015258789,23864300.0
2026-04-24T04:00:00Z,46.029998779296875,46.29999923706055,45.7400016784668,46.18000030517578,24158700.0
2026-04-27T04:00:00Z,46.369998931884766,46.5,46.16999816894531,46.189998626708984,14543100.0
2026-04-28T04:00:00Z,46.439998626708984,46.52000045776367,46.040000915527344,46.25,13016000.0
2026-04-29T04:00:00Z,46.06999969482422,46.27000045776367,45.560001373291016,45.68000030517578,12655100.0
2026-04-30T04:00:00Z,45.849998474121094,46.88999938964844,45.849998474121094,46.849998474121094,22378500.0
2026-05-01T04:00:00Z,46.84000015258789,47.29999923706055,46.52000045776367,46.54999923706055,15507000.0
2026-05-04T04:00:00Z,46.2599983215332,46.849998474121094,46.09000015258789,46.369998931884766,18054200.0
2026-05-05T04:00:00Z,46.529998779296875,46.81999969482422,46.36000061035156,46.369998931884766,17499600.0
2026-05-06T04:00:00Z,46.279998779296875,46.380001068115234,45.63999938964844,45.709999084472656,26315500.0
2026-05-07T04:00:00Z,45.619998931884766,45.68000030517578,45.0,45.119998931884766,23499400.0
2026-05-08T04:00:00Z,45.36000061035156,45.5099983215332,44.689998626708984,44.720001220703125,18158100.0
2026-05-11T04:00:00Z,45.099998474121094,45.310001373291016,44.83000183105469,45.13999938964844,22669300.0
2026-05-12T04:00:00Z,45.060001373291016,45.380001068115234,44.79999923706055,45.189998626708984,28240500.0
2026-05-13T04:00:00Z,44.79999923706055,44.81999969482422,44.36000061035156,44.66999816894531,27268600.0
2026-05-14T04:00:00Z,44.630001068115234,44.91999816894531,44.54999923706055,44.900001525878906,18472900.0
2026-05-15T04:00:00Z,44.709999084472656,44.77000045776367,43.83000183105469,43.869998931884766,21857600.0
2026-05-18T04:00:00Z,44.06999969482422,44.209999084472656,43.529998779296875,43.939998626708984,31554300.0
2026-05-19T04:00:00Z,43.81999969482422,44.40999984741211,43.619998931884766,44.34000015258789,22307100.0
2026-05-20T04:00:00Z,44.65999984741211,44.86000061035156,44.40999984741211,44.5099983215332,17584800.0
2026-05-21T04:00:00Z,44.54999923706055,45.0099983215332,44.439998626708984,45.0,18781100.0
2026-05-22T04:00:00Z,45.060001373291016,45.439998626708984,44.91999816894531,45.349998474121094,15187100.0
2026-05-26T04:00:00Z,45.59000015258789,45.63999938964844,45.33000183105469,45.33000183105469,13738200.0
2026-05-27T04:00:00Z,45.25,45.369998931884766,44.95000076293945,45.13999938964844,16869400.0
2026-05-28T04:00:00Z,45.029998779296875,45.27000045776367,44.58000183105469,44.630001068115234,19383000.0
2026-05-29T04:00:00Z,44.66999816894531,44.720001220703125,44.25,44.41999816894531,23048500.0
2026-06-01T04:00:00Z,43.900001525878906,43.959999084472656,43.06999969482422,43.099998474121094,31206300.0
2026-06-02T04:00:00Z,43.209999084472656,43.959999084472656,43.18000030517578,43.900001525878906,27366300.0
2026-06-03T04:00:00Z,43.959999084472656,44.47999954223633,43.68000030517578,43.709999084472656,21948600.0
2026-06-04T04:00:00Z,43.869998931884766,44.11000061035156,43.34000015258789,43.939998626708984,18216500.0
2026-06-05T04:00:00Z,44.040000915527344,44.619998931884766,43.970001220703125,44.349998474121094,21351600.0
2026-06-08T04:00:00Z,44.31999969482422,44.380001068115234,43.470001220703125,43.52000045776367,20843500.0
2026-06-09T04:00:00Z,43.63999938964844,44.08000183105469,43.470001220703125,43.97999954223633,20424800.0
2026-06-10T04:00:00Z,44.220001220703125,44.279998779296875,43.790000915527344,44.0,17778000.0
2026-06-11T04:00:00Z,44.220001220703125,44.52000045776367,44.0099983215332,44.04999923706055,19146300.0
2026-06-12T04:00:00Z,44.189998626708984,44.61000061035156,44.189998626708984,44.529998779296875,17942600.0
2026-06-15T04:00:00Z,44.47999954223633,45.0,44.189998626708984,44.7400016784668,18437600.0
2026-06-16T04:00:00Z,44.84000015258789,45.5,44.7599983215332,45.060001373291016,16396600.0
2026-06-17T04:00:00Z,44.81999969482422,45.16999816894531,44.2400016784668,44.459999084472656,22210400.0
2026-06-18T04:00:00Z,44.599998474121094,45.34000015258789,44.529998779296875,44.7599983215332,36828300.0
2026-06-22T04:00:00Z,44.47999954223633,44.970001220703125,44.43000030517578,44.720001220703125,21868600.0
2026-06-23T04:00:00Z,44.75,45.20000076293945,44.459999084472656,45.06999969482422,22295600.0
2026-06-24T04:00:00Z,45.290000915527344,45.599998474121094,45.09000015258789,45.540000915527344,18884500.0
2026-06-25T04:00:00Z,45.65999984741211,46.189998626708984,45.5,45.849998474121094,19262800.0
2026-06-26T04:00:00Z,46.0,46.22999954223633,45.88999938964844,46.20000076293945,19479300.0
2026-06-29T04:00:00Z,46.20000076293945,46.310001373291016,45.77000045776367,46.02000045776367,17917800.0
2026-06-30T04:00:00Z,45.86000061035156,45.95000076293945,45.31999969482422,45.34000015258789,18906800.0
2026-07-01T04:00:00Z,45.2400016784668,45.36000061035156,44.63999938964844,44.77000045776367,29493100.0
2026-07-02T04:00:00Z,45.029998779296875,45.79999923706055,45.0,45.7599983215332,24327900.0
2026-07-06T04:00:00Z,45.709999084472656,45.83000183105469,45.11000061035156,45.29999923706055,19176600.0
2026-07-07T04:00:00Z,45.630001068115234,46.31999969482422,45.529998779296875,45.70000076293945,18962700.0
2026-07-08T04:00:00Z,45.7400016784668,45.81999969482422,45.310001373291016,45.36000061035156,14863200.0
2026-07-09T04:00:00Z,45.560001373291016,45.65999984741211,45.040000915527344,45.130001068115234,19667800.0
2026-07-10T04:00:00Z,45.119998931884766,45.47999954223633,45.09000015258789,45.40999984741211,14050300.0
2026-07-13T04:00:00Z,45.45000076293945,45.880001068115234,45.43000030517578,45.720001220703125,15732100.0
2026-07-14T04:00:00Z,45.93000030517578,46.279998779296875,45.560001373291016,45.689998626708984,17386900.0
2026-07-15T04:00:00Z,45.72999954223633,45.95000076293945,45.16999816894531,45.220001220703125,15909500.0
2026-07-16T04:00:00Z,45.2400016784668,45.619998931884766,45.119998931884766,45.470001220703125,15615700.0
2026-07-17T04:00:00Z,45.900001525878906,46.150001525878906,45.060001373291016,45.16999816894531,20924600.0
2026-07-20T04:00:00Z,45.33000183105469,45.65999984741211,44.810001373291016,44.939998626708984,17830900.0
2026-07-21T04:00:00Z,44.869998931884766,45.040000915527344,44.63999938964844,44.91999816894531,15891700.0
2026-07-22T04:00:00Z,45.27000045776367,45.9900016784668,45.209999084472656,45.93000030517578,18366900.0
2026-07-23T04:00:00Z,45.650001525878906,46.33000183105469,45.599998474121094,46.189998626708984,13696700.0
2026-07-24T04:00:00Z,46.400001525878906,46.630001068115234,46.099998474121094,46.290000915527344,16109000.0
2026-07-27T04:00:00Z,46.130001068115234,46.279998779296875,45.560001373291016,45.68000030517578,16609100.0
2026-07-28T04:00:00Z,45.86000061035156,46.43000030517578,45.5,45.52000045776367,16412000.0
2026-07-29T04:00:00Z,45.7599983215332,45.79999923706055,44.72999954223633,44.90999984741211,23653200.0
2026-07-30T04:00:00Z,45.20000076293945,45.2400016784668,44.36000061035156,44.65999984741211,23428600.0
2026-07-31T04:00:00Z,44.61000061035156,44.7400016784668,44.310001373291016,44.349998474121094,20778500.0
2026-08-03T04:00:00Z,44.2400016784668,44.65999984741211,43.939998626708984,44.36000061035156,25866400.0
2026-08-04T04:00:00Z,44.25,44.25,43.584999084472656,44.06999969482422,14101113.0
