timestamp,open,high,low,close,volume
1998-12-22T05:00:00Z,12.65625,12.734375,12.65625,12.734375,7400.0
1998-12-23T05:00:00Z,12.75,12.875,12.734375,12.789063453674316,24000.0
1998-12-24T05:00:00Z,12.96875,13.023438453674316,12.90625,13.023438453674316,3200.0
1998-12-28T05:00:00Z,12.960938453674316,12.96875,12.90625,12.90625,17200.0
1998-12-29T05:00:00Z,12.945313453674316,13.1875,12.945313453674316,13.1875,2200.0
1998-12-30T05:00:00Z,13.179688453674316,13.203125,13.078125,13.078125,63400.0
1998-12-31T05:00:00Z,13.078125,13.125,13.0625,13.0625,64800.0
1999-01-04T05:00:00Z,13.078125,13.265625,12.953125,12.984375,10400.0
1999-01-05T05:00:00Z,13.0625,13.203125,13.0625,13.203125,2600.0
1999-01-06T05:00:00Z,13.359375,13.578125,13.359375,13.578125,16200.0
1999-01-07T05:00:00Z,13.515625,13.65625,13.5,13.5625,27400.0
1999-01-08T05:00:00Z,13.640625,13.703125,13.554688453674316,13.578125,37200.0
1999-01-11T05:00:00Z,13.625,13.640625,13.398438453674316,13.507813453674316,126200.0
1999-01-12T05:00:00Z,13.304688453674316,13.34375,13.140625,13.15625,6600.0
1999-01-13T05:00:00Z,12.84375,13.21875,12.84375,13.21875,6800.0
1999-01-14T05:00:00Z,13.09375,13.15625,12.859375,12.921875,73200.0
1999-01-15T05:00:00Z,13.09375,13.101563453674316,13.023438453674316,13.085938453674316,69600.0
1999-01-19T05:00:00Z,13.234375,13.289063453674316,13.078125,13.078125,8200.0
1999-01-20T05:00:00Z,13.265625,13.421875,13.210938453674316,13.296875,7000.0
1999-01-21T05:00:00Z,13.265625,13.28125,13.140625,13.171875,63000.0
1999-01-22T05:00:00Z,12.96875,13.273438453674316,12.9375,13.234375,24600.0
1999-01-25T05:00:00Z,13.171875,13.234375,13.109375,13.203125,16200.0
1999-01-26T05:00:00Z,13.28125,13.515625,13.242188453674316,13.515625,7400.0
1999-01-27T05:00:00Z,13.53125,13.5625,13.5,13.5,3800.0
1999-01-28T05:00:00Z,13.53125,13.640625,13.53125,13.640625,8600.0
1999-01-29T05:00:00Z,13.6875,13.78125,13.59375,13.734375,13600.0
1999-02-01T05:00:00Z,13.796875,13.804688453674316,13.71875,13.765625,12200.0
1999-02-02T05:00:00Z,13.65625,13.65625,13.46875,13.59375,41800.0
1999-02-03T05:00:00Z,13.5625,13.828125,13.546875,13.8125,46200.0
1999-02-04T05:00:00Z,13.898438453674316,13.914063453674316,13.71875,13.734375,39000.0
1999-02-05T05:00:00Z,13.59375,13.679688453674316,13.390625,13.390625,11600.0
1999-02-08T05:00:00Z,13.507813453674316,13.609375,13.335938453674316,13.609375,16400.0
1999-02-09T05:00:00Z,13.4375,13.453125,13.1875,13.1875,18800.0
1999-02-10T05:00:00Z,13.171875,13.265625,13.109375,13.1875,18400.0
1999-02-11T05:00:00Z,13.265625,13.632813453674316,13.226563453674316,13.617188453674316,24400.0
1999-02-12T05:00:00Z,13.4375,13.453125,13.289063453674316,13.375,11600.0
1999-02-16T05:00:00Z,13.492188453674316,13.625,13.484375,13.546875,18600.0
1999-02-17T05:00:00Z,13.578125,13.773438453674316,13.5,13.5,29400.0
1999-02-18T05:00:00Z,13.5,13.515625,13.382813453674316,13.515625,7000.0
1999-02-19T05:00:00Z,13.53125,13.585938453674316,13.492188453674316,13.585938453674316,1800.0
1999-02-22T05:00:00Z,13.625,13.929688453674316,13.625,13.929688453674316,28000.0
1999-02-23T05:00:00Z,13.9375,13.953125,13.75,13.859375,13600.0
1999-02-24T05:00:00Z,13.953125,14.046875,13.6875,13.6875,18000.0
1999-02-25T05:00:00Z,13.65625,13.671875,13.328125,13.53125,38200.0
1999-02-26T05:00:00Z,13.515625,13.703125,13.515625,13.648438453674316,17000.0
1999-03-01T05:00:00Z,13.609375,13.65625,13.53125,13.65625,17200.0
1999-03-02T05:00:00Z,13.6875,13.851563453674316,13.6875,13.6875,36200.0
1999-03-03T05:00:00Z,13.703125,13.726563453674316,13.617188453674316,13.617188453674316,2000.0
1999-03-04T05:00:00Z,13.921875,13.953125,13.78125,13.90625,10800.0
1999-03-05T05:00:00Z,14.21875,14.421875,14.21875,14.328125,49600.0
1999-03-08T05:00:00Z,14.4375,14.4375,14.203125,14.390625,24600.0
1999-03-09T05:00:00Z,14.359375,14.515625,14.320313453674316,14.429688453674316,24200.0
1999-03-10T05:00:00Z,14.4375,14.460938453674316,14.359375,14.390625,11200.0
1999-03-11T05:00:00Z,14.5,14.632813453674316,14.460938453674316,14.546875,26200.0
1999-03-12T05:00:00Z,14.703125,14.78125,14.25,14.609375,27400.0
1999-03-15T05:00:00Z,14.59375,14.648438453674316,14.5,14.640625,14200.0
1999-03-16T05:00:00Z,14.734375,14.734375,14.5,14.5625,12400.0
1999-03-17T05:00:00Z,14.546875,14.546875,14.359375,14.5,13400.0
1999-03-18T05:00:00Z,14.40625,14.75,14.40625,14.75,14000.0
1999-03-19T05:00:00Z,14.734375,14.734375,14.53125,14.53125,26200.0
1999-03-22T05:00:00Z,14.5,14.5,14.3125,14.375,37200.0
1999-03-23T05:00:00Z,14.265625,14.265625,13.90625,13.9375,19600.0
1999-03-24T05:00:00Z,14.0,14.0,13.796875,13.828125,25800.0
1999-03-25T05:00:00Z,14.046875,14.25,13.96875,14.25,20400.0
1999-03-26T05:00:00Z,14.21875,14.28125,14.09375,14.15625,12600.0
1999-03-29T05:00:00Z,14.398438453674316,14.5,14.367188453674316,14.5,10200.0
1999-03-30T05:00:00Z,14.4375,14.546875,14.390625,14.515625,72600.0
1999-03-31T05:00:00Z,14.59375,14.609375,14.296875,14.296875,48800.0
1999-04-01T05:00:00Z,14.375,14.375,14.195313453674316,14.28125,8200.0
1999-04-05T04:00:00Z,14.375,14.515625,14.328125,14.46875,19200.0
1999-04-06T04:00:00Z,14.523438453674316,14.640625,14.46875,14.546875,21800.0
1999-04-07T04:00:00Z,14.664063453674316,14.703125,14.625,14.671875,27200.0
1999-04-08T04:00:00Z,14.71875,15.0,14.71875,15.0,41600.0
1999-04-09T04:00:00Z,14.9375,15.164063453674316,14.9375,15.140625,145800.0
1999-04-12T04:00:00Z,14.90625,15.328125,14.90625,15.265625,42200.0
1999-04-13T04:00:00Z,15.3125,15.328125,15.109375,15.1875,65400.0
1999-04-14T04:00:00Z,15.1875,15.21875,14.84375,14.84375,99400.0
1999-04-15T04:00:00Z,14.9375,14.96875,14.59375,14.8125,71600.0
1999-04-16T04:00:00Z,14.8125,14.875,14.703125,14.859375,23200.0
1999-04-19T04:00:00Z,15.09375,15.28125,14.484375,14.53125,74800.0
1999-04-20T04:00:00Z,14.625,14.78125,14.578125,14.71875,31200.0
1999-04-21T04:00:00Z,14.8125,14.96875,14.734375,14.96875,90200.0
1999-04-22T04:00:00Z,15.046875,15.15625,14.9375,15.007813453674316,71400.0
1999-04-23T04:00:00Z,15.0625,15.203125,15.0625,15.171875,4000.0
1999-04-26T04:00:00Z,15.234375,15.25,15.078125,15.078125,188800.0
1999-04-27T04:00:00Z,15.171875,15.1875,15.0625,15.117188453674316,8200.0
1999-04-28T04:00:00Z,15.203125,15.296875,15.0625,15.0625,12000.0
1999-04-29T04:00:00Z,14.9375,15.046875,14.65625,14.71875,35800.0
1999-04-30T04:00:00Z,14.859375,14.890625,14.234375,14.671875,74600.0
1999-05-03T04:00:00Z,14.703125,15.046875,14.703125,15.03125,181200.0
1999-05-04T04:00:00Z,15.203125,15.21875,14.765625,14.859375,382800.0
1999-05-05T04:00:00Z,14.890625,14.890625,14.5,14.734375,99400.0
1999-05-06T04:00:00Z,14.59375,14.65625,14.40625,14.40625,24000.0
1999-05-07T04:00:00Z,14.578125,14.734375,14.5625,14.734375,51200.0
1999-05-10T04:00:00Z,14.78125,14.953125,14.625,14.71875,38400.0
1999-05-11T04:00:00Z,14.859375,15.109375,14.859375,15.015625,62200.0
1999-05-12T04:00:00Z,15.03125,15.109375,14.84375,15.109375,25000.0
1999-05-13T04:00:00Z,15.203125,15.203125,14.9375,15.03125,27200.0
1999-05-14T04:00:00Z,14.6875,14.8125,14.671875,14.734375,20400.0
1999-05-17T04:00:00Z,14.5,14.578125,14.28125,14.4375,20800.0
1999-05-18T04:00:00Z,14.546875,14.765625,14.53125,14.53125,10200.0
1999-05-19T04:00:00Z,14.671875,14.671875,14.359375,14.359375,1400.0
1999-05-20T04:00:00Z,14.5625,14.59375,14.484375,14.484375,15000.0
1999-05-21T04:00:00Z,14.46875,14.46875,14.375,14.390625,10200.0
1999-05-24T04:00:00Z,14.359375,14.4375,14.078125,14.078125,7200.0
1999-05-25T04:00:00Z,14.28125,14.296875,13.9375,13.9375,14000.0
1999-05-26T04:00:00Z,14.078125,14.09375,13.90625,14.09375,10200.0
1999-05-27T04:00:00Z,14.0,14.015625,13.8125,13.8125,23800.0
1999-05-28T04:00:00Z,13.921875,14.09375,13.921875,14.007813453674316,2200.0
1999-06-01T04:00:00Z,14.03125,14.09375,13.882813453674316,14.09375,59200.0
1999-06-02T04:00:00Z,14.25,14.265625,14.0625,14.0625,12800.0
1999-06-03T04:00:00Z,14.421875,14.4375,14.328125,14.390625,8400.0
1999-06-04T04:00:00Z,14.578125,14.578125,14.4375,14.5,9800.0
1999-06-07T04:00:00Z,14.4375,14.5625,14.4375,14.539063453674316,5800.0
1999-06-08T04:00:00Z,14.484375,14.5,14.320313453674316,14.320313453674316,8400.0
1999-06-09T04:00:00Z,14.265625,14.296875,14.179688453674316,14.179688453674316,9800.0
1999-06-10T04:00:00Z,14.109375,14.109375,13.945313453674316,13.976563453674316,15600.0
1999-06-11T04:00:00Z,14.046875,14.125,13.882813453674316,13.90625,5200.0
1999-06-14T04:00:00Z,14.03125,14.0625,13.921875,13.921875,2600.0
1999-06-15T04:00:00Z,13.9375,13.9375,13.8125,13.828125,9800.0
1999-06-16T04:00:00Z,14.09375,14.226563453674316,14.078125,14.203125,39600.0
1999-06-17T04:00:00Z,14.171875,14.203125,14.125,14.132813453674316,6400.0
1999-06-18T04:00:00Z,14.09375,14.234375,14.078125,14.21875,10200.0
1999-06-21T04:00:00Z,14.296875,14.46875,14.296875,14.46875,9400.0
1999-06-22T04:00:00Z,14.40625,14.4375,14.328125,14.375,5600.0
1999-06-23T04:00:00Z,14.28125,14.28125,14.078125,14.171875,10400.0
1999-06-24T04:00:00Z,14.125,14.140625,13.9375,14.140625,11800.0
1999-06-25T04:00:00Z,14.1875,14.1875,14.078125,14.09375,2400.0
1999-06-28T04:00:00Z,14.140625,14.40625,14.140625,14.367188453674316,4600.0
1999-06-29T04:00:00Z,14.429688453674316,14.609375,14.429688453674316,14.609375,16400.0
1999-06-30T04:00:00Z,14.484375,14.890625,14.484375,14.890625,22600.0
1999-07-01T04:00:00Z,14.78125,14.96875,14.78125,14.96875,5800.0
1999-07-02T04:00:00Z,14.90625,15.125,14.90625,15.046875,21800.0
1999-07-06T04:00:00Z,15.09375,15.289063453674316,15.078125,15.171875,34000.0
1999-07-07T04:00:00Z,15.109375,15.125,15.03125,15.03125,40000.0
1999-07-08T04:00:00Z,14.859375,15.0625,14.859375,14.90625,8400.0
1999-07-09T04:00:00Z,14.921875,15.0,14.90625,14.90625,33600.0
1999-07-12T04:00:00Z,14.921875,14.921875,14.804688453674316,14.8125,9200.0
1999-07-13T04:00:00Z,14.796875,14.8125,14.671875,14.703125,62400.0
1999-07-14T04:00:00Z,14.75,14.8125,14.703125,14.734375,41800.0
1999-07-15T04:00:00Z,14.921875,14.984375,14.859375,14.929688453674316,216800.0
1999-07-16T04:00:00Z,14.96875,15.015625,14.90625,15.015625,5600.0
1999-07-19T04:00:00Z,15.03125,15.03125,14.90625,14.984375,12200.0
1999-07-20T04:00:00Z,14.875,14.90625,14.59375,14.59375,45400.0
1999-07-21T04:00:00Z,14.6875,14.695313453674316,14.453125,14.453125,17600.0
1999-07-22T04:00:00Z,14.4375,14.5,14.21875,14.265625,21400.0
1999-07-23T04:00:00Z,14.265625,14.265625,14.15625,14.15625,3000.0
1999-07-26T04:00:00Z,14.078125,14.328125,14.078125,14.234375,60400.0
1999-07-27T04:00:00Z,14.375,14.375,14.203125,14.3125,52000.0
1999-07-28T04:00:00Z,14.21875,14.328125,14.15625,14.265625,4800.0
1999-07-29T04:00:00Z,14.15625,14.15625,13.84375,14.046875,14200.0
1999-07-30T04:00:00Z,13.921875,13.921875,13.71875,13.78125,30400.0
1999-08-02T04:00:00Z,13.828125,13.921875,13.679688453674316,13.679688453674316,315600.0
1999-08-03T04:00:00Z,13.78125,13.78125,13.5,13.507813453674316,21400.0
1999-08-04T04:00:00Z,13.546875,13.546875,13.234375,13.234375,7600.0
1999-08-05T04:00:00Z,13.140625,13.140625,12.90625,13.117188453674316,98800.0
1999-08-06T04:00:00Z,13.03125,13.132813453674316,12.921875,13.015625,26000.0
1999-08-09T04:00:00Z,13.0625,13.0625,12.78125,12.84375,3400.0
1999-08-10T04:00:00Z,12.773438453674316,12.875,12.578125,12.84375,13600.0
1999-08-11T04:00:00Z,13.0625,13.140625,13.054688453674316,13.125,6000.0
1999-08-12T04:00:00Z,13.28125,13.390625,13.28125,13.28125,10400.0
1999-08-13T04:00:00Z,13.4375,13.546875,13.4375,13.546875,16400.0
1999-08-16T04:00:00Z,13.53125,13.734375,13.484375,13.734375,23800.0
1999-08-17T04:00:00Z,13.84375,13.84375,13.625,13.703125,48200.0
1999-08-18T04:00:00Z,13.6875,13.796875,13.65625,13.65625,7800.0
1999-08-19T04:00:00Z,13.578125,13.578125,13.429688453674316,13.539063453674316,10800.0
1999-08-20T04:00:00Z,13.671875,13.6875,13.632813453674316,13.6875,4400.0
1999-08-23T04:00:00Z,13.867188453674316,13.921875,13.835938453674316,13.90625,18200.0
1999-08-24T04:00:00Z,13.9375,13.984375,13.796875,13.890625,17200.0
1999-08-25T04:00:00Z,13.8125,14.03125,13.75,14.03125,6000.0
1999-08-26T04:00:00Z,14.0,14.0,13.734375,13.757813453674316,40200.0
1999-08-27T04:00:00Z,13.765625,13.765625,13.59375,13.703125,7600.0
1999-08-30T04:00:00Z,13.59375,13.601563453674316,13.40625,13.40625,12400.0
1999-08-31T04:00:00Z,13.21875,13.25,13.046875,13.25,8600.0
1999-09-01T04:00:00Z,13.320313453674316,13.34375,13.265625,13.265625,2200.0
1999-09-02T04:00:00Z,13.0,13.125,13.0,13.109375,44400.0
1999-09-03T04:00:00Z,13.421875,13.46875,13.328125,13.46875,10000.0
1999-09-07T04:00:00Z,13.3125,13.40625,13.242188453674316,13.257813453674316,65400.0
1999-09-08T04:00:00Z,13.117188453674316,13.273438453674316,13.117188453674316,13.1875,13000.0
1999-09-09T04:00:00Z,13.3125,13.3125,13.1875,13.234375,11200.0
1999-09-10T04:00:00Z,13.445313453674316,13.523438453674316,13.398438453674316,13.484375,37400.0
1999-09-13T04:00:00Z,13.421875,13.445313453674316,13.382813453674316,13.445313453674316,2400.0
1999-09-14T04:00:00Z,13.335938453674316,13.429688453674316,13.335938453674316,13.375,3200.0
1999-09-15T04:00:00Z,13.421875,13.46875,13.257813453674316,13.257813453674316,5600.0
1999-09-16T04:00:00Z,13.039063453674316,13.039063453674316,12.835938453674316,12.976563453674316,22800.0
1999-09-17T04:00:00Z,13.03125,13.171875,13.03125,13.140625,4000.0
1999-09-20T04:00:00Z,13.101563453674316,13.148438453674316,13.0625,13.125,19600.0
1999-09-21T04:00:00Z,12.945313453674316,12.953125,12.828125,12.828125,13800.0
1999-09-22T04:00:00Z,12.898438453674316,12.96875,12.875,12.96875,26600.0
1999-09-23T04:00:00Z,13.007813453674316,13.039063453674316,12.914063453674316,13.03125,12000.0
1999-09-24T04:00:00Z,12.796875,12.90625,12.765625,12.765625,13800.0
1999-09-27T04:00:00Z,12.976563453674316,13.007813453674316,12.921875,12.984375,8200.0
1999-09-28T04:00:00Z,12.898438453674316,12.945313453674316,12.671875,12.945313453674316,17000.0
1999-09-29T04:00:00Z,12.867188453674316,12.90625,12.851563453674316,12.851563453674316,3400.0
1999-09-30T04:00:00Z,12.890625,13.15625,12.890625,13.039063453674316,151800.0
1999-10-01T04:00:00Z,13.109375,13.171875,13.023438453674316,13.109375,3200.0
1999-10-04T04:00:00Z,13.28125,13.539063453674316,13.28125,13.53125,12200.0
1999-10-05T04:00:00Z,13.671875,13.796875,13.429688453674316,13.554688453674316,15800.0
1999-10-06T04:00:00Z,13.585938453674316,13.796875,13.476563453674316,13.703125,17200.0
1999-10-07T04:00:00Z,13.75,13.804688453674316,13.664063453674316,13.664063453674316,7800.0
1999-10-08T04:00:00Z,13.953125,14.054688453674316,13.890625,14.054688453674316,156800.0
1999-10-11T04:00:00Z,13.625,14.195313453674316,13.625,14.15625,213400.0
1999-10-12T04:00:00Z,14.0,14.0,13.867188453674316,13.867188453674316,29600.0
1999-10-13T04:00:00Z,13.8125,13.875,13.703125,13.703125,10400.0
1999-10-14T04:00:00Z,13.375,13.554688453674316,13.3125,13.507813453674316,14800.0
1999-10-15T04:00:00Z,13.25,13.328125,13.164063453674316,13.164063453674316,11000.0
1999-10-18T04:00:00Z,13.148438453674316,13.25,12.953125,13.25,17400.0
1999-10-19T04:00:00Z,13.421875,13.578125,13.335938453674316,13.382813453674316,10400.0
1999-10-20T04:00:00Z,13.367188453674316,13.617188453674316,13.351563453674316,13.617188453674316,95200.0
1999-10-21T04:00:00Z,13.390625,13.5,13.367188453674316,13.5,3000.0
1999-10-22T04:00:00Z,13.664063453674316,13.898438453674316,13.640625,13.851563453674316,9200.0
1999-10-25T04:00:00Z,13.578125,13.734375,13.578125,13.609375,5000.0
1999-10-26T04:00:00Z,13.65625,13.65625,13.148438453674316,13.273438453674316,38200.0
1999-10-27T04:00:00Z,13.25,13.3125,13.109375,13.3125,30400.0
1999-10-28T04:00:00Z,13.5625,13.875,13.5625,13.8125,22400.0
1999-10-29T04:00:00Z,14.3125,14.53125,14.195313453674316,14.195313453674316,24600.0
1999-11-01T05:00:00Z,14.25,14.3125,14.09375,14.09375,25400.0
1999-11-02T05:00:00Z,14.023438453674316,14.273438453674316,13.992188453674316,13.992188453674316,6600.0
1999-11-03T05:00:00Z,14.03125,14.046875,13.875,13.875,6200.0
1999-11-04T05:00:00Z,13.96875,14.0625,13.96875,14.046875,37200.0
1999-11-05T05:00:00Z,14.179688453674316,14.25,14.101563453674316,14.140625,14000.0
1999-11-08T05:00:00Z,14.109375,14.1875,14.09375,14.09375,5000.0
1999-11-09T05:00:00Z,14.03125,14.03125,13.890625,13.945313453674316,23800.0
1999-11-10T05:00:00Z,14.039063453674316,14.101563453674316,14.0,14.0,15000.0
1999-11-11T05:00:00Z,14.03125,14.109375,14.015625,14.03125,11400.0
1999-11-12T05:00:00Z,14.28125,14.359375,14.109375,14.359375,15800.0
1999-11-15T05:00:00Z,14.234375,14.515625,14.234375,14.382813453674316,12400.0
1999-11-16T05:00:00Z,14.4375,14.5625,14.34375,14.445313453674316,10200.0
1999-11-17T05:00:00Z,14.484375,14.546875,14.3125,14.320313453674316,27000.0
1999-11-18T05:00:00Z,14.414063453674316,14.414063453674316,14.304688453674316,14.382813453674316,4400.0
1999-11-19T05:00:00Z,14.335938453674316,14.359375,14.226563453674316,14.25,29400.0
1999-11-22T05:00:00Z,14.0625,14.109375,14.046875,14.085938453674316,4200.0
1999-11-23T05:00:00Z,14.046875,14.0625,13.945313453674316,14.03125,20200.0
1999-11-24T05:00:00Z,14.0,14.140625,13.976563453674316,14.109375,8400.0
1999-11-26T05:00:00Z,14.109375,14.28125,14.109375,14.28125,13400.0
1999-11-29T05:00:00Z,14.234375,14.4375,14.234375,14.40625,17800.0
1999-11-30T05:00:00Z,14.429688453674316,14.484375,14.203125,14.203125,13800.0
1999-12-01T05:00:00Z,14.375,14.429688453674316,14.335938453674316,14.375,17600.0
1999-12-02T05:00:00Z,14.3125,14.3125,14.195313453674316,14.3125,314200.0
1999-12-03T05:00:00Z,14.445313453674316,14.59375,14.4375,14.476563453674316,17600.0
1999-12-06T05:00:00Z,14.484375,14.609375,14.375,14.5,23800.0
1999-12-07T05:00:00Z,14.390625,14.453125,14.257813453674316,14.257813453674316,12800.0
1999-12-08T05:00:00Z,14.21875,14.34375,14.125,14.179688453674316,22000.0
1999-12-09T05:00:00Z,14.617188453674316,14.617188453674316,14.109375,14.15625,36400.0
1999-12-10T05:00:00Z,14.46875,14.546875,14.453125,14.546875,32200.0
1999-12-13T05:00:00Z,14.6875,14.984375,14.6875,14.984375,8800.0
1999-12-14T05:00:00Z,14.953125,15.0,14.78125,14.789063453674316,41800.0
1999-12-15T05:00:00Z,14.6875,14.867188453674316,14.6875,14.859375,1600.0
1999-12-16T05:00:00Z,14.96875,15.1875,14.929688453674316,15.1875,17800.0
1999-12-17T05:00:00Z,15.171875,15.203125,15.054688453674316,15.09375,1715600.0
1999-12-20T05:00:00Z,15.015625,15.070313453674316,14.617188453674316,14.65625,1760000.0
1999-12-21T05:00:00Z,14.65625,14.75,14.640625,14.71875,1297000.0
1999-12-22T05:00:00Z,14.734375,14.757813453674316,14.640625,14.75,1107000.0
1999-12-23T05:00:00Z,14.796875,15.09375,14.796875,15.039063453674316,355200.0
1999-12-27T05:00:00Z,15.265625,15.28125,15.15625,15.1875,2777600.0
1999-12-28T05:00:00Z,15.109375,15.421875,15.109375,15.34375,21200.0
1999-12-29T05:00:00Z,15.304688453674316,15.40625,15.304688453674316,15.40625,2800.0
1999-12-30T05:00:00Z,15.265625,15.484375,15.265625,15.359375,4000.0
1999-12-31T05:00:00Z,15.484375,15.546875,15.40625,15.53125,38200.0
2000-01-03T05:00:00Z,15.5,15.5,14.929688453674316,15.0625,425800.0
2000-01-04T05:00:00Z,14.84375,14.90625,14.515625,14.609375,354400.0
2000-01-05T05:00:00Z,14.671875,14.671875,14.359375,14.429688453674316,249200.0
2000-01-06T05:00:00Z,14.523438453674316,14.703125,14.5,14.59375,271600.0
2000-01-07T05:00:00Z,14.75,15.28125,14.75,15.28125,140000.0
2000-01-10T05:00:00Z,15.265625,15.296875,15.078125,15.203125,83800.0
2000-01-11T05:00:00Z,15.25,15.3125,15.046875,15.117188453674316,59200.0
2000-01-12T05:00:00Z,15.15625,15.15625,14.96875,15.03125,106200.0
2000-01-13T05:00:00Z,15.109375,15.15625,14.976563453674316,15.109375,141200.0
2000-01-14T05:00:00Z,15.125,15.164063453674316,15.070313453674316,15.070313453674316,205200.0
2000-01-18T05:00:00Z,15.0,15.0625,14.828125,14.984375,107600.0
2000-01-19T05:00:00Z,14.976563453674316,15.132813453674316,14.953125,14.953125,227600.0
2000-01-20T05:00:00Z,15.03125,15.03125,14.671875,14.75,322800.0
2000-01-21T05:00:00Z,14.765625,14.765625,14.445313453674316,14.445313453674316,340400.0
2000-01-24T05:00:00Z,14.546875,14.5625,13.90625,13.90625,10200.0
2000-01-25T05:00:00Z,13.953125,14.03125,13.8125,13.992188453674316,126000.0
2000-01-26T05:00:00Z,13.859375,14.101563453674316,13.859375,14.09375,76200.0
2000-01-27T05:00:00Z,14.203125,14.203125,13.828125,14.054688453674316,238200.0
2000-01-28T05:00:00Z,13.828125,13.882813453674316,13.453125,13.5,24800.0
2000-01-31T05:00:00Z,13.4375,13.601563453674316,13.4375,13.601563453674316,21600.0
2000-02-01T05:00:00Z,13.71875,14.09375,13.71875,14.09375,259800.0
2000-02-02T05:00:00Z,14.125,14.140625,14.0,14.0,10600.0
2000-02-03T05:00:00Z,14.140625,14.140625,14.015625,14.054688453674316,52400.0
2000-02-04T05:00:00Z,14.179688453674316,14.179688453674316,14.0,14.03125,46200.0
2000-02-07T05:00:00Z,13.9375,13.9375,13.734375,13.734375,41600.0
2000-02-08T05:00:00Z,13.84375,14.132813453674316,13.84375,14.046875,411400.0
2000-02-09T05:00:00Z,14.09375,14.09375,13.789063453674316,13.8125,57200.0
2000-02-10T05:00:00Z,13.835938453674316,13.835938453674316,13.640625,13.6875,20200.0
2000-02-11T05:00:00Z,13.773438453674316,13.773438453674316,13.382813453674316,13.492188453674316,66000.0
2000-02-14T05:00:00Z,13.484375,13.65625,13.484375,13.5625,5600.0
2000-02-15T05:00:00Z,13.578125,13.59375,13.375,13.59375,15800.0
2000-02-16T05:00:00Z,13.5,13.5,13.0625,13.0625,36000.0
2000-02-17T05:00:00Z,13.15625,13.15625,12.625,12.6875,134000.0
2000-02-18T05:00:00Z,12.617188453674316,12.664063453674316,12.414063453674316,12.5,15000.0
2000-02-22T05:00:00Z,12.671875,12.6875,12.390625,12.53125,141400.0
2000-02-23T05:00:00Z,12.65625,12.65625,12.421875,12.492188453674316,686000.0
2000-02-24T05:00:00Z,12.390625,12.390625,11.945313453674316,12.09375,217800.0
2000-02-25T05:00:00Z,12.09375,12.328125,12.09375,12.140625,62600.0
2000-02-28T05:00:00Z,12.34375,12.609375,12.257813453674316,12.578125,519400.0
2000-02-29T05:00:00Z,12.71875,12.921875,12.71875,12.84375,35200.0
2000-03-01T05:00:00Z,12.851563453674316,12.851563453674316,12.59375,12.695313453674316,691400.0
2000-03-02T05:00:00Z,12.828125,12.84375,12.664063453674316,12.679688453674316,417200.0
2000-03-03T05:00:00Z,12.875,13.0,12.820313453674316,12.914063453674316,416000.0
2000-03-06T05:00:00Z,12.789063453674316,12.8125,12.5,12.609375,1200400.0
2000-03-07T05:00:00Z,12.5625,12.5625,12.164063453674316,12.257813453674316,12600.0
2000-03-08T05:00:00Z,12.046875,12.453125,12.015625,12.40625,344400.0
2000-03-09T05:00:00Z,12.257813453674316,12.671875,12.140625,12.65625,612800.0
2000-03-10T05:00:00Z,12.546875,12.648438453674316,12.4375,12.484375,880600.0
2000-03-13T05:00:00Z,12.117188453674316,12.46875,12.117188453674316,12.382813453674316,885800.0
2000-03-14T05:00:00Z,12.40625,12.515625,12.304688453674316,12.40625,458600.0
2000-03-15T05:00:00Z,12.40625,13.25,12.28125,13.15625,1443600.0
2000-03-16T05:00:00Z,13.421875,14.15625,13.359375,14.125,302800.0
2000-03-17T05:00:00Z,14.125,14.25,14.03125,14.132813453674316,48600.0
2000-03-20T05:00:00Z,14.140625,14.140625,13.84375,14.0,162200.0
2000-03-21T05:00:00Z,13.96875,14.1875,13.875,14.15625,314400.0
2000-03-22T05:00:00Z,14.03125,14.15625,13.875,14.09375,266600.0
2000-03-23T05:00:00Z,13.890625,14.195313453674316,13.890625,14.132813453674316,18000.0
2000-03-24T05:00:00Z,14.25,14.421875,14.179688453674316,14.179688453674316,39200.0
2000-03-27T05:00:00Z,14.179688453674316,14.28125,14.109375,14.140625,28000.0
2000-03-28T05:00:00Z,14.0625,14.34375,14.0625,14.1875,41600.0
2000-03-29T05:00:00Z,14.3125,14.515625,14.3125,14.46875,24600.0
2000-03-30T05:00:00Z,14.765625,14.945313453674316,14.6875,14.789063453674316,45000.0
2000-03-31T05:00:00Z,14.664063453674316,14.851563453674316,14.585938453674316,14.632813453674316,749200.0
2000-04-03T04:00:00Z,14.828125,15.148438453674316,14.828125,15.070313453674316,82000.0
2000-04-04T04:00:00Z,15.320313453674316,15.375,14.296875,14.882813453674316,142000.0
2000-04-05T04:00:00Z,14.804688453674316,14.96875,14.75,14.90625,24000.0
2000-04-06T04:00:00Z,14.828125,15.164063453674316,14.828125,15.0625,27200.0
2000-04-07T04:00:00Z,15.15625,15.25,15.0625,15.0625,111400.0
2000-04-10T04:00:00Z,15.171875,15.429688453674316,15.125,15.414063453674316,31600.0
2000-04-11T04:00:00Z,15.257813453674316,15.539063453674316,15.257813453674316,15.523438453674316,92200.0
2000-04-12T04:00:00Z,15.648438453674316,15.96875,15.492188453674316,15.492188453674316,214000.0
2000-04-13T04:00:00Z,15.46875,15.46875,15.1875,15.203125,74800.0
2000-04-14T04:00:00Z,14.6875,14.71875,14.0,14.0,235200.0
2000-04-17T04:00:00Z,14.1875,14.1875,13.6875,14.015625,281200.0
2000-04-18T04:00:00Z,13.9375,14.359375,13.859375,14.3125,104200.0
2000-04-19T04:00:00Z,14.203125,14.484375,14.203125,14.421875,16800.0
2000-04-20T04:00:00Z,14.40625,14.609375,14.40625,14.609375,28600.0
2000-04-24T04:00:00Z,14.609375,15.03125,14.609375,14.765625,24600.0
2000-04-25T04:00:00Z,14.859375,15.0625,14.859375,15.03125,51200.0
2000-04-26T04:00:00Z,14.96875,15.078125,14.96875,15.015625,23800.0
2000-04-27T04:00:00Z,14.65625,14.703125,14.53125,14.703125,6600.0
2000-04-28T04:00:00Z,14.59375,14.6875,14.328125,14.328125,8600.0
2000-05-01T04:00:00Z,14.390625,14.765625,14.390625,14.765625,13400.0
2000-05-02T04:00:00Z,14.546875,14.71875,14.546875,14.664063453674316,130600.0
2000-05-03T04:00:00Z,14.078125,14.203125,13.890625,13.96875,334600.0
2000-05-04T04:00:00Z,13.90625,13.90625,13.671875,13.742188453674316,45600.0
2000-05-05T04:00:00Z,13.765625,13.9375,13.765625,13.914063453674316,30200.0
2000-05-08T04:00:00Z,13.78125,13.921875,13.6875,13.875,109200.0
2000-05-09T04:00:00Z,14.09375,14.1875,14.015625,14.015625,35800.0
2000-05-10T04:00:00Z,13.953125,14.046875,13.890625,14.015625,126000.0
2000-05-11T04:00:00Z,14.21875,14.25,14.140625,14.140625,36200.0
2000-05-12T04:00:00Z,14.296875,14.34375,14.21875,14.34375,6000.0
2000-05-15T04:00:00Z,14.21875,14.484375,14.15625,14.390625,53400.0
2000-05-16T04:00:00Z,14.625,14.625,14.375,14.5,15400.0
2000-05-17T04:00:00Z,14.21875,14.242188453674316,14.125,14.15625,19000.0
2000-05-18T04:00:00Z,14.15625,14.4375,14.15625,14.4375,3200.0
2000-05-19T04:00:00Z,14.15625,14.3125,14.0625,14.070313453674316,3800.0
2000-05-22T04:00:00Z,13.953125,13.953125,13.765625,13.859375,17000.0
2000-05-23T04:00:00Z,13.84375,14.03125,13.796875,13.796875,40000.0
2000-05-24T04:00:00Z,13.671875,13.671875,13.3125,13.546875,7800.0
2000-05-25T04:00:00Z,13.59375,13.640625,13.421875,13.421875,42000.0
2000-05-26T04:00:00Z,13.398438453674316,13.398438453674316,13.140625,13.140625,80600.0
2000-05-30T04:00:00Z,13.15625,13.25,13.070313453674316,13.242188453674316,184000.0
2000-05-31T04:00:00Z,13.25,13.5625,13.25,13.554688453674316,56000.0
2000-06-01T04:00:00Z,13.5,13.65625,13.5,13.65625,3000.0
2000-06-02T04:00:00Z,13.890625,14.03125,13.875,14.03125,47400.0
2000-06-05T04:00:00Z,13.875,14.0625,13.875,13.953125,2400.0
2000-06-06T04:00:00Z,13.828125,13.828125,13.46875,13.507813453674316,11200.0
2000-06-07T04:00:00Z,13.46875,13.6875,13.453125,13.507813453674316,42200.0
2000-06-08T04:00:00Z,13.523438453674316,13.523438453674316,13.296875,13.375,31600.0
2000-06-09T04:00:00Z,13.40625,13.5,13.140625,13.15625,135400.0
2000-06-12T04:00:00Z,12.859375,12.921875,12.796875,12.828125,24800.0
2000-06-13T04:00:00Z,12.796875,13.21875,12.796875,13.078125,230800.0
2000-06-14T04:00:00Z,13.09375,13.28125,13.09375,13.125,89200.0
2000-06-15T04:00:00Z,13.203125,13.234375,13.09375,13.09375,271600.0
2000-06-16T04:00:00Z,13.015625,13.015625,12.875,12.921875,37200.0
2000-06-19T04:00:00Z,12.796875,12.9375,12.75,12.90625,44600.0
2000-06-20T04:00:00Z,12.84375,12.84375,12.59375,12.625,28200.0
2000-06-21T04:00:00Z,12.632813453674316,12.632813453674316,12.507813453674316,12.539063453674316,324600.0
2000-06-22T04:00:00Z,12.46875,12.9375,12.375,12.484375,513800.0
2000-06-23T04:00:00Z,12.453125,12.5625,12.40625,12.5625,81800.0
2000-06-26T04:00:00Z,12.640625,12.703125,12.0625,12.5625,26400.0
2000-06-27T04:00:00Z,12.59375,13.0,12.59375,12.921875,264600.0
2000-06-28T04:00:00Z,12.875,12.9375,12.8125,12.875,65800.0
2000-06-29T04:00:00Z,12.75,12.796875,12.578125,12.65625,309800.0
2000-06-30T04:00:00Z,12.734375,12.890625,12.671875,12.796875,65400.0
2000-07-03T04:00:00Z,12.84375,12.96875,12.796875,12.96875,86600.0
2000-07-05T04:00:00Z,13.078125,13.1875,13.03125,13.125,112000.0
2000-07-06T04:00:00Z,13.125,13.296875,13.109375,13.21875,15400.0
2000-07-07T04:00:00Z,13.28125,13.875,13.28125,13.859375,355000.0
2000-07-10T04:00:00Z,13.734375,14.140625,13.734375,14.0625,247800.0
2000-07-11T04:00:00Z,14.078125,14.28125,14.078125,14.164063453674316,128200.0
2000-07-12T04:00:00Z,14.234375,14.234375,14.046875,14.203125,17200.0
2000-07-13T04:00:00Z,14.15625,14.15625,13.9375,13.9375,53200.0
2000-07-14T04:00:00Z,14.0,14.125,13.875,14.109375,15000.0
2000-07-17T04:00:00Z,14.0625,14.109375,13.9375,14.03125,199000.0
2000-07-18T04:00:00Z,13.984375,14.078125,13.953125,14.0625,461400.0
2000-07-19T04:00:00Z,13.984375,14.023438453674316,13.859375,13.882813453674316,137200.0
2000-07-20T04:00:00Z,13.9375,14.03125,13.84375,13.84375,98600.0
2000-07-21T04:00:00Z,13.84375,13.90625,13.75,13.8125,220000.0
2000-07-24T04:00:00Z,13.804688453674316,13.804688453674316,13.5,13.59375,27800.0
2000-07-25T04:00:00Z,13.53125,13.625,13.421875,13.625,34800.0
2000-07-26T04:00:00Z,13.53125,13.6875,13.453125,13.578125,166800.0
2000-07-27T04:00:00Z,13.546875,13.6875,13.53125,13.6875,7000.0
2000-07-28T04:00:00Z,13.5625,13.5625,13.265625,13.265625,16600.0
2000-07-31T04:00:00Z,13.390625,13.390625,13.0,13.0,31400.0
2000-08-01T04:00:00Z,13.0625,13.1875,12.953125,13.1875,172000.0
2000-08-02T04:00:00Z,13.0625,13.25,13.046875,13.1875,226600.0
2000-08-03T04:00:00Z,13.171875,13.28125,13.078125,13.125,31400.0
2000-08-04T04:00:00Z,13.125,13.125,13.007813453674316,13.070313453674316,16800.0
2000-08-07T04:00:00Z,13.03125,13.46875,13.03125,13.421875,11200.0
2000-08-08T04:00:00Z,13.546875,13.921875,13.546875,13.820313453674316,9000.0
2000-08-09T04:00:00Z,13.65625,13.65625,13.5,13.578125,168200.0
2000-08-10T04:00:00Z,13.359375,13.359375,13.1875,13.1875,9000.0
2000-08-11T04:00:00Z,13.203125,13.46875,13.203125,13.375,45000.0
2000-08-14T04:00:00Z,13.5,13.609375,13.5,13.546875,800.0
2000-08-15T04:00:00Z,13.5,13.5,13.15625,13.15625,7800.0
2000-08-16T04:00:00Z,12.890625,12.96875,12.8125,12.898438453674316,20800.0
2000-08-17T04:00:00Z,12.953125,12.953125,12.796875,12.90625,53000.0
2000-08-18T04:00:00Z,12.960938453674316,13.085938453674316,12.953125,13.078125,6400.0
2000-08-21T04:00:00Z,13.015625,13.015625,12.75,12.765625,22400.0
2000-08-22T04:00:00Z,12.890625,13.15625,12.890625,13.015625,28200.0
2000-08-23T04:00:00Z,13.007813453674316,13.078125,12.9375,12.9375,64200.0
2000-08-24T04:00:00Z,13.03125,13.03125,12.90625,12.9375,8400.0
2000-08-25T04:00:00Z,13.03125,13.054688453674316,12.9375,13.054688453674316,2000.0
2000-08-28T04:00:00Z,12.984375,13.039063453674316,12.84375,12.84375,52600.0
2000-08-29T04:00:00Z,12.90625,12.90625,12.75,12.789063453674316,17000.0
2000-08-30T04:00:00Z,12.75,12.75,12.640625,12.640625,9200.0
2000-08-31T04:00:00Z,12.5625,12.5625,12.359375,12.460938453674316,30200.0
2000-09-01T04:00:00Z,12.40625,12.710938453674316,12.40625,12.710938453674316,325000.0
2000-09-05T04:00:00Z,12.78125,12.9375,12.75,12.84375,2447000.0
2000-09-06T04:00:00Z,13.03125,13.117188453674316,13.0,13.03125,61000.0
2000-09-07T04:00:00Z,13.09375,13.09375,12.921875,12.921875,229600.0
2000-09-08T04:00:00Z,13.0,13.242188453674316,13.0,13.164063453674316,11740200.0
2000-09-11T04:00:00Z,13.234375,13.4375,13.234375,13.40625,5248400.0
2000-09-12T04:00:00Z,13.375,13.5,13.257813453674316,13.40625,2242200.0
2000-09-13T04:00:00Z,13.484375,13.484375,13.351563453674316,13.40625,175600.0
2000-09-14T04:00:00Z,13.375,13.421875,13.265625,13.328125,34000.0
2000-09-15T04:00:00Z,13.226563453674316,13.226563453674316,13.101563453674316,13.179688453674316,87800.0
2000-09-18T04:00:00Z,13.007813453674316,13.0625,12.90625,12.914063453674316,32600.0
2000-09-19T04:00:00Z,12.8125,12.84375,12.65625,12.695313453674316,6108600.0
2000-09-20T04:00:00Z,12.75,12.75,12.421875,12.445313453674316,27600.0
2000-09-21T04:00:00Z,12.742188453674316,12.90625,12.695313453674316,12.90625,7600.0
2000-09-22T04:00:00Z,12.78125,12.84375,12.78125,12.820313453674316,2800.0
2000-09-25T04:00:00Z,12.796875,12.796875,12.609375,12.625,6019400.0
2000-09-26T04:00:00Z,12.625,12.625,12.226563453674316,12.34375,15600.0
2000-09-27T04:00:00Z,12.421875,12.484375,12.375,12.460938453674316,6600.0
2000-09-28T04:00:00Z,12.445313453674316,12.703125,12.4375,12.65625,8600.0
2000-09-29T04:00:00Z,12.5625,12.625,12.445313453674316,12.445313453674316,20200.0
2000-10-02T04:00:00Z,12.4375,12.5,12.25,12.25,2016000.0
2000-10-03T04:00:00Z,12.265625,12.40625,12.25,12.34375,20800.0
2000-10-04T04:00:00Z,12.34375,12.734375,12.34375,12.5625,4025200.0
2000-10-05T04:00:00Z,12.546875,12.546875,12.398438453674316,12.398438453674316,10800.0
2000-10-06T04:00:00Z,12.28125,12.28125,12.007813453674316,12.007813453674316,24000.0
2000-10-09T04:00:00Z,12.078125,12.1875,12.078125,12.085938453674316,8800.0
2000-10-10T04:00:00Z,12.15625,12.15625,12.03125,12.09375,9200.0
2000-10-11T04:00:00Z,12.0,12.0,11.671875,11.75,236800.0
2000-10-12T04:00:00Z,11.117188453674316,11.117188453674316,10.78125,10.929688453674316,91200.0
2000-10-13T04:00:00Z,10.96875,11.1875,10.875,11.15625,175200.0
2000-10-16T04:00:00Z,11.28125,11.429688453674316,11.28125,11.351563453674316,8800.0
2000-10-17T04:00:00Z,11.515625,11.515625,11.039063453674316,11.039063453674316,12800.0
2000-10-18T04:00:00Z,10.914063453674316,11.265625,10.914063453674316,11.25,8800.0
2000-10-19T04:00:00Z,11.265625,11.734375,11.265625,11.710938453674316,59200.0
2000-10-20T04:00:00Z,11.476563453674316,11.578125,11.390625,11.5,4200.0
2000-10-23T04:00:00Z,11.53125,11.59375,11.5,11.570313453674316,8600.0
2000-10-24T04:00:00Z,11.578125,11.75,11.578125,11.578125,33600.0
2000-10-25T04:00:00Z,11.625,11.625,11.40625,11.40625,283600.0
2000-10-26T04:00:00Z,11.40625,11.421875,11.265625,11.367188453674316,6800.0
2000-10-27T04:00:00Z,11.25,11.5,11.25,11.476563453674316,11400.0
2000-10-30T05:00:00Z,11.421875,11.921875,11.421875,11.765625,97400.0
2000-10-31T05:00:00Z,12.03125,12.320313453674316,12.0,12.289063453674316,300400.0
2000-11-01T05:00:00Z,12.375,12.46875,12.28125,12.390625,322600.0
2000-11-02T05:00:00Z,12.296875,12.5,12.21875,12.5,15000.0
2000-11-03T05:00:00Z,12.515625,12.515625,12.15625,12.320313453674316,27800.0
2000-11-06T05:00:00Z,12.28125,12.515625,12.28125,12.484375,4400.0
2000-11-07T05:00:00Z,12.390625,12.46875,12.328125,12.359375,33400.0
2000-11-08T05:00:00Z,12.546875,12.65625,12.5,12.5,46200.0
2000-11-09T05:00:00Z,12.09375,12.140625,11.828125,12.015625,29600.0
2000-11-10T05:00:00Z,11.578125,11.640625,11.460938453674316,11.460938453674316,61000.0
2000-11-13T05:00:00Z,11.4375,11.78125,11.40625,11.78125,44600.0
2000-11-14T05:00:00Z,12.09375,12.140625,12.046875,12.132813453674316,121200.0
2000-11-15T05:00:00Z,12.0,12.25,12.0,12.25,29000.0
2000-11-16T05:00:00Z,12.203125,12.203125,12.0625,12.117188453674316,20400.0
2000-11-17T05:00:00Z,12.03125,12.140625,11.953125,12.109375,8400.0
2000-11-20T05:00:00Z,11.992188453674316,12.0,11.796875,11.8125,129200.0
2000-11-21T05:00:00Z,11.851563453674316,11.851563453674316,11.71875,11.71875,179400.0
2000-11-22T05:00:00Z,11.640625,11.734375,11.53125,11.59375,129600.0
2000-11-24T05:00:00Z,11.53125,11.671875,11.53125,11.671875,1400.0
2000-11-27T05:00:00Z,12.0,12.125,11.96875,12.09375,5600.0
2000-11-28T05:00:00Z,12.0,12.109375,11.859375,12.046875,74200.0
2000-11-29T05:00:00Z,12.109375,12.21875,12.09375,12.21875,57400.0
2000-11-30T05:00:00Z,12.09375,12.09375,11.75,11.984375,87400.0
2000-12-01T05:00:00Z,12.078125,12.1875,11.921875,12.0,103200.0
2000-12-04T05:00:00Z,12.234375,12.453125,12.203125,12.453125,8200.0
2000-12-05T05:00:00Z,12.40625,12.859375,12.40625,12.75,361800.0
2000-12-06T05:00:00Z,12.875,12.875,12.625,12.671875,53400.0
2000-12-07T05:00:00Z,12.734375,12.734375,12.484375,12.5,34400.0
2000-12-08T05:00:00Z,12.6875,12.75,12.59375,12.632813453674316,13000.0
2000-12-11T05:00:00Z,12.5,12.5,12.328125,12.476563453674316,27000.0
2000-12-12T05:00:00Z,12.328125,12.578125,12.25,12.5,31000.0
2000-12-13T05:00:00Z,12.484375,12.53125,12.25,12.25,107400.0
2000-12-14T05:00:00Z,12.203125,12.28125,12.09375,12.210938453674316,230600.0
2000-12-15T05:00:00Z,11.953125,12.015625,11.78125,11.859375,17800.0
2000-12-18T05:00:00Z,11.96875,12.140625,11.96875,12.117188453674316,145600.0
2000-12-19T05:00:00Z,12.148438453674316,12.148438453674316,11.8125,11.828125,194400.0
2000-12-20T05:00:00Z,11.453125,11.75,11.40625,11.6875,63000.0
2000-12-21T05:00:00Z,11.671875,12.125,11.671875,12.046875,194200.0
2000-12-22T05:00:00Z,12.09375,12.3125,12.09375,12.25,54400.0
2000-12-26T05:00:00Z,12.140625,12.210938453674316,12.0,12.015625,146800.0
2000-12-27T05:00:00Z,12.09375,12.65625,12.09375,12.59375,158800.0
2000-12-28T05:00:00Z,12.671875,12.75,12.59375,12.75,60400.0
2000-12-29T05:00:00Z,12.796875,13.03125,12.734375,12.796875,27800.0
2001-01-02T05:00:00Z,12.890625,12.96875,12.71875,12.773438453674316,334200.0
2001-01-03T05:00:00Z,12.65625,13.78125,12.65625,13.78125,2068800.0
2001-01-04T05:00:00Z,13.703125,14.15625,13.703125,13.976563453674316,519800.0
2001-01-05T05:00:00Z,13.84375,13.84375,13.375,13.515625,182600.0
2001-01-08T05:00:00Z,13.390625,13.46875,13.1875,13.335938453674316,55200.0
2001-01-09T05:00:00Z,13.453125,13.453125,13.21875,13.226563453674316,193000.0
2001-01-10T05:00:00Z,13.109375,13.3125,12.96875,13.3125,261800.0
2001-01-11T05:00:00Z,13.296875,13.5,13.109375,13.429688453674316,87600.0
2001-01-12T05:00:00Z,13.28125,13.5,13.28125,13.421875,143400.0
2001-01-16T05:00:00Z,13.40625,13.75,13.40625,13.734375,39800.0
2001-01-17T05:00:00Z,13.734375,13.75,13.453125,13.546875,341600.0
2001-01-18T05:00:00Z,13.546875,13.5625,13.34375,13.34375,14400.0
2001-01-19T05:00:00Z,13.015625,13.046875,12.8125,12.8125,446200.0
2001-01-22T05:00:00Z,13.15625,13.34375,13.0625,13.296875,181600.0
2001-01-23T05:00:00Z,13.34375,13.453125,13.25,13.453125,114800.0
2001-01-24T05:00:00Z,13.4375,13.484375,13.34375,13.46875,785600.0
2001-01-25T05:00:00Z,13.53125,13.8125,13.40625,13.679688453674316,11587400.0
2001-01-26T05:00:00Z,13.65625,13.6875,13.5,13.53125,864000.0
2001-01-29T05:00:00Z,13.670000076293945,13.8100004196167,13.59000015258789,13.800000190734863,717400.0
2001-01-30T05:00:00Z,13.800000190734863,13.904999732971191,13.625,13.84000015258789,1441200.0
2001-01-31T05:00:00Z,13.975000381469727,14.3149995803833,13.975000381469727,14.28499984741211,235000.0
2001-02-01T05:00:00Z,14.25,14.265000343322754,14.09000015258789,14.265000343322754,87600.0
2001-02-02T05:00:00Z,14.270000457763672,14.305000305175781,13.960000038146973,13.994999885559082,277600.0
2001-02-05T05:00:00Z,14.079999923706055,14.079999923706055,13.875,13.914999961853027,44400.0
2001-02-06T05:00:00Z,13.989999771118164,14.119999885559082,13.930000305175781,13.930000305175781,38800.0
2001-02-07T05:00:00Z,14.010000228881836,14.039999961853027,13.875,13.960000038146973,192800.0
2001-02-08T05:00:00Z,13.824999809265137,13.824999809265137,13.494999885559082,13.550000190734863,423400.0
2001-02-09T05:00:00Z,13.75,13.75,13.279999732971191,13.375,3275600.0
2001-02-12T05:00:00Z,13.40999984741211,13.75,13.40999984741211,13.75,6844000.0
2001-02-13T05:00:00Z,13.819999694824219,14.024999618530273,13.71500015258789,13.9350004196167,57000.0
2001-02-14T05:00:00Z,13.989999771118164,13.989999771118164,13.789999961853027,13.800000190734863,187600.0
2001-02-15T05:00:00Z,13.869999885559082,13.885000228881836,13.729999542236328,13.795000076293945,29000.0
2001-02-16T05:00:00Z,13.649999618530273,13.859999656677246,13.619999885559082,13.619999885559082,18600.0
2001-02-20T05:00:00Z,13.850000381469727,14.0,13.734999656677246,13.800000190734863,149800.0
2001-02-21T05:00:00Z,13.6899995803833,13.6899995803833,13.180000305175781,13.204999923706055,263600.0
2001-02-22T05:00:00Z,13.15999984741211,13.239999771118164,12.920000076293945,13.0,71200.0
2001-02-23T05:00:00Z,13.0600004196167,13.229999542236328,12.854999542236328,13.21500015258789,189200.0
2001-02-26T05:00:00Z,13.449999809265137,13.619999885559082,13.350000381469727,13.619999885559082,181000.0
2001-02-27T05:00:00Z,13.550000190734863,13.670000076293945,13.40999984741211,13.550000190734863,187600.0
2001-02-28T05:00:00Z,13.579999923706055,13.579999923706055,13.199999809265137,13.265000343322754,159800.0
2001-03-01T05:00:00Z,13.260000228881836,13.260000228881836,12.925000190734863,13.050000190734863,255200.0
2001-03-02T05:00:00Z,12.829999923706055,13.175000190734863,12.824999809265137,13.149999618530273,487800.0
2001-03-05T05:00:00Z,13.074999809265137,13.25,13.010000228881836,13.010000228881836,8600.0
2001-03-06T05:00:00Z,13.350000381469727,13.399999618530273,13.21500015258789,13.34000015258789,229600.0
2001-03-07T05:00:00Z,13.46500015258789,13.670000076293945,13.46500015258789,13.670000076293945,152600.0
2001-03-08T05:00:00Z,13.680000305175781,13.899999618530273,13.680000305175781,13.890000343322754,542600.0
2001-03-09T05:00:00Z,13.675000190734863,13.78499984741211,13.645000457763672,13.75,119200.0
2001-03-12T05:00:00Z,13.5,13.59000015258789,13.199999809265137,13.239999771118164,529600.0
2001-03-13T05:00:00Z,13.170000076293945,13.194999694824219,12.895000457763672,13.180000305175781,484200.0
2001-03-14T05:00:00Z,12.824999809265137,13.0,12.765000343322754,12.895000457763672,362000.0
2001-03-15T05:00:00Z,12.944999694824219,13.045000076293945,12.824999809265137,13.039999961853027,84000.0
2001-03-16T05:00:00Z,12.960000038146973,12.960000038146973,12.6899995803833,12.75,134400.0
2001-03-19T05:00:00Z,12.800000190734863,12.979999542236328,12.699999809265137,12.899999618530273,242400.0
2001-03-20T05:00:00Z,13.0,13.3100004196167,12.930000305175781,12.930000305175781,269200.0
2001-03-21T05:00:00Z,12.850000381469727,13.029999732971191,12.75,12.850000381469727,381600.0
2001-03-22T05:00:00Z,12.5600004196167,12.5600004196167,12.095000267028809,12.449999809265137,494400.0
2001-03-23T05:00:00Z,12.359999656677246,12.59000015258789,12.180000305175781,12.59000015258789,240200.0
2001-03-26T05:00:00Z,12.854999542236328,12.899999618530273,12.75,12.8100004196167,193200.0
2001-03-27T05:00:00Z,12.8100004196167,13.09000015258789,12.779999732971191,13.09000015258789,154400.0
2001-03-28T05:00:00Z,12.824999809265137,12.925000190734863,12.729999542236328,12.875,372400.0
2001-03-29T05:00:00Z,12.75,13.010000228881836,12.75,13.0,331200.0
2001-03-30T05:00:00Z,12.960000038146973,13.045000076293945,12.875,13.045000076293945,45000.0
2001-04-02T04:00:00Z,12.920000076293945,13.119999885559082,12.914999961853027,13.050000190734863,123000.0
2001-04-03T04:00:00Z,13.125,13.125,12.595000267028809,12.609999656677246,428200.0
2001-04-04T04:00:00Z,12.75,12.845000267028809,12.625,12.744999885559082,178400.0
2001-04-05T04:00:00Z,13.0,13.050000190734863,12.899999618530273,13.029999732971191,87400.0
2001-04-06T04:00:00Z,12.899999618530273,13.039999961853027,12.744999885559082,12.989999771118164,277000.0
2001-04-09T04:00:00Z,12.925000190734863,13.039999961853027,12.824999809265137,12.869999885559082,128000.0
2001-04-10T04:00:00Z,12.994999885559082,13.154999732971191,12.989999771118164,13.0,204400.0
2001-04-11T04:00:00Z,13.039999961853027,13.039999961853027,12.699999809265137,12.854999542236328,386600.0
2001-04-12T04:00:00Z,12.710000038146973,12.774999618530273,12.5,12.635000228881836,412400.0
2001-04-16T04:00:00Z,12.899999618530273,12.944999694824219,12.694999694824219,12.694999694824219,50200.0
2001-04-17T04:00:00Z,12.729999542236328,12.899999618530273,12.729999542236328,12.869999885559082,252600.0
2001-04-18T04:00:00Z,12.970000267028809,13.805000305175781,12.954999923706055,13.65999984741211,315400.0
2001-04-19T04:00:00Z,13.574999809265137,13.71500015258789,13.539999961853027,13.699999809265137,39400.0
2001-04-20T04:00:00Z,13.630000114440918,13.65999984741211,13.484999656677246,13.555000305175781,21600.0
2001-04-23T04:00:00Z,13.5600004196167,13.640000343322754,13.395000457763672,13.46500015258789,193000.0
2001-04-24T04:00:00Z,13.130000114440918,13.260000228881836,13.130000114440918,13.229999542236328,12800.0
2001-04-25T04:00:00Z,13.220000267028809,13.34000015258789,13.170000076293945,13.239999771118164,255200.0
2001-04-26T04:00:00Z,13.34000015258789,13.630000114440918,13.34000015258789,13.569999694824219,26800.0
2001-04-27T04:00:00Z,13.729999542236328,13.904999732971191,13.699999809265137,13.895000457763672,189200.0
2001-04-30T04:00:00Z,13.914999961853027,13.949999809265137,13.550000190734863,13.649999618530273,196400.0
2001-05-01T04:00:00Z,13.699999809265137,13.84000015258789,13.614999771118164,13.800000190734863,225000.0
2001-05-02T04:00:00Z,13.774999618530273,13.914999961853027,13.75,13.90999984741211,78000.0
2001-05-03T04:00:00Z,13.744999885559082,13.8149995803833,13.654999732971191,13.75,212200.0
2001-05-04T04:00:00Z,13.475000381469727,13.875,13.475000381469727,13.875,38400.0
2001-05-07T04:00:00Z,13.774999618530273,13.829999923706055,13.6850004196167,13.770000457763672,587400.0
2001-05-08T04:00:00Z,13.75,13.760000228881836,13.614999771118164,13.760000228881836,49000.0
2001-05-09T04:00:00Z,13.704999923706055,13.725000381469727,13.550000190734863,13.550000190734863,42400.0
2001-05-10T04:00:00Z,13.994999885559082,14.09000015258789,13.920000076293945,13.9399995803833,68600.0
2001-05-11T04:00:00Z,14.114999771118164,14.114999771118164,13.920000076293945,14.0,85400.0
2001-05-14T04:00:00Z,14.005000114440918,14.020000457763672,13.920000076293945,13.96500015258789,9000.0
2001-05-15T04:00:00Z,14.079999923706055,14.100000381469727,13.885000228881836,13.914999961853027,96400.0
2001-05-16T04:00:00Z,13.8149995803833,14.145000457763672,13.770000457763672,14.085000038146973,665200.0
2001-05-17T04:00:00Z,14.199999809265137,14.319999694824219,14.170000076293945,14.300000190734863,422200.0
2001-05-18T04:00:00Z,14.260000228881836,14.289999961853027,14.109999656677246,14.289999961853027,180400.0
2001-05-21T04:00:00Z,14.25,14.475000381469727,14.130000114440918,14.449999809265137,102400.0
2001-05-22T04:00:00Z,14.550000190734863,14.550000190734863,14.40999984741211,14.5,596600.0
2001-05-23T04:00:00Z,14.425000190734863,14.425000190734863,14.125,14.239999771118164,255200.0
2001-05-24T04:00:00Z,14.239999771118164,14.300000190734863,14.125,14.1899995803833,119800.0
2001-05-25T04:00:00Z,14.15999984741211,14.199999809265137,14.100000381469727,14.119999885559082,736600.0
2001-05-29T04:00:00Z,14.125,14.125,13.925000190734863,14.010000228881836,44200.0
2001-05-30T04:00:00Z,13.9399995803833,13.970000267028809,13.755000114440918,13.755000114440918,762800.0
2001-05-31T04:00:00Z,13.930000305175781,13.975000381469727,13.770000457763672,13.975000381469727,8000.0
2001-06-01T04:00:00Z,13.850000381469727,13.944999694824219,13.789999961853027,13.925000190734863,427000.0
2001-06-04T04:00:00Z,13.875,13.880000114440918,13.71500015258789,13.880000114440918,23000.0
2001-06-05T04:00:00Z,13.875,14.050000190734863,13.875,14.045000076293945,16800.0
2001-06-06T04:00:00Z,14.045000076293945,14.045000076293945,13.899999618530273,13.899999618530273,20200.0
2001-06-07T04:00:00Z,13.800000190734863,14.069999694824219,13.800000190734863,14.005000114440918,23200.0
2001-06-08T04:00:00Z,14.050000190734863,14.055000305175781,13.975000381469727,14.055000305175781,21000.0
2001-06-11T04:00:00Z,13.989999771118164,14.039999961853027,13.845000267028809,13.845000267028809,28000.0
2001-06-12T04:00:00Z,13.75,13.949999809265137,13.699999809265137,13.949999809265137,88800.0
2001-06-13T04:00:00Z,13.899999618530273,13.944999694824219,13.800000190734863,13.800000190734863,45800.0
2001-06-14T04:00:00Z,13.850000381469727,13.850000381469727,13.635000228881836,13.654999732971191,83200.0
2001-06-15T04:00:00Z,13.574999809265137,13.625,13.420000076293945,13.489999771118164,40800.0
2001-06-18T04:00:00Z,13.630000114440918,13.770000457763672,13.630000114440918,13.635000228881836,70000.0
2001-06-19T04:00:00Z,13.850000381469727,13.850000381469727,13.654999732971191,13.680000305175781,83400.0
2001-06-20T04:00:00Z,13.789999961853027,13.904999732971191,13.739999771118164,13.880000114440918,42000.0
2001-06-21T04:00:00Z,13.800000190734863,14.244999885559082,13.800000190734863,14.130000114440918,145600.0
2001-06-22T04:00:00Z,14.114999771118164,14.114999771118164,13.920000076293945,13.989999771118164,52400.0
2001-06-25T04:00:00Z,13.979999542236328,13.979999542236328,13.65999984741211,13.8100004196167,56800.0
2001-06-26T04:00:00Z,13.59000015258789,13.71500015258789,13.53499984741211,13.625,375600.0
2001-06-27T04:00:00Z,13.625,13.75,13.524999618530273,13.5600004196167,65400.0
2001-06-28T04:00:00Z,13.710000038146973,13.9399995803833,13.710000038146973,13.774999618530273,32000.0
2001-06-29T04:00:00Z,13.850000381469727,13.979999542236328,13.755000114440918,13.835000038146973,110800.0
2001-07-02T04:00:00Z,13.819999694824219,13.975000381469727,13.819999694824219,13.970000267028809,66000.0
2001-07-03T04:00:00Z,13.824999809265137,13.949999809265137,13.824999809265137,13.944999694824219,67200.0
2001-07-05T04:00:00Z,13.75,13.824999809265137,13.65999984741211,13.65999984741211,69000.0
2001-07-06T04:00:00Z,13.630000114440918,13.649999618530273,13.300000190734863,13.335000038146973,180000.0
2001-07-09T04:00:00Z,13.3149995803833,13.484999656677246,13.3149995803833,13.430000305175781,145200.0
2001-07-10T04:00:00Z,13.550000190734863,13.579999923706055,13.369999885559082,13.369999885559082,101000.0
2001-07-11T04:00:00Z,13.425000190734863,13.614999771118164,13.34000015258789,13.515000343322754,334200.0
2001-07-12T04:00:00Z,13.75,14.170000076293945,13.75,14.100000381469727,25800.0
2001-07-13T04:00:00Z,14.039999961853027,14.359999656677246,13.960000038146973,14.329999923706055,59200.0
2001-07-16T04:00:00Z,14.345000267028809,14.460000038146973,14.295000076293945,14.369999885559082,94600.0
2001-07-17T04:00:00Z,14.3149995803833,14.449999809265137,14.279999732971191,14.449999809265137,18000.0
2001-07-18T04:00:00Z,14.375,14.460000038146973,14.300000190734863,14.460000038146973,587600.0
2001-07-19T04:00:00Z,14.550000190734863,14.675000190734863,14.449999809265137,14.5600004196167,297200.0
2001-07-20T04:00:00Z,14.529999732971191,14.670000076293945,14.529999732971191,14.574999809265137,70600.0
2001-07-23T04:00:00Z,14.5600004196167,14.595000267028809,14.305000305175781,14.305000305175781,40800.0
2001-07-24T04:00:00Z,14.300000190734863,14.300000190734863,14.010000228881836,14.100000381469727,96400.0
2001-07-25T04:00:00Z,13.979999542236328,14.375,13.925000190734863,14.375,90600.0
2001-07-26T04:00:00Z,14.324999809265137,14.430000305175781,14.170000076293945,14.390000343322754,59600.0
2001-07-27T04:00:00Z,14.375,14.449999809265137,14.274999618530273,14.350000381469727,113200.0
2001-07-30T04:00:00Z,14.449999809265137,14.449999809265137,14.28499984741211,14.444999694824219,59200.0
2001-07-31T04:00:00Z,14.404999732971191,14.625,14.404999732971191,14.449999809265137,78600.0
2001-08-01T04:00:00Z,14.399999618530273,14.59000015258789,14.364999771118164,14.4350004196167,52800.0
2001-08-02T04:00:00Z,14.550000190734863,14.5600004196167,14.425000190734863,14.524999618530273,175200.0
2001-08-03T04:00:00Z,14.425000190734863,14.430000305175781,14.375,14.430000305175781,21200.0
2001-08-06T04:00:00Z,14.399999618530273,14.399999618530273,14.170000076293945,14.170000076293945,20600.0
2001-08-07T04:00:00Z,14.25,14.364999771118164,14.170000076293945,14.329999923706055,108600.0
2001-08-08T04:00:00Z,14.345000267028809,14.46500015258789,14.09000015258789,14.149999618530273,12400.0
2001-08-09T04:00:00Z,14.149999618530273,14.170000076293945,13.960000038146973,14.100000381469727,543200.0
2001-08-10T04:00:00Z,13.854999542236328,14.109999656677246,13.845000267028809,14.09000015258789,86200.0
2001-08-13T04:00:00Z,14.0,14.0,13.795000076293945,13.930000305175781,32600.0
2001-08-14T04:00:00Z,13.949999809265137,14.050000190734863,13.944999694824219,13.970000267028809,321600.0
2001-08-15T04:00:00Z,14.0,14.079999923706055,13.850000381469727,13.850000381469727,31200.0
2001-08-16T04:00:00Z,13.845000267028809,13.954999923706055,13.755000114440918,13.954999923706055,824600.0
2001-08-17T04:00:00Z,13.850000381469727,13.850000381469727,13.579999923706055,13.59000015258789,1094400.0
2001-08-20T04:00:00Z,13.774999618530273,13.774999618530273,13.630000114440918,13.760000228881836,70400.0
2001-08-21T04:00:00Z,13.75,13.75,13.375,13.420000076293945,625600.0
2001-08-22T04:00:00Z,13.430000305175781,13.545000076293945,13.324999809265137,13.454999923706055,339600.0
2001-08-23T04:00:00Z,13.425000190734863,13.46500015258789,13.335000038146973,13.385000228881836,143200.0
2001-08-24T04:00:00Z,13.399999618530273,13.71500015258789,13.399999618530273,13.640000343322754,46800.0
2001-08-27T04:00:00Z,13.625,13.699999809265137,13.550000190734863,13.625,46600.0
2001-08-28T04:00:00Z,13.5,13.510000228881836,13.375,13.510000228881836,130400.0
2001-08-29T04:00:00Z,13.399999618530273,13.494999885559082,13.260000228881836,13.260000228881836,58800.0
2001-08-30T04:00:00Z,13.324999809265137,13.359999656677246,12.970000267028809,12.989999771118164,178600.0
2001-08-31T04:00:00Z,13.074999809265137,13.279999732971191,13.050000190734863,13.1850004196167,116400.0
2001-09-04T04:00:00Z,13.220000267028809,13.585000038146973,13.220000267028809,13.255000114440918,162000.0
2001-09-05T04:00:00Z,13.229999542236328,13.274999618530273,13.010000228881836,13.260000228881836,356200.0
2001-09-06T04:00:00Z,13.199999809265137,13.199999809265137,12.779999732971191,12.779999732971191,348200.0
2001-09-07T04:00:00Z,12.5,12.649999618530273,12.204999923706055,12.3149995803833,1081800.0
2001-09-10T04:00:00Z,12.100000381469727,12.350000381469727,12.055000305175781,12.210000038146973,439600.0
2001-09-17T04:00:00Z,11.125,11.425000190734863,11.0,11.074999809265137,1586800.0
2001-09-18T04:00:00Z,11.074999809265137,11.425000190734863,11.024999618530273,11.140000343322754,168800.0
2001-09-19T04:00:00Z,11.265000343322754,11.305000305175781,10.625,10.885000228881836,170400.0
2001-09-20T04:00:00Z,10.699999809265137,10.789999961853027,10.510000228881836,10.510000228881836,166000.0
2001-09-21T04:00:00Z,10.055000305175781,10.675000190734863,10.0,10.524999618530273,285800.0
2001-09-24T04:00:00Z,10.824999809265137,11.210000038146973,10.824999809265137,11.104999542236328,624200.0
2001-09-25T04:00:00Z,11.194999694824219,11.369999885559082,11.085000038146973,11.135000228881836,564200.0
2001-09-26T04:00:00Z,11.385000228881836,11.385000228881836,11.079999923706055,11.170000076293945,102600.0
2001-09-27T04:00:00Z,11.199999809265137,11.21500015258789,10.914999961853027,11.199999809265137,208200.0
2001-09-28T04:00:00Z,11.390000343322754,11.579999923706055,11.3149995803833,11.484999656677246,361600.0
2001-10-01T04:00:00Z,11.5,11.520000457763672,11.234999656677246,11.475000381469727,193400.0
2001-10-02T04:00:00Z,11.625,11.795000076293945,11.529999732971191,11.795000076293945,148200.0
2001-10-03T04:00:00Z,11.824999809265137,12.274999618530273,11.8100004196167,12.210000038146973,159800.0
2001-10-04T04:00:00Z,12.274999618530273,12.274999618530273,11.949999809265137,11.949999809265137,45000.0
2001-10-05T04:00:00Z,12.050000190734863,12.050000190734863,11.795000076293945,12.050000190734863,230800.0
2001-10-08T04:00:00Z,11.835000038146973,11.960000038146973,11.805000305175781,11.805000305175781,223000.0
2001-10-09T04:00:00Z,11.75,11.824999809265137,11.710000038146973,11.8149995803833,56600.0
2001-10-10T04:00:00Z,11.875,12.305000305175781,11.875,12.305000305175781,139200.0
2001-10-11T04:00:00Z,12.5,12.71500015258789,12.5,12.699999809265137,274000.0
2001-10-12T04:00:00Z,12.550000190734863,12.550000190734863,12.175000190734863,12.425000190734863,91200.0
2001-10-15T04:00:00Z,12.260000228881836,12.449999809265137,12.25,12.390000343322754,37800.0
2001-10-16T04:00:00Z,12.604999542236328,12.604999542236328,12.354999542236328,12.515000343322754,38600.0
2001-10-17T04:00:00Z,12.675000190734863,12.675000190734863,12.199999809265137,12.199999809265137,36600.0
2001-10-18T04:00:00Z,12.199999809265137,12.25,12.100000381469727,12.199999809265137,33600.0
2001-10-19T04:00:00Z,12.135000228881836,12.135000228881836,12.029999732971191,12.029999732971191,51800.0
2001-10-22T04:00:00Z,12.324999809265137,12.324999809265137,12.135000228881836,12.300000190734863,9000.0
2001-10-23T04:00:00Z,12.375,12.595000267028809,12.324999809265137,12.324999809265137,42600.0
2001-10-24T04:00:00Z,12.375,12.449999809265137,12.274999618530273,12.274999618530273,20800.0
2001-10-25T04:00:00Z,12.170000076293945,12.390000343322754,12.100000381469727,12.390000343322754,43000.0
2001-10-26T04:00:00Z,12.350000381469727,12.550000190734863,12.324999809265137,12.520000457763672,21200.0
2001-10-29T05:00:00Z,12.385000228881836,12.385000228881836,12.085000038146973,12.085000038146973,24800.0
2001-10-30T05:00:00Z,11.949999809265137,12.0,11.75,11.854999542236328,682000.0
2001-10-31T05:00:00Z,11.949999809265137,12.194999694824219,11.949999809265137,12.09000015258789,730000.0
2001-11-01T05:00:00Z,12.039999961853027,12.364999771118164,12.039999961853027,12.3149995803833,338600.0
2001-11-02T05:00:00Z,12.399999618530273,12.579999923706055,12.399999618530273,12.5,70200.0
2001-11-05T05:00:00Z,12.675000190734863,12.850000381469727,12.649999618530273,12.795000076293945,201200.0
2001-11-06T05:00:00Z,12.725000381469727,13.0,12.699999809265137,12.949999809265137,84600.0
2001-11-07T05:00:00Z,12.949999809265137,13.029999732971191,12.824999809265137,12.859999656677246,54600.0
2001-11-08T05:00:00Z,13.074999809265137,13.210000038146973,12.925000190734863,12.970000267028809,284200.0
2001-11-09T05:00:00Z,12.875,12.994999885559082,12.875,12.899999618530273,24800.0
2001-11-12T05:00:00Z,12.824999809265137,12.975000381469727,12.649999618530273,12.944999694824219,240200.0
2001-11-13T05:00:00Z,13.050000190734863,13.295000076293945,13.050000190734863,13.274999618530273,211800.0
2001-11-14T05:00:00Z,13.574999809265137,13.579999923706055,13.420000076293945,13.574999809265137,232800.0
2001-11-15T05:00:00Z,13.625,13.75,13.505000114440918,13.574999809265137,177000.0
2001-11-16T05:00:00Z,13.75,13.75,13.425000190734863,13.425000190734863,249400.0
2001-11-19T05:00:00Z,13.510000228881836,13.869999885559082,13.510000228881836,13.869999885559082,510800.0
2001-11-20T05:00:00Z,13.675000190734863,13.739999771118164,13.625,13.699999809265137,244200.0
2001-11-21T05:00:00Z,13.505000114440918,13.604999542236328,13.454999923706055,13.569999694824219,48000.0
2001-11-23T05:00:00Z,13.600000381469727,13.800000190734863,13.529999732971191,13.725000381469727,205000.0
2001-11-26T05:00:00Z,13.850000381469727,13.850000381469727,13.680000305175781,13.835000038146973,1647000.0
2001-11-27T05:00:00Z,13.699999809265137,13.720000267028809,13.550000190734863,13.585000038146973,1774800.0
2001-11-28T05:00:00Z,13.449999809265137,13.649999618530273,13.404999732971191,13.5,43800.0
2001-11-29T05:00:00Z,13.505000114440918,13.595000267028809,13.425000190734863,13.595000267028809,33000.0
2001-11-30T05:00:00Z,13.725000381469727,13.850000381469727,13.625,13.699999809265137,77400.0
2001-12-03T05:00:00Z,13.574999809265137,13.725000381469727,13.5,13.5,45000.0
2001-12-04T05:00:00Z,13.574999809265137,13.800000190734863,13.524999618530273,13.800000190734863,212200.0
2001-12-05T05:00:00Z,13.850000381469727,14.274999618530273,13.779999732971191,14.210000038146973,1249200.0
2001-12-06T05:00:00Z,14.199999809265137,14.220000267028809,14.050000190734863,14.050000190734863,1002600.0
2001-12-07T05:00:00Z,14.0,14.145000457763672,14.0,14.055000305175781,912800.0
2001-12-10T05:00:00Z,13.979999542236328,14.074999809265137,13.829999923706055,13.869999885559082,36000.0
2001-12-11T05:00:00Z,13.800000190734863,13.800000190734863,13.625,13.774999618530273,957600.0
2001-12-12T05:00:00Z,13.800000190734863,13.819999694824219,13.670000076293945,13.800000190734863,59800.0
2001-12-13T05:00:00Z,13.574999809265137,13.725000381469727,13.574999809265137,13.645000457763672,2265400.0
2001-12-14T05:00:00Z,13.625,13.829999923706055,13.600000381469727,13.755000114440918,143200.0
2001-12-17T05:00:00Z,13.75,13.944999694824219,13.725000381469727,13.904999732971191,256200.0
2001-12-18T05:00:00Z,14.149999618530273,14.149999618530273,13.925000190734863,14.050000190734863,268400.0
2001-12-19T05:00:00Z,13.949999809265137,14.119999885559082,13.899999618530273,14.119999885559082,411000.0
2001-12-20T05:00:00Z,14.149999618530273,14.199999809265137,14.03499984741211,14.03499984741211,2120600.0
2001-12-21T05:00:00Z,14.130000114440918,14.225000381469727,14.074999809265137,14.21500015258789,26200.0
2001-12-24T05:00:00Z,14.25,14.324999809265137,14.204999923706055,14.265000343322754,32800.0
2001-12-26T05:00:00Z,14.274999618530273,14.475000381469727,14.274999618530273,14.399999618530273,237200.0
2001-12-27T05:00:00Z,14.375,14.5,14.350000381469727,14.414999961853027,35200.0
2001-12-28T05:00:00Z,14.475000381469727,14.550000190734863,14.425000190734863,14.520000457763672,35400.0
2001-12-31T05:00:00Z,14.449999809265137,14.574999809265137,14.300000190734863,14.300000190734863,61200.0
2002-01-02T05:00:00Z,14.425000190734863,14.425000190734863,14.125,14.345000267028809,2402600.0
2002-01-03T05:00:00Z,14.375,14.425000190734863,14.255000114440918,14.300000190734863,166800.0
2002-01-04T05:00:00Z,14.5,14.625,14.449999809265137,14.53499984741211,105600.0
2002-01-07T05:00:00Z,14.65999984741211,14.725000381469727,14.449999809265137,14.449999809265137,88800.0
2002-01-08T05:00:00Z,14.5,14.649999618530273,14.475000381469727,14.5,75200.0
2002-01-09T05:00:00Z,14.5,14.600000381469727,14.300000190734863,14.300000190734863,1712400.0
2002-01-10T05:00:00Z,14.350000381469727,14.449999809265137,14.300000190734863,14.399999618530273,709800.0
2002-01-11T05:00:00Z,14.274999618530273,14.369999885559082,14.104999542236328,14.130000114440918,55400.0
2002-01-14T05:00:00Z,14.050000190734863,14.149999618530273,14.024999618530273,14.024999618530273,1125000.0
2002-01-15T05:00:00Z,14.0,14.149999618530273,14.0,14.114999771118164,90800.0
2002-01-16T05:00:00Z,14.024999618530273,14.050000190734863,13.875,13.875,97000.0
2002-01-17T05:00:00Z,13.925000190734863,14.050000190734863,13.824999809265137,14.039999961853027,99800.0
2002-01-18T05:00:00Z,13.989999771118164,14.0649995803833,13.949999809265137,14.0,733400.0
2002-01-22T05:00:00Z,14.175000190734863,14.265000343322754,14.074999809265137,14.09000015258789,63800.0
2002-01-23T05:00:00Z,14.125,14.395000457763672,14.125,14.395000457763672,44000.0
2002-01-24T05:00:00Z,14.350000381469727,14.470000267028809,14.350000381469727,14.399999618530273,8100600.0
2002-01-25T05:00:00Z,14.350000381469727,14.399999618530273,14.225000381469727,14.25,61600.0
2002-01-28T05:00:00Z,14.375,14.5,14.375,14.494999885559082,75400.0
2002-01-29T05:00:00Z,14.574999809265137,14.625,14.1899995803833,14.1899995803833,52000.0
2002-01-30T05:00:00Z,14.149999618530273,14.600000381469727,14.149999618530273,14.550000190734863,333400.0
2002-01-31T05:00:00Z,14.595000267028809,14.770000457763672,14.550000190734863,14.770000457763672,413600.0
2002-02-01T05:00:00Z,14.725000381469727,14.75,14.550000190734863,14.619999885559082,1064000.0
2002-02-04T05:00:00Z,14.625,14.670000076293945,14.375,14.375,1677000.0
2002-02-05T05:00:00Z,14.399999618530273,14.5,14.319999694824219,14.359999656677246,3022000.0
2002-02-06T05:00:00Z,14.350000381469727,14.390000343322754,14.199999809265137,14.244999885559082,128400.0
2002-02-07T05:00:00Z,14.225000381469727,14.430000305175781,14.074999809265137,14.074999809265137,1919800.0
2002-02-08T05:00:00Z,14.130000114440918,14.270000457763672,14.074999809265137,14.199999809265137,31200.0
2002-02-11T05:00:00Z,14.300000190734863,14.625,14.300000190734863,14.625,1770200.0
2002-02-12T05:00:00Z,14.574999809265137,14.625,14.449999809265137,14.5,1445000.0
2002-02-13T05:00:00Z,14.739999771118164,14.800000190734863,14.649999618530273,14.71500015258789,86200.0
2002-02-14T05:00:00Z,14.75,14.850000381469727,14.649999618530273,14.770000457763672,550800.0
2002-02-15T05:00:00Z,14.800000190734863,14.800000190734863,14.574999809265137,14.600000381469727,1214400.0
2002-02-19T05:00:00Z,14.550000190734863,14.694999694824219,14.414999961853027,14.430000305175781,482800.0
2002-02-20T05:00:00Z,14.550000190734863,14.725000381469727,14.444999694824219,14.71500015258789,317000.0
2002-02-21T05:00:00Z,14.699999809265137,14.875,14.574999809265137,14.574999809265137,1492400.0
2002-02-22T05:00:00Z,14.454999923706055,14.595000267028809,14.300000190734863,14.595000267028809,34200.0
2002-02-25T05:00:00Z,14.699999809265137,14.850000381469727,14.699999809265137,14.84000015258789,56000.0
2002-02-26T05:00:00Z,14.949999809265137,15.095000267028809,14.774999618530273,15.0,412000.0
2002-02-27T05:00:00Z,15.125,15.125,14.850000381469727,14.975000381469727,796600.0
2002-02-28T05:00:00Z,14.944999694824219,15.024999618530273,14.779999732971191,14.850000381469727,752800.0
2002-03-01T05:00:00Z,14.850000381469727,15.0,14.850000381469727,14.989999771118164,433200.0
2002-03-04T05:00:00Z,15.024999618530273,15.225000381469727,14.949999809265137,15.21500015258789,318600.0
2002-03-05T05:00:00Z,15.100000381469727,15.100000381469727,14.680000305175781,14.770000457763672,502400.0
2002-03-06T05:00:00Z,14.725000381469727,14.989999771118164,14.725000381469727,14.975000381469727,227000.0
2002-03-07T05:00:00Z,15.180000305175781,15.180000305175781,14.954999923706055,15.09000015258789,1053200.0
2002-03-08T05:00:00Z,15.274999618530273,15.295000076293945,15.074999809265137,15.175000190734863,472600.0
2002-03-11T05:00:00Z,15.074999809265137,15.194999694824219,14.954999923706055,15.104999542236328,1034600.0
2002-03-12T05:00:00Z,15.005000114440918,15.220000267028809,14.949999809265137,15.135000228881836,609000.0
2002-03-13T05:00:00Z,15.125,15.154999732971191,15.0,15.100000381469727,1204600.0
2002-03-14T05:00:00Z,15.149999618530273,15.210000038146973,15.069999694824219,15.100000381469727,152200.0
2002-03-15T05:00:00Z,15.175000190734863,15.324999809265137,15.145000457763672,15.274999618530273,116600.0
2002-03-18T05:00:00Z,15.375,15.375,15.100000381469727,15.279999732971191,59600.0
2002-03-19T05:00:00Z,15.350000381469727,15.40999984741211,15.234999656677246,15.345000267028809,574000.0
2002-03-20T05:00:00Z,15.25,15.369999885559082,15.210000038146973,15.28499984741211,173600.0
2002-03-21T05:00:00Z,15.274999618530273,15.274999618530273,14.949999809265137,15.095000267028809,372400.0
2002-03-22T05:00:00Z,14.925000190734863,15.149999618530273,14.880000114440918,15.024999618530273,499400.0
2002-03-25T05:00:00Z,15.024999618530273,15.069999694824219,14.75,14.75,1123800.0
2002-03-26T05:00:00Z,14.800000190734863,15.0600004196167,14.800000190734863,14.949999809265137,766800.0
2002-03-27T05:00:00Z,14.925000190734863,15.079999923706055,14.890000343322754,15.050000190734863,330200.0
2002-03-28T05:00:00Z,15.0,15.100000381469727,14.975000381469727,15.020000457763672,493400.0
2002-04-01T05:00:00Z,14.675000190734863,14.800000190734863,14.550000190734863,14.739999771118164,108600.0
2002-04-02T05:00:00Z,14.649999618530273,14.649999618530273,14.449999809265137,14.475000381469727,583000.0
2002-04-03T05:00:00Z,14.524999618530273,14.65999984741211,13.960000038146973,14.364999771118164,208800.0
2002-04-04T05:00:00Z,14.375,14.630000114440918,14.375,14.5600004196167,534800.0
2002-04-05T05:00:00Z,14.675000190734863,14.774999618530273,14.614999771118164,14.649999618530273,382800.0
2002-04-08T04:00:00Z,14.529999732971191,14.885000228881836,14.529999732971191,14.869999885559082,476400.0
2002-04-09T04:00:00Z,14.885000228881836,15.020000457763672,14.885000228881836,14.975000381469727,2571000.0
2002-04-10T04:00:00Z,15.0649995803833,15.21500015258789,15.045000076293945,15.149999618530273,2166800.0
2002-04-11T04:00:00Z,15.25,15.270000457763672,14.920000076293945,14.920000076293945,63600.0
2002-04-12T04:00:00Z,15.0,15.239999771118164,15.0,15.225000381469727,120800.0
2002-04-15T04:00:00Z,15.225000381469727,15.225000381469727,14.9350004196167,14.994999885559082,270800.0
2002-04-16T04:00:00Z,15.050000190734863,15.21500015258789,15.050000190734863,15.21500015258789,60600.0
2002-04-17T04:00:00Z,15.25,15.25,15.005000114440918,15.0600004196167,42400.0
2002-04-18T04:00:00Z,15.039999961853027,15.095000267028809,14.789999961853027,14.960000038146973,1417600.0
2002-04-19T04:00:00Z,15.045000076293945,15.069999694824219,14.989999771118164,15.024999618530273,114200.0
2002-04-22T04:00:00Z,15.050000190734863,15.050000190734863,14.824999809265137,14.880000114440918,90000.0
2002-04-23T04:00:00Z,14.8100004196167,15.010000228881836,14.8100004196167,14.904999732971191,88200.0
2002-04-24T04:00:00Z,14.960000038146973,15.039999961853027,14.739999771118164,14.774999618530273,106600.0
2002-04-25T04:00:00Z,14.6899995803833,14.819999694824219,14.664999961853027,14.8149995803833,697200.0
2002-04-26T04:00:00Z,14.914999961853027,14.96500015258789,14.694999694824219,14.725000381469727,249200.0
2002-04-29T04:00:00Z,14.6850004196167,14.789999961853027,14.5649995803833,14.5649995803833,2029600.0
2002-04-30T04:00:00Z,14.524999618530273,14.645000457763672,14.524999618530273,14.600000381469727,349000.0
2002-05-01T04:00:00Z,14.625,14.734999656677246,14.350000381469727,14.680000305175781,199600.0
2002-05-02T04:00:00Z,14.774999618530273,14.845000267028809,14.739999771118164,14.8149995803833,256200.0
2002-05-03T04:00:00Z,14.800000190734863,14.800000190734863,14.59000015258789,14.614999771118164,175400.0
2002-05-06T04:00:00Z,14.600000381469727,14.770000457763672,14.350000381469727,14.350000381469727,119600.0
2002-05-07T04:00:00Z,14.515000343322754,14.619999885559082,14.454999923706055,14.5600004196167,357400.0
2002-05-08T04:00:00Z,14.78499984741211,14.8100004196167,14.635000228881836,14.774999618530273,37000.0
2002-05-09T04:00:00Z,14.649999618530273,14.664999961853027,14.494999885559082,14.550000190734863,699800.0
2002-05-10T04:00:00Z,14.600000381469727,14.625,14.3100004196167,14.3100004196167,1064000.0
2002-05-13T04:00:00Z,14.414999961853027,14.524999618530273,14.414999961853027,14.46500015258789,20200.0
2002-05-14T04:00:00Z,14.890000343322754,14.979999542236328,14.824999809265137,14.979999542236328,518800.0
2002-05-15T04:00:00Z,14.944999694824219,15.095000267028809,14.890000343322754,14.890000343322754,811200.0
2002-05-16T04:00:00Z,15.0,15.079999923706055,14.949999809265137,15.0,264400.0
2002-05-17T04:00:00Z,15.100000381469727,15.15999984741211,15.050000190734863,15.125,415000.0
2002-05-20T04:00:00Z,15.1850004196167,15.204999923706055,15.050000190734863,15.074999809265137,941000.0
2002-05-21T04:00:00Z,15.074999809265137,15.074999809265137,14.699999809265137,14.699999809265137,325800.0
2002-05-22T04:00:00Z,14.600000381469727,14.6850004196167,14.520000457763672,14.635000228881836,653600.0
2002-05-23T04:00:00Z,14.725000381469727,14.779999732971191,14.619999885559082,14.774999618530273,110600.0
2002-05-24T04:00:00Z,14.824999809265137,14.895000457763672,14.654999732971191,14.65999984741211,43800.0
2002-05-28T04:00:00Z,14.600000381469727,14.625,14.329999923706055,14.430000305175781,1580800.0
2002-05-29T04:00:00Z,14.4399995803833,14.510000228881836,14.399999618530273,14.399999618530273,53000.0
2002-05-30T04:00:00Z,14.329999923706055,14.369999885559082,14.199999809265137,14.274999618530273,241800.0
2002-05-31T04:00:00Z,14.399999618530273,14.645000457763672,14.380000114440918,14.524999618530273,415800.0
2002-06-03T04:00:00Z,14.5,14.520000457763672,14.140000343322754,14.140000343322754,77200.0
2002-06-04T04:00:00Z,14.140000343322754,14.140000343322754,13.875,14.0600004196167,1436200.0
2002-06-05T04:00:00Z,14.149999618530273,14.364999771118164,14.149999618530273,14.350000381469727,290800.0
2002-06-06T04:00:00Z,14.300000190734863,14.300000190734863,14.069999694824219,14.125,979600.0
2002-06-07T04:00:00Z,14.005000114440918,14.239999771118164,14.005000114440918,14.140000343322754,2689400.0
2002-06-10T04:00:00Z,14.225000381469727,14.479999542236328,14.225000381469727,14.375,1219200.0
2002-06-11T04:00:00Z,14.550000190734863,14.6899995803833,14.300000190734863,14.300000190734863,1136400.0
2002-06-12T04:00:00Z,14.305000305175781,14.420000076293945,14.210000038146973,14.420000076293945,213000.0
2002-06-13T04:00:00Z,14.274999618530273,14.329999923706055,14.079999923706055,14.09000015258789,914000.0
2002-06-14T04:00:00Z,13.949999809265137,14.0,13.699999809265137,14.0,4805800.0
2002-06-17T04:00:00Z,14.045000076293945,14.380000114440918,14.045000076293945,14.369999885559082,1251800.0
2002-06-18T04:00:00Z,14.25,14.359999656677246,14.25,14.324999809265137,247400.0
2002-06-19T04:00:00Z,14.25,14.385000228881836,14.229999542236328,14.265000343322754,885200.0
2002-06-20T04:00:00Z,14.199999809265137,14.225000381469727,14.055000305175781,14.055000305175781,285600.0
2002-06-21T04:00:00Z,13.875,14.010000228881836,13.805000305175781,13.8100004196167,1067200.0
2002-06-24T04:00:00Z,13.899999618530273,14.0600004196167,13.555000305175781,13.960000038146973,999600.0
2002-06-25T04:00:00Z,14.0,14.149999618530273,13.725000381469727,13.725000381469727,73000.0
2002-06-26T04:00:00Z,13.460000038146973,13.694999694824219,13.354999542236328,13.600000381469727,2870000.0
2002-06-27T04:00:00Z,13.699999809265137,13.704999923706055,13.3100004196167,13.680000305175781,311000.0
2002-06-28T04:00:00Z,13.699999809265137,13.920000076293945,13.699999809265137,13.734999656677246,1016000.0
2002-07-01T04:00:00Z,13.734999656677246,13.8149995803833,13.319999694824219,13.319999694824219,62000.0
2002-07-02T04:00:00Z,13.25,13.300000190734863,12.989999771118164,13.135000228881836,212600.0
2002-07-03T04:00:00Z,13.024999618530273,13.350000381469727,12.90999984741211,13.305000305175781,177600.0
2002-07-05T04:00:00Z,13.475000381469727,13.829999923706055,13.475000381469727,13.829999923706055,54600.0
2002-07-08T04:00:00Z,13.875,13.875,13.614999771118164,13.640000343322754,26400.0
2002-07-09T04:00:00Z,13.649999618530273,13.71500015258789,13.305000305175781,13.329999923706055,63400.0
2002-07-10T04:00:00Z,13.335000038146973,13.40999984741211,12.859999656677246,12.895000457763672,146400.0
2002-07-11T04:00:00Z,12.850000381469727,12.90999984741211,12.510000228881836,12.885000228881836,221800.0
2002-07-12T04:00:00Z,12.774999618530273,12.864999771118164,12.5649995803833,12.720000267028809,1023800.0
2002-07-15T04:00:00Z,12.399999618530273,12.524999618530273,12.100000381469727,12.524999618530273,250800.0
2002-07-16T04:00:00Z,12.574999809265137,12.574999809265137,12.175000190734863,12.1850004196167,265000.0
2002-07-17T04:00:00Z,12.5,12.53499984741211,11.90999984741211,12.119999885559082,99600.0
2002-07-18T04:00:00Z,12.149999618530273,12.21500015258789,11.90999984741211,11.920000076293945,48000.0
2002-07-19T04:00:00Z,11.649999618530273,11.75,11.34000015258789,11.34000015258789,129400.0
2002-07-22T04:00:00Z,11.449999809265137,11.545000076293945,10.949999809265137,11.154999732971191,246200.0
2002-07-23T04:00:00Z,11.175000190734863,11.345000267028809,10.9399995803833,10.975000381469727,249200.0
2002-07-24T04:00:00Z,10.600000381469727,11.619999885559082,10.600000381469727,11.619999885559082,201000.0
2002-07-25T04:00:00Z,11.574999809265137,11.694999694824219,11.015000343322754,11.430000305175781,105600.0
2002-07-26T04:00:00Z,11.369999885559082,11.604999542236328,11.354999542236328,11.5649995803833,204000.0
2002-07-29T04:00:00Z,11.800000190734863,12.244999885559082,11.774999618530273,12.199999809265137,285000.0
2002-07-30T04:00:00Z,12.074999809265137,12.329999923706055,11.9399995803833,12.154999732971191,131800.0
2002-07-31T04:00:00Z,12.074999809265137,12.125,11.864999771118164,12.095000267028809,168000.0
2002-08-01T04:00:00Z,12.074999809265137,12.074999809265137,11.710000038146973,11.725000381469727,90200.0
2002-08-02T04:00:00Z,11.5,11.53499984741211,11.109999656677246,11.204999923706055,56600.0
2002-08-05T04:00:00Z,11.274999618530273,11.274999618530273,10.944999694824219,10.944999694824219,53800.0
2002-08-06T04:00:00Z,11.125,11.479999542236328,11.125,11.270000457763672,83000.0
2002-08-07T04:00:00Z,11.524999618530273,11.524999618530273,11.199999809265137,11.430000305175781,639600.0
2002-08-08T04:00:00Z,11.399999618530273,11.579999923706055,11.154999732971191,11.579999923706055,230000.0
2002-08-09T04:00:00Z,11.375,11.635000228881836,11.375,11.625,74200.0
2002-08-12T04:00:00Z,11.300000190734863,11.470000267028809,11.300000190734863,11.460000038146973,94200.0
2002-08-13T04:00:00Z,11.399999618530273,11.699999809265137,11.329999923706055,11.329999923706055,476600.0
2002-08-14T04:00:00Z,11.329999923706055,11.949999809265137,11.3149995803833,11.949999809265137,476800.0
2002-08-15T04:00:00Z,12.125,12.4399995803833,12.079999923706055,12.4399995803833,132000.0
2002-08-16T04:00:00Z,12.350000381469727,12.46500015258789,12.164999961853027,12.425000190734863,71800.0
2002-08-19T04:00:00Z,12.350000381469727,12.71500015258789,12.350000381469727,12.71500015258789,58800.0
2002-08-20T04:00:00Z,12.619999885559082,12.729999542236328,12.510000228881836,12.625,60800.0
2002-08-21T04:00:00Z,12.850000381469727,12.899999618530273,12.625,12.835000038146973,323800.0
2002-08-22T04:00:00Z,12.850000381469727,13.039999961853027,12.774999618530273,13.029999732971191,77400.0
2002-08-23T04:00:00Z,12.850000381469727,12.850000381469727,12.600000381469727,12.670000076293945,68200.0
2002-08-26T04:00:00Z,12.649999618530273,12.744999885559082,12.4350004196167,12.744999885559082,90800.0
2002-08-27T04:00:00Z,12.774999618530273,12.774999618530273,12.470000267028809,12.484999656677246,131200.0
2002-08-28T04:00:00Z,12.399999618530273,12.449999809265137,12.300000190734863,12.34000015258789,109400.0
2002-08-29T04:00:00Z,12.25,12.475000381469727,12.1850004196167,12.454999923706055,165600.0
2002-08-30T04:00:00Z,12.350000381469727,12.579999923706055,12.350000381469727,12.460000038146973,99400.0
2002-09-03T04:00:00Z,12.210000038146973,12.300000190734863,11.984999656677246,12.015000343322754,116600.0
2002-09-04T04:00:00Z,11.975000381469727,12.260000228881836,11.949999809265137,12.239999771118164,146800.0
2002-09-05T04:00:00Z,11.899999618530273,12.149999618530273,11.835000038146973,12.015000343322754,94800.0
2002-09-06T04:00:00Z,12.289999961853027,12.5,12.260000228881836,12.390000343322754,224400.0
2002-09-09T04:00:00Z,12.274999618530273,12.574999809265137,12.244999885559082,12.555000305175781,23800.0
2002-09-10T04:00:00Z,12.524999618530273,12.739999771118164,12.524999618530273,12.710000038146973,213600.0
2002-09-11T04:00:00Z,12.949999809265137,12.949999809265137,12.699999809265137,12.71500015258789,74800.0
2002-09-12T04:00:00Z,12.585000038146973,12.585000038146973,12.359999656677246,12.399999618530273,46400.0
2002-09-13T04:00:00Z,12.324999809265137,12.579999923706055,12.255000114440918,12.524999618530273,176200.0
2002-09-16T04:00:00Z,12.550000190734863,12.640000343322754,12.470000267028809,12.5600004196167,226600.0
2002-09-17T04:00:00Z,12.774999618530273,12.774999618530273,12.274999618530273,12.420000076293945,130000.0
2002-09-18T04:00:00Z,12.25,12.4350004196167,12.149999618530273,12.4350004196167,126400.0
2002-09-19T04:00:00Z,12.274999618530273,12.350000381469727,11.989999771118164,12.0,843600.0
2002-09-20T04:00:00Z,12.050000190734863,12.164999961853027,12.0,12.164999961853027,41000.0
2002-09-23T04:00:00Z,12.0,12.0,11.699999809265137,11.78499984741211,88800.0
2002-09-24T04:00:00Z,11.574999809265137,11.694999694824219,11.529999732971191,11.600000381469727,243200.0
2002-09-25T04:00:00Z,11.800000190734863,11.920000076293945,11.529999732971191,11.829999923706055,40800.0
2002-09-26T04:00:00Z,11.875,12.180000305175781,11.875,12.114999771118164,327800.0
2002-09-27T04:00:00Z,12.074999809265137,12.149999618530273,11.75,11.760000228881836,130800.0
2002-09-30T04:00:00Z,11.399999618530273,11.449999809265137,11.180000305175781,11.335000038146973,267200.0
2002-10-01T04:00:00Z,11.324999809265137,11.649999618530273,11.114999771118164,11.649999618530273,167000.0
2002-10-02T04:00:00Z,11.574999809265137,11.75,11.390000343322754,11.390000343322754,35400.0
2002-10-03T04:00:00Z,11.375,11.53499984741211,11.270000457763672,11.335000038146973,81600.0
2002-10-04T04:00:00Z,11.369999885559082,11.404999732971191,10.944999694824219,11.1899995803833,113200.0
2002-10-07T04:00:00Z,11.225000381469727,11.225000381469727,10.710000038146973,10.755000114440918,233400.0
2002-10-08T04:00:00Z,10.925000190734863,11.135000228881836,10.680000305175781,11.074999809265137,375600.0
2002-10-09T04:00:00Z,10.699999809265137,10.854999542236328,10.625,10.675000190734863,87600.0
2002-10-10T04:00:00Z,10.475000381469727,10.949999809265137,10.335000038146973,10.864999771118164,184600.0
2002-10-11T04:00:00Z,11.199999809265137,11.550000190734863,11.149999618530273,11.390000343322754,117800.0
2002-10-14T04:00:00Z,11.375,11.609999656677246,11.375,11.479999542236328,229600.0
2002-10-15T04:00:00Z,11.949999809265137,12.100000381469727,11.90999984741211,12.050000190734863,1993400.0
2002-10-16T04:00:00Z,12.050000190734863,12.074999809265137,11.75,11.835000038146973,192400.0
2002-10-17T04:00:00Z,12.149999618530273,12.149999618530273,11.96500015258789,11.96500015258789,828600.0
2002-10-18T04:00:00Z,11.824999809265137,12.15999984741211,11.824999809265137,12.130000114440918,88000.0
2002-10-21T04:00:00Z,12.0,12.40999984741211,11.96500015258789,12.399999618530273,66200.0
2002-10-22T04:00:00Z,12.270000457763672,12.5,12.180000305175781,12.329999923706055,177400.0
2002-10-23T04:00:00Z,12.350000381469727,12.520000457763672,12.225000381469727,12.470000267028809,233600.0
2002-10-24T04:00:00Z,12.574999809265137,12.649999618530273,12.3100004196167,12.3149995803833,130600.0
2002-10-25T04:00:00Z,12.3149995803833,12.579999923706055,12.3100004196167,12.5649995803833,62800.0
2002-10-28T05:00:00Z,12.649999618530273,12.699999809265137,12.350000381469727,12.364999771118164,2043400.0
2002-10-29T05:00:00Z,12.300000190734863,12.395000457763672,12.050000190734863,12.350000381469727,532600.0
2002-10-30T05:00:00Z,12.25,12.324999809265137,12.079999923706055,12.135000228881836,105000.0
2002-10-31T05:00:00Z,12.149999618530273,12.234999656677246,12.039999961853027,12.100000381469727,51000.0
2002-11-01T05:00:00Z,12.0,12.300000190734863,11.979999542236328,12.279999732971191,282400.0
2002-11-04T05:00:00Z,12.420000076293945,12.5,12.225000381469727,12.225000381469727,156000.0
2002-11-05T05:00:00Z,12.270000457763672,12.404999732971191,12.225000381469727,12.390000343322754,52200.0
2002-11-06T05:00:00Z,12.449999809265137,12.5600004196167,12.300000190734863,12.529999732971191,2162600.0
2002-11-07T05:00:00Z,12.300000190734863,12.4399995803833,12.154999732971191,12.225000381469727,35800.0
2002-11-08T05:00:00Z,12.149999618530273,12.3149995803833,12.029999732971191,12.0649995803833,309000.0
2002-11-11T05:00:00Z,11.925000190734863,12.005000114440918,11.8100004196167,11.869999885559082,98600.0
2002-11-12T05:00:00Z,11.899999618530273,12.140000343322754,11.864999771118164,12.050000190734863,55200.0
2002-11-13T05:00:00Z,12.024999618530273,12.149999618530273,11.845000267028809,12.085000038146973,38200.0
2002-11-14T05:00:00Z,12.25,12.425000190734863,12.225000381469727,12.425000190734863,82200.0
2002-11-15T05:00:00Z,12.359999656677246,13.489999771118164,12.34000015258789,12.524999618530273,389000.0
2002-11-18T05:00:00Z,12.5600004196167,12.5600004196167,12.274999618530273,12.319999694824219,20400.0
2002-11-19T05:00:00Z,12.239999771118164,12.239999771118164,12.024999618530273,12.0649995803833,34000.0
2002-11-20T05:00:00Z,12.074999809265137,12.229999542236328,12.0,12.180000305175781,38400.0
2002-11-21T05:00:00Z,12.324999809265137,12.5,12.274999618530273,12.5,126000.0
2002-11-22T05:00:00Z,12.449999809265137,12.640000343322754,12.399999618530273,12.53499984741211,1692000.0
2002-11-25T05:00:00Z,12.494999885559082,12.640000343322754,12.449999809265137,12.614999771118164,71200.0
2002-11-26T05:00:00Z,12.475000381469727,12.539999961853027,12.260000228881836,12.270000457763672,553200.0
2002-11-27T05:00:00Z,12.420000076293945,12.800000190734863,12.420000076293945,12.779999732971191,98800.0
2002-11-29T05:00:00Z,12.800000190734863,12.819999694824219,12.65999984741211,12.65999984741211,53400.0
2002-12-02T05:00:00Z,13.024999618530273,13.140000343322754,12.649999618530273,12.75,1775400.0
2002-12-03T05:00:00Z,12.625,12.625,12.300000190734863,12.350000381469727,510200.0
2002-12-04T05:00:00Z,12.1850004196167,12.420000076293945,12.109999656677246,12.350000381469727,157600.0
2002-12-05T05:00:00Z,12.1899995803833,12.329999923706055,12.154999732971191,12.265000343322754,31600.0
2002-12-06T05:00:00Z,12.024999618530273,12.265000343322754,12.024999618530273,12.25,76600.0
2002-12-09T05:00:00Z,12.100000381469727,12.100000381469727,11.845000267028809,11.850000381469727,262400.0
2002-12-10T05:00:00Z,11.925000190734863,12.0649995803833,11.779999732971191,12.0649995803833,100600.0
2002-12-11T05:00:00Z,11.899999618530273,12.069999694824219,11.899999618530273,12.050000190734863,97000.0
2002-12-12T05:00:00Z,12.024999618530273,12.085000038146973,11.914999961853027,11.975000381469727,64200.0
2002-12-13T05:00:00Z,11.850000381469727,11.9399995803833,11.725000381469727,11.760000228881836,113400.0
2002-12-16T05:00:00Z,11.774999618530273,12.050000190734863,11.725000381469727,12.050000190734863,1255400.0
2002-12-17T05:00:00Z,11.925000190734863,11.984999656677246,11.84000015258789,11.875,88600.0
2002-12-18T05:00:00Z,11.774999618530273,11.774999618530273,11.614999771118164,11.725000381469727,71200.0
2002-12-19T05:00:00Z,11.619999885559082,11.845000267028809,11.5649995803833,11.619999885559082,1729400.0
2002-12-20T05:00:00Z,11.699999809265137,11.755000114440918,11.635000228881836,11.739999771118164,627000.0
2002-12-23T05:00:00Z,11.675000190734863,11.71500015258789,11.545000076293945,11.574999809265137,846600.0
2002-12-24T05:00:00Z,11.5,11.569999694824219,11.479999542236328,11.515000343322754,246800.0
2002-12-26T05:00:00Z,11.625,11.75,11.59000015258789,11.645000457763672,240000.0
2002-12-27T05:00:00Z,11.524999618530273,11.539999961853027,11.324999809265137,11.375,70000.0
2002-12-30T05:00:00Z,11.420000076293945,11.53499984741211,11.279999732971191,11.484999656677246,2021200.0
2002-12-31T05:00:00Z,11.484999656677246,11.600000381469727,11.380000114440918,11.555000305175781,119800.0
2003-01-02T05:00:00Z,11.664999961853027,11.989999771118164,11.625,11.989999771118164,162200.0
2003-01-03T05:00:00Z,11.90999984741211,11.90999984741211,11.65999984741211,11.71500015258789,454600.0
2003-01-06T05:00:00Z,11.800000190734863,11.960000038146973,11.78499984741211,11.930000305175781,546800.0
2003-01-07T05:00:00Z,11.925000190734863,12.0,11.864999771118164,11.864999771118164,62000.0
2003-01-08T05:00:00Z,11.800000190734863,11.954999923706055,11.744999885559082,11.755000114440918,106200.0
2003-01-09T05:00:00Z,11.850000381469727,12.140000343322754,11.850000381469727,12.079999923706055,98800.0
2003-01-10T05:00:00Z,12.024999618530273,12.225000381469727,12.0,12.109999656677246,55400.0
2003-01-13T05:00:00Z,12.199999809265137,12.3100004196167,12.079999923706055,12.170000076293945,94800.0
2003-01-14T05:00:00Z,12.175000190734863,12.194999694824219,12.079999923706055,12.1850004196167,92000.0
2003-01-15T05:00:00Z,12.100000381469727,12.140000343322754,11.989999771118164,12.039999961853027,22200.0
2003-01-16T05:00:00Z,12.024999618530273,12.119999885559082,11.90999984741211,11.994999885559082,195200.0
2003-01-17T05:00:00Z,11.899999618530273,11.975000381469727,11.8100004196167,11.875,364200.0
2003-01-21T05:00:00Z,11.859999656677246,11.859999656677246,11.524999618530273,11.539999961853027,54800.0
2003-01-22T05:00:00Z,11.550000190734863,11.600000381469727,11.364999771118164,11.375,161000.0
2003-01-23T05:00:00Z,11.449999809265137,11.645000457763672,11.350000381469727,11.640000343322754,26200.0
2003-01-24T05:00:00Z,11.600000381469727,11.600000381469727,11.260000228881836,11.3149995803833,391600.0
2003-01-27T05:00:00Z,11.199999809265137,11.34000015258789,11.09000015258789,11.135000228881836,76600.0
2003-01-28T05:00:00Z,11.149999618530273,11.300000190734863,11.140000343322754,11.300000190734863,128200.0
2003-01-29T05:00:00Z,11.050000190734863,11.414999961853027,11.050000190734863,11.399999618530273,113600.0
2003-01-30T05:00:00Z,11.335000038146973,11.345000267028809,11.029999732971191,11.074999809265137,258400.0
2003-01-31T05:00:00Z,11.0,11.234999656677246,11.0,11.170000076293945,1405000.0
2003-02-03T05:00:00Z,11.175000190734863,11.329999923706055,11.170000076293945,11.210000038146973,61200.0
2003-02-04T05:00:00Z,10.989999771118164,11.024999618530273,10.899999618530273,10.979999542236328,502800.0
2003-02-05T05:00:00Z,10.925000190734863,11.1850004196167,10.899999618530273,10.949999809265137,252800.0
2003-02-06T05:00:00Z,10.975000381469727,11.039999961853027,10.84000015258789,10.90999984741211,101400.0
2003-02-07T05:00:00Z,11.100000381469727,11.100000381469727,10.760000228881836,10.824999809265137,66600.0
2003-02-10T05:00:00Z,10.824999809265137,10.899999618530273,10.680000305175781,10.829999923706055,438400.0
2003-02-11T05:00:00Z,10.850000381469727,11.03499984741211,10.774999618530273,10.869999885559082,60000.0
2003-02-12T05:00:00Z,10.800000190734863,10.84000015258789,10.720000267028809,10.779999732971191,86200.0
2003-02-13T05:00:00Z,10.699999809265137,10.71500015258789,10.484999656677246,10.645000457763672,104800.0
2003-02-14T05:00:00Z,10.625,10.90999984741211,10.600000381469727,10.875,69000.0
2003-02-18T05:00:00Z,11.024999618530273,11.1899995803833,11.024999618530273,11.175000190734863,87000.0
2003-02-19T05:00:00Z,11.109999656677246,11.149999618530273,10.949999809265137,11.020000457763672,66000.0
2003-02-20T05:00:00Z,11.100000381469727,11.100000381469727,10.864999771118164,10.914999961853027,56400.0
2003-02-21T05:00:00Z,11.03499984741211,11.109999656677246,10.90999984741211,11.079999923706055,155200.0
2003-02-24T05:00:00Z,11.100000381469727,11.100000381469727,10.770000457763672,10.770000457763672,73600.0
2003-02-25T05:00:00Z,10.625,11.0,10.569999694824219,10.989999771118164,197200.0
2003-02-26T05:00:00Z,10.949999809265137,10.970000267028809,10.805000305175781,10.84000015258789,168200.0
2003-02-27T05:00:00Z,10.875,11.029999732971191,10.829999923706055,10.989999771118164,153000.0
2003-02-28T05:00:00Z,11.03499984741211,11.154999732971191,11.029999732971191,11.119999885559082,98000.0
2003-03-03T05:00:00Z,11.199999809265137,11.204999923706055,10.9350004196167,10.949999809265137,96400.0
2003-03-04T05:00:00Z,11.0,11.0,10.645000457763672,10.645000457763672,102800.0
2003-03-05T05:00:00Z,10.664999961853027,10.779999732971191,10.585000038146973,10.779999732971191,177200.0
2003-03-06T05:00:00Z,10.640000343322754,10.835000038146973,10.630000114440918,10.654999732971191,125200.0
2003-03-07T05:00:00Z,10.5,10.84000015258789,10.5,10.8149995803833,127600.0
2003-03-10T05:00:00Z,10.734999656677246,10.78499984741211,10.5600004196167,10.5600004196167,202400.0
2003-03-11T05:00:00Z,10.625,10.704999923706055,10.470000267028809,10.470000267028809,2966000.0
2003-03-12T05:00:00Z,10.399999618530273,10.489999771118164,10.324999809265137,10.449999809265137,2699800.0
2003-03-13T05:00:00Z,10.710000038146973,11.039999961853027,10.664999961853027,11.005000114440918,553200.0
2003-03-14T05:00:00Z,11.09000015258789,11.175000190734863,10.989999771118164,11.024999618530273,575200.0
2003-03-17T05:00:00Z,11.005000114440918,11.600000381469727,11.0,11.555000305175781,2078400.0
2003-03-18T05:00:00Z,11.625,11.640000343322754,11.425000190734863,11.479999542236328,115200.0
2003-03-19T05:00:00Z,11.600000381469727,11.699999809265137,11.4350004196167,11.699999809265137,275600.0
2003-03-20T05:00:00Z,11.609999656677246,11.800000190734863,11.4399995803833,11.789999961853027,1154800.0
2003-03-21T05:00:00Z,11.875,12.140000343322754,11.765000343322754,12.140000343322754,434800.0
2003-03-24T05:00:00Z,11.774999618530273,11.789999961853027,11.550000190734863,11.585000038146973,111000.0
2003-03-25T05:00:00Z,11.595000267028809,11.835000038146973,11.550000190734863,11.755000114440918,68000.0
2003-03-26T05:00:00Z,11.645000457763672,11.805000305175781,11.645000457763672,11.770000457763672,410600.0
2003-03-27T05:00:00Z,11.600000381469727,11.774999618530273,11.5649995803833,11.725000381469727,65600.0
2003-03-28T05:00:00Z,11.625,11.699999809265137,11.53499984741211,11.604999542236328,126400.0
2003-03-31T05:00:00Z,11.420000076293945,11.550000190734863,11.274999618530273,11.364999771118164,1762200.0
2003-04-01T05:00:00Z,11.364999771118164,11.515000343322754,11.305000305175781,11.5,2010200.0
2003-04-02T05:00:00Z,11.675000190734863,11.890000343322754,11.670000076293945,11.800000190734863,1336600.0
2003-04-03T05:00:00Z,11.949999809265137,11.960000038146973,11.829999923706055,11.859999656677246,2709600.0
2003-04-04T05:00:00Z,11.925000190734863,11.944999694824219,11.805000305175781,11.944999694824219,260600.0
2003-04-07T04:00:00Z,12.234999656677246,12.319999694824219,12.050000190734863,12.050000190734863,130600.0
2003-04-08T04:00:00Z,12.0,12.104999542236328,11.930000305175781,12.0600004196167,133600.0
2003-04-09T04:00:00Z,12.045000076293945,12.114999771118164,11.899999618530273,11.899999618530273,555200.0
2003-04-10T04:00:00Z,11.824999809265137,12.039999961853027,11.8100004196167,12.03499984741211,89200.0
2003-04-11T04:00:00Z,12.199999809265137,12.199999809265137,11.90999984741211,11.90999984741211,666600.0
2003-04-14T04:00:00Z,11.899999618530273,12.220000267028809,11.899999618530273,12.21500015258789,294200.0
2003-04-15T04:00:00Z,12.199999809265137,12.324999809265137,12.175000190734863,12.305000305175781,850600.0
2003-04-16T04:00:00Z,12.425000190734863,12.425000190734863,11.675000190734863,12.135000228881836,322200.0
2003-04-17T04:00:00Z,12.140000343322754,12.380000114440918,12.104999542236328,12.364999771118164,162200.0
2003-04-21T04:00:00Z,12.375,12.404999732971191,12.25,12.369999885559082,82000.0
2003-04-22T04:00:00Z,12.300000190734863,12.65999984741211,12.270000457763672,12.619999885559082,137800.0
2003-04-23T04:00:00Z,12.71500015258789,12.760000228881836,12.585000038146973,12.75,951200.0
2003-04-24T04:00:00Z,12.600000381469727,12.640000343322754,12.5,12.550000190734863,362800.0
2003-04-25T04:00:00Z,12.545000076293945,12.545000076293945,12.354999542236328,12.359999656677246,671200.0
2003-04-28T04:00:00Z,12.470000267028809,12.6899995803833,12.470000267028809,12.645000457763672,41800.0
2003-04-29T04:00:00Z,12.699999809265137,12.824999809265137,12.645000457763672,12.75,70800.0
2003-04-30T04:00:00Z,12.645000457763672,12.760000228881836,12.625,12.694999694824219,148000.0
2003-05-01T04:00:00Z,12.694999694824219,12.694999694824219,12.420000076293945,12.579999923706055,74800.0
2003-05-02T04:00:00Z,12.53499984741211,12.725000381469727,12.53499984741211,12.699999809265137,252400.0
2003-05-05T04:00:00Z,12.699999809265137,12.699999809265137,12.5600004196167,12.654999732971191,252800.0
2003-05-06T04:00:00Z,12.65999984741211,12.904999732971191,12.635000228881836,12.819999694824219,1781600.0
2003-05-07T04:00:00Z,12.675000190734863,12.899999618530273,12.675000190734863,12.8100004196167,211400.0
2003-05-08T04:00:00Z,12.649999618530273,12.819999694824219,12.645000457763672,12.6899995803833,84000.0
2003-05-09T04:00:00Z,12.75,12.835000038146973,12.635000228881836,12.835000038146973,92400.0
2003-05-12T04:00:00Z,12.779999732971191,13.104999542236328,12.744999885559082,13.029999732971191,216200.0
2003-05-13T04:00:00Z,12.975000381469727,13.119999885559082,12.960000038146973,13.015000343322754,638200.0
2003-05-14T04:00:00Z,13.050000190734863,13.050000190734863,12.850000381469727,12.914999961853027,113400.0
2003-05-15T04:00:00Z,13.0,13.0,12.779999732971191,12.944999694824219,357800.0
2003-05-16T04:00:00Z,12.9350004196167,12.970000267028809,12.805000305175781,12.96500015258789,1839800.0
2003-05-19T04:00:00Z,12.975000381469727,12.975000381469727,12.539999961853027,12.574999809265137,426400.0
2003-05-20T04:00:00Z,12.675000190734863,12.800000190734863,12.479999542236328,12.579999923706055,524200.0
2003-05-21T04:00:00Z,12.600000381469727,12.649999618530273,12.494999885559082,12.635000228881836,66200.0
2003-05-22T04:00:00Z,12.675000190734863,12.90999984741211,12.654999732971191,12.850000381469727,175600.0
2003-05-23T04:00:00Z,12.774999618530273,12.835000038146973,12.739999771118164,12.805000305175781,131000.0
2003-05-27T04:00:00Z,12.699999809265137,13.100000381469727,12.699999809265137,13.100000381469727,247800.0
2003-05-28T04:00:00Z,13.149999618530273,13.220000267028809,13.085000038146973,13.104999542236328,377000.0
2003-05-29T04:00:00Z,13.149999618530273,13.305000305175781,13.09000015258789,13.09000015258789,379000.0
2003-05-30T04:00:00Z,13.260000228881836,13.385000228881836,13.244999885559082,13.369999885559082,615400.0
2003-06-02T04:00:00Z,13.524999618530273,13.6850004196167,13.46500015258789,13.494999885559082,2050600.0
2003-06-03T04:00:00Z,13.524999618530273,13.529999732971191,13.34000015258789,13.475000381469727,1612000.0
2003-06-04T04:00:00Z,13.5,13.71500015258789,13.475000381469727,13.6850004196167,813800.0
2003-06-05T04:00:00Z,13.71500015258789,13.819999694824219,13.5649995803833,13.760000228881836,350800.0
2003-06-06T04:00:00Z,13.925000190734863,14.005000114440918,13.65999984741211,13.6899995803833,272200.0
2003-06-09T04:00:00Z,13.649999618530273,13.664999961853027,13.425000190734863,13.494999885559082,917000.0
2003-06-10T04:00:00Z,13.524999618530273,13.645000457763672,13.524999618530273,13.645000457763672,791000.0
2003-06-11T04:00:00Z,13.574999809265137,13.824999809265137,13.569999694824219,13.795000076293945,314000.0
2003-06-12T04:00:00Z,13.925000190734863,13.925000190734863,13.755000114440918,13.880000114440918,147800.0
2003-06-13T04:00:00Z,13.925000190734863,13.925000190734863,13.694999694824219,13.729999542236328,39800.0
2003-06-16T04:00:00Z,13.875,14.050000190734863,13.845000267028809,14.050000190734863,342800.0
2003-06-17T04:00:00Z,14.100000381469727,14.130000114440918,13.984999656677246,14.050000190734863,342400.0
2003-06-18T04:00:00Z,14.050000190734863,14.050000190734863,13.845000267028809,13.920000076293945,1842200.0
2003-06-19T04:00:00Z,13.875,13.949999809265137,13.649999618530273,13.6899995803833,195200.0
2003-06-20T04:00:00Z,13.760000228881836,13.760000228881836,13.625,13.6899995803833,195400.0
2003-06-23T04:00:00Z,13.574999809265137,13.635000228881836,13.40999984741211,13.520000457763672,165800.0
2003-06-24T04:00:00Z,13.550000190734863,13.640000343322754,13.470000267028809,13.520000457763672,577600.0
2003-06-25T04:00:00Z,13.5,13.625,13.395000457763672,13.4399995803833,73000.0
2003-06-26T04:00:00Z,13.5,13.555000305175781,13.399999618530273,13.539999961853027,1409400.0
2003-06-27T04:00:00Z,13.524999618530273,13.635000228881836,13.414999961853027,13.460000038146973,71400.0
2003-06-30T04:00:00Z,13.5649995803833,13.635000228881836,13.494999885559082,13.545000076293945,128400.0
2003-07-01T04:00:00Z,13.425000190734863,13.555000305175781,13.28499984741211,13.515000343322754,1054800.0
2003-07-02T04:00:00Z,13.524999618530273,13.670000076293945,13.524999618530273,13.640000343322754,94400.0
2003-07-03T04:00:00Z,13.524999618530273,13.75,13.524999618530273,13.625,99200.0
2003-07-07T04:00:00Z,13.774999618530273,13.96500015258789,13.774999618530273,13.899999618530273,524000.0
2003-07-08T04:00:00Z,13.96500015258789,14.095000267028809,13.920000076293945,14.095000267028809,534600.0
2003-07-09T04:00:00Z,14.0,14.079999923706055,13.895000457763672,13.920000076293945,214400.0
2003-07-10T04:00:00Z,13.824999809265137,13.850000381469727,13.625,13.739999771118164,92000.0
2003-07-11T04:00:00Z,13.824999809265137,13.944999694824219,13.795000076293945,13.944999694824219,147200.0
2003-07-14T04:00:00Z,14.050000190734863,14.220000267028809,14.020000457763672,14.020000457763672,144800.0
2003-07-15T04:00:00Z,14.0,14.125,13.899999618530273,13.9350004196167,1633600.0
2003-07-16T04:00:00Z,14.020000457763672,14.03499984741211,13.84000015258789,13.895000457763672,66200.0
2003-07-17T04:00:00Z,13.899999618530273,13.954999923706055,13.725000381469727,13.734999656677246,50200.0
2003-07-18T04:00:00Z,13.859999656677246,13.895000457763672,13.765000343322754,13.824999809265137,42400.0
2003-07-21T04:00:00Z,13.774999618530273,13.795000076293945,13.619999885559082,13.670000076293945,45800.0
2003-07-22T04:00:00Z,13.75,13.789999961853027,13.550000190734863,13.770000457763672,101800.0
2003-07-23T04:00:00Z,13.800000190734863,13.800000190734863,13.569999694824219,13.710000038146973,151800.0
2003-07-24T04:00:00Z,13.75,13.895000457763672,13.694999694824219,13.694999694824219,95800.0
2003-07-25T04:00:00Z,13.649999618530273,13.895000457763672,13.625,13.875,603400.0
2003-07-28T04:00:00Z,13.925000190734863,13.970000267028809,13.850000381469727,13.944999694824219,163000.0
2003-07-29T04:00:00Z,13.975000381469727,14.010000228881836,13.800000190734863,13.854999542236328,372600.0
2003-07-30T04:00:00Z,13.854999542236328,13.854999542236328,13.734999656677246,13.765000343322754,41200.0
2003-07-31T04:00:00Z,13.850000381469727,14.0,13.774999618530273,13.795000076293945,433200.0
2003-08-01T04:00:00Z,13.824999809265137,13.824999809265137,13.699999809265137,13.779999732971191,367600.0
2003-08-04T04:00:00Z,13.654999732971191,13.729999542236328,13.5,13.675000190734863,101800.0
2003-08-05T04:00:00Z,13.649999618530273,13.649999618530273,13.40999984741211,13.449999809265137,873600.0
2003-08-06T04:00:00Z,13.399999618530273,13.604999542236328,13.399999618530273,13.494999885559082,236000.0
2003-08-07T04:00:00Z,13.574999809265137,13.635000228881836,13.489999771118164,13.609999656677246,144400.0
2003-08-08T04:00:00Z,13.699999809265137,13.770000457763672,13.680000305175781,13.739999771118164,150800.0
2003-08-11T04:00:00Z,13.725000381469727,13.824999809265137,13.71500015258789,13.800000190734863,90000.0
2003-08-12T04:00:00Z,13.850000381469727,13.984999656677246,13.774999618530273,13.984999656677246,152200.0
2003-08-13T04:00:00Z,14.050000190734863,14.050000190734863,13.880000114440918,13.9350004196167,272200.0
2003-08-14T04:00:00Z,13.9350004196167,14.03499984741211,13.829999923706055,14.0,117200.0
2003-08-15T04:00:00Z,14.050000190734863,14.100000381469727,14.0,14.100000381469727,56800.0
2003-08-18T04:00:00Z,14.125,14.204999923706055,14.100000381469727,14.180000305175781,725400.0
2003-08-19T04:00:00Z,14.199999809265137,14.270000457763672,14.15999984741211,14.194999694824219,277000.0
2003-08-20T04:00:00Z,14.239999771118164,14.3149995803833,14.175000190734863,14.279999732971191,2352200.0
2003-08-21T04:00:00Z,14.324999809265137,14.420000076293945,14.300000190734863,14.390000343322754,546600.0
2003-08-22T04:00:00Z,14.475000381469727,14.489999771118164,14.1899995803833,14.194999694824219,1186000.0
2003-08-25T04:00:00Z,14.1850004196167,14.220000267028809,14.095000267028809,14.149999618530273,169200.0
2003-08-26T04:00:00Z,14.149999618530273,14.255000114440918,14.039999961853027,14.244999885559082,278000.0
2003-08-27T04:00:00Z,14.225000381469727,14.28499984741211,14.164999961853027,14.265000343322754,172400.0
2003-08-28T04:00:00Z,14.300000190734863,14.364999771118164,14.199999809265137,14.364999771118164,401400.0
2003-08-29T04:00:00Z,14.329999923706055,14.550000190734863,14.324999809265137,14.5,261000.0
2003-09-02T04:00:00Z,14.625,14.710000038146973,14.460000038146973,14.699999809265137,772000.0
2003-09-03T04:00:00Z,14.699999809265137,14.725000381469727,14.625,14.694999694824219,225000.0
2003-09-04T04:00:00Z,14.710000038146973,14.760000228881836,14.625,14.739999771118164,168400.0
2003-09-05T04:00:00Z,14.625,14.694999694824219,14.520000457763672,14.595000267028809,328800.0
2003-09-08T04:00:00Z,14.59000015258789,14.609999656677246,14.505000114440918,14.600000381469727,208000.0
2003-09-09T04:00:00Z,14.5,14.510000228881836,14.295000076293945,14.3149995803833,170600.0
2003-09-10T04:00:00Z,14.300000190734863,14.300000190734863,14.104999542236328,14.135000228881836,194200.0
2003-09-11T04:00:00Z,14.175000190734863,14.295000076293945,14.15999984741211,14.25,129200.0
2003-09-12T04:00:00Z,14.199999809265137,14.239999771118164,14.039999961853027,14.199999809265137,183400.0
2003-09-15T04:00:00Z,14.274999618530273,14.319999694824219,14.229999542236328,14.25,85400.0
2003-09-16T04:00:00Z,14.319999694824219,14.484999656677246,14.300000190734863,14.460000038146973,60200.0
2003-09-17T04:00:00Z,14.479999542236328,14.524999618530273,14.395000457763672,14.454999923706055,223400.0
2003-09-18T04:00:00Z,14.399999618530273,14.550000190734863,14.375,14.550000190734863,49200.0
2003-09-19T04:00:00Z,14.5,14.5,14.390000343322754,14.444999694824219,62800.0
2003-09-22T04:00:00Z,14.274999618530273,14.28499984741211,14.149999618530273,14.225000381469727,171600.0
2003-09-23T04:00:00Z,14.25,14.399999618530273,14.25,14.354999542236328,121200.0
2003-09-24T04:00:00Z,14.399999618530273,14.399999618530273,14.074999809265137,14.074999809265137,405200.0
2003-09-25T04:00:00Z,14.074999809265137,14.225000381469727,14.020000457763672,14.020000457763672,513400.0
2003-09-26T04:00:00Z,13.979999542236328,13.984999656677246,13.829999923706055,13.864999771118164,913600.0
2003-09-29T04:00:00Z,13.925000190734863,13.925000190734863,13.6899995803833,13.845000267028809,239400.0
2003-09-30T04:00:00Z,13.850000381469727,13.90999984741211,13.699999809265137,13.789999961853027,231200.0
2003-10-01T04:00:00Z,13.90999984741211,14.199999809265137,13.90999984741211,14.170000076293945,3804600.0
2003-10-02T04:00:00Z,14.125,14.25,14.095000267028809,14.244999885559082,376800.0
2003-10-03T04:00:00Z,14.460000038146973,14.5649995803833,14.375,14.404999732971191,943400.0
2003-10-06T04:00:00Z,14.46500015258789,14.555000305175781,14.375,14.510000228881836,312400.0
2003-10-07T04:00:00Z,14.390000343322754,14.579999923706055,14.369999885559082,14.569999694824219,694600.0
2003-10-08T04:00:00Z,14.59000015258789,14.59000015258789,14.4399995803833,14.46500015258789,46400.0
2003-10-09T04:00:00Z,14.6850004196167,14.8149995803833,14.609999656677246,14.649999618530273,488800.0
2003-10-10T04:00:00Z,14.699999809265137,14.75,14.625,14.680000305175781,230800.0
2003-10-13T04:00:00Z,14.699999809265137,14.885000228881836,14.699999809265137,14.829999923706055,804200.0
2003-10-14T04:00:00Z,14.84000015258789,14.90999984741211,14.760000228881836,14.90999984741211,102200.0
2003-10-15T04:00:00Z,14.949999809265137,14.949999809265137,14.755000114440918,14.850000381469727,380800.0
2003-10-16T04:00:00Z,14.800000190734863,14.954999923706055,14.795000076293945,14.914999961853027,121400.0
2003-10-17T04:00:00Z,14.914999961853027,14.925000190734863,14.680000305175781,14.704999923706055,747000.0
2003-10-20T04:00:00Z,14.699999809265137,14.734999656677246,14.625,14.6899995803833,58600.0
2003-10-21T04:00:00Z,14.725000381469727,14.779999732971191,14.664999961853027,14.734999656677246,210800.0
2003-10-22T04:00:00Z,14.574999809265137,14.600000381469727,14.475000381469727,14.529999732971191,528600.0
2003-10-23T04:00:00Z,14.484999656677246,14.574999809265137,14.444999694824219,14.529999732971191,197800.0
2003-10-24T04:00:00Z,14.449999809265137,14.545000076293945,14.34000015258789,14.545000076293945,378000.0
2003-10-27T05:00:00Z,14.609999656677246,14.744999885559082,14.609999656677246,14.704999923706055,696400.0
2003-10-28T05:00:00Z,14.850000381469727,15.03499984741211,14.765000343322754,15.03499984741211,163400.0
2003-10-29T05:00:00Z,15.0,15.055000305175781,14.944999694824219,15.005000114440918,141400.0
2003-10-30T05:00:00Z,15.125,15.149999618530273,14.930000305175781,15.055000305175781,190800.0
2003-10-31T05:00:00Z,15.09000015258789,15.09000015258789,14.975000381469727,15.045000076293945,341600.0
2003-11-03T05:00:00Z,15.149999618530273,15.220000267028809,15.104999542236328,15.15999984741211,129800.0
2003-11-04T05:00:00Z,15.095000267028809,15.15999984741211,15.050000190734863,15.069999694824219,117600.0
2003-11-05T05:00:00Z,15.074999809265137,15.079999923706055,14.925000190734863,15.055000305175781,301000.0
2003-11-06T05:00:00Z,15.050000190734863,15.164999961853027,14.975000381469727,15.164999961853027,53200.0
2003-11-07T05:00:00Z,15.239999771118164,15.3100004196167,15.180000305175781,15.204999923706055,130600.0
2003-11-10T05:00:00Z,15.125,15.15999984741211,15.024999618530273,15.024999618530273,204000.0
2003-11-11T05:00:00Z,15.074999809265137,15.074999809265137,14.975000381469727,15.0,239200.0
2003-11-12T05:00:00Z,15.074999809265137,15.15999984741211,15.03499984741211,15.149999618530273,593200.0
2003-11-13T05:00:00Z,15.104999542236328,15.104999542236328,15.015000343322754,15.095000267028809,157600.0
2003-11-14T05:00:00Z,15.125,15.170000076293945,14.925000190734863,14.930000305175781,907800.0
2003-11-17T05:00:00Z,14.835000038146973,14.875,14.680000305175781,14.795000076293945,510400.0
2003-11-18T05:00:00Z,14.864999771118164,14.885000228881836,14.604999542236328,14.604999542236328,347800.0
2003-11-19T05:00:00Z,14.574999809265137,14.729999542236328,14.545000076293945,14.699999809265137,355800.0
2003-11-20T05:00:00Z,14.664999961853027,14.84000015258789,14.625,14.6850004196167,245200.0
2003-11-21T05:00:00Z,14.720000267028809,14.770000457763672,14.635000228881836,14.75,69800.0
2003-11-24T05:00:00Z,14.875,15.050000190734863,14.859999656677246,15.045000076293945,323600.0
2003-11-25T05:00:00Z,14.975000381469727,15.210000038146973,14.975000381469727,15.1899995803833,175800.0
2003-11-26T05:00:00Z,15.25,15.25,15.024999618530273,15.1850004196167,490400.0
2003-11-28T05:00:00Z,15.225000381469727,15.225000381469727,15.175000190734863,15.180000305175781,63600.0
2003-12-01T05:00:00Z,15.300000190734863,15.329999923706055,15.180000305175781,15.324999809265137,122600.0
2003-12-02T05:00:00Z,15.274999618530273,15.295000076293945,15.194999694824219,15.210000038146973,501400.0
2003-12-03T05:00:00Z,15.274999618530273,15.319999694824219,15.149999618530273,15.149999618530273,201000.0
2003-12-04T05:00:00Z,15.199999809265137,15.199999809265137,14.920000076293945,15.114999771118164,131600.0
2003-12-05T05:00:00Z,15.050000190734863,15.055000305175781,14.895000457763672,14.960000038146973,90200.0
2003-12-08T05:00:00Z,14.975000381469727,15.024999618530273,14.885000228881836,15.024999618530273,141800.0
2003-12-09T05:00:00Z,15.074999809265137,15.100000381469727,14.949999809265137,14.949999809265137,404800.0
2003-12-10T05:00:00Z,14.899999618530273,15.010000228881836,14.819999694824219,14.880000114440918,268600.0
2003-12-11T05:00:00Z,14.864999771118164,15.1850004196167,14.864999771118164,15.109999656677246,259400.0
2003-12-12T05:00:00Z,15.199999809265137,15.210000038146973,15.095000267028809,15.1899995803833,171200.0
2003-12-15T05:00:00Z,15.425000190734863,15.425000190734863,15.114999771118164,15.125,427200.0
2003-12-16T05:00:00Z,15.125,15.125,14.975000381469727,15.09000015258789,508600.0
2003-12-17T05:00:00Z,15.125,15.229999542236328,15.050000190734863,15.229999542236328,96400.0
2003-12-18T05:00:00Z,15.265000343322754,15.4350004196167,15.204999923706055,15.425000190734863,129800.0
2003-12-19T05:00:00Z,15.449999809265137,15.449999809265137,15.3100004196167,15.430000305175781,158400.0
2003-12-22T05:00:00Z,15.425000190734863,15.515000343322754,15.390000343322754,15.479999542236328,584000.0
2003-12-23T05:00:00Z,15.5,15.585000038146973,15.470000267028809,15.529999732971191,314000.0
2003-12-24T05:00:00Z,15.489999771118164,15.505000114440918,15.425000190734863,15.470000267028809,70800.0
2003-12-26T05:00:00Z,15.5,15.585000038146973,15.5,15.539999961853027,23600.0
2003-12-29T05:00:00Z,15.625,15.680000305175781,15.53499984741211,15.680000305175781,244000.0
2003-12-30T05:00:00Z,15.699999809265137,15.699999809265137,15.600000381469727,15.630000114440918,78400.0
2003-12-31T05:00:00Z,15.710000038146973,15.78499984741211,15.640000343322754,15.744999885559082,289000.0
2004-01-02T05:00:00Z,15.8100004196167,15.885000228881836,15.574999809265137,15.609999656677246,127600.0
2004-01-05T05:00:00Z,15.699999809265137,15.765000343322754,15.604999542236328,15.744999885559082,356400.0
2004-01-06T05:00:00Z,15.744999885559082,15.824999809265137,15.699999809265137,15.805000305175781,169600.0
2004-01-07T05:00:00Z,15.75,15.885000228881836,15.680000305175781,15.875,142400.0
2004-01-08T05:00:00Z,15.859999656677246,15.930000305175781,15.774999618530273,15.824999809265137,338400.0
2004-01-09T05:00:00Z,15.699999809265137,15.895000457763672,15.699999809265137,15.760000228881836,374400.0
2004-01-12T05:00:00Z,15.75,15.765000343322754,15.635000228881836,15.725000381469727,118800.0
2004-01-13T05:00:00Z,15.774999618530273,15.795000076293945,15.654999732971191,15.699999809265137,194200.0
2004-01-14T05:00:00Z,15.850000381469727,15.869999885559082,15.760000228881836,15.824999809265137,563200.0
2004-01-15T05:00:00Z,15.824999809265137,15.9399995803833,15.729999542236328,15.869999885559082,184600.0
2004-01-16T05:00:00Z,15.949999809265137,15.949999809265137,15.829999923706055,15.869999885559082,97200.0
2004-01-20T05:00:00Z,15.9399995803833,15.9399995803833,15.725000381469727,15.755000114440918,367400.0
2004-01-21T05:00:00Z,15.850000381469727,15.989999771118164,15.744999885559082,15.949999809265137,284200.0
2004-01-22T05:00:00Z,16.0,16.104999542236328,16.0,16.075000762939453,281200.0
2004-01-23T05:00:00Z,16.125,16.170000076293945,15.949999809265137,16.024999618530273,123600.0
2004-01-26T05:00:00Z,16.049999237060547,16.09000015258789,15.90999984741211,16.05500030517578,120200.0
2004-01-27T05:00:00Z,16.100000381469727,16.1200008392334,15.914999961853027,15.944999694824219,128800.0
2004-01-28T05:00:00Z,15.975000381469727,15.975000381469727,15.550000190734863,15.5649995803833,259600.0
2004-01-29T05:00:00Z,15.524999618530273,15.699999809265137,15.479999542236328,15.664999961853027,523800.0
2004-01-30T05:00:00Z,15.675000190734863,15.699999809265137,15.5600004196167,15.654999732971191,388600.0
2004-02-02T05:00:00Z,15.649999618530273,15.725000381469727,15.5,15.609999656677246,480600.0
2004-02-03T05:00:00Z,15.625,15.654999732971191,15.524999618530273,15.524999618530273,116000.0
2004-02-04T05:00:00Z,15.524999618530273,15.600000381469727,15.4350004196167,15.505000114440918,111200.0
2004-02-05T05:00:00Z,15.574999809265137,15.649999618530273,15.550000190734863,15.625,323000.0
2004-02-06T05:00:00Z,15.675000190734863,15.8149995803833,15.625,15.789999961853027,178000.0
2004-02-09T05:00:00Z,15.800000190734863,15.930000305175781,15.800000190734863,15.8100004196167,234000.0
2004-02-10T05:00:00Z,15.800000190734863,15.970000267028809,15.800000190734863,15.944999694824219,101000.0
2004-02-11T05:00:00Z,15.944999694824219,16.170000076293945,15.895000457763672,16.104999542236328,450000.0
2004-02-12T05:00:00Z,16.125,16.139999389648438,15.989999771118164,16.024999618530273,148200.0
2004-02-13T05:00:00Z,15.975000381469727,16.03499984741211,15.8149995803833,15.864999771118164,676000.0
2004-02-17T05:00:00Z,15.925000190734863,16.09000015258789,15.925000190734863,16.06999969482422,596800.0
2004-02-18T05:00:00Z,16.059999465942383,16.059999465942383,15.944999694824219,15.975000381469727,124200.0
2004-02-19T05:00:00Z,16.040000915527344,16.15999984741211,15.989999771118164,15.989999771118164,209600.0
2004-02-20T05:00:00Z,15.989999771118164,15.989999771118164,15.779999732971191,15.869999885559082,440800.0
2004-02-23T05:00:00Z,15.949999809265137,15.949999809265137,15.729999542236328,15.755000114440918,580200.0
2004-02-24T05:00:00Z,15.699999809265137,15.835000038146973,15.680000305175781,15.78499984741211,169000.0
2004-02-25T05:00:00Z,15.819999694824219,15.875,15.75,15.869999885559082,128600.0
2004-02-26T05:00:00Z,15.800000190734863,15.989999771118164,15.789999961853027,15.970000267028809,295800.0
2004-02-27T05:00:00Z,16.0,16.079999923706055,15.90999984741211,15.994999885559082,144000.0
2004-03-01T05:00:00Z,16.040000915527344,16.145000457763672,16.010000228881836,16.094999313354492,247600.0
2004-03-02T05:00:00Z,16.149999618530273,16.149999618530273,16.010000228881836,16.049999237060547,298400.0
2004-03-03T05:00:00Z,16.065000534057617,16.100000381469727,15.9350004196167,16.065000534057617,232800.0
2004-03-04T05:00:00Z,16.149999618530273,16.174999237060547,16.059999465942383,16.1299991607666,275800.0
2004-03-05T05:00:00Z,16.059999465942383,16.290000915527344,16.059999465942383,16.2450008392334,251400.0
2004-03-08T05:00:00Z,16.149999618530273,16.2549991607666,16.020000457763672,16.020000457763672,459400.0
2004-03-09T05:00:00Z,16.075000762939453,16.075000762939453,15.880000114440918,15.914999961853027,327000.0
2004-03-10T05:00:00Z,15.9399995803833,15.9399995803833,15.649999618530273,15.720000267028809,262600.0
2004-03-11T05:00:00Z,15.699999809265137,15.725000381469727,15.430000305175781,15.430000305175781,136000.0
2004-03-12T05:00:00Z,15.510000228881836,15.6850004196167,15.510000228881836,15.675000190734863,145200.0
2004-03-15T05:00:00Z,15.649999618530273,15.649999618530273,15.364999771118164,15.364999771118164,181200.0
2004-03-16T05:00:00Z,15.539999961853027,15.539999961853027,15.369999885559082,15.5,833200.0
2004-03-17T05:00:00Z,15.550000190734863,15.725000381469727,15.545000076293945,15.720000267028809,1561400.0
2004-03-18T05:00:00Z,15.649999618530273,15.75,15.539999961853027,15.680000305175781,502200.0
2004-03-19T05:00:00Z,15.625,15.725000381469727,15.555000305175781,15.569999694824219,585000.0
2004-03-22T05:00:00Z,15.425000190734863,15.449999809265137,15.295000076293945,15.329999923706055,1265400.0
2004-03-23T05:00:00Z,15.329999923706055,15.4350004196167,15.274999618530273,15.300000190734863,1097400.0
2004-03-24T05:00:00Z,15.300000190734863,15.420000076293945,15.274999618530273,15.375,212800.0
2004-03-25T05:00:00Z,15.475000381469727,15.675000190734863,15.420000076293945,15.645000457763672,808400.0
2004-03-26T05:00:00Z,15.654999732971191,15.729999542236328,15.574999809265137,15.630000114440918,233400.0
2004-03-29T05:00:00Z,15.75,15.850000381469727,15.734999656677246,15.774999618530273,276600.0
2004-03-30T05:00:00Z,15.800000190734863,15.899999618530273,15.779999732971191,15.895000457763672,274200.0
2004-03-31T05:00:00Z,15.899999618530273,15.975000381469727,15.84000015258789,15.875,155800.0
2004-04-01T05:00:00Z,15.9399995803833,15.994999885559082,15.854999542236328,15.944999694824219,949000.0
2004-04-02T05:00:00Z,16.174999237060547,16.174999237060547,16.0049991607666,16.09000015258789,930400.0
2004-04-05T04:00:00Z,16.03499984741211,16.2549991607666,16.03499984741211,16.2549991607666,185200.0
2004-04-06T04:00:00Z,16.149999618530273,16.270000457763672,16.135000228881836,16.219999313354492,154800.0
2004-04-07T04:00:00Z,16.200000762939453,16.200000762939453,16.040000915527344,16.100000381469727,671200.0
2004-04-08T04:00:00Z,16.25,16.25,15.944999694824219,16.0,242200.0
2004-04-12T04:00:00Z,16.075000762939453,16.184999465942383,16.065000534057617,16.135000228881836,245000.0
2004-04-13T04:00:00Z,16.200000762939453,16.200000762939453,15.795000076293945,15.835000038146973,227800.0
2004-04-14T04:00:00Z,15.699999809265137,15.864999771118164,15.699999809265137,15.8100004196167,835600.0
2004-04-15T04:00:00Z,15.824999809265137,15.890000343322754,15.734999656677246,15.795000076293945,328800.0
2004-04-16T04:00:00Z,15.795000076293945,15.970000267028809,15.795000076293945,15.944999694824219,265800.0
2004-04-19T04:00:00Z,15.885000228881836,15.979999542236328,15.850000381469727,15.954999923706055,210400.0
2004-04-20T04:00:00Z,16.049999237060547,16.094999313354492,15.850000381469727,15.854999542236328,351000.0
2004-04-21T04:00:00Z,15.75,15.914999961853027,15.734999656677246,15.875,293800.0
2004-04-22T04:00:00Z,15.975000381469727,16.209999084472656,15.930000305175781,16.19499969482422,124200.0
2004-04-23T04:00:00Z,16.174999237060547,16.174999237060547,16.024999618530273,16.1299991607666,115400.0
2004-04-26T04:00:00Z,16.149999618530273,16.19499969482422,15.954999923706055,16.0,185000.0
2004-04-27T04:00:00Z,16.149999618530273,16.219999313354492,16.075000762939453,16.110000610351562,737000.0
2004-04-28T04:00:00Z,16.100000381469727,16.100000381469727,15.90999984741211,15.920000076293945,2324400.0
2004-04-29T04:00:00Z,15.920000076293945,16.06999969482422,15.710000038146973,15.8149995803833,270600.0
2004-04-30T04:00:00Z,15.864999771118164,15.899999618530273,15.635000228881836,15.694999694824219,230200.0
2004-05-03T04:00:00Z,15.675000190734863,15.800000190734863,15.649999618530273,15.774999618530273,2623800.0
2004-05-04T04:00:00Z,15.729999542236328,15.850000381469727,15.649999618530273,15.744999885559082,945000.0
2004-05-05T04:00:00Z,15.699999809265137,15.789999961853027,15.680000305175781,15.779999732971191,434200.0
2004-05-06T04:00:00Z,15.585000038146973,15.645000457763672,15.40999984741211,15.545000076293945,1364600.0
2004-05-07T04:00:00Z,15.395000457763672,15.53499984741211,15.170000076293945,15.170000076293945,823800.0
2004-05-10T04:00:00Z,14.96500015258789,15.119999885559082,14.899999618530273,14.979999542236328,812000.0
2004-05-11T04:00:00Z,15.100000381469727,15.234999656677246,15.100000381469727,15.199999809265137,1137400.0
2004-05-12T04:00:00Z,15.199999809265137,15.25,14.904999732971191,15.25,1909600.0
2004-05-13T04:00:00Z,15.175000190734863,15.229999542236328,15.09000015258789,15.199999809265137,989000.0
2004-05-14T04:00:00Z,15.25,15.279999732971191,15.074999809265137,15.204999923706055,765800.0
2004-05-17T04:00:00Z,15.149999618530273,15.149999618530273,14.864999771118164,14.96500015258789,903000.0
2004-05-18T04:00:00Z,15.149999618530273,15.229999542236328,15.0,15.199999809265137,2336400.0
2004-05-19T04:00:00Z,15.305000305175781,15.420000076293945,15.135000228881836,15.135000228881836,455200.0
2004-05-20T04:00:00Z,15.125,15.204999923706055,15.069999694824219,15.170000076293945,161000.0
2004-05-21T04:00:00Z,15.170000076293945,15.329999923706055,15.149999618530273,15.244999885559082,228400.0
2004-05-24T04:00:00Z,15.399999618530273,15.4399995803833,15.28499984741211,15.404999732971191,316600.0
2004-05-25T04:00:00Z,15.350000381469727,15.71500015258789,15.300000190734863,15.71500015258789,221200.0
2004-05-26T04:00:00Z,15.680000305175781,15.739999771118164,15.635000228881836,15.725000381469727,684800.0
2004-05-27T04:00:00Z,15.699999809265137,15.885000228881836,15.699999809265137,15.795000076293945,129000.0
2004-05-28T04:00:00Z,15.795000076293945,15.8100004196167,15.75,15.795000076293945,631800.0
2004-06-01T04:00:00Z,15.725000381469727,15.795000076293945,15.65999984741211,15.779999732971191,484400.0
2004-06-02T04:00:00Z,15.850000381469727,15.850000381469727,15.720000267028809,15.84000015258789,408800.0
2004-06-03T04:00:00Z,15.819999694824219,15.885000228881836,15.729999542236328,15.739999771118164,578400.0
2004-06-04T04:00:00Z,15.869999885559082,15.885000228881836,15.755000114440918,15.805000305175781,921600.0
2004-06-07T04:00:00Z,15.899999618530273,16.024999618530273,15.854999542236328,16.024999618530273,488600.0
2004-06-08T04:00:00Z,15.975000381469727,16.084999084472656,15.944999694824219,16.079999923706055,929000.0
2004-06-09T04:00:00Z,16.0,16.09000015258789,15.954999923706055,15.960000038146973,238000.0
2004-06-10T04:00:00Z,15.954999923706055,16.059999465942383,15.954999923706055,16.024999618530273,290200.0
2004-06-14T04:00:00Z,16.024999618530273,16.024999618530273,15.779999732971191,15.819999694824219,2766600.0
2004-06-15T04:00:00Z,15.925000190734863,16.010000228881836,15.885000228881836,15.914999961853027,523600.0
2004-06-16T04:00:00Z,15.975000381469727,15.975000381469727,15.885000228881836,15.930000305175781,142400.0
2004-06-17T04:00:00Z,15.90999984741211,15.975000381469727,15.859999656677246,15.970000267028809,86400.0
2004-06-18T04:00:00Z,15.890000343322754,16.014999389648438,15.890000343322754,15.944999694824219,100000.0
2004-06-21T04:00:00Z,16.0,16.0,15.880000114440918,15.890000343322754,209800.0
2004-06-22T04:00:00Z,15.869999885559082,15.869999885559082,15.704999923706055,15.819999694824219,175400.0
2004-06-23T04:00:00Z,15.774999618530273,15.944999694824219,15.774999618530273,15.944999694824219,135600.0
2004-06-24T04:00:00Z,15.899999618530273,16.030000686645508,15.899999618530273,15.949999809265137,181800.0
2004-06-25T04:00:00Z,15.925000190734863,16.045000076293945,15.904999732971191,15.9350004196167,593000.0
2004-06-28T04:00:00Z,16.049999237060547,16.06999969482422,15.885000228881836,15.904999732971191,1451200.0
2004-06-29T04:00:00Z,15.850000381469727,15.854999542236328,15.770000457763672,15.78499984741211,346800.0
2004-06-30T04:00:00Z,15.774999618530273,15.859999656677246,15.710000038146973,15.8149995803833,880000.0
2004-07-01T04:00:00Z,15.850000381469727,15.854999542236328,15.640000343322754,15.720000267028809,1212200.0
2004-07-02T04:00:00Z,15.75,15.75,15.619999885559082,15.635000228881836,372800.0
2004-07-06T04:00:00Z,15.550000190734863,15.595000267028809,15.484999656677246,15.53499984741211,1114200.0
2004-07-07T04:00:00Z,15.5,15.5600004196167,15.46500015258789,15.489999771118164,318000.0
2004-07-08T04:00:00Z,15.399999618530273,15.425000190734863,15.279999732971191,15.279999732971191,309200.0
2004-07-09T04:00:00Z,15.375,15.375,15.289999961853027,15.364999771118164,1161800.0
2004-07-12T04:00:00Z,15.300000190734863,15.430000305175781,15.274999618530273,15.404999732971191,422600.0
2004-07-13T04:00:00Z,15.375,15.5,15.375,15.46500015258789,117400.0
2004-07-14T04:00:00Z,15.399999618530273,15.555000305175781,15.359999656677246,15.399999618530273,210400.0
2004-07-15T04:00:00Z,15.420000076293945,15.444999694824219,15.324999809265137,15.324999809265137,302200.0
2004-07-16T04:00:00Z,15.385000228881836,15.385000228881836,15.154999732971191,15.154999732971191,434400.0
2004-07-19T04:00:00Z,15.154999732971191,15.220000267028809,15.03499984741211,15.095000267028809,328400.0
2004-07-20T04:00:00Z,15.100000381469727,15.279999732971191,15.100000381469727,15.265000343322754,1975400.0
2004-07-21T04:00:00Z,15.265000343322754,15.385000228881836,15.130000114440918,15.130000114440918,425400.0
2004-07-22T04:00:00Z,15.024999618530273,15.180000305175781,14.9350004196167,15.154999732971191,184600.0
2004-07-23T04:00:00Z,15.100000381469727,15.135000228881836,14.979999542236328,15.0649995803833,262600.0
2004-07-26T04:00:00Z,15.050000190734863,15.055000305175781,14.869999885559082,14.9350004196167,445000.0
2004-07-27T04:00:00Z,14.925000190734863,15.21500015258789,14.925000190734863,15.1899995803833,366400.0
2004-07-28T04:00:00Z,15.149999618530273,15.1899995803833,14.949999809265137,15.125,181600.0
2004-07-29T04:00:00Z,15.225000381469727,15.289999961853027,15.149999618530273,15.199999809265137,529600.0
2004-07-30T04:00:00Z,15.199999809265137,15.225000381469727,15.125,15.21500015258789,263000.0
2004-08-02T04:00:00Z,15.21500015258789,15.34000015258789,15.135000228881836,15.305000305175781,437000.0
2004-08-03T04:00:00Z,15.239999771118164,15.270000457763672,15.145000457763672,15.149999618530273,145200.0
2004-08-04T04:00:00Z,15.024999618530273,15.135000228881836,14.979999542236328,15.069999694824219,397000.0
2004-08-05T04:00:00Z,15.114999771118164,15.114999771118164,14.789999961853027,14.805000305175781,1309000.0
2004-08-06T04:00:00Z,14.625,14.720000267028809,14.5649995803833,14.59000015258789,725200.0
2004-08-09T04:00:00Z,14.574999809265137,14.694999694824219,14.5600004196167,14.569999694824219,238800.0
2004-08-10T04:00:00Z,14.600000381469727,14.78499984741211,14.600000381469727,14.78499984741211,92800.0
2004-08-11T04:00:00Z,14.625,14.694999694824219,14.5600004196167,14.680000305175781,377600.0
2004-08-12T04:00:00Z,14.680000305175781,14.680000305175781,14.46500015258789,14.479999542236328,487800.0
2004-08-13T04:00:00Z,14.449999809265137,14.59000015258789,14.449999809265137,14.515000343322754,417400.0
2004-08-16T04:00:00Z,14.524999618530273,14.880000114440918,14.524999618530273,14.859999656677246,703800.0
2004-08-17T04:00:00Z,14.859999656677246,15.085000038146973,14.859999656677246,15.050000190734863,1072600.0
2004-08-18T04:00:00Z,14.975000381469727,15.180000305175781,14.944999694824219,15.180000305175781,1257600.0
2004-08-19T04:00:00Z,15.074999809265137,15.1899995803833,15.0600004196167,15.109999656677246,1175600.0
2004-08-20T04:00:00Z,15.149999618530273,15.265000343322754,15.074999809265137,15.244999885559082,320600.0
2004-08-23T04:00:00Z,15.244999885559082,15.25,15.15999984741211,15.164999961853027,2054200.0
2004-08-24T04:00:00Z,15.175000190734863,15.289999961853027,15.154999732971191,15.204999923706055,537600.0
2004-08-25T04:00:00Z,15.149999618530273,15.319999694824219,15.114999771118164,15.319999694824219,161200.0
2004-08-26T04:00:00Z,15.225000381469727,15.335000038146973,15.225000381469727,15.3149995803833,1054400.0
2004-08-27T04:00:00Z,15.300000190734863,15.345000267028809,15.274999618530273,15.3149995803833,440600.0
2004-08-30T04:00:00Z,15.300000190734863,15.300000190734863,15.180000305175781,15.194999694824219,1266600.0
2004-08-31T04:00:00Z,15.175000190734863,15.239999771118164,15.0649995803833,15.1850004196167,991400.0
2004-09-01T04:00:00Z,15.149999618530273,15.239999771118164,15.149999618530273,15.234999656677246,708200.0
2004-09-02T04:00:00Z,15.149999618530273,15.479999542236328,15.149999618530273,15.475000381469727,1361800.0
2004-09-03T04:00:00Z,15.475000381469727,15.539999961853027,15.430000305175781,15.460000038146973,171600.0
2004-09-07T04:00:00Z,15.550000190734863,15.619999885559082,15.494999885559082,15.5649995803833,1193200.0
2004-09-08T04:00:00Z,15.595000267028809,15.675000190734863,15.515000343322754,15.515000343322754,534600.0
2004-09-09T04:00:00Z,15.5,15.53499984741211,15.390000343322754,15.4350004196167,1653600.0
2004-09-10T04:00:00Z,15.40999984741211,15.604999542236328,15.390000343322754,15.574999809265137,187400.0
2004-09-13T04:00:00Z,15.574999809265137,15.6850004196167,15.574999809265137,15.625,617800.0
2004-09-14T04:00:00Z,15.600000381469727,15.699999809265137,15.600000381469727,15.694999694824219,397800.0
2004-09-15T04:00:00Z,15.635000228881836,15.670000076293945,15.595000267028809,15.604999542236328,150400.0
2004-09-16T04:00:00Z,15.604999542236328,15.770000457763672,15.604999542236328,15.699999809265137,4354400.0
2004-09-17T04:00:00Z,15.699999809265137,15.774999618530273,15.670000076293945,15.710000038146973,471600.0
2004-09-20T04:00:00Z,15.675000190734863,15.680000305175781,15.550000190734863,15.59000015258789,261800.0
2004-09-21T04:00:00Z,15.649999618530273,15.739999771118164,15.600000381469727,15.710000038146973,527000.0
2004-09-22T04:00:00Z,15.600000381469727,15.609999656677246,15.494999885559082,15.5,1146800.0
2004-09-23T04:00:00Z,15.550000190734863,15.595000267028809,15.484999656677246,15.555000305175781,2774200.0
2004-09-24T04:00:00Z,15.574999809265137,15.670000076293945,15.550000190734863,15.600000381469727,667000.0
2004-09-27T04:00:00Z,15.595000267028809,15.595000267028809,15.489999771118164,15.489999771118164,341600.0
2004-09-28T04:00:00Z,15.524999618530273,15.524999618530273,15.385000228881836,15.479999542236328,592400.0
2004-09-29T04:00:00Z,15.550000190734863,15.550000190734863,15.414999961853027,15.53499984741211,2223600.0
2004-09-30T04:00:00Z,15.5,15.649999618530273,15.5,15.600000381469727,2451800.0
2004-10-01T04:00:00Z,15.604999542236328,15.829999923706055,15.604999542236328,15.795000076293945,1160200.0
2004-10-04T04:00:00Z,15.899999618530273,16.0049991607666,15.899999618530273,15.944999694824219,2138200.0
2004-10-05T04:00:00Z,15.949999809265137,15.949999809265137,15.845000267028809,15.925000190734863,490200.0
2004-10-06T04:00:00Z,15.925000190734863,16.024999618530273,15.854999542236328,16.010000228881836,748800.0
2004-10-07T04:00:00Z,16.0,16.05500030517578,15.895000457763672,15.895000457763672,140000.0
2004-10-08T04:00:00Z,15.824999809265137,15.96500015258789,15.729999542236328,15.770000457763672,566400.0
2004-10-11T04:00:00Z,15.824999809265137,15.859999656677246,15.795000076293945,15.829999923706055,254800.0
2004-10-12T04:00:00Z,15.699999809265137,15.819999694824219,15.699999809265137,15.789999961853027,986200.0
2004-10-13T04:00:00Z,15.800000190734863,15.90999984741211,15.699999809265137,15.739999771118164,358000.0
2004-10-14T04:00:00Z,15.78499984741211,15.78499984741211,15.585000038146973,15.604999542236328,270600.0
2004-10-15T04:00:00Z,15.6899995803833,15.765000343322754,15.625,15.71500015258789,2989000.0
2004-10-18T04:00:00Z,15.625,15.845000267028809,15.625,15.824999809265137,1781600.0
2004-10-19T04:00:00Z,15.875,15.949999809265137,15.725000381469727,15.725000381469727,1927800.0
2004-10-20T04:00:00Z,15.694999694824219,15.694999694824219,15.59000015258789,15.640000343322754,831200.0
2004-10-21T04:00:00Z,15.640000343322754,15.819999694824219,15.640000343322754,15.779999732971191,431000.0
2004-10-22T04:00:00Z,15.800000190734863,15.854999542236328,15.645000457763672,15.645000457763672,410000.0
2004-10-25T04:00:00Z,15.645000457763672,15.649999618530273,15.529999732971191,15.630000114440918,281800.0
2004-10-26T04:00:00Z,15.600000381469727,15.890000343322754,15.600000381469727,15.890000343322754,898000.0
2004-10-27T04:00:00Z,15.850000381469727,16.165000915527344,15.829999923706055,16.15999984741211,808400.0
2004-10-28T04:00:00Z,16.200000762939453,16.295000076293945,16.125,16.25,892400.0
2004-10-29T04:00:00Z,16.25,16.290000915527344,16.184999465942383,16.229999542236328,2578000.0
2004-11-01T05:00:00Z,16.239999771118164,16.34000015258789,16.190000534057617,16.295000076293945,806400.0
2004-11-02T05:00:00Z,16.274999618530273,16.475000381469727,16.274999618530273,16.354999542236328,1362600.0
2004-11-03T05:00:00Z,16.575000762939453,16.575000762939453,16.329999923706055,16.395000457763672,663600.0
2004-11-04T05:00:00Z,16.424999237060547,16.774999618530273,16.420000076293945,16.7549991607666,615400.0
2004-11-05T05:00:00Z,16.774999618530273,16.924999237060547,16.764999389648438,16.815000534057617,714000.0
2004-11-08T05:00:00Z,16.80500030517578,16.885000228881836,16.780000686645508,16.825000762939453,193800.0
2004-11-09T05:00:00Z,16.790000915527344,16.885000228881836,16.780000686645508,16.84000015258789,412200.0
2004-11-10T05:00:00Z,16.875,16.934999465942383,16.815000534057617,16.84000015258789,715400.0
2004-11-11T05:00:00Z,16.875,17.0049991607666,16.80500030517578,16.9950008392334,2411800.0
2004-11-12T05:00:00Z,17.024999618530273,17.135000228881836,16.954999923706055,17.104999542236328,240600.0
2004-11-15T05:00:00Z,17.104999542236328,17.204999923706055,17.075000762939453,17.155000686645508,713800.0
2004-11-16T05:00:00Z,17.174999237060547,17.174999237060547,16.959999084472656,16.9950008392334,1051800.0
2004-11-17T05:00:00Z,17.024999618530273,17.15999984741211,16.989999771118164,17.010000228881836,1458800.0
2004-11-18T05:00:00Z,17.024999618530273,17.104999542236328,16.975000381469727,17.09000015258789,886400.0
2004-11-19T05:00:00Z,17.1200008392334,17.1200008392334,16.854999542236328,16.875,1323600.0
2004-11-22T05:00:00Z,16.825000762939453,17.0,16.80500030517578,16.979999542236328,3088000.0
2004-11-23T05:00:00Z,17.024999618530273,17.125,16.969999313354492,17.075000762939453,229200.0
2004-11-24T05:00:00Z,17.174999237060547,17.200000762939453,17.114999771118164,17.190000534057617,4434400.0
2004-11-26T05:00:00Z,17.100000381469727,17.2549991607666,17.100000381469727,17.209999084472656,208200.0
2004-11-29T05:00:00Z,17.225000381469727,17.25,16.969999313354492,17.094999313354492,1806400.0
2004-11-30T05:00:00Z,17.094999313354492,17.094999313354492,16.899999618530273,16.90999984741211,1373200.0
2004-12-01T05:00:00Z,16.975000381469727,17.184999465942383,16.975000381469727,17.174999237060547,1664000.0
2004-12-02T05:00:00Z,17.149999618530273,17.295000076293945,17.03499984741211,17.19499969482422,934400.0
2004-12-03T05:00:00Z,17.149999618530273,17.200000762939453,17.049999237060547,17.139999389648438,961600.0
2004-12-06T05:00:00Z,17.084999084472656,17.135000228881836,17.03499984741211,17.110000610351562,512600.0
2004-12-07T05:00:00Z,17.114999771118164,17.149999618530273,16.985000610351562,16.989999771118164,433200.0
2004-12-08T05:00:00Z,17.0049991607666,17.100000381469727,16.96500015258789,17.09000015258789,170600.0
2004-12-09T05:00:00Z,17.09000015258789,17.239999771118164,17.0,17.219999313354492,761800.0
2004-12-10T05:00:00Z,17.274999618530273,17.274999618530273,17.165000915527344,17.200000762939453,387000.0
2004-12-13T05:00:00Z,17.25,17.274999618530273,17.155000686645508,17.260000228881836,502000.0
2004-12-14T05:00:00Z,17.200000762939453,17.385000228881836,17.200000762939453,17.350000381469727,1159400.0
2004-12-15T05:00:00Z,17.399999618530273,17.479999542236328,17.344999313354492,17.424999237060547,1128600.0
2004-12-16T05:00:00Z,17.424999237060547,17.459999084472656,17.334999084472656,17.395000457763672,320400.0
2004-12-17T05:00:00Z,17.399999618530273,17.399999618530273,17.229999542236328,17.264999389648438,1465600.0
2004-12-20T05:00:00Z,17.299999237060547,17.364999771118164,17.21500015258789,17.2450008392334,378200.0
2004-12-21T05:00:00Z,17.25,17.3700008392334,17.225000381469727,17.34000015258789,2356400.0
2004-12-22T05:00:00Z,17.274999618530273,17.485000610351562,17.274999618530273,17.459999084472656,2401000.0
2004-12-23T05:00:00Z,17.475000381469727,17.475000381469727,17.415000915527344,17.43000030517578,210200.0
2004-12-27T05:00:00Z,17.475000381469727,17.524999618530273,17.420000076293945,17.440000534057617,57200.0
2004-12-28T05:00:00Z,17.479999542236328,17.645000457763672,17.475000381469727,17.645000457763672,515600.0
2004-12-29T05:00:00Z,17.639999389648438,17.665000915527344,17.604999542236328,17.65999984741211,235200.0
2004-12-30T05:00:00Z,17.674999237060547,17.729999542236328,17.649999618530273,17.709999084472656,923400.0
2004-12-31T05:00:00Z,17.704999923706055,17.729999542236328,17.645000457763672,17.645000457763672,211000.0
2005-01-03T05:00:00Z,17.725000381469727,17.774999618530273,17.520000457763672,17.530000686645508,858400.0
2005-01-04T05:00:00Z,17.530000686645508,17.604999542236328,17.295000076293945,17.325000762939453,1690200.0
2005-01-05T05:00:00Z,17.399999618530273,17.399999618530273,17.260000228881836,17.260000228881836,260600.0
2005-01-06T05:00:00Z,17.239999771118164,17.274999618530273,17.165000915527344,17.170000076293945,258400.0
2005-01-07T05:00:00Z,17.2549991607666,17.2549991607666,17.094999313354492,17.165000915527344,430000.0
2005-01-10T05:00:00Z,17.100000381469727,17.30500030517578,17.100000381469727,17.229999542236328,244400.0
2005-01-11T05:00:00Z,17.125,17.184999465942383,17.100000381469727,17.1200008392334,368000.0
2005-01-12T05:00:00Z,17.100000381469727,17.235000610351562,17.010000228881836,17.219999313354492,498600.0
2005-01-13T05:00:00Z,17.219999313354492,17.225000381469727,17.075000762939453,17.094999313354492,775200.0
2005-01-14T05:00:00Z,17.125,17.264999389648438,17.104999542236328,17.2549991607666,228200.0
2005-01-18T05:00:00Z,17.200000762939453,17.399999618530273,17.165000915527344,17.399999618530273,386800.0
2005-01-19T05:00:00Z,17.424999237060547,17.424999237060547,17.225000381469727,17.225000381469727,350800.0
2005-01-20T05:00:00Z,17.104999542236328,17.104999542236328,16.90999984741211,16.915000915527344,771400.0
2005-01-21T05:00:00Z,16.915000915527344,16.975000381469727,16.825000762939453,16.854999542236328,669000.0
2005-01-24T05:00:00Z,16.860000610351562,16.899999618530273,16.690000534057617,16.690000534057617,681800.0
2005-01-25T05:00:00Z,16.799999237060547,16.829999923706055,16.719999313354492,16.735000610351562,539800.0
2005-01-26T05:00:00Z,16.809999465942383,16.844999313354492,16.71500015258789,16.825000762939453,539800.0
2005-01-27T05:00:00Z,16.825000762939453,16.875,16.7549991607666,16.790000915527344,95800.0
2005-01-28T05:00:00Z,16.75,16.774999618530273,16.614999771118164,16.709999084472656,512600.0
2005-01-31T05:00:00Z,16.709999084472656,16.924999237060547,16.709999084472656,16.889999389648438,769400.0
2005-02-01T05:00:00Z,16.90999984741211,16.950000762939453,16.850000381469727,16.905000686645508,729200.0
2005-02-02T05:00:00Z,16.905000686645508,16.9950008392334,16.889999389648438,16.954999923706055,599600.0
2005-02-03T05:00:00Z,16.924999237060547,16.924999237060547,16.850000381469727,16.920000076293945,955000.0
2005-02-04T05:00:00Z,16.950000762939453,17.075000762939453,16.924999237060547,17.075000762939453,313000.0
2005-02-07T05:00:00Z,17.09000015258789,17.155000686645508,17.045000076293945,17.1200008392334,405600.0
2005-02-08T05:00:00Z,17.125,17.1299991607666,17.040000915527344,17.079999923706055,111400.0
2005-02-09T05:00:00Z,17.125,17.125,16.8799991607666,16.889999389648438,276600.0
2005-02-10T05:00:00Z,16.975000381469727,16.985000610351562,16.860000610351562,16.959999084472656,1518400.0
2005-02-11T05:00:00Z,16.875,17.110000610351562,16.864999771118164,17.045000076293945,926200.0
2005-02-14T05:00:00Z,17.100000381469727,17.100000381469727,16.9950008392334,17.020000457763672,324600.0
2005-02-15T05:00:00Z,17.100000381469727,17.170000076293945,17.059999465942383,17.155000686645508,204200.0
2005-02-16T05:00:00Z,17.075000762939453,17.155000686645508,17.065000534057617,17.125,312800.0
2005-02-17T05:00:00Z,17.18000030517578,17.18000030517578,17.040000915527344,17.040000915527344,621200.0
2005-02-18T05:00:00Z,17.024999618530273,17.030000686645508,16.979999542236328,17.0049991607666,389400.0
2005-02-22T05:00:00Z,16.864999771118164,16.90999984741211,16.665000915527344,16.670000076293945,1011600.0
2005-02-23T05:00:00Z,16.71500015258789,16.809999465942383,16.684999465942383,16.774999618530273,723200.0
2005-02-24T05:00:00Z,16.799999237060547,16.80500030517578,16.670000076293945,16.790000915527344,739000.0
2005-02-25T05:00:00Z,16.780000686645508,16.889999389648438,16.7549991607666,16.8700008392334,543800.0
2005-02-28T05:00:00Z,16.8700008392334,16.889999389648438,16.719999313354492,16.799999237060547,922200.0
2005-03-01T05:00:00Z,16.799999237060547,17.014999389648438,16.799999237060547,16.989999771118164,719600.0
2005-03-02T05:00:00Z,16.920000076293945,17.09000015258789,16.915000915527344,17.0,662200.0
2005-03-03T05:00:00Z,17.100000381469727,17.100000381469727,16.924999237060547,16.979999542236328,207600.0
2005-03-04T05:00:00Z,17.0,17.139999389648438,17.0,17.125,372600.0
2005-03-07T05:00:00Z,17.125,17.200000762939453,17.114999771118164,17.139999389648438,304800.0
2005-03-08T05:00:00Z,17.149999618530273,17.155000686645508,17.030000686645508,17.049999237060547,1412400.0
2005-03-09T05:00:00Z,17.024999618530273,17.024999618530273,16.834999084472656,16.860000610351562,1033000.0
2005-03-10T05:00:00Z,16.850000381469727,16.94499969482422,16.809999465942383,16.889999389648438,957800.0
2005-03-11T05:00:00Z,16.950000762939453,16.979999542236328,16.81999969482422,16.8700008392334,346000.0
2005-03-14T05:00:00Z,16.864999771118164,16.915000915527344,16.815000534057617,16.895000457763672,757400.0
2005-03-15T05:00:00Z,17.0,17.06999969482422,16.915000915527344,16.915000915527344,2135600.0
2005-03-16T05:00:00Z,16.875,16.875,16.739999771118164,16.815000534057617,539600.0
2005-03-17T05:00:00Z,16.829999923706055,16.889999389648438,16.809999465942383,16.829999923706055,1960600.0
2005-03-18T05:00:00Z,16.825000762939453,16.825000762939453,16.635000228881836,16.709999084472656,1790800.0
2005-03-21T05:00:00Z,16.725000381469727,16.725000381469727,16.520000457763672,16.6299991607666,1261600.0
2005-03-22T05:00:00Z,16.725000381469727,16.725000381469727,16.479999542236328,16.489999771118164,535000.0
2005-03-23T05:00:00Z,16.450000762939453,16.510000228881836,16.40999984741211,16.434999465942383,653000.0
2005-03-24T05:00:00Z,16.424999237060547,16.565000534057617,16.424999237060547,16.459999084472656,642600.0
2005-03-28T05:00:00Z,16.485000610351562,16.625,16.475000381469727,16.575000762939453,1010600.0
2005-03-29T05:00:00Z,16.5,16.565000534057617,16.354999542236328,16.364999771118164,539200.0
2005-03-30T05:00:00Z,16.375,16.6299991607666,16.375,16.6299991607666,1405600.0
2005-03-31T05:00:00Z,16.549999237060547,16.674999237060547,16.549999237060547,16.579999923706055,2103600.0
2005-04-01T05:00:00Z,16.649999618530273,16.735000610351562,16.40999984741211,16.450000762939453,858800.0
2005-04-04T04:00:00Z,16.424999237060547,16.540000915527344,16.344999313354492,16.4950008392334,700600.0
2005-04-05T04:00:00Z,16.524999618530273,16.6299991607666,16.524999618530273,16.594999313354492,536600.0
2005-04-06T04:00:00Z,16.700000762939453,16.700000762939453,16.5049991607666,16.524999618530273,1143000.0
2005-04-07T04:00:00Z,16.5,16.6200008392334,16.459999084472656,16.600000381469727,413800.0
2005-04-08T04:00:00Z,16.59000015258789,16.635000228881836,16.450000762939453,16.469999313354492,929400.0
2005-04-11T04:00:00Z,16.520000457763672,16.520000457763672,16.375,16.3799991607666,431800.0
2005-04-12T04:00:00Z,16.424999237060547,16.56999969482422,16.260000228881836,16.53499984741211,2762800.0
2005-04-13T04:00:00Z,16.450000762939453,16.5049991607666,16.25,16.28499984741211,589600.0
2005-04-14T04:00:00Z,16.25,16.28499984741211,16.049999237060547,16.059999465942383,589400.0
2005-04-15T04:00:00Z,16.0,16.0,15.71500015258789,15.734999656677246,3507800.0
2005-04-18T04:00:00Z,15.699999809265137,15.789999961853027,15.65999984741211,15.765000343322754,3322400.0
2005-04-19T04:00:00Z,15.774999618530273,15.920000076293945,15.725000381469727,15.78499984741211,1231800.0
2005-04-20T04:00:00Z,15.734999656677246,15.770000457763672,15.505000114440918,15.524999618530273,365200.0
2005-04-21T04:00:00Z,15.770000457763672,15.920000076293945,15.675000190734863,15.90999984741211,567600.0
2005-04-22T04:00:00Z,15.949999809265137,15.949999809265137,15.5600004196167,15.670000076293945,697200.0
2005-04-25T04:00:00Z,15.779999732971191,15.829999923706055,15.704999923706055,15.8100004196167,1005800.0
2005-04-26T04:00:00Z,15.725000381469727,15.864999771118164,15.699999809265137,15.699999809265137,933000.0
2005-04-27T04:00:00Z,15.725000381469727,15.789999961853027,15.574999809265137,15.720000267028809,2197000.0
2005-04-28T04:00:00Z,15.600000381469727,15.699999809265137,15.484999656677246,15.489999771118164,639000.0
2005-04-29T04:00:00Z,15.550000190734863,15.604999542236328,15.3100004196167,15.524999618530273,1585400.0
2005-05-02T04:00:00Z,15.960000038146973,15.960000038146973,15.520000457763672,15.604999542236328,521200.0
2005-05-03T04:00:00Z,15.579999923706055,15.744999885559082,15.550000190734863,15.664999961853027,1134200.0
2005-05-04T04:00:00Z,15.800000190734863,16.0049991607666,15.739999771118164,16.0,2406000.0
2005-05-05T04:00:00Z,15.975000381469727,16.075000762939453,15.864999771118164,15.904999732971191,778400.0
2005-05-06T04:00:00Z,16.075000762939453,16.075000762939453,15.875,15.904999732971191,555200.0
2005-05-09T04:00:00Z,15.9399995803833,15.994999885559082,15.885000228881836,15.994999885559082,394800.0
2005-05-10T04:00:00Z,15.875,15.920000076293945,15.774999618530273,15.800000190734863,425600.0
2005-05-11T04:00:00Z,15.800000190734863,15.854999542236328,15.649999618530273,15.795000076293945,1267200.0
2005-05-12T04:00:00Z,15.800000190734863,15.904999732971191,15.710000038146973,15.71500015258789,819400.0
2005-05-13T04:00:00Z,15.699999809265137,15.835000038146973,15.614999771118164,15.704999923706055,1206200.0
2005-05-16T04:00:00Z,15.704999923706055,15.899999618530273,15.704999923706055,15.899999618530273,510800.0
2005-05-17T04:00:00Z,15.925000190734863,16.059999465942383,15.90999984741211,16.03499984741211,843800.0
2005-05-18T04:00:00Z,16.165000915527344,16.385000228881836,16.114999771118164,16.350000381469727,367200.0
2005-05-19T04:00:00Z,16.3700008392334,16.5,16.344999313354492,16.479999542236328,431800.0
2005-05-20T04:00:00Z,16.065000534057617,16.46500015258789,16.065000534057617,16.434999465942383,357600.0
2005-05-23T04:00:00Z,16.399999618530273,16.59000015258789,16.399999618530273,16.540000915527344,612200.0
2005-05-24T04:00:00Z,16.53499984741211,16.53499984741211,16.450000762939453,16.510000228881836,1025400.0
2005-05-25T04:00:00Z,16.454999923706055,16.5049991607666,16.385000228881836,16.459999084472656,575000.0
2005-05-26T04:00:00Z,16.5,16.56999969482422,16.469999313354492,16.545000076293945,674800.0
2005-05-27T04:00:00Z,16.575000762939453,16.575000762939453,16.514999389648438,16.545000076293945,987800.0
2005-05-31T04:00:00Z,16.520000457763672,16.530000686645508,16.440000534057617,16.485000610351562,2169600.0
2005-06-01T04:00:00Z,16.549999237060547,16.625,16.44499969482422,16.55500030517578,1338600.0
2005-06-02T04:00:00Z,16.489999771118164,16.674999237060547,16.489999771118164,16.639999389648438,356200.0
2005-06-03T04:00:00Z,16.594999313354492,16.684999465942383,16.489999771118164,16.520000457763672,473200.0
2005-06-06T04:00:00Z,16.545000076293945,16.575000762939453,16.4950008392334,16.545000076293945,742800.0
2005-06-07T04:00:00Z,16.514999389648438,16.735000610351562,16.514999389648438,16.56999969482422,403000.0
2005-06-08T04:00:00Z,16.625,16.635000228881836,16.489999771118164,16.5,798800.0
2005-06-09T04:00:00Z,16.475000381469727,16.604999542236328,16.415000915527344,16.565000534057617,852000.0
2005-06-10T04:00:00Z,16.559999465942383,16.600000381469727,16.479999542236328,16.565000534057617,902200.0
2005-06-13T04:00:00Z,16.575000762939453,16.68000030517578,16.4950008392334,16.59000015258789,710600.0
2005-06-14T04:00:00Z,16.559999465942383,16.80500030517578,16.559999465942383,16.764999389648438,628200.0
2005-06-15T04:00:00Z,16.80500030517578,16.854999542236328,16.665000915527344,16.764999389648438,528400.0
2005-06-16T04:00:00Z,16.7549991607666,16.844999313354492,16.7549991607666,16.799999237060547,237000.0
2005-06-17T04:00:00Z,16.825000762939453,16.915000915527344,16.80500030517578,16.844999313354492,307600.0
2005-06-20T04:00:00Z,16.75,16.8799991607666,16.735000610351562,16.854999542236328,406800.0
2005-06-21T04:00:00Z,16.924999237060547,16.924999237060547,16.790000915527344,16.864999771118164,772000.0
2005-06-22T04:00:00Z,16.875,16.940000534057617,16.780000686645508,16.860000610351562,955200.0
2005-06-23T04:00:00Z,16.825000762939453,16.864999771118164,16.565000534057617,16.565000534057617,428800.0
2005-06-24T04:00:00Z,16.549999237060547,16.549999237060547,16.40999984741211,16.420000076293945,1249200.0
2005-06-27T04:00:00Z,16.375,16.440000534057617,16.34000015258789,16.344999313354492,533000.0
2005-06-28T04:00:00Z,16.3799991607666,16.59000015258789,16.3799991607666,16.575000762939453,344400.0
2005-06-29T04:00:00Z,16.575000762939453,16.575000762939453,16.46500015258789,16.475000381469727,913000.0
2005-06-30T04:00:00Z,16.524999618530273,16.575000762939453,16.389999389648438,16.389999389648438,616400.0
2005-07-01T04:00:00Z,16.475000381469727,16.479999542236328,16.3799991607666,16.43000030517578,1095800.0
2005-07-05T04:00:00Z,16.475000381469727,16.600000381469727,16.385000228881836,16.584999084472656,515400.0
2005-07-06T04:00:00Z,16.524999618530273,16.575000762939453,16.415000915527344,16.434999465942383,434200.0
2005-07-07T04:00:00Z,16.295000076293945,16.5,16.225000381469727,16.485000610351562,821600.0
2005-07-08T04:00:00Z,16.524999618530273,16.7450008392334,16.485000610351562,16.739999771118164,2035800.0
2005-07-11T04:00:00Z,16.739999771118164,16.860000610351562,16.739999771118164,16.829999923706055,638400.0
2005-07-12T04:00:00Z,16.8700008392334,16.979999542236328,16.799999237060547,16.940000534057617,1113800.0
2005-07-13T04:00:00Z,17.014999389648438,17.014999389648438,16.860000610351562,16.895000457763672,350400.0
2005-07-14T04:00:00Z,17.024999618530273,17.09000015258789,16.94499969482422,16.985000610351562,488000.0
2005-07-15T04:00:00Z,16.989999771118164,17.094999313354492,16.954999923706055,17.05500030517578,391200.0
2005-07-18T04:00:00Z,17.0,17.114999771118164,16.950000762939453,17.06999969482422,653600.0
2005-07-19T04:00:00Z,17.125,17.184999465942383,17.079999923706055,17.174999237060547,2206400.0
2005-07-20T04:00:00Z,17.135000228881836,17.2549991607666,17.03499984741211,17.239999771118164,1537600.0
2005-07-21T04:00:00Z,17.25,17.299999237060547,17.139999389648438,17.200000762939453,471800.0
2005-07-22T04:00:00Z,17.200000762939453,17.309999465942383,17.174999237060547,17.28499984741211,297200.0
2005-07-25T04:00:00Z,17.274999618530273,17.364999771118164,17.149999618530273,17.149999618530273,595800.0
2005-07-26T04:00:00Z,17.2450008392334,17.299999237060547,17.190000534057617,17.290000915527344,463200.0
2005-07-27T04:00:00Z,17.325000762939453,17.334999084472656,17.19499969482422,17.334999084472656,504200.0
2005-07-28T04:00:00Z,17.3700008392334,17.514999389648438,17.3700008392334,17.510000228881836,875000.0
2005-07-29T04:00:00Z,17.5,17.510000228881836,17.31999969482422,17.31999969482422,932200.0
2005-08-01T04:00:00Z,17.350000381469727,17.395000457763672,17.299999237060547,17.325000762939453,529600.0
2005-08-02T04:00:00Z,17.354999542236328,17.40999984741211,17.325000762939453,17.40999984741211,422800.0
2005-08-03T04:00:00Z,17.399999618530273,17.399999618530273,17.30500030517578,17.334999084472656,1343200.0
2005-08-04T04:00:00Z,17.264999389648438,17.350000381469727,17.114999771118164,17.184999465942383,1392600.0
2005-08-05T04:00:00Z,17.1299991607666,17.15999984741211,17.0049991607666,17.05500030517578,3844200.0
2005-08-08T04:00:00Z,17.030000686645508,17.1299991607666,16.989999771118164,17.014999389648438,1964000.0
2005-08-09T04:00:00Z,17.100000381469727,17.2450008392334,17.049999237060547,17.204999923706055,987800.0
2005-08-10T04:00:00Z,17.280000686645508,17.399999618530273,17.155000686645508,17.19499969482422,894400.0
2005-08-11T04:00:00Z,17.225000381469727,17.299999237060547,17.135000228881836,17.270000457763672,622800.0
2005-08-12T04:00:00Z,17.200000762939453,17.270000457763672,17.024999618530273,17.225000381469727,3755200.0
2005-08-15T04:00:00Z,17.200000762939453,17.360000610351562,17.155000686645508,17.350000381469727,1009200.0
2005-08-16T04:00:00Z,17.34000015258789,17.34000015258789,16.985000610351562,16.989999771118164,2064400.0
2005-08-17T04:00:00Z,16.9950008392334,17.149999618530273,16.975000381469727,17.09000015258789,1123200.0
2005-08-18T04:00:00Z,17.024999618530273,17.079999923706055,16.959999084472656,17.020000457763672,3631800.0
2005-08-19T04:00:00Z,17.100000381469727,17.100000381469727,16.934999465942383,16.934999465942383,1311200.0
2005-08-22T04:00:00Z,17.0,17.045000076293945,16.80500030517578,16.924999237060547,1322200.0
2005-08-23T04:00:00Z,16.875,16.934999465942383,16.809999465942383,16.8700008392334,867000.0
2005-08-24T04:00:00Z,16.864999771118164,16.950000762939453,16.735000610351562,16.75,735400.0
2005-08-25T04:00:00Z,16.725000381469727,16.825000762939453,16.725000381469727,16.795000076293945,1162400.0
2005-08-26T04:00:00Z,16.75,16.770000457763672,16.68000030517578,16.725000381469727,369000.0
2005-08-29T04:00:00Z,16.559999465942383,16.790000915527344,16.559999465942383,16.774999618530273,1277200.0
2005-08-30T04:00:00Z,16.700000762939453,16.704999923706055,16.5049991607666,16.604999542236328,3321600.0
2005-08-31T04:00:00Z,16.610000610351562,16.75,16.53499984741211,16.75,2887400.0
2005-09-01T04:00:00Z,16.774999618530273,16.774999618530273,16.530000686645508,16.584999084472656,4040800.0
2005-09-02T04:00:00Z,16.600000381469727,16.649999618530273,16.479999542236328,16.524999618530273,3259200.0
2005-09-06T04:00:00Z,16.475000381469727,16.809999465942383,16.475000381469727,16.809999465942383,2708200.0
2005-09-07T04:00:00Z,16.850000381469727,16.950000762939453,16.774999618530273,16.93000030517578,4411000.0
2005-09-08T04:00:00Z,16.774999618530273,16.825000762939453,16.7450008392334,16.770000457763672,7672800.0
2005-09-09T04:00:00Z,16.774999618530273,16.93000030517578,16.774999618530273,16.90999984741211,3657400.0
2005-09-12T04:00:00Z,16.875,16.975000381469727,16.854999542236328,16.954999923706055,2633600.0
2005-09-13T04:00:00Z,16.899999618530273,16.899999618530273,16.709999084472656,16.709999084472656,1865400.0
2005-09-14T04:00:00Z,16.725000381469727,16.75,16.53499984741211,16.55500030517578,3661000.0
2005-09-15T04:00:00Z,16.575000762939453,16.639999389648438,16.524999618530273,16.584999084472656,1929000.0
2005-09-16T04:00:00Z,16.575000762939453,16.635000228881836,16.524999618530273,16.56999969482422,1943200.0
2005-09-19T04:00:00Z,16.549999237060547,16.604999542236328,16.299999237060547,16.3700008392334,2626200.0
2005-09-20T04:00:00Z,16.350000381469727,16.399999618530273,16.059999465942383,16.084999084472656,7039000.0
2005-09-21T04:00:00Z,16.0,16.020000457763672,15.824999809265137,15.829999923706055,8556800.0
2005-09-22T04:00:00Z,15.8100004196167,16.125,15.800000190734863,16.084999084472656,7693800.0
2005-09-23T04:00:00Z,16.100000381469727,16.21500015258789,16.024999618530273,16.145000457763672,888000.0
2005-09-26T04:00:00Z,16.270000457763672,16.34000015258789,16.05500030517578,16.125,1394600.0
2005-09-27T04:00:00Z,16.125,16.170000076293945,16.03499984741211,16.1200008392334,1507400.0
2005-09-28T04:00:00Z,16.110000610351562,16.15999984741211,15.954999923706055,15.975000381469727,4200400.0
2005-09-29T04:00:00Z,16.0,16.145000457763672,15.880000114440918,16.135000228881836,3989800.0
2005-09-30T04:00:00Z,16.149999618530273,16.264999389648438,16.1200008392334,16.2450008392334,3487800.0
2005-10-03T04:00:00Z,16.299999237060547,16.325000762939453,16.184999465942383,16.200000762939453,937800.0
2005-10-04T04:00:00Z,16.229999542236328,16.274999618530273,16.065000534057617,16.09000015258789,1184800.0
2005-10-05T04:00:00Z,16.100000381469727,16.100000381469727,15.8149995803833,15.819999694824219,2793400.0
2005-10-06T04:00:00Z,15.850000381469727,16.014999389648438,15.704999923706055,15.835000038146973,2597800.0
2005-10-07T04:00:00Z,15.899999618530273,15.944999694824219,15.805000305175781,15.850000381469727,3912600.0
2005-10-10T04:00:00Z,15.899999618530273,15.899999618530273,15.704999923706055,15.729999542236328,2495400.0
2005-10-11T04:00:00Z,15.699999809265137,15.829999923706055,15.635000228881836,15.670000076293945,3681400.0
2005-10-12T04:00:00Z,15.649999618530273,15.710000038146973,15.425000190734863,15.494999885559082,4074600.0
2005-10-13T04:00:00Z,15.375,15.574999809265137,15.375,15.539999961853027,3636000.0
2005-10-14T04:00:00Z,15.574999809265137,15.704999923706055,15.520000457763672,15.694999694824219,5346800.0
2005-10-17T04:00:00Z,15.755000114440918,15.774999618530273,15.609999656677246,15.725000381469727,3444000.0
2005-10-18T04:00:00Z,15.75,15.75,15.520000457763672,15.5600004196167,3990400.0
2005-10-19T04:00:00Z,15.475000381469727,15.854999542236328,15.414999961853027,15.854999542236328,4007600.0
2005-10-20T04:00:00Z,15.899999618530273,15.930000305175781,15.585000038146973,15.65999984741211,3083800.0
2005-10-21T04:00:00Z,15.819999694824219,15.819999694824219,15.579999923706055,15.640000343322754,3304600.0
2005-10-24T04:00:00Z,15.699999809265137,15.914999961853027,15.65999984741211,15.90999984741211,2881000.0
2005-10-25T04:00:00Z,15.944999694824219,15.944999694824219,15.710000038146973,15.795000076293945,2121400.0
2005-10-26T04:00:00Z,15.725000381469727,15.850000381469727,15.699999809265137,15.699999809265137,2617800.0
2005-10-27T04:00:00Z,15.744999885559082,15.744999885559082,15.369999885559082,15.385000228881836,4210000.0
2005-10-28T04:00:00Z,15.5,15.680000305175781,15.46500015258789,15.654999732971191,1877200.0
2005-10-31T05:00:00Z,15.845000267028809,15.989999771118164,15.835000038146973,15.914999961853027,3836400.0
2005-11-01T05:00:00Z,15.9399995803833,15.975000381469727,15.880000114440918,15.925000190734863,2513000.0
2005-11-02T05:00:00Z,15.944999694824219,16.225000381469727,15.944999694824219,16.204999923706055,2417400.0
2005-11-03T05:00:00Z,16.325000762939453,16.364999771118164,16.135000228881836,16.209999084472656,6520800.0
2005-11-04T05:00:00Z,16.299999237060547,16.299999237060547,16.170000076293945,16.270000457763672,1793600.0
2005-11-07T05:00:00Z,16.325000762939453,16.420000076293945,16.270000457763672,16.399999618530273,6092200.0
2005-11-08T05:00:00Z,16.395000457763672,16.395000457763672,16.18000030517578,16.21500015258789,2753400.0
2005-11-09T05:00:00Z,16.200000762939453,16.270000457763672,16.165000915527344,16.209999084472656,2485000.0
2005-11-10T05:00:00Z,16.174999237060547,16.485000610351562,16.174999237060547,16.454999923706055,1672000.0
2005-11-11T05:00:00Z,16.454999923706055,16.53499984741211,16.450000762939453,16.5049991607666,1682400.0
2005-11-14T05:00:00Z,16.600000381469727,16.600000381469727,16.485000610351562,16.514999389648438,2326800.0
2005-11-15T05:00:00Z,16.545000076293945,16.575000762939453,16.2549991607666,16.270000457763672,2862400.0
2005-11-16T05:00:00Z,16.270000457763672,16.31999969482422,16.19499969482422,16.260000228881836,2085000.0
2005-11-17T05:00:00Z,16.299999237060547,16.5,16.295000076293945,16.475000381469727,1882000.0
2005-11-18T05:00:00Z,16.934999465942383,16.934999465942383,16.475000381469727,16.584999084472656,1674000.0
2005-11-21T05:00:00Z,16.549999237060547,16.68000030517578,16.170000076293945,16.645000457763672,1563800.0
2005-11-22T05:00:00Z,16.625,16.739999771118164,16.56999969482422,16.719999313354492,1177000.0
2005-11-23T05:00:00Z,16.75,16.895000457763672,16.75,16.84000015258789,1616000.0
2005-11-25T05:00:00Z,16.889999389648438,16.889999389648438,16.78499984741211,16.84000015258789,163600.0
2005-11-28T05:00:00Z,17.135000228881836,17.135000228881836,16.665000915527344,16.684999465942383,982600.0
2005-11-29T05:00:00Z,16.674999237060547,16.799999237060547,16.625,16.65999984741211,1621200.0
2005-11-30T05:00:00Z,16.625,16.704999923706055,16.540000915527344,16.549999237060547,3407600.0
2005-12-01T05:00:00Z,16.625,16.7549991607666,16.614999771118164,16.739999771118164,2295400.0
2005-12-02T05:00:00Z,16.709999084472656,16.825000762939453,16.709999084472656,16.795000076293945,2030400.0
2005-12-05T05:00:00Z,16.725000381469727,16.75,16.6299991607666,16.69499969482422,8981200.0
2005-12-06T05:00:00Z,16.764999389648438,16.860000610351562,16.735000610351562,16.7450008392334,1379400.0
2005-12-07T05:00:00Z,16.770000457763672,16.795000076293945,16.65999984741211,16.729999542236328,2025200.0
2005-12-08T05:00:00Z,16.700000762939453,16.7549991607666,16.584999084472656,16.65999984741211,1047600.0
2005-12-09T05:00:00Z,16.65999984741211,16.709999084472656,16.565000534057617,16.684999465942383,1424800.0
2005-12-12T05:00:00Z,16.719999313354492,16.78499984741211,16.690000534057617,16.704999923706055,1043400.0
2005-12-13T05:00:00Z,16.670000076293945,16.834999084472656,16.6200008392334,16.780000686645508,1619800.0
2005-12-14T05:00:00Z,16.780000686645508,16.920000076293945,16.780000686645508,16.864999771118164,2103200.0
2005-12-15T05:00:00Z,16.854999542236328,16.934999465942383,16.770000457763672,16.829999923706055,938600.0
2005-12-16T05:00:00Z,16.795000076293945,16.795000076293945,16.665000915527344,16.704999923706055,1284600.0
2005-12-19T05:00:00Z,16.665000915527344,16.725000381469727,16.489999771118164,16.524999618530273,791000.0
2005-12-20T05:00:00Z,16.524999618530273,16.524999618530273,16.385000228881836,16.489999771118164,1893800.0
2005-12-21T05:00:00Z,16.94499969482422,16.94499969482422,16.440000534057617,16.5049991607666,4973400.0
2005-12-22T05:00:00Z,16.459999084472656,16.510000228881836,16.434999465942383,16.510000228881836,1469400.0
2005-12-23T05:00:00Z,16.549999237060547,16.565000534057617,16.5,16.540000915527344,2263400.0
2005-12-27T05:00:00Z,16.6200008392334,16.6200008392334,16.399999618530273,16.399999618530273,1263800.0
2005-12-28T05:00:00Z,16.450000762939453,16.479999542236328,16.420000076293945,16.43000030517578,1280600.0
2005-12-29T05:00:00Z,16.454999923706055,16.5049991607666,16.424999237060547,16.424999237060547,1050400.0
2005-12-30T05:00:00Z,16.334999084472656,16.440000534057617,16.315000534057617,16.325000762939453,1643800.0
2006-01-03T05:00:00Z,16.25,16.520000457763672,16.125,16.5,3390600.0
2006-01-04T05:00:00Z,16.5,16.524999618530273,16.40999984741211,16.514999389648438,6706800.0
2006-01-05T05:00:00Z,16.549999237060547,16.584999084472656,16.475000381469727,16.530000686645508,1272600.0
2006-01-06T05:00:00Z,16.604999542236328,16.684999465942383,16.530000686645508,16.665000915527344,644200.0
2006-01-09T05:00:00Z,16.68000030517578,16.834999084472656,16.674999237060547,16.834999084472656,1304400.0
2006-01-10T05:00:00Z,16.78499984741211,16.875,16.764999389648438,16.84000015258789,1055000.0
2006-01-11T05:00:00Z,16.9950008392334,17.065000534057617,16.829999923706055,16.924999237060547,1810800.0
2006-01-12T05:00:00Z,16.889999389648438,16.889999389648438,16.760000228881836,16.774999618530273,637400.0
2006-01-13T05:00:00Z,16.80500030517578,16.81999969482422,16.725000381469727,16.780000686645508,841600.0
2006-01-17T05:00:00Z,16.719999313354492,16.75,16.649999618530273,16.690000534057617,487800.0
2006-01-18T05:00:00Z,16.579999923706055,16.739999771118164,16.565000534057617,16.635000228881836,2426200.0
2006-01-19T05:00:00Z,16.700000762939453,16.829999923706055,16.68000030517578,16.760000228881836,1305400.0
2006-01-20T05:00:00Z,16.760000228881836,16.760000228881836,16.454999923706055,16.475000381469727,1931600.0
2006-01-23T05:00:00Z,16.5,16.53499984741211,16.43000030517578,16.46500015258789,1580800.0
2006-01-24T05:00:00Z,16.549999237060547,16.635000228881836,16.520000457763672,16.6299991607666,1427000.0
2006-01-25T05:00:00Z,16.6299991607666,16.670000076293945,16.5049991607666,16.56999969482422,2520200.0
2006-01-26T05:00:00Z,16.639999389648438,16.674999237060547,16.575000762939453,16.639999389648438,684000.0
2006-01-27T05:00:00Z,16.645000457763672,16.799999237060547,16.635000228881836,16.71500015258789,582600.0
2006-01-30T05:00:00Z,16.514999389648438,16.774999618530273,16.514999389648438,16.674999237060547,1155000.0
2006-01-31T05:00:00Z,16.625,16.674999237060547,16.565000534057617,16.614999771118164,1842800.0
2006-02-01T05:00:00Z,16.584999084472656,16.69499969482422,16.579999923706055,16.670000076293945,1677800.0
2006-02-02T05:00:00Z,16.639999389648438,16.71500015258789,16.575000762939453,16.649999618530273,1506000.0
2006-02-03T05:00:00Z,16.559999465942383,16.614999771118164,16.514999389648438,16.56999969482422,1234200.0
2006-02-06T05:00:00Z,16.559999465942383,16.584999084472656,16.5049991607666,16.565000534057617,1594200.0
2006-02-07T05:00:00Z,16.520000457763672,16.59000015258789,16.424999237060547,16.46500015258789,3758200.0
2006-02-08T05:00:00Z,16.440000534057617,16.600000381469727,16.440000534057617,16.579999923706055,1179600.0
2006-02-09T05:00:00Z,16.579999923706055,16.670000076293945,16.56999969482422,16.575000762939453,958000.0
2006-02-10T05:00:00Z,16.559999465942383,16.665000915527344,16.510000228881836,16.635000228881836,907400.0
2006-02-13T05:00:00Z,16.6299991607666,16.6299991607666,16.524999618530273,16.594999313354492,598800.0
2006-02-14T05:00:00Z,16.604999542236328,16.78499984741211,16.55500030517578,16.780000686645508,869800.0
2006-02-15T05:00:00Z,16.760000228881836,16.864999771118164,16.700000762939453,16.854999542236328,1203000.0
2006-02-16T05:00:00Z,16.84000015258789,16.915000915527344,16.829999923706055,16.90999984741211,1427000.0
2006-02-17T05:00:00Z,16.8700008392334,16.875,16.80500030517578,16.809999465942383,1476600.0
2006-02-21T05:00:00Z,16.860000610351562,16.895000457763672,16.68000030517578,16.719999313354492,620400.0
2006-02-22T05:00:00Z,16.739999771118164,16.864999771118164,16.739999771118164,16.844999313354492,583600.0
2006-02-23T05:00:00Z,16.770000457763672,16.885000228881836,16.7549991607666,16.7549991607666,1051400.0
2006-02-24T05:00:00Z,16.739999771118164,16.7450008392334,16.625,16.725000381469727,793800.0
2006-02-27T05:00:00Z,16.790000915527344,16.920000076293945,16.790000915527344,16.875,1466000.0
2006-02-28T05:00:00Z,16.850000381469727,16.854999542236328,16.709999084472656,16.735000610351562,1397000.0
2006-03-01T05:00:00Z,16.760000228881836,16.864999771118164,16.68000030517578,16.860000610351562,3806600.0
2006-03-02T05:00:00Z,16.764999389648438,16.780000686645508,16.68000030517578,16.75,1945600.0
2006-03-03T05:00:00Z,16.704999923706055,16.84000015258789,16.655000686645508,16.739999771118164,1759400.0
2006-03-06T05:00:00Z,16.704999923706055,16.75,16.614999771118164,16.635000228881836,814000.0
2006-03-07T05:00:00Z,16.575000762939453,16.6200008392334,16.520000457763672,16.559999465942383,5432400.0
2006-03-08T05:00:00Z,16.514999389648438,16.635000228881836,16.514999389648438,16.59000015258789,1037000.0
2006-03-09T05:00:00Z,16.594999313354492,16.655000686645508,16.5049991607666,16.524999618530273,1013800.0
2006-03-10T05:00:00Z,16.55500030517578,16.690000534057617,16.540000915527344,16.68000030517578,1587800.0
2006-03-13T05:00:00Z,16.69499969482422,16.75,16.639999389648438,16.674999237060547,881000.0
2006-03-14T05:00:00Z,16.655000686645508,16.860000610351562,16.625,16.854999542236328,743600.0
2006-03-15T05:00:00Z,16.864999771118164,16.954999923706055,16.80500030517578,16.950000762939453,3434600.0
2006-03-16T05:00:00Z,16.959999084472656,17.03499984741211,16.950000762939453,16.985000610351562,1574400.0
2006-03-17T05:00:00Z,16.959999084472656,17.045000076293945,16.959999084472656,17.010000228881836,3307400.0
2006-03-20T05:00:00Z,16.9950008392334,17.045000076293945,16.940000534057617,16.969999313354492,642200.0
2006-03-21T05:00:00Z,16.885000228881836,17.0,16.844999313354492,16.875,1032400.0
2006-03-22T05:00:00Z,16.854999542236328,16.940000534057617,16.84000015258789,16.93000030517578,755800.0
2006-03-23T05:00:00Z,16.864999771118164,16.934999465942383,16.850000381469727,16.920000076293945,609000.0
2006-03-24T05:00:00Z,16.905000686645508,16.934999465942383,16.825000762939453,16.895000457763672,530200.0
2006-03-27T05:00:00Z,16.834999084472656,16.934999465942383,16.834999084472656,16.889999389648438,1775600.0
2006-03-28T05:00:00Z,16.84000015258789,16.959999084472656,16.790000915527344,16.799999237060547,3976400.0
2006-03-29T05:00:00Z,16.895000457763672,16.959999084472656,16.799999237060547,16.950000762939453,1277200.0
2006-03-30T05:00:00Z,16.940000534057617,17.0049991607666,16.825000762939453,16.8799991607666,1177000.0
2006-03-31T05:00:00Z,16.885000228881836,16.905000686645508,16.799999237060547,16.829999923706055,734400.0
2006-04-03T04:00:00Z,16.905000686645508,16.90999984741211,16.7549991607666,16.770000457763672,1430000.0
2006-04-04T04:00:00Z,16.7549991607666,16.8700008392334,16.719999313354492,16.864999771118164,2144200.0
2006-04-05T04:00:00Z,16.864999771118164,16.989999771118164,16.864999771118164,16.975000381469727,1163400.0
2006-04-06T04:00:00Z,16.915000915527344,17.03499984741211,16.915000915527344,17.010000228881836,660400.0
2006-04-07T04:00:00Z,17.049999237060547,17.139999389648438,16.905000686645508,16.934999465942383,948400.0
2006-04-10T04:00:00Z,16.899999618530273,16.969999313354492,16.8700008392334,16.90999984741211,756600.0
2006-04-11T04:00:00Z,16.989999771118164,16.989999771118164,16.7549991607666,16.774999618530273,1756000.0
2006-04-12T04:00:00Z,16.774999618530273,16.790000915527344,16.71500015258789,16.760000228881836,1208000.0
2006-04-13T04:00:00Z,17.184999465942383,17.184999465942383,16.719999313354492,16.799999237060547,644400.0
2006-04-17T04:00:00Z,16.825000762939453,16.825000762939453,16.645000457763672,16.71500015258789,1054200.0
2006-04-18T04:00:00Z,16.7450008392334,16.969999313354492,16.739999771118164,16.959999084472656,747400.0
2006-04-19T04:00:00Z,16.950000762939453,16.96500015258789,16.844999313354492,16.899999618530273,2808800.0
2006-04-20T04:00:00Z,16.915000915527344,17.014999389648438,16.860000610351562,16.96500015258789,1189600.0
2006-04-21T04:00:00Z,17.0,17.0,16.78499984741211,16.834999084472656,2525200.0
2006-04-24T04:00:00Z,16.834999084472656,16.850000381469727,16.739999771118164,16.829999923706055,465800.0
2006-04-25T04:00:00Z,16.799999237060547,16.860000610351562,16.75,16.80500030517578,1138800.0
2006-04-26T04:00:00Z,16.834999084472656,16.959999084472656,16.829999923706055,16.920000076293945,1635800.0
2006-04-27T04:00:00Z,16.895000457763672,17.1200008392334,16.844999313354492,17.05500030517578,4334000.0
2006-04-28T04:00:00Z,17.045000076293945,17.1200008392334,17.0,17.045000076293945,1483600.0
2006-05-01T04:00:00Z,17.040000915527344,17.149999618530273,16.950000762939453,16.950000762939453,1233000.0
2006-05-02T04:00:00Z,16.969999313354492,17.045000076293945,16.93000030517578,16.96500015258789,3660000.0
2006-05-03T04:00:00Z,16.979999542236328,17.010000228881836,16.93000030517578,17.010000228881836,1262200.0
2006-05-04T04:00:00Z,17.024999618530273,17.110000610351562,17.024999618530273,17.104999542236328,2259800.0
2006-05-05T04:00:00Z,17.219999313354492,17.329999923706055,17.170000076293945,17.30500030517578,3301200.0
2006-05-08T04:00:00Z,17.30500030517578,17.3799991607666,17.30500030517578,17.329999923706055,1950400.0
2006-05-09T04:00:00Z,17.334999084472656,17.3799991607666,17.325000762939453,17.3799991607666,1222400.0
2006-05-10T04:00:00Z,17.364999771118164,17.40999984741211,17.34000015258789,17.389999389648438,614600.0
2006-05-11T04:00:00Z,17.34000015258789,17.350000381469727,17.184999465942383,17.21500015258789,1554000.0
2006-05-12T04:00:00Z,17.125,17.174999237060547,17.0,17.045000076293945,1811600.0
2006-05-15T04:00:00Z,17.024999618530273,17.100000381469727,16.94499969482422,17.09000015258789,2416600.0
2006-05-16T04:00:00Z,17.045000076293945,17.045000076293945,16.940000534057617,16.969999313354492,1280000.0
2006-05-17T04:00:00Z,16.90999984741211,16.90999984741211,16.719999313354492,16.735000610351562,1375800.0
2006-05-18T04:00:00Z,16.774999618530273,16.875,16.719999313354492,16.725000381469727,1421800.0
2006-05-19T04:00:00Z,16.764999389648438,16.885000228881836,16.700000762939453,16.84000015258789,1997000.0
2006-05-22T04:00:00Z,16.735000610351562,16.844999313354492,16.575000762939453,16.719999313354492,3256800.0
2006-05-23T04:00:00Z,16.760000228881836,16.78499984741211,16.594999313354492,16.594999313354492,1224400.0
2006-05-24T04:00:00Z,16.5049991607666,16.684999465942383,16.479999542236328,16.6200008392334,2467200.0
2006-05-25T04:00:00Z,16.68000030517578,16.780000686645508,16.649999618530273,16.780000686645508,2237800.0
2006-05-26T04:00:00Z,16.84000015258789,16.864999771118164,16.815000534057617,16.834999084472656,1078400.0
2006-05-30T04:00:00Z,16.709999084472656,16.735000610351562,16.579999923706055,16.579999923706055,1625800.0
2006-05-31T04:00:00Z,16.614999771118164,16.770000457763672,16.614999771118164,16.760000228881836,1071000.0
2006-06-01T04:00:00Z,16.799999237060547,17.040000915527344,16.729999542236328,17.020000457763672,2394600.0
2006-06-02T04:00:00Z,17.075000762939453,17.075000762939453,16.834999084472656,16.985000610351562,902400.0
2006-06-05T04:00:00Z,16.899999618530273,16.93000030517578,16.704999923706055,16.71500015258789,1536800.0
2006-06-06T04:00:00Z,16.709999084472656,16.709999084472656,16.524999618530273,16.6299991607666,5799400.0
2006-06-07T04:00:00Z,16.614999771118164,16.774999618530273,16.614999771118164,16.635000228881836,1816400.0
2006-06-08T04:00:00Z,16.53499984741211,16.649999618530273,16.354999542236328,16.610000610351562,3948200.0
2006-06-09T04:00:00Z,16.665000915527344,16.670000076293945,16.565000534057617,16.56999969482422,1102000.0
2006-06-12T04:00:00Z,16.540000915527344,16.559999465942383,16.34000015258789,16.350000381469727,1666800.0
2006-06-13T04:00:00Z,16.329999923706055,16.424999237060547,16.204999923706055,16.219999313354492,7052600.0
2006-06-14T04:00:00Z,16.229999542236328,16.315000534057617,16.204999923706055,16.295000076293945,2324800.0
2006-06-15T04:00:00Z,16.364999771118164,16.69499969482422,16.364999771118164,16.649999618530273,2283800.0
2006-06-16T04:00:00Z,16.594999313354492,16.655000686645508,16.530000686645508,16.575000762939453,670200.0
2006-06-19T04:00:00Z,16.670000076293945,16.670000076293945,16.454999923706055,16.485000610351562,1101000.0
2006-06-20T04:00:00Z,16.4950008392334,16.524999618530273,16.415000915527344,16.424999237060547,705200.0
2006-06-21T04:00:00Z,16.475000381469727,16.655000686645508,16.40999984741211,16.584999084472656,597600.0
2006-06-22T04:00:00Z,16.530000686645508,16.56999969482422,16.43000030517578,16.454999923706055,1137600.0
2006-06-23T04:00:00Z,16.424999237060547,16.540000915527344,16.375,16.440000534057617,382600.0
2006-06-26T04:00:00Z,16.434999465942383,16.524999618530273,16.434999465942383,16.524999618530273,595200.0
2006-06-27T04:00:00Z,16.524999618530273,16.53499984741211,16.295000076293945,16.315000534057617,784200.0
2006-06-28T04:00:00Z,16.290000915527344,16.364999771118164,16.25,16.329999923706055,757800.0
2006-06-29T04:00:00Z,16.329999923706055,16.690000534057617,16.329999923706055,16.684999465942383,1267000.0
2006-06-30T04:00:00Z,16.739999771118164,16.75,16.670000076293945,16.69499969482422,1168600.0
2006-07-03T04:00:00Z,16.7549991607666,16.7549991607666,16.645000457763672,16.719999313354492,574400.0
2006-07-05T04:00:00Z,16.524999618530273,16.594999313354492,16.489999771118164,16.565000534057617,1193000.0
2006-07-06T04:00:00Z,16.559999465942383,16.639999389648438,16.524999618530273,16.575000762939453,612000.0
2006-07-07T04:00:00Z,16.46500015258789,16.649999618530273,16.415000915527344,16.450000762939453,635600.0
2006-07-10T04:00:00Z,16.479999542236328,16.565000534057617,16.420000076293945,16.469999313354492,557000.0
2006-07-11T04:00:00Z,16.469999313354492,16.469999313354492,16.290000915527344,16.454999923706055,861000.0
2006-07-12T04:00:00Z,16.479999542236328,16.479999542236328,16.174999237060547,16.19499969482422,1369200.0
2006-07-13T04:00:00Z,16.125,16.1299991607666,15.890000343322754,15.899999618530273,1182400.0
2006-07-14T04:00:00Z,15.854999542236328,15.854999542236328,15.635000228881836,15.694999694824219,3050800.0
2006-07-17T04:00:00Z,15.694999694824219,15.829999923706055,15.694999694824219,15.805000305175781,1093400.0
2006-07-18T04:00:00Z,15.779999732971191,15.78499984741211,15.5649995803833,15.710000038146973,2986400.0
2006-07-19T04:00:00Z,15.739999771118164,16.045000076293945,15.739999771118164,16.024999618530273,2757400.0
2006-07-20T04:00:00Z,15.970000267028809,16.020000457763672,15.800000190734863,15.8149995803833,1637600.0
2006-07-21T04:00:00Z,15.800000190734863,15.800000190734863,15.640000343322754,15.670000076293945,3437800.0
2006-07-24T04:00:00Z,15.744999885559082,16.03499984741211,15.744999885559082,16.010000228881836,2732800.0
2006-07-25T04:00:00Z,15.994999885559082,16.19499969482422,15.949999809265137,16.155000686645508,3181200.0
2006-07-26T04:00:00Z,16.079999923706055,16.100000381469727,15.960000038146973,15.970000267028809,4408000.0
2006-07-27T04:00:00Z,16.079999923706055,16.145000457763672,15.904999732971191,15.9350004196167,1529400.0
2006-07-28T04:00:00Z,16.0,16.155000686645508,16.0,16.1299991607666,5324800.0
2006-07-31T04:00:00Z,16.059999465942383,16.170000076293945,16.059999465942383,16.139999389648438,845000.0
2006-08-01T04:00:00Z,16.114999771118164,16.1299991607666,15.90999984741211,15.989999771118164,2523600.0
2006-08-02T04:00:00Z,16.03499984741211,16.149999618530273,16.020000457763672,16.1200008392334,1246800.0
2006-08-03T04:00:00Z,16.020000457763672,16.270000457763672,15.954999923706055,16.219999313354492,1043800.0
2006-08-04T04:00:00Z,16.40999984741211,16.5,16.155000686645508,16.225000381469727,4625600.0
2006-08-07T04:00:00Z,16.229999542236328,16.2450008392334,16.114999771118164,16.190000534057617,1541000.0
2006-08-08T04:00:00Z,16.2450008392334,16.2450008392334,15.984999656677246,16.024999618530273,3060600.0
2006-08-09T04:00:00Z,16.100000381469727,16.100000381469727,15.789999961853027,15.805000305175781,4976000.0
2006-08-10T04:00:00Z,15.824999809265137,16.03499984741211,15.779999732971191,16.020000457763672,5159600.0
2006-08-11T04:00:00Z,15.994999885559082,16.040000915527344,15.949999809265137,16.014999389648438,2764800.0
2006-08-14T04:00:00Z,16.170000076293945,16.21500015258789,16.040000915527344,16.059999465942383,3873800.0
2006-08-15T04:00:00Z,16.21500015258789,16.30500030517578,16.155000686645508,16.28499984741211,4862800.0
2006-08-16T04:00:00Z,16.290000915527344,16.469999313354492,16.274999618530273,16.450000762939453,5026200.0
2006-08-17T04:00:00Z,16.46500015258789,16.604999542236328,16.44499969482422,16.549999237060547,4186200.0
2006-08-18T04:00:00Z,16.604999542236328,16.604999542236328,16.43000030517578,16.545000076293945,7009600.0
2006-08-21T04:00:00Z,16.325000762939453,16.389999389648438,16.315000534057617,16.364999771118164,1106000.0
2006-08-22T04:00:00Z,16.315000534057617,16.405000686645508,16.295000076293945,16.350000381469727,831400.0
2006-08-23T04:00:00Z,16.295000076293945,16.354999542236328,16.155000686645508,16.204999923706055,2821600.0
2006-08-24T04:00:00Z,16.165000915527344,16.21500015258789,16.079999923706055,16.1200008392334,561200.0
2006-08-25T04:00:00Z,16.05500030517578,16.139999389648438,16.040000915527344,16.1200008392334,1276400.0
2006-08-28T04:00:00Z,16.110000610351562,16.34000015258789,16.110000610351562,16.280000686645508,5019400.0
2006-08-29T04:00:00Z,16.315000534057617,16.399999618530273,16.239999771118164,16.399999618530273,2389600.0
2006-08-30T04:00:00Z,16.360000610351562,16.43000030517578,16.334999084472656,16.40999984741211,1550200.0
2006-08-31T04:00:00Z,16.43000030517578,16.479999542236328,16.375,16.459999084472656,894000.0
2006-09-01T04:00:00Z,16.4950008392334,16.625,16.4950008392334,16.594999313354492,2298800.0
2006-09-05T04:00:00Z,16.594999313354492,16.655000686645508,16.584999084472656,16.645000457763672,1703600.0
2006-09-06T04:00:00Z,16.575000762939453,16.59000015258789,16.440000534057617,16.440000534057617,2578800.0
2006-09-07T04:00:00Z,16.360000610351562,16.584999084472656,16.360000610351562,16.4950008392334,2309600.0
2006-09-08T04:00:00Z,16.459999084472656,16.645000457763672,16.450000762939453,16.645000457763672,706000.0
2006-09-11T04:00:00Z,16.645000457763672,16.815000534057617,16.579999923706055,16.774999618530273,1651200.0
2006-09-12T04:00:00Z,16.774999618530273,17.190000534057617,16.774999618530273,17.165000915527344,4548200.0
2006-09-13T04:00:00Z,17.184999465942383,17.264999389648438,17.1299991607666,17.235000610351562,4447200.0
2006-09-14T04:00:00Z,17.235000610351562,17.235000610351562,17.05500030517578,17.190000534057617,2214600.0
2006-09-15T04:00:00Z,17.235000610351562,17.280000686645508,17.139999389648438,17.229999542236328,5961000.0
2006-09-18T04:00:00Z,17.184999465942383,17.209999084472656,17.075000762939453,17.139999389648438,3872400.0
2006-09-19T04:00:00Z,17.149999618530273,17.174999237060547,17.05500030517578,17.174999237060547,3437400.0
2006-09-20T04:00:00Z,17.225000381469727,17.344999313354492,17.225000381469727,17.299999237060547,3207800.0
2006-09-21T04:00:00Z,17.364999771118164,17.385000228881836,17.149999618530273,17.204999923706055,5654200.0
2006-09-22T04:00:00Z,17.204999923706055,17.204999923706055,17.065000534057617,17.190000534057617,5794200.0
2006-09-25T04:00:00Z,17.229999542236328,17.514999389648438,17.184999465942383,17.454999923706055,4442000.0
2006-09-26T04:00:00Z,17.415000915527344,17.610000610351562,17.389999389648438,17.604999542236328,3895000.0
2006-09-27T04:00:00Z,17.549999237060547,17.704999923706055,17.540000915527344,17.575000762939453,6056000.0
2006-09-28T04:00:00Z,17.584999084472656,17.649999618530273,17.434999465942383,17.56999969482422,2887200.0
2006-09-29T04:00:00Z,17.610000610351562,17.6200008392334,17.46500015258789,17.475000381469727,2456400.0
2006-10-02T04:00:00Z,17.46500015258789,17.635000228881836,17.454999923706055,17.514999389648438,3643200.0
2006-10-03T04:00:00Z,17.53499984741211,17.71500015258789,17.485000610351562,17.665000915527344,4671200.0
2006-10-04T04:00:00Z,17.674999237060547,17.934999465942383,17.635000228881836,17.920000076293945,5966400.0
2006-10-05T04:00:00Z,17.885000228881836,18.0049991607666,17.7549991607666,17.969999313354492,3200600.0
2006-10-06T04:00:00Z,17.950000762939453,18.0049991607666,17.8700008392334,17.934999465942383,3194600.0
2006-10-09T04:00:00Z,17.954999923706055,18.104999542236328,17.8799991607666,18.059999465942383,2211000.0
2006-10-10T04:00:00Z,18.1200008392334,18.170000076293945,18.065000534057617,18.170000076293945,5808000.0
2006-10-11T04:00:00Z,18.100000381469727,18.170000076293945,18.024999618530273,18.125,914200.0
2006-10-12T04:00:00Z,18.2450008392334,18.389999389648438,18.21500015258789,18.364999771118164,3796800.0
2006-10-13T04:00:00Z,18.274999618530273,18.315000534057617,18.239999771118164,18.315000534057617,2385000.0
2006-10-16T04:00:00Z,18.2549991607666,18.334999084472656,18.239999771118164,18.299999237060547,1262800.0
2006-10-17T04:00:00Z,18.19499969482422,18.239999771118164,18.110000610351562,18.235000610351562,4380200.0
2006-10-18T04:00:00Z,18.3700008392334,18.3799991607666,18.19499969482422,18.25,5154400.0
2006-10-19T04:00:00Z,18.2549991607666,18.329999923706055,18.15999984741211,18.239999771118164,3883400.0
2006-10-20T04:00:00Z,18.295000076293945,18.295000076293945,18.155000686645508,18.21500015258789,5857600.0
2006-10-23T04:00:00Z,18.18000030517578,18.454999923706055,18.174999237060547,18.454999923706055,3074000.0
2006-10-24T04:00:00Z,18.405000686645508,18.524999618530273,18.375,18.524999618530273,2467400.0
2006-10-25T04:00:00Z,18.55500030517578,18.559999465942383,18.395000457763672,18.459999084472656,1450600.0
2006-10-26T04:00:00Z,18.545000076293945,18.725000381469727,18.520000457763672,18.71500015258789,2906400.0
2006-10-27T04:00:00Z,18.665000915527344,18.665000915527344,18.5,18.530000686645508,4738400.0
2006-10-30T05:00:00Z,18.524999618530273,18.670000076293945,18.479999542236328,18.645000457763672,2921200.0
2006-10-31T05:00:00Z,18.704999923706055,18.735000610351562,18.540000915527344,18.604999542236328,1755000.0
2006-11-01T05:00:00Z,18.635000228881836,18.639999389648438,18.440000534057617,18.459999084472656,4317600.0
2006-11-02T05:00:00Z,18.350000381469727,18.459999084472656,18.295000076293945,18.440000534057617,3902800.0
2006-11-03T05:00:00Z,18.46500015258789,18.5,18.21500015258789,18.299999237060547,8386200.0
2006-11-06T05:00:00Z,18.40999984741211,18.565000534057617,18.315000534057617,18.524999618530273,3559600.0
2006-11-07T05:00:00Z,18.524999618530273,18.635000228881836,18.479999542236328,18.575000762939453,4232800.0
2006-11-08T05:00:00Z,18.549999237060547,18.690000534057617,18.485000610351562,18.665000915527344,1692200.0
2006-11-09T05:00:00Z,18.69499969482422,18.69499969482422,18.56999969482422,18.604999542236328,2199600.0
2006-11-10T05:00:00Z,18.594999313354492,18.665000915527344,18.53499984741211,18.665000915527344,1572200.0
2006-11-13T05:00:00Z,18.625,18.790000915527344,18.625,18.690000534057617,3735000.0
2006-11-14T05:00:00Z,18.7450008392334,18.905000686645508,18.604999542236328,18.895000457763672,3204600.0
2006-11-15T05:00:00Z,18.940000534057617,19.024999618530273,18.895000457763672,18.96500015258789,1675600.0
2006-11-16T05:00:00Z,19.014999389648438,19.114999771118164,18.969999313354492,19.09000015258789,1965400.0
2006-11-17T05:00:00Z,19.030000686645508,19.05500030517578,18.94499969482422,19.05500030517578,9265800.0
2006-11-20T05:00:00Z,19.040000915527344,19.075000762939453,18.975000381469727,18.979999542236328,10451800.0
2006-11-21T05:00:00Z,18.975000381469727,19.045000076293945,18.96500015258789,19.03499984741211,1922600.0
2006-11-22T05:00:00Z,19.024999618530273,19.104999542236328,18.979999542236328,19.075000762939453,3699400.0
2006-11-24T05:00:00Z,19.045000076293945,19.049999237060547,18.924999237060547,18.975000381469727,789600.0
2006-11-27T05:00:00Z,18.954999923706055,18.975000381469727,18.684999465942383,18.700000762939453,2921200.0
2006-11-28T05:00:00Z,18.625,18.704999923706055,18.56999969482422,18.690000534057617,3602200.0
2006-11-29T05:00:00Z,18.815000534057617,18.8700008392334,18.75,18.81999969482422,1983200.0
2006-11-30T05:00:00Z,18.809999465942383,18.905000686645508,18.68000030517578,18.84000015258789,2804800.0
2006-12-01T05:00:00Z,18.81999969482422,18.96500015258789,18.674999237060547,18.815000534057617,2886800.0
2006-12-04T05:00:00Z,18.864999771118164,19.075000762939453,18.80500030517578,19.014999389648438,3589000.0
2006-12-05T05:00:00Z,18.9950008392334,19.19499969482422,18.9950008392334,19.174999237060547,3834000.0
2006-12-06T05:00:00Z,19.149999618530273,19.209999084472656,19.139999389648438,19.15999984741211,1986600.0
2006-12-07T05:00:00Z,19.170000076293945,19.225000381469727,19.05500030517578,19.06999969482422,1197000.0
2006-12-08T05:00:00Z,19.100000381469727,19.18000030517578,19.020000457763672,19.110000610351562,667800.0
2006-12-11T05:00:00Z,19.104999542236328,19.200000762939453,19.065000534057617,19.18000030517578,1249000.0
2006-12-12T05:00:00Z,19.139999389648438,19.145000457763672,19.030000686645508,19.075000762939453,2017200.0
2006-12-13T05:00:00Z,19.149999618530273,19.209999084472656,19.100000381469727,19.174999237060547,3448400.0
2006-12-14T05:00:00Z,19.200000762939453,19.385000228881836,19.149999618530273,19.375,1317800.0
2006-12-15T05:00:00Z,19.309999465942383,19.389999389648438,19.209999084472656,19.225000381469727,1936400.0
2006-12-18T05:00:00Z,19.225000381469727,19.28499984741211,19.174999237060547,19.209999084472656,3305600.0
2006-12-19T05:00:00Z,19.1200008392334,19.2450008392334,19.059999465942383,19.219999313354492,2136600.0
2006-12-20T05:00:00Z,19.190000534057617,19.299999237060547,19.190000534057617,19.21500015258789,3561200.0
2006-12-21T05:00:00Z,19.2549991607666,19.290000915527344,19.1200008392334,19.1299991607666,5625000.0
2006-12-22T05:00:00Z,19.110000610351562,19.174999237060547,19.065000534057617,19.114999771118164,1196000.0
2006-12-26T05:00:00Z,19.100000381469727,19.184999465942383,19.049999237060547,19.174999237060547,990000.0
2006-12-27T05:00:00Z,19.225000381469727,19.30500030517578,19.200000762939453,19.299999237060547,612600.0
2006-12-28T05:00:00Z,19.30500030517578,19.329999923706055,19.25,19.280000686645508,391000.0
2006-12-29T05:00:00Z,19.2549991607666,19.34000015258789,19.170000076293945,19.18000030517578,1328600.0
2007-01-03T05:00:00Z,19.28499984741211,19.415000915527344,19.1200008392334,19.260000228881836,4006400.0
2007-01-04T05:00:00Z,19.229999542236328,19.315000534057617,19.149999618530273,19.2549991607666,2673200.0
2007-01-05T05:00:00Z,19.200000762939453,19.25,19.100000381469727,19.125,2029800.0
2007-01-08T05:00:00Z,19.125,19.18000030517578,19.014999389648438,19.155000686645508,6240200.0
2007-01-09T05:00:00Z,19.2549991607666,19.280000686645508,19.145000457763672,19.260000228881836,2286600.0
2007-01-10T05:00:00Z,19.209999084472656,19.3700008392334,19.155000686645508,19.360000610351562,2033000.0
2007-01-11T05:00:00Z,19.350000381469727,19.584999084472656,19.334999084472656,19.575000762939453,1412800.0
2007-01-12T05:00:00Z,19.579999923706055,19.635000228881836,19.510000228881836,19.6299991607666,1654800.0
2007-01-16T05:00:00Z,19.594999313354492,19.71500015258789,19.594999313354492,19.700000762939453,1778600.0
2007-01-17T05:00:00Z,19.690000534057617,19.764999389648438,19.684999465942383,19.700000762939453,1676400.0
2007-01-18T05:00:00Z,19.7450008392334,19.84000015258789,19.729999542236328,19.809999465942383,2024600.0
2007-01-19T05:00:00Z,19.770000457763672,19.860000610351562,19.75,19.80500030517578,1963000.0
2007-01-22T05:00:00Z,19.84000015258789,19.844999313354492,19.655000686645508,19.68000030517578,4308000.0
2007-01-23T05:00:00Z,19.729999542236328,19.84000015258789,19.690000534057617,19.75,3004400.0
2007-01-24T05:00:00Z,19.790000915527344,19.825000762939453,19.729999542236328,19.825000762939453,1950600.0
2007-01-25T05:00:00Z,19.78499984741211,19.78499984741211,19.485000610351562,19.510000228881836,1849800.0
2007-01-26T05:00:00Z,19.530000686645508,19.559999465942383,19.360000610351562,19.415000915527344,2090800.0
2007-01-29T05:00:00Z,19.424999237060547,19.549999237060547,19.405000686645508,19.46500015258789,3368000.0
2007-01-30T05:00:00Z,19.489999771118164,19.540000915527344,19.450000762939453,19.520000457763672,2538400.0
2007-01-31T05:00:00Z,19.475000381469727,19.764999389648438,19.475000381469727,19.729999542236328,2298200.0
2007-02-01T05:00:00Z,19.735000610351562,19.815000534057617,19.709999084472656,19.799999237060547,2376600.0
2007-02-02T05:00:00Z,19.81999969482422,19.8700008392334,19.790000915527344,19.854999542236328,1215400.0
2007-02-05T05:00:00Z,19.825000762939453,19.829999923706055,19.729999542236328,19.790000915527344,1529600.0
2007-02-06T05:00:00Z,19.790000915527344,19.860000610351562,19.75,19.860000610351562,2747800.0
2007-02-07T05:00:00Z,19.8799991607666,19.979999542236328,19.84000015258789,19.954999923706055,1846000.0
2007-02-08T05:00:00Z,19.924999237060547,19.924999237060547,19.844999313354492,19.915000915527344,1925000.0
2007-02-09T05:00:00Z,19.934999465942383,19.9950008392334,19.635000228881836,19.729999542236328,2254400.0
2007-02-12T05:00:00Z,19.75,19.770000457763672,19.594999313354492,19.635000228881836,1739400.0
2007-02-13T05:00:00Z,19.68000030517578,19.809999465942383,19.655000686645508,19.80500030517578,1874000.0
2007-02-14T05:00:00Z,19.825000762939453,19.934999465942383,19.790000915527344,19.90999984741211,1983200.0
2007-02-15T05:00:00Z,19.905000686645508,19.975000381469727,19.834999084472656,19.975000381469727,2834400.0
2007-02-16T05:00:00Z,19.8700008392334,19.950000762939453,19.834999084472656,19.950000762939453,1662200.0
2007-02-20T05:00:00Z,19.915000915527344,20.104999542236328,19.875,20.094999313354492,1840200.0
2007-02-21T05:00:00Z,20.0,20.059999465942383,19.985000610351562,20.014999389648438,4133200.0
2007-02-22T05:00:00Z,20.040000915527344,20.059999465942383,19.885000228881836,19.969999313354492,2336800.0
2007-02-23T05:00:00Z,19.9950008392334,20.010000228881836,19.850000381469727,19.924999237060547,1592400.0
2007-02-26T05:00:00Z,19.924999237060547,19.940000534057617,19.690000534057617,19.7549991607666,1819200.0
2007-02-27T05:00:00Z,19.540000915527344,19.545000076293945,18.84000015258789,19.075000762939453,7062400.0
2007-02-28T05:00:00Z,19.645000457763672,19.645000457763672,18.940000534057617,19.139999389648438,10877600.0
2007-03-01T05:00:00Z,19.1200008392334,19.135000228881836,18.670000076293945,19.030000686645508,5320800.0
2007-03-02T05:00:00Z,18.959999084472656,19.065000534057617,18.875,18.889999389648438,3838600.0
2007-03-05T05:00:00Z,18.65999984741211,18.875,18.614999771118164,18.639999389648438,6012400.0
2007-03-06T05:00:00Z,18.80500030517578,19.0049991607666,18.719999313354492,18.959999084472656,2622400.0
2007-03-07T05:00:00Z,18.850000381469727,19.030000686645508,18.850000381469727,18.940000534057617,2607800.0
2007-03-08T05:00:00Z,18.969999313354492,19.219999313354492,18.959999084472656,19.09000015258789,1670200.0
2007-03-09T05:00:00Z,19.209999084472656,19.235000610351562,19.024999618530273,19.1299991607666,2513600.0
2007-03-12T04:00:00Z,19.094999313354492,19.15999984741211,19.05500030517578,19.104999542236328,818400.0
2007-03-13T04:00:00Z,18.9950008392334,19.03499984741211,18.709999084472656,18.7549991607666,1717800.0
2007-03-14T04:00:00Z,18.684999465942383,18.78499984741211,18.43000030517578,18.719999313354492,5315600.0
2007-03-15T04:00:00Z,18.7450008392334,18.850000381469727,18.729999542236328,18.760000228881836,1924400.0
2007-03-16T04:00:00Z,18.790000915527344,18.825000762939453,18.65999984741211,18.65999984741211,1925200.0
2007-03-19T04:00:00Z,18.834999084472656,18.934999465942383,18.799999237060547,18.934999465942383,2368000.0
2007-03-20T04:00:00Z,18.905000686645508,19.075000762939453,18.889999389648438,19.075000762939453,2645600.0
2007-03-21T04:00:00Z,19.06999969482422,19.399999618530273,19.010000228881836,19.375,3908400.0
2007-03-22T04:00:00Z,19.405000686645508,19.405000686645508,19.235000610351562,19.31999969482422,4584400.0
2007-03-23T04:00:00Z,19.2450008392334,19.385000228881836,19.2450008392334,19.329999923706055,2148400.0
2007-03-26T04:00:00Z,19.28499984741211,19.329999923706055,19.1200008392334,19.235000610351562,2417800.0
2007-03-27T04:00:00Z,19.15999984741211,19.174999237060547,19.06999969482422,19.114999771118164,3325800.0
2007-03-28T04:00:00Z,18.969999313354492,19.020000457763672,18.854999542236328,18.899999618530273,3322200.0
2007-03-29T04:00:00Z,19.059999465942383,19.059999465942383,18.84000015258789,18.96500015258789,6632600.0
2007-03-30T04:00:00Z,18.989999771118164,19.094999313354492,18.850000381469727,19.014999389648438,2737800.0
2007-04-02T04:00:00Z,19.045000076293945,19.094999313354492,18.954999923706055,19.079999923706055,2684800.0
2007-04-03T04:00:00Z,19.200000762939453,19.3799991607666,19.18000030517578,19.325000762939453,2689200.0
2007-04-04T04:00:00Z,19.299999237060547,19.329999923706055,19.25,19.270000457763672,3012800.0
2007-04-05T04:00:00Z,19.2549991607666,19.424999237060547,19.2549991607666,19.424999237060547,1554400.0
2007-04-09T04:00:00Z,19.46500015258789,19.46500015258789,19.364999771118164,19.40999984741211,1425400.0
2007-04-10T04:00:00Z,19.399999618530273,19.46500015258789,19.389999389648438,19.450000762939453,2728600.0
2007-04-11T04:00:00Z,19.424999237060547,19.46500015258789,19.280000686645508,19.299999237060547,1813600.0
2007-04-12T04:00:00Z,19.290000915527344,19.44499969482422,19.165000915527344,19.434999465942383,2247800.0
2007-04-13T04:00:00Z,19.454999923706055,19.469999313354492,19.329999923706055,19.450000762939453,2622000.0
2007-04-16T04:00:00Z,19.5,19.65999984741211,19.5,19.645000457763672,3262800.0
2007-04-17T04:00:00Z,19.6200008392334,19.725000381469727,19.6200008392334,19.725000381469727,1303000.0
2007-04-18T04:00:00Z,19.639999389648438,19.719999313354492,19.56999969482422,19.709999084472656,1650600.0
2007-04-19T04:00:00Z,19.540000915527344,19.625,19.510000228881836,19.55500030517578,3858400.0
2007-04-20T04:00:00Z,19.729999542236328,19.81999969482422,19.649999618530273,19.78499984741211,1360200.0
2007-04-23T04:00:00Z,19.780000686645508,19.799999237060547,19.690000534057617,19.7450008392334,1581000.0
2007-04-24T04:00:00Z,19.71500015258789,19.71500015258789,19.53499984741211,19.674999237060547,3504800.0
2007-04-25T04:00:00Z,19.774999618530273,19.889999389648438,19.704999923706055,19.875,6752400.0
2007-04-26T04:00:00Z,19.915000915527344,19.920000076293945,19.774999618530273,19.844999313354492,3765200.0
2007-04-27T04:00:00Z,19.815000534057617,19.815000534057617,19.68000030517578,19.71500015258789,5667200.0
2007-04-30T04:00:00Z,19.7450008392334,19.7450008392334,19.46500015258789,19.46500015258789,3276600.0
2007-05-01T04:00:00Z,19.440000534057617,19.549999237060547,18.915000915527344,19.520000457763672,5701400.0
2007-05-02T04:00:00Z,19.604999542236328,19.78499984741211,19.600000381469727,19.7450008392334,6979200.0
2007-05-03T04:00:00Z,19.725000381469727,19.774999618530273,19.649999618530273,19.704999923706055,4579800.0
2007-05-04T04:00:00Z,19.7549991607666,19.834999084472656,19.649999618530273,19.75,2310000.0
2007-05-07T04:00:00Z,19.725000381469727,19.78499984741211,19.709999084472656,19.75,1999000.0
2007-05-08T04:00:00Z,19.649999618530273,19.709999084472656,19.614999771118164,19.665000915527344,2136000.0
2007-05-09T04:00:00Z,19.600000381469727,19.799999237060547,19.600000381469727,19.78499984741211,4621400.0
2007-05-10T04:00:00Z,19.65999984741211,19.760000228881836,19.5049991607666,19.56999969482422,3558400.0
2007-05-11T04:00:00Z,19.6200008392334,19.649999618530273,19.545000076293945,19.649999618530273,2690800.0
2007-05-14T04:00:00Z,19.665000915527344,19.7450008392334,19.56999969482422,19.649999618530273,1813800.0
2007-05-15T04:00:00Z,19.600000381469727,19.760000228881836,19.520000457763672,19.579999923706055,6546200.0
2007-05-16T04:00:00Z,19.635000228881836,19.674999237060547,19.514999389648438,19.649999618530273,1969400.0
2007-05-17T04:00:00Z,19.610000610351562,19.725000381469727,19.610000610351562,19.68000030517578,2336200.0
2007-05-18T04:00:00Z,19.764999389648438,20.024999618530273,19.65999984741211,19.860000610351562,3790800.0
2007-05-21T04:00:00Z,19.90999984741211,20.0,19.864999771118164,19.934999465942383,6525200.0
2007-05-22T04:00:00Z,19.969999313354492,19.979999542236328,19.875,19.915000915527344,2270200.0
2007-05-23T04:00:00Z,20.040000915527344,20.114999771118164,19.915000915527344,19.924999237060547,5535000.0
2007-05-24T04:00:00Z,19.950000762939453,20.059999465942383,19.75,19.764999389648438,5078600.0
2007-05-25T04:00:00Z,19.78499984741211,19.864999771118164,19.774999618530273,19.834999084472656,3348600.0
2007-05-29T04:00:00Z,19.825000762939453,19.905000686645508,19.7450008392334,19.81999969482422,2917400.0
2007-05-30T04:00:00Z,19.729999542236328,20.0,19.690000534057617,20.0,3148000.0
2007-05-31T04:00:00Z,20.049999237060547,20.075000762939453,19.969999313354492,20.049999237060547,2658600.0
2007-06-01T04:00:00Z,20.1299991607666,20.19499969482422,20.084999084472656,20.165000915527344,3511000.0
2007-06-04T04:00:00Z,20.110000610351562,20.21500015258789,20.065000534057617,20.204999923706055,2728200.0
2007-06-05T04:00:00Z,20.110000610351562,20.135000228881836,19.979999542236328,20.084999084472656,3901400.0
2007-06-06T04:00:00Z,19.954999923706055,19.969999313354492,19.829999923706055,19.829999923706055,5718800.0
2007-06-07T04:00:00Z,19.825000762939453,19.834999084472656,19.459999084472656,19.459999084472656,7069600.0
2007-06-08T04:00:00Z,19.459999084472656,19.709999084472656,19.440000534057617,19.709999084472656,3879600.0
2007-06-11T04:00:00Z,19.610000610351562,19.71500015258789,19.579999923706055,19.645000457763672,2024400.0
2007-06-12T04:00:00Z,19.510000228881836,19.665000915527344,19.434999465942383,19.485000610351562,3262400.0
2007-06-13T04:00:00Z,19.559999465942383,19.709999084472656,19.489999771118164,19.709999084472656,2794200.0
2007-06-14T04:00:00Z,19.684999465942383,19.860000610351562,19.684999465942383,19.850000381469727,1898800.0
2007-06-15T04:00:00Z,19.96500015258789,20.0,19.8799991607666,19.915000915527344,5280400.0
2007-06-18T04:00:00Z,19.915000915527344,19.93000030517578,19.81999969482422,19.829999923706055,1575200.0
2007-06-19T04:00:00Z,19.80500030517578,19.905000686645508,19.729999542236328,19.895000457763672,6225200.0
2007-06-20T04:00:00Z,20.0,20.065000534057617,19.815000534057617,19.860000610351562,5319000.0
2007-06-21T04:00:00Z,19.795000076293945,19.8799991607666,19.625,19.825000762939453,5831400.0
2007-06-22T04:00:00Z,19.7549991607666,19.78499984741211,19.6200008392334,19.69499969482422,4572400.0
2007-06-25T04:00:00Z,19.690000534057617,19.790000915527344,19.540000915527344,19.614999771118164,3643400.0
2007-06-26T04:00:00Z,19.674999237060547,19.69499969482422,19.479999542236328,19.479999542236328,19500200.0
2007-06-27T04:00:00Z,19.459999084472656,19.71500015258789,19.395000457763672,19.68000030517578,3743400.0
2007-06-28T04:00:00Z,19.690000534057617,19.799999237060547,19.639999389648438,19.639999389648438,6325600.0
2007-06-29T04:00:00Z,19.700000762939453,19.834999084472656,19.549999237060547,19.665000915527344,3892400.0
2007-07-02T04:00:00Z,19.700000762939453,19.905000686645508,19.5049991607666,19.770000457763672,2482800.0
2007-07-03T04:00:00Z,19.80500030517578,19.844999313354492,19.725000381469727,19.799999237060547,3641600.0
2007-07-05T04:00:00Z,19.850000381469727,19.940000534057617,19.700000762939453,19.905000686645508,6692600.0
2007-07-06T04:00:00Z,19.875,20.350000381469727,19.510000228881836,20.084999084472656,4295400.0
2007-07-09T04:00:00Z,20.079999923706055,20.094999313354492,19.96500015258789,20.010000228881836,2917200.0
2007-07-10T04:00:00Z,19.875,19.889999389648438,19.59000015258789,19.655000686645508,9010800.0
2007-07-11T04:00:00Z,19.559999465942383,19.774999618530273,18.764999389648438,19.770000457763672,5010000.0
2007-07-12T04:00:00Z,19.809999465942383,19.975000381469727,19.770000457763672,19.924999237060547,3846000.0
2007-07-13T04:00:00Z,19.940000534057617,20.065000534057617,19.920000076293945,20.024999618530273,3988600.0
2007-07-16T04:00:00Z,20.020000457763672,20.045000076293945,19.899999618530273,19.94499969482422,2074800.0
2007-07-17T04:00:00Z,19.975000381469727,19.989999771118164,19.924999237060547,19.96500015258789,3545600.0
2007-07-18T04:00:00Z,19.90999984741211,19.979999542236328,19.774999618530273,19.940000534057617,3318200.0
2007-07-19T04:00:00Z,19.96500015258789,20.040000915527344,19.940000534057617,19.985000610351562,2653400.0
2007-07-20T04:00:00Z,19.93000030517578,19.989999771118164,19.709999084472656,19.729999542236328,7011000.0
2007-07-23T04:00:00Z,19.940000534057617,19.940000534057617,19.729999542236328,19.760000228881836,3347000.0
2007-07-24T04:00:00Z,19.655000686645508,19.799999237060547,19.364999771118164,19.450000762939453,9405200.0
2007-07-25T04:00:00Z,19.625,19.625,19.280000686645508,19.385000228881836,9219200.0
2007-07-26T04:00:00Z,19.114999771118164,19.155000686645508,18.610000610351562,18.815000534057617,13686800.0
2007-07-27T04:00:00Z,18.780000686645508,18.895000457763672,18.520000457763672,18.520000457763672,11721200.0
2007-07-30T04:00:00Z,18.56999969482422,18.825000762939453,18.469999313354492,18.78499984741211,7006800.0
2007-07-31T04:00:00Z,18.93000030517578,19.045000076293945,18.489999771118164,18.5,6688400.0
2007-08-01T04:00:00Z,18.5049991607666,18.55500030517578,18.209999084472656,18.524999618530273,10044400.0
2007-08-02T04:00:00Z,18.625,18.760000228881836,18.510000228881836,18.760000228881836,10718400.0
2007-08-03T04:00:00Z,18.68000030517578,18.709999084472656,18.15999984741211,18.184999465942383,9537400.0
2007-08-06T04:00:00Z,18.2450008392334,18.479999542236328,18.075000762939453,18.475000381469727,9800800.0
2007-08-07T04:00:00Z,18.385000228881836,18.690000534057617,18.290000915527344,18.579999923706055,9487800.0
2007-08-08T04:00:00Z,18.674999237060547,18.854999542236328,18.520000457763672,18.790000915527344,12134600.0
2007-08-09T04:00:00Z,18.454999923706055,18.614999771118164,18.260000228881836,18.260000228881836,7957600.0
2007-08-10T04:00:00Z,18.065000534057617,18.354999542236328,17.889999389648438,18.18000030517578,11018400.0
2007-08-13T04:00:00Z,18.350000381469727,18.600000381469727,18.280000686645508,18.280000686645508,9877800.0
2007-08-14T04:00:00Z,18.25,18.25,17.799999237060547,17.815000534057617,9503200.0
2007-08-15T04:00:00Z,17.735000610351562,17.989999771118164,17.53499984741211,17.625,9235000.0
2007-08-16T04:00:00Z,17.3799991607666,17.674999237060547,17.1200008392334,17.649999618530273,14444600.0
2007-08-17T04:00:00Z,18.059999465942383,18.405000686645508,17.625,17.774999618530273,11844400.0
2007-08-20T04:00:00Z,17.934999465942383,18.010000228881836,17.780000686645508,17.8700008392334,11854400.0
2007-08-21T04:00:00Z,17.8700008392334,18.075000762939453,17.825000762939453,17.989999771118164,5679200.0
2007-08-22T04:00:00Z,18.190000534057617,18.290000915527344,18.100000381469727,18.229999542236328,8271000.0
2007-08-23T04:00:00Z,18.354999542236328,18.399999618530273,18.139999389648438,18.15999984741211,3795200.0
2007-08-24T04:00:00Z,18.229999542236328,18.524999618530273,18.21500015258789,18.524999618530273,5526400.0
2007-08-27T04:00:00Z,18.43000030517578,18.46500015258789,18.260000228881836,18.270000457763672,3659600.0
2007-08-28T04:00:00Z,18.21500015258789,18.2450008392334,17.829999923706055,17.829999923706055,5259800.0
2007-08-29T04:00:00Z,17.950000762939453,18.399999618530273,17.90999984741211,18.389999389648438,3746000.0
2007-08-30T04:00:00Z,18.184999465942383,18.389999389648438,18.149999618530273,18.315000534057617,3459000.0
2007-08-31T04:00:00Z,18.469999313354492,18.670000076293945,18.385000228881836,18.614999771118164,6452600.0
2007-09-04T04:00:00Z,18.514999389648438,18.649999618530273,18.454999923706055,18.639999389648438,6038600.0
2007-09-05T04:00:00Z,18.389999389648438,18.44499969482422,18.264999389648438,18.344999313354492,8725800.0
2007-09-06T04:00:00Z,18.40999984741211,18.46500015258789,18.270000457763672,18.389999389648438,3451200.0
2007-09-07T04:00:00Z,18.110000610351562,18.1200008392334,17.934999465942383,17.950000762939453,17765200.0
2007-09-10T04:00:00Z,18.045000076293945,18.079999923706055,17.770000457763672,17.854999542236328,11944000.0
2007-09-11T04:00:00Z,17.93000030517578,18.1200008392334,17.924999237060547,18.05500030517578,6486000.0
2007-09-12T04:00:00Z,18.03499984741211,18.155000686645508,18.024999618530273,18.065000534057617,2349800.0
2007-09-13T04:00:00Z,18.225000381469727,18.420000076293945,18.135000228881836,18.315000534057617,5622200.0
2007-09-14T04:00:00Z,18.219999313354492,18.434999465942383,18.1200008392334,18.434999465942383,7986600.0
2007-09-17T04:00:00Z,18.2549991607666,18.315000534057617,18.190000534057617,18.209999084472656,3090600.0
2007-09-18T04:00:00Z,18.350000381469727,18.920000076293945,18.295000076293945,18.920000076293945,8894800.0
2007-09-19T04:00:00Z,19.010000228881836,19.545000076293945,18.844999313354492,18.954999923706055,10952800.0
2007-09-20T04:00:00Z,18.905000686645508,18.905000686645508,18.579999923706055,18.579999923706055,5940400.0
2007-09-21T04:00:00Z,18.75,18.75,18.530000686645508,18.549999237060547,4722000.0
2007-09-24T04:00:00Z,18.59000015258789,18.6299991607666,18.395000457763672,18.395000457763672,5671600.0
2007-09-25T04:00:00Z,18.25,18.25,18.045000076293945,18.155000686645508,16770200.0
2007-09-26T04:00:00Z,18.28499984741211,18.844999313354492,18.155000686645508,18.415000915527344,13297600.0
2007-09-27T04:00:00Z,18.43000030517578,18.43000030517578,18.325000762939453,18.325000762939453,6220600.0
2007-09-28T04:00:00Z,18.354999542236328,18.415000915527344,18.28499984741211,18.415000915527344,4967000.0
2007-10-01T04:00:00Z,18.424999237060547,18.655000686645508,18.424999237060547,18.655000686645508,6250400.0
2007-10-02T04:00:00Z,18.639999389648438,18.719999313354492,18.6200008392334,18.649999618530273,9103600.0
2007-10-03T04:00:00Z,18.614999771118164,18.84000015258789,18.600000381469727,18.7549991607666,15047200.0
2007-10-04T04:00:00Z,18.78499984741211,18.78499984741211,18.639999389648438,18.65999984741211,8029200.0
2007-10-05T04:00:00Z,18.78499984741211,19.075000762939453,18.774999618530273,19.075000762939453,11743000.0
2007-10-08T04:00:00Z,18.979999542236328,18.979999542236328,18.860000610351562,18.950000762939453,5501800.0
2007-10-09T04:00:00Z,18.934999465942383,18.985000610351562,18.80500030517578,18.979999542236328,7098600.0
2007-10-10T04:00:00Z,18.950000762939453,18.989999771118164,18.864999771118164,18.899999618530273,4303600.0
2007-10-11T04:00:00Z,18.954999923706055,19.125,18.770000457763672,18.815000534057617,10834200.0
2007-10-12T04:00:00Z,18.875,18.989999771118164,18.825000762939453,18.90999984741211,6294400.0
2007-10-15T04:00:00Z,18.5,18.950000762939453,18.5,18.610000610351562,5893000.0
2007-10-16T04:00:00Z,18.600000381469727,18.665000915527344,18.510000228881836,18.549999237060547,6700200.0
2007-10-17T04:00:00Z,18.665000915527344,18.704999923706055,18.344999313354492,18.56999969482422,9819600.0
2007-10-18T04:00:00Z,18.389999389648438,18.5,18.2549991607666,18.399999618530273,9970200.0
2007-10-19T04:00:00Z,18.3799991607666,18.545000076293945,17.989999771118164,17.989999771118164,15145400.0
2007-10-22T04:00:00Z,17.905000686645508,18.219999313354492,17.610000610351562,18.149999618530273,6265000.0
2007-10-23T04:00:00Z,18.334999084472656,18.334999084472656,18.065000534057617,18.235000610351562,10475400.0
2007-10-24T04:00:00Z,18.149999618530273,18.2450008392334,17.90999984741211,18.174999237060547,12349600.0
2007-10-25T04:00:00Z,18.184999465942383,18.290000915527344,17.899999618530273,18.065000534057617,9025400.0
2007-10-26T04:00:00Z,18.15999984741211,18.274999618530273,18.010000228881836,18.274999618530273,7117600.0
2007-10-29T04:00:00Z,18.25,18.34000015258789,18.219999313354492,18.325000762939453,4356800.0
2007-10-30T04:00:00Z,18.260000228881836,18.344999313354492,18.2450008392334,18.270000457763672,3921400.0
2007-10-31T04:00:00Z,18.31999969482422,18.43000030517578,18.15999984741211,18.325000762939453,7409800.0
2007-11-01T04:00:00Z,18.225000381469727,18.2549991607666,17.860000610351562,17.860000610351562,7494000.0
2007-11-02T04:00:00Z,18.184999465942383,18.184999465942383,17.704999923706055,17.850000381469727,8737600.0
2007-11-05T05:00:00Z,17.739999771118164,17.809999465942383,17.55500030517578,17.610000610351562,7736400.0
2007-11-06T05:00:00Z,17.545000076293945,17.780000686645508,17.540000915527344,17.764999389648438,4781200.0
2007-11-07T05:00:00Z,17.540000915527344,17.725000381469727,17.375,17.399999618530273,10409000.0
2007-11-08T05:00:00Z,17.5,17.600000381469727,17.079999923706055,17.350000381469727,11425600.0
2007-11-09T05:00:00Z,16.90999984741211,17.209999084472656,16.90999984741211,16.954999923706055,9484800.0
2007-11-12T05:00:00Z,16.954999923706055,17.264999389648438,16.825000762939453,16.979999542236328,7027400.0
2007-11-13T05:00:00Z,17.30500030517578,17.475000381469727,17.084999084472656,17.450000762939453,6772000.0
2007-11-14T05:00:00Z,17.475000381469727,17.53499984741211,17.09000015258789,17.174999237060547,7855800.0
2007-11-15T05:00:00Z,17.024999618530273,17.204999923706055,16.940000534057617,17.010000228881836,5805800.0
2007-11-16T05:00:00Z,17.25,17.25,16.844999313354492,17.0049991607666,11178600.0
2007-11-19T05:00:00Z,16.844999313354492,16.96500015258789,16.584999084472656,16.6299991607666,10551600.0
2007-11-20T05:00:00Z,16.790000915527344,16.84000015258789,16.364999771118164,16.645000457763672,7092200.0
2007-11-21T05:00:00Z,16.420000076293945,16.649999618530273,16.350000381469727,16.485000610351562,7003400.0
2007-11-23T05:00:00Z,16.735000610351562,16.774999618530273,16.559999465942383,16.774999618530273,3247200.0
2007-11-26T05:00:00Z,16.924999237060547,16.924999237060547,16.34000015258789,16.34000015258789,16893600.0
2007-11-27T05:00:00Z,16.315000534057617,16.665000915527344,16.315000534057617,16.600000381469727,7271200.0
2007-11-28T05:00:00Z,16.75,17.2450008392334,16.75,17.2450008392334,7939000.0
2007-11-29T05:00:00Z,17.040000915527344,17.299999237060547,16.959999084472656,17.075000762939453,6007000.0
2007-11-30T05:00:00Z,17.420000076293945,17.56999969482422,17.299999237060547,17.325000762939453,6983200.0
2007-12-03T05:00:00Z,17.434999465942383,17.454999923706055,17.235000610351562,17.235000610351562,4839800.0
2007-12-04T05:00:00Z,17.274999618530273,17.290000915527344,17.114999771118164,17.18000030517578,5976000.0
2007-12-05T05:00:00Z,17.274999618530273,17.295000076293945,17.065000534057617,17.155000686645508,7529600.0
2007-12-06T05:00:00Z,17.2549991607666,17.405000686645508,17.049999237060547,17.30500030517578,5234800.0
2007-12-07T05:00:00Z,17.3799991607666,17.5,17.375,17.450000762939453,8197800.0
2007-12-10T05:00:00Z,17.3700008392334,17.5049991607666,17.34000015258789,17.459999084472656,3517400.0
2007-12-11T05:00:00Z,17.459999084472656,17.55500030517578,16.899999618530273,16.899999618530273,8841600.0
2007-12-12T05:00:00Z,17.18000030517578,17.364999771118164,16.760000228881836,16.954999923706055,7165000.0
2007-12-13T05:00:00Z,16.735000610351562,16.985000610351562,16.709999084472656,16.844999313354492,6926200.0
2007-12-14T05:00:00Z,17.094999313354492,17.094999313354492,16.625,16.625,3812200.0
2007-12-17T05:00:00Z,16.645000457763672,16.68000030517578,16.469999313354492,16.469999313354492,5943400.0
2007-12-18T05:00:00Z,16.510000228881836,16.69499969482422,16.420000076293945,16.625,7779400.0
2007-12-19T05:00:00Z,16.53499984741211,16.645000457763672,16.420000076293945,16.475000381469727,6263400.0
2007-12-20T05:00:00Z,16.475000381469727,16.59000015258789,16.3700008392334,16.55500030517578,4704800.0
2007-12-21T05:00:00Z,16.545000076293945,16.645000457763672,16.469999313354492,16.469999313354492,10097600.0
2007-12-24T05:00:00Z,16.665000915527344,16.799999237060547,16.665000915527344,16.774999618530273,2404600.0
2007-12-26T05:00:00Z,16.614999771118164,16.725000381469727,16.594999313354492,16.719999313354492,3658800.0
2007-12-27T05:00:00Z,16.56999969482422,16.65999984741211,16.479999542236328,16.485000610351562,5326800.0
2007-12-28T05:00:00Z,16.645000457763672,16.645000457763672,16.40999984741211,16.40999984741211,1319400.0
2007-12-31T05:00:00Z,16.239999771118164,16.510000228881836,16.239999771118164,16.350000381469727,6411000.0
2008-01-02T05:00:00Z,16.4950008392334,16.4950008392334,16.05500030517578,16.100000381469727,7802000.0
2008-01-03T05:00:00Z,16.049999237060547,16.110000610351562,15.84000015258789,15.920000076293945,19174000.0
2008-01-04T05:00:00Z,15.789999961853027,15.789999961853027,15.364999771118164,15.420000076293945,11970200.0
2008-01-07T05:00:00Z,15.569999694824219,15.59000015258789,15.34000015258789,15.475000381469727,12243800.0
2008-01-08T05:00:00Z,15.515000343322754,15.654999732971191,15.145000457763672,15.175000190734863,8600400.0
2008-01-09T05:00:00Z,15.109999656677246,15.3149995803833,14.835000038146973,15.28499984741211,13422200.0
2008-01-10T05:00:00Z,15.194999694824219,15.640000343322754,15.145000457763672,15.5,12248800.0
2008-01-11T05:00:00Z,15.295000076293945,15.34000015258789,15.055000305175781,15.130000114440918,7922200.0
2008-01-14T05:00:00Z,15.140000343322754,15.289999961853027,15.069999694824219,15.274999618530273,6008600.0
2008-01-15T05:00:00Z,15.024999618530273,15.104999542236328,14.869999885559082,14.994999885559082,13000400.0
2008-01-16T05:00:00Z,14.819999694824219,15.295000076293945,14.819999694824219,15.079999923706055,13234200.0
2008-01-17T05:00:00Z,15.045000076293945,15.199999809265137,14.8100004196167,14.829999923706055,13784400.0
2008-01-18T05:00:00Z,15.03499984741211,15.175000190734863,14.71500015258789,14.760000228881836,12769600.0
2008-01-22T05:00:00Z,14.180000305175781,15.210000038146973,13.954999923706055,15.050000190734863,56795800.0
2008-01-23T05:00:00Z,14.699999809265137,15.649999618530273,14.699999809265137,15.600000381469727,24829800.0
2008-01-24T05:00:00Z,15.744999885559082,15.755000114440918,15.510000228881836,15.755000114440918,14407600.0
2008-01-25T05:00:00Z,15.895000457763672,15.895000457763672,15.329999923706055,15.430000305175781,13314000.0
2008-01-28T05:00:00Z,15.345000267028809,15.710000038146973,15.175000190734863,15.6850004196167,14947600.0
2008-01-29T05:00:00Z,15.75,15.789999961853027,15.510000228881836,15.734999656677246,9528800.0
2008-01-30T05:00:00Z,15.6850004196167,16.030000686645508,15.59000015258789,15.635000228881836,25846800.0
2008-01-31T05:00:00Z,15.4350004196167,16.325000762939453,15.329999923706055,16.290000915527344,15836000.0
2008-02-01T05:00:00Z,16.290000915527344,16.450000762939453,16.1200008392334,16.434999465942383,16413800.0
2008-02-04T05:00:00Z,16.44499969482422,16.44499969482422,16.049999237060547,16.200000762939453,12954600.0
2008-02-05T05:00:00Z,15.885000228881836,16.024999618530273,15.65999984741211,15.744999885559082,14008400.0
2008-02-06T05:00:00Z,15.845000267028809,15.975000381469727,15.510000228881836,15.574999809265137,9878200.0
2008-02-07T05:00:00Z,15.539999961853027,15.979999542236328,15.524999618530273,15.875,12868400.0
2008-02-08T05:00:00Z,15.835000038146973,15.895000457763672,15.600000381469727,15.78499984741211,10974000.0
2008-02-11T05:00:00Z,15.75,16.030000686645508,15.604999542236328,15.949999809265137,10401800.0
2008-02-12T05:00:00Z,16.0,16.209999084472656,15.890000343322754,15.979999542236328,8849800.0
2008-02-13T05:00:00Z,16.145000457763672,16.25,15.994999885559082,16.184999465942383,14072600.0
2008-02-14T05:00:00Z,16.295000076293945,16.295000076293945,15.880000114440918,16.030000686645508,9939000.0
2008-02-15T05:00:00Z,15.854999542236328,16.125,15.789999961853027,16.114999771118164,8393800.0
2008-02-19T05:00:00Z,16.19499969482422,16.19499969482422,15.880000114440918,15.930000305175781,8150600.0
2008-02-20T05:00:00Z,15.8100004196167,16.149999618530273,15.765000343322754,16.149999618530273,21552400.0
2008-02-21T05:00:00Z,16.15999984741211,16.200000762939453,15.755000114440918,15.765000343322754,12025800.0
2008-02-22T05:00:00Z,15.859999656677246,16.110000610351562,15.640000343322754,16.110000610351562,8798000.0
2008-02-25T05:00:00Z,16.03499984741211,16.325000762939453,15.875,16.325000762939453,13377800.0
2008-02-26T05:00:00Z,16.15999984741211,16.56999969482422,16.15999984741211,16.485000610351562,13546400.0
2008-02-27T05:00:00Z,16.334999084472656,16.524999618530273,16.329999923706055,16.450000762939453,8892000.0
2008-02-28T05:00:00Z,16.28499984741211,16.31999969482422,16.010000228881836,16.059999465942383,13229000.0
2008-02-29T05:00:00Z,15.885000228881836,15.899999618530273,15.5,15.65999984741211,18260200.0
2008-03-03T05:00:00Z,15.595000267028809,15.670000076293945,15.414999961853027,15.625,9788400.0
2008-03-04T05:00:00Z,15.520000457763672,15.670000076293945,15.395000457763672,15.600000381469727,14968600.0
2008-03-05T05:00:00Z,15.59000015258789,15.850000381469727,15.484999656677246,15.604999542236328,10044000.0
2008-03-06T05:00:00Z,15.444999694824219,15.654999732971191,15.175000190734863,15.225000381469727,12937200.0
2008-03-07T05:00:00Z,15.015000343322754,15.329999923706055,14.96500015258789,15.079999923706055,15683000.0
2008-03-10T04:00:00Z,15.175000190734863,15.210000038146973,14.824999809265137,14.904999732971191,13975600.0
2008-03-11T04:00:00Z,15.3149995803833,15.3149995803833,14.920000076293945,15.3100004196167,14955000.0
2008-03-12T04:00:00Z,15.4399995803833,15.520000457763672,15.199999809265137,15.225000381469727,8217200.0
2008-03-13T04:00:00Z,14.984999656677246,15.350000381469727,14.84000015258789,15.239999771118164,18028600.0
2008-03-14T04:00:00Z,15.375,15.375,14.779999732971191,15.020000457763672,17843200.0
2008-03-17T04:00:00Z,14.654999732971191,14.920000076293945,14.555000305175781,14.819999694824219,17814200.0
2008-03-18T04:00:00Z,15.095000267028809,15.46500015258789,14.96500015258789,15.404999732971191,11204200.0
2008-03-19T04:00:00Z,15.640000343322754,15.640000343322754,15.199999809265137,15.199999809265137,15525600.0
2008-03-20T04:00:00Z,15.130000114440918,15.704999923706055,15.130000114440918,15.625,12701400.0
2008-03-24T04:00:00Z,15.824999809265137,16.190000534057617,15.739999771118164,16.145000457763672,20680800.0
2008-03-25T04:00:00Z,16.280000686645508,16.280000686645508,15.925000190734863,16.014999389648438,14962200.0
2008-03-26T04:00:00Z,15.944999694824219,15.970000267028809,15.680000305175781,15.71500015258789,15503800.0
2008-03-27T04:00:00Z,15.920000076293945,15.920000076293945,15.555000305175781,15.5649995803833,9488400.0
2008-03-28T04:00:00Z,15.550000190734863,15.550000190734863,15.164999961853027,15.265000343322754,8459600.0
2008-03-31T04:00:00Z,15.210000038146973,15.505000114440918,15.170000076293945,15.359999656677246,10381800.0
2008-04-01T04:00:00Z,15.569999694824219,16.100000381469727,15.569999694824219,16.049999237060547,19913000.0
2008-04-02T04:00:00Z,16.100000381469727,16.299999237060547,16.049999237060547,16.049999237060547,15010400.0
2008-04-03T04:00:00Z,16.05500030517578,16.125,15.875,16.100000381469727,12730000.0
2008-04-04T04:00:00Z,16.104999542236328,16.1299991607666,15.899999618530273,16.024999618530273,6474800.0
2008-04-07T04:00:00Z,16.09000015258789,16.1299991607666,15.9350004196167,15.96500015258789,6306800.0
2008-04-08T04:00:00Z,15.899999618530273,15.954999923706055,15.845000267028809,15.930000305175781,9169600.0
2008-04-09T04:00:00Z,15.920000076293945,15.9350004196167,15.539999961853027,15.579999923706055,13431800.0
2008-04-10T04:00:00Z,15.574999809265137,15.84000015258789,15.555000305175781,15.744999885559082,12851200.0
2008-04-11T04:00:00Z,15.619999885559082,15.645000457763672,15.380000114440918,15.454999923706055,7766400.0
2008-04-14T04:00:00Z,15.444999694824219,15.444999694824219,15.324999809265137,15.345000267028809,6600200.0
2008-04-15T04:00:00Z,15.404999732971191,15.420000076293945,15.244999885559082,15.324999809265137,5755200.0
2008-04-16T04:00:00Z,15.484999656677246,15.664999961853027,15.414999961853027,15.664999961853027,12742200.0
2008-04-17T04:00:00Z,15.609999656677246,15.744999885559082,15.555000305175781,15.734999656677246,8461400.0
2008-04-18T04:00:00Z,16.065000534057617,16.110000610351562,15.875,16.03499984741211,9719400.0
2008-04-21T04:00:00Z,15.960000038146973,16.040000915527344,15.864999771118164,16.03499984741211,6852200.0
2008-04-22T04:00:00Z,15.975000381469727,15.975000381469727,15.664999961853027,15.805000305175781,8309600.0
2008-04-23T04:00:00Z,15.8100004196167,15.9350004196167,15.680000305175781,15.800000190734863,5179000.0
2008-04-24T04:00:00Z,15.84000015258789,16.155000686645508,15.760000228881836,16.020000457763672,10415400.0
2008-04-25T04:00:00Z,16.114999771118164,16.204999923706055,15.90999984741211,16.18000030517578,11359400.0
2008-04-28T04:00:00Z,16.209999084472656,16.295000076293945,16.079999923706055,16.15999984741211,7565400.0
2008-04-29T04:00:00Z,16.184999465942383,16.309999465942383,16.135000228881836,16.290000915527344,6172800.0
2008-04-30T04:00:00Z,16.344999313354492,16.440000534057617,15.725000381469727,15.725000381469727,12424600.0
2008-05-01T04:00:00Z,16.114999771118164,16.774999618530273,16.059999465942383,16.6299991607666,13716600.0
2008-05-02T04:00:00Z,16.81999969482422,16.81999969482422,16.489999771118164,16.594999313354492,9153400.0
2008-05-05T04:00:00Z,16.4950008392334,16.53499984741211,16.350000381469727,16.40999984741211,12188800.0
2008-05-06T04:00:00Z,16.315000534057617,16.485000610351562,16.190000534057617,16.479999542236328,7715600.0
2008-05-07T04:00:00Z,16.520000457763672,16.6200008392334,16.170000076293945,16.170000076293945,9101200.0
2008-05-08T04:00:00Z,16.315000534057617,16.325000762939453,16.079999923706055,16.19499969482422,7423200.0
2008-05-09T04:00:00Z,16.100000381469727,16.225000381469727,15.96500015258789,16.100000381469727,6825200.0
2008-05-12T04:00:00Z,16.170000076293945,16.450000762939453,16.1200008392334,16.43000030517578,3754400.0
2008-05-13T04:00:00Z,16.469999313354492,16.540000915527344,16.364999771118164,16.489999771118164,4984800.0
2008-05-14T04:00:00Z,16.56999969482422,16.774999618530273,16.530000686645508,16.674999237060547,7376600.0
2008-05-15T04:00:00Z,16.584999084472656,16.860000610351562,16.510000228881836,16.834999084472656,10841200.0
2008-05-16T04:00:00Z,16.8799991607666,16.8799991607666,16.565000534057617,16.719999313354492,7138200.0
2008-05-19T04:00:00Z,16.674999237060547,16.850000381469727,16.600000381469727,16.725000381469727,7380200.0
2008-05-20T04:00:00Z,16.565000534057617,16.575000762939453,16.334999084472656,16.46500015258789,10777200.0
2008-05-21T04:00:00Z,16.454999923706055,16.454999923706055,16.014999389648438,16.114999771118164,11111800.0
2008-05-22T04:00:00Z,15.984999656677246,16.200000762939453,15.949999809265137,16.045000076293945,6266000.0
2008-05-23T04:00:00Z,16.065000534057617,16.075000762939453,15.800000190734863,15.850000381469727,7335200.0
2008-05-27T04:00:00Z,15.795000076293945,16.079999923706055,15.795000076293945,15.970000267028809,10312600.0
2008-05-28T04:00:00Z,16.045000076293945,16.31999969482422,15.96500015258789,15.970000267028809,6613200.0
2008-05-29T04:00:00Z,16.045000076293945,16.309999465942383,16.045000076293945,16.280000686645508,7481200.0
2008-05-30T04:00:00Z,16.325000762939453,16.354999542236328,16.084999084472656,16.155000686645508,5793800.0
2008-06-02T04:00:00Z,16.114999771118164,16.165000915527344,15.829999923706055,15.994999885559082,8423400.0
2008-06-03T04:00:00Z,16.075000762939453,16.09000015258789,15.845000267028809,16.014999389648438,8552200.0
2008-06-04T04:00:00Z,15.989999771118164,16.2450008392334,15.9399995803833,16.110000610351562,13189000.0
2008-06-05T04:00:00Z,16.145000457763672,16.31999969482422,16.104999542236328,16.31999969482422,7497200.0
2008-06-06T04:00:00Z,16.170000076293945,16.170000076293945,15.630000114440918,15.630000114440918,11326200.0
2008-06-09T04:00:00Z,15.675000190734863,15.850000381469727,15.510000228881836,15.619999885559082,11028800.0
2008-06-10T04:00:00Z,15.545000076293945,15.819999694824219,15.46500015258789,15.680000305175781,9938600.0
2008-06-11T04:00:00Z,15.649999618530273,15.664999961853027,15.350000381469727,15.350000381469727,12688800.0
2008-06-12T04:00:00Z,15.515000343322754,15.640000343322754,15.354999542236328,15.475000381469727,13871800.0
2008-06-13T04:00:00Z,15.574999809265137,16.094999313354492,15.569999694824219,15.859999656677246,5659000.0
2008-06-16T04:00:00Z,15.770000457763672,15.895000457763672,15.670000076293945,15.8100004196167,8566600.0
2008-06-17T04:00:00Z,15.954999923706055,15.954999923706055,15.614999771118164,15.649999618530273,12109200.0
2008-06-18T04:00:00Z,15.539999961853027,15.550000190734863,15.255000114440918,15.305000305175781,12854600.0
2008-06-19T04:00:00Z,15.289999961853027,15.545000076293945,15.260000228881836,15.5,7897800.0
2008-06-20T04:00:00Z,15.279999732971191,15.300000190734863,14.9399995803833,14.989999771118164,14874600.0
2008-06-23T04:00:00Z,15.130000114440918,15.130000114440918,14.710000038146973,14.729999542236328,9241400.0
2008-06-24T04:00:00Z,14.755000114440918,14.890000343322754,14.515000343322754,14.789999961853027,8440400.0
2008-06-25T04:00:00Z,14.890000343322754,15.135000228881836,14.734999656677246,14.899999618530273,13326800.0
2008-06-26T04:00:00Z,14.609999656677246,14.760000228881836,14.289999961853027,14.550000190734863,9166600.0
2008-06-27T04:00:00Z,14.140000343322754,14.46500015258789,14.140000343322754,14.305000305175781,19240400.0
2008-06-30T04:00:00Z,14.664999961853027,14.664999961853027,14.104999542236328,14.239999771118164,9689600.0
2008-07-01T04:00:00Z,13.994999885559082,14.375,13.835000038146973,14.0600004196167,16267400.0
2008-07-02T04:00:00Z,14.154999732971191,14.300000190734863,13.869999885559082,13.904999732971191,30600400.0
2008-07-03T04:00:00Z,13.979999542236328,14.300000190734863,13.795000076293945,14.024999618530273,6732200.0
2008-07-07T04:00:00Z,13.984999656677246,14.125,13.5600004196167,13.864999771118164,11353000.0
2008-07-08T04:00:00Z,13.770000457763672,14.225000381469727,13.770000457763672,14.225000381469727,9641200.0
2008-07-09T04:00:00Z,14.210000038146973,14.21500015258789,13.75,13.925000190734863,12791800.0
2008-07-10T04:00:00Z,13.8149995803833,13.9399995803833,13.454999923706055,13.680000305175781,9893400.0
2008-07-11T04:00:00Z,13.375,13.625,13.154999732971191,13.395000457763672,15693600.0
2008-07-14T04:00:00Z,13.454999923706055,13.59000015258789,13.265000343322754,13.324999809265137,8851600.0
2008-07-15T04:00:00Z,13.145000457763672,13.569999694824219,12.96500015258789,13.324999809265137,13447800.0
2008-07-16T04:00:00Z,13.3100004196167,13.970000267028809,13.265000343322754,13.859999656677246,14434200.0
2008-07-17T04:00:00Z,14.0,14.345000267028809,13.744999885559082,13.925000190734863,20705000.0
2008-07-18T04:00:00Z,14.295000076293945,14.420000076293945,14.085000038146973,14.354999542236328,14092600.0
2008-07-21T04:00:00Z,14.350000381469727,14.364999771118164,14.024999618530273,14.100000381469727,11701400.0
2008-07-22T04:00:00Z,14.029999732971191,14.475000381469727,13.949999809265137,14.475000381469727,13249800.0
2008-07-23T04:00:00Z,14.404999732971191,14.925000190734863,14.335000038146973,14.755000114440918,18260800.0
2008-07-24T04:00:00Z,14.75,14.75,14.260000228881836,14.4399995803833,17806600.0
2008-07-25T04:00:00Z,14.390000343322754,14.505000114440918,14.154999732971191,14.21500015258789,18753600.0
2008-07-28T04:00:00Z,14.229999542236328,14.229999542236328,13.854999542236328,13.880000114440918,11773000.0
2008-07-29T04:00:00Z,13.925000190734863,14.375,13.890000343322754,14.375,22055800.0
2008-07-30T04:00:00Z,14.444999694824219,14.585000038146973,14.164999961853027,14.359999656677246,14055800.0
2008-07-31T04:00:00Z,14.199999809265137,14.505000114440918,14.199999809265137,14.265000343322754,14305000.0
2008-08-01T04:00:00Z,14.305000305175781,14.395000457763672,13.984999656677246,14.125,17110800.0
2008-08-04T04:00:00Z,14.220000267028809,14.34000015258789,14.0649995803833,14.229999542236328,12967600.0
2008-08-05T04:00:00Z,14.5600004196167,14.880000114440918,14.420000076293945,14.864999771118164,17261400.0
2008-08-06T04:00:00Z,15.0,15.0,14.555000305175781,14.789999961853027,10079600.0
2008-08-07T04:00:00Z,14.6899995803833,14.6899995803833,14.484999656677246,14.5,16179000.0
2008-08-08T04:00:00Z,14.569999694824219,15.305000305175781,14.520000457763672,15.1899995803833,28418400.0
2008-08-11T04:00:00Z,15.289999961853027,15.970000267028809,15.140000343322754,15.654999732971191,21508600.0
2008-08-12T04:00:00Z,15.614999771118164,15.640000343322754,15.354999542236328,15.449999809265137,15590600.0
2008-08-13T04:00:00Z,15.324999809265137,15.380000114440918,14.975000381469727,15.199999809265137,19453600.0
2008-08-14T04:00:00Z,15.020000457763672,15.640000343322754,15.005000114440918,15.430000305175781,12991200.0
2008-08-15T04:00:00Z,15.479999542236328,15.720000267028809,15.479999542236328,15.609999656677246,13711600.0
2008-08-18T04:00:00Z,15.744999885559082,15.744999885559082,15.274999618530273,15.345000267028809,15741600.0
2008-08-19T04:00:00Z,15.274999618530273,15.274999618530273,14.944999694824219,15.0600004196167,15302800.0
2008-08-20T04:00:00Z,15.0649995803833,15.135000228881836,14.819999694824219,14.875,10908800.0
2008-08-21T04:00:00Z,14.800000190734863,15.03499984741211,14.704999923706055,14.994999885559082,10650400.0
2008-08-22T04:00:00Z,15.069999694824219,15.345000267028809,15.024999618530273,15.345000267028809,7246800.0
2008-08-25T04:00:00Z,15.220000267028809,15.265000343322754,14.899999618530273,14.914999961853027,18006600.0
2008-08-26T04:00:00Z,14.930000305175781,15.055000305175781,14.8100004196167,15.029999732971191,8112400.0
2008-08-27T04:00:00Z,15.0,15.15999984741211,14.800000190734863,15.074999809265137,6467800.0
2008-08-28T04:00:00Z,15.15999984741211,15.430000305175781,15.079999923706055,15.425000190734863,7193200.0
2008-08-29T04:00:00Z,15.319999694824219,15.420000076293945,15.225000381469727,15.25,5950000.0
2008-09-02T04:00:00Z,15.574999809265137,15.895000457763672,15.4399995803833,15.550000190734863,18295400.0
2008-09-03T04:00:00Z,15.5600004196167,15.699999809265137,15.4399995803833,15.630000114440918,14276000.0
2008-09-04T04:00:00Z,15.529999732971191,15.529999732971191,15.104999542236328,15.109999656677246,15055200.0
2008-09-05T04:00:00Z,15.010000228881836,15.199999809265137,14.800000190734863,15.140000343322754,18273000.0
2008-09-08T04:00:00Z,15.585000038146973,15.824999809265137,15.430000305175781,15.824999809265137,23433800.0
2008-09-09T04:00:00Z,15.875,15.975000381469727,15.375,15.524999618530273,20146800.0
2008-09-10T04:00:00Z,15.484999656677246,15.550000190734863,15.225000381469727,15.364999771118164,15866600.0
2008-09-11T04:00:00Z,15.25,15.619999885559082,15.125,15.600000381469727,21935000.0
2008-09-12T04:00:00Z,15.484999656677246,15.630000114440918,15.324999809265137,15.600000381469727,17377800.0
2008-09-15T04:00:00Z,14.899999618530273,15.515000343322754,14.899999618530273,15.074999809265137,22456600.0
2008-09-16T04:00:00Z,14.704999923706055,15.380000114440918,14.604999542236328,15.175000190734863,20741800.0
2008-09-17T04:00:00Z,14.984999656677246,15.015000343322754,14.4399995803833,14.574999809265137,19182800.0
2008-09-18T04:00:00Z,14.71500015258789,15.220000267028809,14.180000305175781,14.949999809265137,34417400.0
2008-09-19T04:00:00Z,16.454999923706055,17.25,15.100000381469727,15.100000381469727,19103600.0
2008-09-22T04:00:00Z,14.9350004196167,15.744999885559082,14.479999542236328,14.479999542236328,16214200.0
2008-09-23T04:00:00Z,14.430000305175781,14.699999809265137,14.210000038146973,14.274999618530273,13318800.0
2008-09-24T04:00:00Z,14.385000228881836,14.595000267028809,14.095000267028809,14.225000381469727,9308000.0
2008-09-25T04:00:00Z,14.395000457763672,14.585000038146973,14.149999618530273,14.479999542236328,12706600.0
2008-09-26T04:00:00Z,14.279999732971191,14.625,14.149999618530273,14.625,9166400.0
2008-09-29T04:00:00Z,14.574999809265137,14.574999809265137,13.395000457763672,13.649999618530273,21526800.0
2008-09-30T04:00:00Z,13.949999809265137,14.210000038146973,13.600000381469727,13.949999809265137,10450600.0
2008-10-01T04:00:00Z,14.425000190734863,14.425000190734863,13.739999771118164,13.949999809265137,18247200.0
2008-10-02T04:00:00Z,13.949999809265137,13.949999809265137,13.305000305175781,13.444999694824219,14759400.0
2008-10-03T04:00:00Z,13.630000114440918,13.670000076293945,12.954999923706055,12.975000381469727,15739000.0
2008-10-06T04:00:00Z,12.6850004196167,12.864999771118164,11.869999885559082,12.609999656677246,28086000.0
2008-10-07T04:00:00Z,12.824999809265137,12.824999809265137,11.635000228881836,11.800000190734863,18860400.0
2008-10-08T04:00:00Z,11.460000038146973,12.149999618530273,11.25,11.569999694824219,17973600.0
2008-10-09T04:00:00Z,11.744999885559082,11.795000076293945,10.760000228881836,10.835000038146973,17940000.0
2008-10-10T04:00:00Z,10.300000190734863,11.350000381469727,9.774999618530273,11.0649995803833,34014600.0
2008-10-13T04:00:00Z,11.649999618530273,11.704999923706055,10.9399995803833,11.5,13147200.0
2008-10-14T04:00:00Z,12.425000190734863,12.425000190734863,11.085000038146973,11.569999694824219,22481200.0
2008-10-15T04:00:00Z,11.369999885559082,11.369999885559082,10.225000381469727,10.225000381469727,16346000.0
2008-10-16T04:00:00Z,10.005000114440918,10.944999694824219,9.8149995803833,10.899999618530273,25807000.0
2008-10-17T04:00:00Z,10.850000381469727,11.130000114440918,10.25,11.119999885559082,19424200.0
2008-10-20T04:00:00Z,11.274999618530273,11.274999618530273,10.795000076293945,11.180000305175781,14062400.0
2008-10-21T04:00:00Z,11.114999771118164,11.28499984741211,10.75,11.055000305175781,10745800.0
2008-10-22T04:00:00Z,10.375,10.8149995803833,9.904999732971191,10.300000190734863,14148800.0
2008-10-23T04:00:00Z,10.734999656677246,10.734999656677246,9.555000305175781,10.300000190734863,19721000.0
2008-10-24T04:00:00Z,9.279999732971191,9.944999694824219,9.279999732971191,9.710000038146973,15734400.0
2008-10-27T04:00:00Z,9.430000305175781,9.920000076293945,9.260000228881836,9.5649995803833,12921400.0
2008-10-28T04:00:00Z,9.524999618530273,10.6850004196167,9.420000076293945,10.5,14785000.0
2008-10-29T04:00:00Z,10.744999885559082,11.255000114440918,10.404999732971191,10.71500015258789,22760800.0
2008-10-30T04:00:00Z,11.289999961853027,11.289999961853027,10.725000381469727,11.039999961853027,12635200.0
2008-10-31T04:00:00Z,10.890000343322754,11.5649995803833,10.53499984741211,11.489999771118164,11914400.0
2008-11-03T05:00:00Z,11.335000038146973,11.760000228881836,11.045000076293945,11.15999984741211,6656400.0
2008-11-04T05:00:00Z,11.449999809265137,11.699999809265137,11.220000267028809,11.600000381469727,13283200.0
2008-11-05T05:00:00Z,11.789999961853027,11.789999961853027,10.914999961853027,10.960000038146973,11916600.0
2008-11-06T05:00:00Z,11.449999809265137,11.449999809265137,10.279999732971191,10.380000114440918,16488000.0
2008-11-07T05:00:00Z,10.984999656677246,10.984999656677246,10.265000343322754,10.5600004196167,9203200.0
2008-11-10T05:00:00Z,10.90999984741211,10.90999984741211,10.125,10.3149995803833,9576800.0
2008-11-11T05:00:00Z,10.255000114440918,10.260000228881836,9.779999732971191,9.954999923706055,18536600.0
2008-11-12T05:00:00Z,9.90999984741211,9.90999984741211,9.345000267028809,9.350000381469727,12548000.0
2008-11-13T05:00:00Z,9.539999961853027,10.079999923706055,8.904999732971191,10.079999923706055,26487000.0
2008-11-14T05:00:00Z,9.989999771118164,10.119999885559082,9.545000076293945,9.59000015258789,20816600.0
2008-11-17T05:00:00Z,9.364999771118164,9.670000076293945,9.279999732971191,9.3149995803833,17826400.0
2008-11-18T05:00:00Z,9.194999694824219,9.484999656677246,8.975000381469727,9.270000457763672,16555400.0
2008-11-19T05:00:00Z,9.104999542236328,9.390000343322754,8.645000457763672,8.675000190734863,15549400.0
2008-11-20T05:00:00Z,8.630000114440918,8.9399995803833,8.145000457763672,8.164999961853027,32947200.0
2008-11-21T05:00:00Z,8.274999618530273,8.760000228881836,8.0600004196167,8.725000381469727,40260000.0
2008-11-24T05:00:00Z,8.970000267028809,9.619999885559082,8.755000114440918,9.40999984741211,27572000.0
2008-11-25T05:00:00Z,9.645000457763672,9.694999694824219,9.25,9.529999732971191,20835000.0
2008-11-26T05:00:00Z,9.529999732971191,10.199999809265137,9.395000457763672,10.09000015258789,14159000.0
2008-11-28T05:00:00Z,10.095000267028809,10.3149995803833,10.03499984741211,10.244999885559082,2973000.0
2008-12-01T05:00:00Z,9.989999771118164,10.069999694824219,9.350000381469727,9.350000381469727,13911800.0
2008-12-02T05:00:00Z,9.539999961853027,9.835000038146973,9.364999771118164,9.78499984741211,15381600.0
2008-12-03T05:00:00Z,9.614999771118164,10.220000267028809,9.5,10.135000228881836,20796000.0
2008-12-04T05:00:00Z,9.9350004196167,10.5649995803833,9.930000305175781,10.244999885559082,23791000.0
2008-12-05T05:00:00Z,10.100000381469727,10.604999542236328,9.78499984741211,10.545000076293945,21869200.0
2008-12-08T05:00:00Z,10.920000076293945,11.109999656677246,10.744999885559082,10.9399995803833,24899000.0
2008-12-09T05:00:00Z,10.8149995803833,11.079999923706055,10.34000015258789,10.720000267028809,21340600.0
2008-12-10T05:00:00Z,10.760000228881836,10.975000381469727,10.640000343322754,10.970000267028809,14823600.0
2008-12-11T05:00:00Z,10.725000381469727,10.880000114440918,10.420000076293945,10.505000114440918,17193800.0
2008-12-12T05:00:00Z,10.28499984741211,10.595000267028809,10.119999885559082,10.470000267028809,15333200.0
2008-12-15T05:00:00Z,10.609999656677246,10.640000343322754,10.229999542236328,10.4350004196167,12555600.0
2008-12-16T05:00:00Z,10.989999771118164,11.039999961853027,10.449999809265137,10.989999771118164,24669800.0
2008-12-17T05:00:00Z,10.904999732971191,11.149999618530273,10.744999885559082,11.050000190734863,15252400.0
2008-12-18T05:00:00Z,11.095000267028809,11.104999542236328,10.664999961853027,10.739999771118164,23598800.0
2008-12-19T05:00:00Z,10.989999771118164,10.989999771118164,10.569999694824219,10.614999771118164,23152600.0
2008-12-22T05:00:00Z,10.635000228881836,10.664999961853027,10.149999618530273,10.329999923706055,10919200.0
2008-12-23T05:00:00Z,10.369999885559082,10.454999923706055,10.170000076293945,10.220000267028809,7868000.0
2008-12-24T05:00:00Z,10.234999656677246,10.354999542236328,10.234999656677246,10.295000076293945,2093400.0
2008-12-26T05:00:00Z,10.395000457763672,10.444999694824219,10.300000190734863,10.40999984741211,2293800.0
2008-12-29T05:00:00Z,10.279999732971191,10.354999542236328,10.104999542236328,10.210000038146973,3640000.0
2008-12-30T05:00:00Z,10.300000190734863,10.595000267028809,10.265000343322754,10.595000267028809,5029400.0
2008-12-31T05:00:00Z,10.614999771118164,10.8149995803833,10.5649995803833,10.78499984741211,8379400.0
2009-01-02T05:00:00Z,10.8100004196167,11.324999809265137,10.739999771118164,11.324999809265137,17581000.0
2009-01-05T05:00:00Z,11.15999984741211,11.354999542236328,11.074999809265137,11.274999618530273,12900000.0
2009-01-06T05:00:00Z,11.364999771118164,11.550000190734863,11.289999961853027,11.46500015258789,14270600.0
2009-01-07T05:00:00Z,11.234999656677246,11.270000457763672,10.970000267028809,11.010000228881836,9687600.0
2009-01-08T05:00:00Z,10.975000381469727,11.095000267028809,10.829999923706055,11.074999809265137,10786000.0
2009-01-09T05:00:00Z,11.119999885559082,11.140000343322754,10.734999656677246,10.734999656677246,8215400.0
2009-01-12T05:00:00Z,10.789999961853027,10.789999961853027,10.414999961853027,10.479999542236328,10140800.0
2009-01-13T05:00:00Z,10.460000038146973,10.595000267028809,10.260000228881836,10.345000267028809,15952800.0
2009-01-14T05:00:00Z,10.095000267028809,10.255000114440918,9.895000457763672,9.9399995803833,13930600.0
2009-01-15T05:00:00Z,9.994999885559082,10.359999656677246,9.75,10.1850004196167,24993800.0
2009-01-16T05:00:00Z,10.399999618530273,10.399999618530273,10.029999732971191,10.305000305175781,18043800.0
2009-01-20T05:00:00Z,10.305000305175781,10.335000038146973,9.664999961853027,9.699999809265137,22445600.0
2009-01-21T05:00:00Z,9.734999656677246,10.024999618530273,9.604999542236328,9.994999885559082,22873600.0
2009-01-22T05:00:00Z,9.875,10.079999923706055,9.680000305175781,9.869999885559082,17469000.0
2009-01-23T05:00:00Z,9.59000015258789,9.975000381469727,9.545000076293945,9.84000015258789,16159800.0
2009-01-26T05:00:00Z,9.779999732971191,10.119999885559082,9.765000343322754,9.90999984741211,12225200.0
2009-01-27T05:00:00Z,9.949999809265137,10.069999694824219,9.819999694824219,9.880000114440918,10045200.0
2009-01-28T05:00:00Z,10.335000038146973,10.420000076293945,10.119999885559082,10.300000190734863,15402200.0
2009-01-29T05:00:00Z,10.119999885559082,10.21500015258789,9.880000114440918,9.885000228881836,14344800.0
2009-01-30T05:00:00Z,9.96500015258789,10.020000457763672,9.569999694824219,9.640000343322754,17530600.0
2009-02-02T05:00:00Z,9.4350004196167,9.65999984741211,9.40999984741211,9.550000190734863,10403000.0
2009-02-03T05:00:00Z,9.574999809265137,9.895000457763672,9.46500015258789,9.819999694824219,12760000.0
2009-02-04T05:00:00Z,9.720000267028809,9.895000457763672,9.555000305175781,9.604999542236328,13659800.0
2009-02-05T05:00:00Z,9.5649995803833,9.859999656677246,9.494999885559082,9.78499984741211,12784000.0
2009-02-06T05:00:00Z,9.920000076293945,10.170000076293945,9.744999885559082,10.0649995803833,13637000.0
2009-02-09T05:00:00Z,10.095000267028809,10.100000381469727,9.899999618530273,10.03499984741211,7987200.0
2009-02-10T05:00:00Z,9.960000038146973,10.024999618530273,9.515000343322754,9.5600004196167,15233400.0
2009-02-11T05:00:00Z,9.645000457763672,9.71500015258789,9.5,9.635000228881836,10095000.0
2009-02-12T05:00:00Z,9.399999618530273,9.675000190734863,9.324999809265137,9.649999618530273,19116800.0
2009-02-13T05:00:00Z,9.595000267028809,9.720000267028809,9.479999542236328,9.494999885559082,14544800.0
2009-02-17T05:00:00Z,9.100000381469727,9.260000228881836,9.015000343322754,9.135000228881836,9550600.0
2009-02-18T05:00:00Z,9.135000228881836,9.1850004196167,8.960000038146973,9.074999809265137,19696000.0
2009-02-19T05:00:00Z,9.140000343322754,9.260000228881836,8.970000267028809,8.979999542236328,18207200.0
2009-02-20T05:00:00Z,8.734999656677246,9.039999961853027,8.734999656677246,8.920000076293945,26896600.0
2009-02-23T05:00:00Z,8.970000267028809,9.100000381469727,8.664999961853027,8.720000267028809,13649600.0
2009-02-24T05:00:00Z,8.739999771118164,9.175000190734863,8.739999771118164,9.100000381469727,19100400.0
2009-02-25T05:00:00Z,9.0649995803833,9.194999694824219,8.850000381469727,9.015000343322754,24086000.0
2009-02-26T05:00:00Z,9.145000457763672,9.194999694824219,8.805000305175781,8.824999809265137,13208000.0
2009-02-27T05:00:00Z,8.71500015258789,8.954999923706055,8.630000114440918,8.765000343322754,13977400.0
2009-03-02T05:00:00Z,8.704999923706055,8.734999656677246,8.404999732971191,8.4350004196167,20303400.0
2009-03-03T05:00:00Z,8.505000114440918,8.654999732971191,8.305000305175781,8.369999885559082,21032600.0
2009-03-04T05:00:00Z,8.574999809265137,8.704999923706055,8.395000457763672,8.555000305175781,17242400.0
2009-03-05T05:00:00Z,8.364999771118164,8.510000228881836,8.114999771118164,8.154999732971191,21704600.0
2009-03-06T05:00:00Z,8.34000015258789,8.34000015258789,7.925000190734863,8.15999984741211,22140800.0
2009-03-09T04:00:00Z,8.024999618530273,8.295000076293945,7.980000019073486,8.055000305175781,10268200.0
2009-03-10T04:00:00Z,8.100000381469727,8.609999656677246,8.100000381469727,8.550000190734863,15933400.0
2009-03-11T04:00:00Z,8.699999809265137,8.8100004196167,8.5649995803833,8.6850004196167,12135200.0
2009-03-12T04:00:00Z,8.614999771118164,9.0600004196167,8.555000305175781,9.005000114440918,14046600.0
2009-03-13T04:00:00Z,9.28499984741211,9.329999923706055,8.914999961853027,9.109999656677246,8764600.0
2009-03-16T04:00:00Z,9.204999923706055,9.244999885559082,8.895000457763672,8.895000457763672,9447400.0
2009-03-17T04:00:00Z,8.925000190734863,9.329999923706055,8.925000190734863,9.324999809265137,13877400.0
2009-03-18T04:00:00Z,9.345000267028809,9.779999732971191,9.265000343322754,9.619999885559082,16071000.0
2009-03-19T04:00:00Z,9.744999885559082,9.744999885559082,9.449999809265137,9.515000343322754,19638800.0
2009-03-20T04:00:00Z,9.484999656677246,9.53499984741211,9.145000457763672,9.274999618530273,13131800.0
2009-03-23T04:00:00Z,9.520000457763672,9.9399995803833,9.369999885559082,9.930000305175781,18763000.0
2009-03-24T04:00:00Z,9.84000015258789,9.970000267028809,9.75,9.800000190734863,20254200.0
2009-03-25T04:00:00Z,9.824999809265137,10.119999885559082,9.595000267028809,9.869999885559082,13475800.0
2009-03-26T04:00:00Z,10.055000305175781,10.34000015258789,10.020000457763672,10.324999809265137,21169600.0
2009-03-27T04:00:00Z,10.164999961853027,10.204999923706055,10.0,10.050000190734863,18545600.0
2009-03-30T04:00:00Z,9.789999961853027,9.864999771118164,9.614999771118164,9.75,13073000.0
2009-03-31T04:00:00Z,9.824999809265137,9.979999542236328,9.670000076293945,9.824999809265137,9363800.0
2009-04-01T04:00:00Z,10.010000228881836,10.154999732971191,9.555000305175781,10.005000114440918,18910600.0
2009-04-02T04:00:00Z,10.199999809265137,10.699999809265137,10.149999618530273,10.555000305175781,21994400.0
2009-04-03T04:00:00Z,10.635000228881836,10.71500015258789,10.454999923706055,10.694999694824219,9907200.0
2009-04-06T04:00:00Z,10.65999984741211,10.704999923706055,10.454999923706055,10.545000076293945,9282600.0
2009-04-07T04:00:00Z,10.420000076293945,10.444999694824219,10.21500015258789,10.234999656677246,8640200.0
2009-04-08T04:00:00Z,10.395000457763672,10.5649995803833,10.335000038146973,10.524999618530273,6695600.0
2009-04-09T04:00:00Z,10.875,11.020000457763672,10.744999885559082,10.954999923706055,17708400.0
2009-04-13T04:00:00Z,10.850000381469727,11.020000457763672,10.734999656677246,10.960000038146973,6964800.0
2009-04-14T04:00:00Z,10.880000114440918,10.880000114440918,10.645000457763672,10.71500015258789,8881800.0
2009-04-15T04:00:00Z,10.65999984741211,10.78499984741211,10.574999809265137,10.75,12670000.0
2009-04-16T04:00:00Z,10.779999732971191,11.210000038146973,10.779999732971191,11.125,15867200.0
2009-04-17T04:00:00Z,11.319999694824219,11.34000015258789,11.100000381469727,11.260000228881836,17246200.0
2009-04-20T04:00:00Z,11.1899995803833,11.1899995803833,10.75,10.829999923706055,11581000.0
2009-04-21T04:00:00Z,10.789999961853027,11.069999694824219,10.75,11.010000228881836,5932400.0
2009-04-22T04:00:00Z,10.96500015258789,11.385000228881836,10.885000228881836,11.119999885559082,13732800.0
2009-04-23T04:00:00Z,11.204999923706055,11.279999732971191,10.9399995803833,11.119999885559082,19810800.0
2009-04-24T04:00:00Z,11.25,11.5649995803833,11.175000190734863,11.395000457763672,11557400.0
2009-04-27T04:00:00Z,11.289999961853027,11.4399995803833,11.135000228881836,11.244999885559082,24423200.0
2009-04-28T04:00:00Z,11.130000114440918,11.420000076293945,11.079999923706055,11.244999885559082,18090800.0
2009-04-29T04:00:00Z,11.375,11.6899995803833,11.34000015258789,11.449999809265137,20318400.0
2009-04-30T04:00:00Z,11.789999961853027,11.9350004196167,11.619999885559082,11.645000457763672,19703400.0
2009-05-01T04:00:00Z,11.704999923706055,11.720000267028809,11.484999656677246,11.59000015258789,11795000.0
2009-05-04T04:00:00Z,11.725000381469727,11.989999771118164,11.645000457763672,11.96500015258789,14346800.0
2009-05-05T04:00:00Z,12.119999885559082,12.119999885559082,11.829999923706055,11.960000038146973,18849600.0
2009-05-06T04:00:00Z,12.164999961853027,12.175000190734863,11.859999656677246,12.085000038146973,15520000.0
2009-05-07T04:00:00Z,12.265000343322754,12.300000190734863,11.765000343322754,11.819999694824219,22189000.0
2009-05-08T04:00:00Z,12.03499984741211,12.119999885559082,11.75,11.994999885559082,16368400.0
2009-05-11T04:00:00Z,11.800000190734863,11.890000343322754,11.649999618530273,11.78499984741211,13104000.0
2009-05-12T04:00:00Z,11.869999885559082,11.869999885559082,11.335000038146973,11.53499984741211,25952800.0
2009-05-13T04:00:00Z,11.324999809265137,11.324999809265137,11.085000038146973,11.130000114440918,17772600.0
2009-05-14T04:00:00Z,11.164999961853027,11.369999885559082,11.0600004196167,11.145000457763672,18903600.0
2009-05-15T04:00:00Z,11.130000114440918,11.399999618530273,11.0649995803833,11.0649995803833,15597200.0
2009-05-18T04:00:00Z,11.25,11.609999656677246,11.145000457763672,11.609999656677246,12567600.0
2009-05-19T04:00:00Z,11.654999732971191,11.739999771118164,11.475000381469727,11.5649995803833,31602600.0
2009-05-20T04:00:00Z,11.625,11.850000381469727,11.399999618530273,11.4399995803833,26767200.0
2009-05-21T04:00:00Z,11.295000076293945,11.385000228881836,11.085000038146973,11.170000076293945,23486600.0
2009-05-22T04:00:00Z,11.270000457763672,11.369999885559082,11.074999809265137,11.289999961853027,14725000.0
2009-05-26T04:00:00Z,11.194999694824219,11.704999923706055,11.055000305175781,11.670000076293945,22097200.0
2009-05-27T04:00:00Z,11.625,11.739999771118164,11.364999771118164,11.414999961853027,15550200.0
2009-05-28T04:00:00Z,11.545000076293945,11.569999694824219,11.175000190734863,11.369999885559082,10764200.0
2009-05-29T04:00:00Z,11.449999809265137,11.59000015258789,11.300000190734863,11.5600004196167,8702000.0
2009-06-01T04:00:00Z,11.770000457763672,12.130000114440918,11.640000343322754,12.114999771118164,23066000.0
2009-06-02T04:00:00Z,12.055000305175781,12.265000343322754,12.010000228881836,12.21500015258789,14580200.0
2009-06-03T04:00:00Z,12.125,12.135000228881836,11.9399995803833,12.055000305175781,17432800.0
2009-06-04T04:00:00Z,12.100000381469727,12.100000381469727,11.854999542236328,12.079999923706055,9926800.0
2009-06-05T04:00:00Z,12.244999885559082,12.244999885559082,11.890000343322754,12.005000114440918,13933600.0
2009-06-08T04:00:00Z,11.880000114440918,12.1899995803833,11.789999961853027,12.114999771118164,11066200.0
2009-06-09T04:00:00Z,12.170000076293945,12.239999771118164,12.045000076293945,12.1850004196167,9908800.0
2009-06-10T04:00:00Z,12.260000228881836,12.359999656677246,11.885000228881836,12.005000114440918,25089000.0
2009-06-11T04:00:00Z,12.050000190734863,12.15999984741211,11.920000076293945,11.944999694824219,19056000.0
2009-06-12T04:00:00Z,11.824999809265137,11.960000038146973,11.71500015258789,11.930000305175781,19330800.0
2009-06-15T04:00:00Z,11.84000015258789,11.84000015258789,11.595000267028809,11.6899995803833,14769800.0
2009-06-16T04:00:00Z,11.729999542236328,11.774999618530273,11.375,11.395000457763672,18397400.0
2009-06-17T04:00:00Z,11.404999732971191,11.6850004196167,11.305000305175781,11.555000305175781,33056200.0
2009-06-18T04:00:00Z,11.574999809265137,11.614999771118164,11.399999618530273,11.520000457763672,10902200.0
2009-06-19T04:00:00Z,11.524999618530273,11.664999961853027,11.484999656677246,11.5649995803833,17844800.0
2009-06-22T04:00:00Z,11.430000305175781,11.444999694824219,11.220000267028809,11.220000267028809,20710200.0
2009-06-23T04:00:00Z,11.225000381469727,11.305000305175781,11.104999542236328,11.104999542236328,20881800.0
2009-06-24T04:00:00Z,11.25,11.395000457763672,11.145000457763672,11.170000076293945,17863600.0
2009-06-25T04:00:00Z,11.114999771118164,11.585000038146973,11.114999771118164,11.5600004196167,18089200.0
2009-06-26T04:00:00Z,11.489999771118164,11.579999923706055,11.4399995803833,11.479999542236328,9934600.0
2009-06-29T04:00:00Z,11.510000228881836,11.680000305175781,11.4399995803833,11.625,10516600.0
2009-06-30T04:00:00Z,11.604999542236328,11.725000381469727,11.460000038146973,11.539999961853027,13065800.0
2009-07-01T04:00:00Z,11.625,11.770000457763672,11.595000267028809,11.614999771118164,17795600.0
2009-07-02T04:00:00Z,11.494999885559082,11.614999771118164,11.145000457763672,11.145000457763672,18747400.0
2009-07-06T04:00:00Z,11.0600004196167,11.28499984741211,11.050000190734863,11.199999809265137,10067400.0
2009-07-07T04:00:00Z,11.225000381469727,11.225000381469727,10.895000457763672,10.899999618530273,12929800.0
2009-07-08T04:00:00Z,10.949999809265137,11.039999961853027,10.850000381469727,10.989999771118164,21558000.0
2009-07-09T04:00:00Z,11.130000114440918,11.130000114440918,10.975000381469727,11.069999694824219,11360200.0
2009-07-10T04:00:00Z,10.904999732971191,11.164999961853027,10.904999732971191,11.050000190734863,11221600.0
2009-07-13T04:00:00Z,11.024999618530273,11.255000114440918,10.90999984741211,11.229999542236328,14854800.0
2009-07-14T04:00:00Z,11.164999961853027,11.430000305175781,11.164999961853027,11.404999732971191,14317800.0
2009-07-15T04:00:00Z,11.524999618530273,11.744999885559082,11.479999542236328,11.720000267028809,15877800.0
2009-07-16T04:00:00Z,11.729999542236328,11.914999961853027,11.630000114440918,11.864999771118164,10016200.0
2009-07-17T04:00:00Z,11.869999885559082,11.899999618530273,11.795000076293945,11.885000228881836,9454400.0
2009-07-20T04:00:00Z,11.9399995803833,12.175000190734863,11.9399995803833,12.135000228881836,12344400.0
2009-07-21T04:00:00Z,12.199999809265137,12.25,11.9350004196167,12.135000228881836,14720000.0
2009-07-22T04:00:00Z,12.050000190734863,12.295000076293945,12.03499984741211,12.220000267028809,10830000.0
2009-07-23T04:00:00Z,12.220000267028809,12.604999542236328,12.140000343322754,12.505000114440918,14239400.0
2009-07-24T04:00:00Z,12.414999961853027,12.510000228881836,12.300000190734863,12.494999885559082,9072600.0
2009-07-27T04:00:00Z,12.5,12.550000190734863,12.329999923706055,12.545000076293945,7059000.0
2009-07-28T04:00:00Z,12.460000038146973,12.5600004196167,12.390000343322754,12.505000114440918,9009600.0
2009-07-29T04:00:00Z,12.470000267028809,12.59000015258789,12.345000267028809,12.4399995803833,18623000.0
2009-07-30T04:00:00Z,12.635000228881836,12.760000228881836,12.569999694824219,12.635000228881836,25589600.0
2009-07-31T04:00:00Z,12.604999542236328,12.744999885559082,12.5600004196167,12.635000228881836,10219400.0
2009-08-03T04:00:00Z,12.789999961853027,12.930000305175781,12.6899995803833,12.895000457763672,11297800.0
2009-08-04T04:00:00Z,12.859999656677246,12.994999885559082,12.805000305175781,12.949999809265137,10036800.0
2009-08-05T04:00:00Z,12.994999885559082,12.994999885559082,12.694999694824219,12.84000015258789,11530800.0
2009-08-06T04:00:00Z,13.015000343322754,13.085000038146973,12.779999732971191,12.829999923706055,9553600.0
2009-08-07T04:00:00Z,13.0,13.319999694824219,12.949999809265137,13.25,29883000.0
2009-08-10T04:00:00Z,13.239999771118164,13.244999885559082,13.010000228881836,13.130000114440918,17104200.0
2009-08-11T04:00:00Z,13.0,13.085000038146973,12.84000015258789,12.989999771118164,9612400.0
2009-08-12T04:00:00Z,13.020000457763672,13.210000038146973,12.930000305175781,13.085000038146973,11095000.0
2009-08-13T04:00:00Z,13.1899995803833,13.1899995803833,12.90999984741211,13.119999885559082,10583200.0
2009-08-14T04:00:00Z,13.095000267028809,13.149999618530273,12.824999809265137,12.9399995803833,10754400.0
2009-08-17T04:00:00Z,12.670000076293945,12.670000076293945,12.470000267028809,12.529999732971191,17594000.0
2009-08-18T04:00:00Z,12.635000228881836,12.71500015258789,12.545000076293945,12.670000076293945,11511800.0
2009-08-19T04:00:00Z,12.614999771118164,12.84000015258789,12.510000228881836,12.800000190734863,12505200.0
2009-08-20T04:00:00Z,12.854999542236328,12.944999694824219,12.765000343322754,12.895000457763672,10610800.0
2009-08-21T04:00:00Z,12.960000038146973,13.194999694824219,12.960000038146973,13.15999984741211,7617600.0
2009-08-24T04:00:00Z,13.194999694824219,13.234999656677246,13.020000457763672,13.0649995803833,9309800.0
2009-08-25T04:00:00Z,13.09000015258789,13.345000267028809,13.085000038146973,13.199999809265137,11805800.0
2009-08-26T04:00:00Z,13.1899995803833,13.375,13.135000228881836,13.274999618530273,16410400.0
2009-08-27T04:00:00Z,13.265000343322754,13.359999656677246,13.0600004196167,13.300000190734863,7793800.0
2009-08-28T04:00:00Z,13.460000038146973,13.460000038146973,13.220000267028809,13.305000305175781,10268800.0
2009-08-31T04:00:00Z,13.175000190734863,13.265000343322754,13.029999732971191,13.079999923706055,6726400.0
2009-09-01T04:00:00Z,13.010000228881836,13.274999618530273,12.8149995803833,12.845000267028809,17803600.0
2009-09-02T04:00:00Z,12.765000343322754,12.854999542236328,12.699999809265137,12.779999732971191,8633000.0
2009-09-03T04:00:00Z,12.869999885559082,12.949999809265137,12.739999771118164,12.914999961853027,9973400.0
2009-09-04T04:00:00Z,12.954999923706055,13.149999618530273,12.904999732971191,13.149999618530273,8185200.0
2009-09-08T04:00:00Z,13.270000457763672,13.300000190734863,13.170000076293945,13.265000343322754,8408400.0
2009-09-09T04:00:00Z,13.25,13.444999694824219,13.180000305175781,13.404999732971191,9239000.0
2009-09-10T04:00:00Z,13.430000305175781,13.609999656677246,13.354999542236328,13.585000038146973,6876800.0
2009-09-11T04:00:00Z,13.619999885559082,13.619999885559082,13.470000267028809,13.539999961853027,14143400.0
2009-09-14T04:00:00Z,13.479999542236328,13.625,13.385000228881836,13.585000038146973,7237000.0
2009-09-15T04:00:00Z,13.5600004196167,13.704999923706055,13.520000457763672,13.649999618530273,11094600.0
2009-09-16T04:00:00Z,13.680000305175781,13.930000305175781,13.654999732971191,13.90999984741211,8731600.0
2009-09-17T04:00:00Z,13.904999732971191,14.045000076293945,13.78499984741211,13.895000457763672,12094400.0
2009-09-18T04:00:00Z,13.895000457763672,13.975000381469727,13.829999923706055,13.899999618530273,17290000.0
2009-09-21T04:00:00Z,13.869999885559082,13.920000076293945,13.720000267028809,13.845000267028809,11242000.0
2009-09-22T04:00:00Z,13.949999809265137,13.979999542236328,13.875,13.899999618530273,13856600.0
2009-09-23T04:00:00Z,13.96500015258789,13.970000267028809,13.699999809265137,13.699999809265137,14984000.0
2009-09-24T04:00:00Z,13.770000457763672,13.800000190734863,13.489999771118164,13.569999694824219,17241800.0
2009-09-25T04:00:00Z,13.529999732971191,13.614999771118164,13.425000190734863,13.489999771118164,14831200.0
2009-09-28T04:00:00Z,13.555000305175781,13.789999961853027,13.489999771118164,13.744999885559082,13848800.0
2009-09-29T04:00:00Z,13.765000343322754,13.899999618530273,13.710000038146973,13.8100004196167,12521000.0
2009-09-30T04:00:00Z,13.875,13.875,13.555000305175781,13.734999656677246,14544800.0
2009-10-01T04:00:00Z,13.699999809265137,13.699999809265137,13.375,13.4350004196167,11569400.0
2009-10-02T04:00:00Z,13.279999732971191,13.359999656677246,13.229999542236328,13.265000343322754,11790400.0
2009-10-05T04:00:00Z,13.3100004196167,13.529999732971191,13.274999618530273,13.470000267028809,10168400.0
2009-10-06T04:00:00Z,13.5600004196167,13.78499984741211,13.520000457763672,13.675000190734863,9306000.0
2009-10-07T04:00:00Z,13.649999618530273,13.755000114440918,13.604999542236328,13.6850004196167,8206000.0
2009-10-08T04:00:00Z,13.760000228881836,14.010000228881836,13.744999885559082,13.904999732971191,8780800.0
2009-10-09T04:00:00Z,13.90999984741211,13.920000076293945,13.805000305175781,13.899999618530273,6095800.0
2009-10-12T04:00:00Z,13.989999771118164,14.0649995803833,13.885000228881836,13.970000267028809,5555400.0
2009-10-13T04:00:00Z,13.920000076293945,14.045000076293945,13.890000343322754,13.994999885559082,7823400.0
2009-10-14T04:00:00Z,14.15999984741211,14.234999656677246,14.079999923706055,14.170000076293945,12479000.0
2009-10-15T04:00:00Z,14.109999656677246,14.229999542236328,14.079999923706055,14.1899995803833,7381200.0
2009-10-16T04:00:00Z,14.095000267028809,14.194999694824219,13.984999656677246,14.164999961853027,8433800.0
2009-10-19T04:00:00Z,14.199999809265137,14.385000228881836,14.135000228881836,14.324999809265137,8006000.0
2009-10-20T04:00:00Z,14.324999809265137,14.335000038146973,14.095000267028809,14.180000305175781,9744200.0
2009-10-21T04:00:00Z,14.15999984741211,14.369999885559082,13.960000038146973,13.994999885559082,13986800.0
2009-10-22T04:00:00Z,14.0,14.270000457763672,13.925000190734863,14.180000305175781,15245600.0
2009-10-23T04:00:00Z,14.319999694824219,14.354999542236328,14.055000305175781,14.125,10802200.0
2009-10-26T04:00:00Z,14.095000267028809,14.364999771118164,13.975000381469727,14.039999961853027,16880000.0
2009-10-27T04:00:00Z,14.029999732971191,14.055000305175781,13.729999542236328,13.800000190734863,22433600.0
2009-10-28T04:00:00Z,13.734999656677246,13.789999961853027,13.385000228881836,13.40999984741211,15974400.0
2009-10-29T04:00:00Z,13.59000015258789,13.8100004196167,13.515000343322754,13.770000457763672,18201600.0
2009-10-30T04:00:00Z,13.739999771118164,13.845000267028809,13.369999885559082,13.40999984741211,26614200.0
2009-11-02T05:00:00Z,13.40999984741211,13.670000076293945,13.3100004196167,13.539999961853027,22309000.0
2009-11-03T05:00:00Z,13.404999732971191,13.600000381469727,13.369999885559082,13.550000190734863,20694200.0
2009-11-04T05:00:00Z,13.65999984741211,13.779999732971191,13.515000343322754,13.555000305175781,19444400.0
2009-11-05T05:00:00Z,13.619999885559082,13.949999809265137,13.604999542236328,13.925000190734863,16824800.0
2009-11-06T05:00:00Z,13.920000076293945,14.0649995803833,13.819999694824219,14.050000190734863,7352000.0
2009-11-09T05:00:00Z,14.154999732971191,14.359999656677246,14.100000381469727,14.354999542236328,16747200.0
2009-11-10T05:00:00Z,14.289999961853027,14.4350004196167,14.25,14.404999732971191,12973800.0
2009-11-11T05:00:00Z,14.5,14.545000076293945,14.345000267028809,14.420000076293945,16492600.0
2009-11-12T05:00:00Z,14.425000190734863,14.520000457763672,14.239999771118164,14.260000228881836,12840400.0
2009-11-13T05:00:00Z,14.295000076293945,14.520000457763672,14.295000076293945,14.510000228881836,21015800.0
2009-11-16T05:00:00Z,14.619999885559082,14.774999618530273,14.550000190734863,14.744999885559082,19988000.0
2009-11-17T05:00:00Z,14.699999809265137,14.699999809265137,14.479999542236328,14.625,13646000.0
2009-11-18T05:00:00Z,14.614999771118164,14.630000114440918,14.484999656677246,14.585000038146973,9624200.0
2009-11-19T05:00:00Z,14.520000457763672,14.574999809265137,14.270000457763672,14.420000076293945,13654000.0
2009-11-20T05:00:00Z,14.319999694824219,14.4399995803833,14.260000228881836,14.345000267028809,10892600.0
2009-11-23T05:00:00Z,14.449999809265137,14.619999885559082,14.40999984741211,14.470000267028809,19581800.0
2009-11-24T05:00:00Z,14.454999923706055,14.5,14.359999656677246,14.454999923706055,12832800.0
2009-11-25T05:00:00Z,14.505000114440918,14.595000267028809,14.454999923706055,14.595000267028809,11759600.0
2009-11-27T05:00:00Z,14.28499984741211,14.484999656677246,14.145000457763672,14.3100004196167,12747800.0
2009-11-30T05:00:00Z,14.359999656677246,14.390000343322754,14.1850004196167,14.3100004196167,17821800.0
2009-12-01T05:00:00Z,14.4350004196167,14.600000381469727,14.430000305175781,14.53499984741211,14076800.0
2009-12-02T05:00:00Z,14.520000457763672,14.664999961853027,14.475000381469727,14.579999923706055,10860000.0
2009-12-03T05:00:00Z,14.645000457763672,14.680000305175781,14.449999809265137,14.479999542236328,14958000.0
2009-12-04T05:00:00Z,14.619999885559082,14.744999885559082,14.364999771118164,14.574999809265137,20408800.0
2009-12-07T05:00:00Z,14.59000015258789,14.710000038146973,14.550000190734863,14.619999885559082,15958600.0
2009-12-08T05:00:00Z,14.545000076293945,14.574999809265137,14.399999618530273,14.510000228881836,12372600.0
2009-12-09T05:00:00Z,14.5,14.555000305175781,14.404999732971191,14.510000228881836,10619600.0
2009-12-10T05:00:00Z,14.585000038146973,14.765000343322754,14.569999694824219,14.734999656677246,12564000.0
2009-12-11T05:00:00Z,14.824999809265137,14.890000343322754,14.760000228881836,14.880000114440918,10038000.0
2009-12-14T05:00:00Z,14.979999542236328,15.015000343322754,14.859999656677246,14.994999885559082,12050800.0
2009-12-15T05:00:00Z,14.949999809265137,15.024999618530273,14.880000114440918,14.975000381469727,9295800.0
2009-12-16T05:00:00Z,14.989999771118164,15.074999809265137,14.949999809265137,14.989999771118164,10743400.0
2009-12-17T05:00:00Z,14.914999961853027,14.914999961853027,14.78499984741211,14.8100004196167,7644400.0
2009-12-18T05:00:00Z,14.835000038146973,14.835000038146973,14.609999656677246,14.805000305175781,12803200.0
2009-12-21T05:00:00Z,14.84000015258789,15.03499984741211,14.829999923706055,14.994999885559082,11875000.0
2009-12-22T05:00:00Z,14.994999885559082,15.069999694824219,14.954999923706055,14.984999656677246,4932000.0
2009-12-23T05:00:00Z,15.03499984741211,15.079999923706055,14.90999984741211,15.079999923706055,6044200.0
2009-12-24T05:00:00Z,15.125,15.149999618530273,15.045000076293945,15.09000015258789,2310000.0
2009-12-28T05:00:00Z,15.135000228881836,15.15999984741211,15.015000343322754,15.079999923706055,5048000.0
2009-12-29T05:00:00Z,15.095000267028809,15.145000457763672,15.079999923706055,15.130000114440918,4091400.0
2009-12-30T05:00:00Z,15.095000267028809,15.114999771118164,14.989999771118164,15.024999618530273,4557000.0
2009-12-31T05:00:00Z,15.069999694824219,15.095000267028809,14.885000228881836,14.885000228881836,3240800.0
2010-01-04T05:00:00Z,14.949999809265137,15.055000305175781,14.949999809265137,15.0,10887800.0
2010-01-05T05:00:00Z,15.005000114440918,15.069999694824219,14.90999984741211,15.055000305175781,12324400.0
2010-01-06T05:00:00Z,15.045000076293945,15.109999656677246,15.010000228881836,15.074999809265137,8493800.0
2010-01-07T05:00:00Z,15.170000076293945,15.204999923706055,15.069999694824219,15.199999809265137,11473400.0
2010-01-08T05:00:00Z,15.145000457763672,15.204999923706055,15.0600004196167,15.194999694824219,12876000.0
2010-01-11T05:00:00Z,15.225000381469727,15.270000457763672,15.085000038146973,15.164999961853027,8347000.0
2010-01-12T05:00:00Z,15.074999809265137,15.109999656677246,14.90999984741211,14.970000267028809,10946800.0
2010-01-13T05:00:00Z,15.029999732971191,15.164999961853027,14.979999542236328,15.140000343322754,9231600.0
2010-01-14T05:00:00Z,15.095000267028809,15.15999984741211,15.0649995803833,15.140000343322754,11280600.0
2010-01-15T05:00:00Z,15.109999656677246,15.170000076293945,14.9399995803833,14.989999771118164,11779000.0
2010-01-19T05:00:00Z,15.0649995803833,15.1899995803833,14.930000305175781,15.1899995803833,8837000.0
2010-01-20T05:00:00Z,15.069999694824219,15.09000015258789,14.904999732971191,14.984999656677246,10056200.0
2010-01-21T05:00:00Z,14.989999771118164,15.125,14.770000457763672,14.795000076293945,13573200.0
2010-01-22T05:00:00Z,14.734999656677246,14.850000381469727,14.5,14.510000228881836,20184200.0
2010-01-25T05:00:00Z,14.604999542236328,14.649999618530273,14.489999771118164,14.585000038146973,10623200.0
2010-01-26T05:00:00Z,14.510000228881836,14.704999923706055,14.479999542236328,14.604999542236328,11013800.0
2010-01-27T05:00:00Z,14.609999656677246,14.680000305175781,14.479999542236328,14.630000114440918,14083600.0
2010-01-28T05:00:00Z,14.694999694824219,14.765000343322754,14.460000038146973,14.545000076293945,12583200.0
2010-01-29T05:00:00Z,14.579999923706055,14.744999885559082,14.444999694824219,14.454999923706055,14724400.0
2010-02-01T05:00:00Z,14.484999656677246,14.640000343322754,14.470000267028809,14.640000343322754,17754200.0
2010-02-02T05:00:00Z,14.675000190734863,14.850000381469727,14.59000015258789,14.845000267028809,10987400.0
2010-02-03T05:00:00Z,14.805000305175781,14.890000343322754,14.765000343322754,14.854999542236328,9726800.0
2010-02-04T05:00:00Z,14.734999656677246,14.770000457763672,14.420000076293945,14.425000190734863,20252400.0
2010-02-05T05:00:00Z,14.420000076293945,14.484999656677246,14.104999542236328,14.385000228881836,16607800.0
2010-02-08T05:00:00Z,14.414999961853027,14.529999732971191,14.295000076293945,14.295000076293945,12753800.0
2010-02-09T05:00:00Z,14.420000076293945,14.604999542236328,14.369999885559082,14.515000343322754,13809800.0
2010-02-10T05:00:00Z,14.529999732971191,14.53499984741211,14.329999923706055,14.454999923706055,11132600.0
2010-02-11T05:00:00Z,14.414999961853027,14.625,14.324999809265137,14.625,11655200.0
2010-02-12T05:00:00Z,14.454999923706055,14.625,14.425000190734863,14.625,12668800.0
2010-02-16T05:00:00Z,14.779999732971191,14.859999656677246,14.640000343322754,14.859999656677246,9041800.0
2010-02-17T05:00:00Z,14.925000190734863,14.979999542236328,14.84000015258789,14.979999542236328,9261600.0
2010-02-18T05:00:00Z,14.944999694824219,15.079999923706055,14.899999618530273,15.074999809265137,11835200.0
2010-02-19T05:00:00Z,15.085000038146973,15.15999984741211,15.005000114440918,15.109999656677246,11500000.0
2010-02-22T05:00:00Z,15.154999732971191,15.175000190734863,15.074999809265137,15.104999542236328,7114400.0
2010-02-23T05:00:00Z,15.074999809265137,15.15999984741211,14.96500015258789,15.015000343322754,11450600.0
2010-02-24T05:00:00Z,15.085000038146973,15.225000381469727,15.020000457763672,15.210000038146973,12672000.0
2010-02-25T05:00:00Z,14.949999809265137,15.239999771118164,14.949999809265137,15.234999656677246,11438000.0
2010-02-26T05:00:00Z,15.239999771118164,15.300000190734863,15.149999618530273,15.260000228881836,12622400.0
2010-03-01T05:00:00Z,15.335000038146973,15.510000228881836,15.289999961853027,15.5,16310200.0
2010-03-02T05:00:00Z,15.524999618530273,15.5649995803833,15.420000076293945,15.420000076293945,23871000.0
2010-03-03T05:00:00Z,15.470000267028809,15.569999694824219,15.399999618530273,15.46500015258789,10509800.0
2010-03-04T05:00:00Z,15.520000457763672,15.630000114440918,15.494999885559082,15.604999542236328,9202200.0
2010-03-05T05:00:00Z,15.720000267028809,15.9350004196167,15.65999984741211,15.895000457763672,9603200.0
2010-03-08T05:00:00Z,15.899999618530273,15.954999923706055,15.829999923706055,15.9350004196167,8996600.0
2010-03-09T05:00:00Z,15.880000114440918,15.984999656677246,15.854999542236328,15.90999984741211,11104800.0
2010-03-10T05:00:00Z,15.925000190734863,16.0,15.875,15.944999694824219,10431800.0
2010-03-11T05:00:00Z,15.885000228881836,16.059999465942383,15.864999771118164,16.059999465942383,10104200.0
2010-03-12T05:00:00Z,16.110000610351562,16.1200008392334,16.0,16.104999542236328,7273800.0
2010-03-15T04:00:00Z,16.05500030517578,16.149999618530273,15.970000267028809,16.084999084472656,9852200.0
2010-03-16T04:00:00Z,16.084999084472656,16.21500015258789,16.084999084472656,16.204999923706055,10171000.0
2010-03-17T04:00:00Z,16.290000915527344,16.31999969482422,16.209999084472656,16.28499984741211,10701000.0
2010-03-18T04:00:00Z,16.28499984741211,16.350000381469727,16.264999389648438,16.280000686645508,12632400.0
2010-03-19T04:00:00Z,16.200000762939453,16.364999771118164,16.110000610351562,16.200000762939453,9850800.0
2010-03-22T04:00:00Z,16.049999237060547,16.405000686645508,16.040000915527344,16.3700008392334,10154800.0
2010-03-23T04:00:00Z,16.415000915527344,16.46500015258789,16.274999618530273,16.434999465942383,12510400.0
2010-03-24T04:00:00Z,16.344999313354492,16.420000076293945,16.295000076293945,16.3700008392334,11658400.0
2010-03-25T04:00:00Z,16.489999771118164,16.645000457763672,16.44499969482422,16.46500015258789,11089800.0
2010-03-26T04:00:00Z,16.489999771118164,16.6299991607666,16.440000534057617,16.530000686645508,12225600.0
2010-03-29T04:00:00Z,16.614999771118164,16.625,16.479999542236328,16.55500030517578,10956800.0
2010-03-30T04:00:00Z,16.565000534057617,16.6200008392334,16.469999313354492,16.540000915527344,8300400.0
2010-03-31T04:00:00Z,16.5,16.5049991607666,16.389999389648438,16.420000076293945,16472400.0
2010-04-01T04:00:00Z,16.5049991607666,16.600000381469727,16.420000076293945,16.53499984741211,11818000.0
2010-04-05T04:00:00Z,16.600000381469727,16.75,16.53499984741211,16.735000610351562,11257600.0
2010-04-06T04:00:00Z,16.700000762939453,16.790000915527344,16.645000457763672,16.760000228881836,6830600.0
2010-04-07T04:00:00Z,16.719999313354492,16.770000457763672,16.575000762939453,16.700000762939453,9535400.0
2010-04-08T04:00:00Z,16.6200008392334,16.885000228881836,16.604999542236328,16.860000610351562,17121800.0
2010-04-09T04:00:00Z,16.889999389648438,17.0,16.790000915527344,16.985000610351562,8731200.0
2010-04-12T04:00:00Z,16.985000610351562,17.03499984741211,16.96500015258789,16.985000610351562,7615000.0
2010-04-13T04:00:00Z,16.96500015258789,17.125,16.934999465942383,17.075000762939453,11748400.0
2010-04-14T04:00:00Z,17.139999389648438,17.360000610351562,17.09000015258789,17.34000015258789,10157400.0
2010-04-15T04:00:00Z,17.309999465942383,17.44499969482422,17.28499984741211,17.415000915527344,13446600.0
2010-04-16T04:00:00Z,17.360000610351562,17.40999984741211,17.075000762939453,17.184999465942383,24210800.0
2010-04-19T04:00:00Z,17.149999618530273,17.260000228881836,16.96500015258789,17.21500015258789,18600600.0
2010-04-20T04:00:00Z,17.334999084472656,17.440000534057617,17.290000915527344,17.424999237060547,18688600.0
2010-04-21T04:00:00Z,17.424999237060547,17.53499984741211,17.354999542236328,17.5049991607666,22586400.0
2010-04-22T04:00:00Z,17.43000030517578,17.834999084472656,17.350000381469727,17.81999969482422,6724400.0
2010-04-23T04:00:00Z,17.815000534057617,17.895000457763672,17.729999542236328,17.834999084472656,12308200.0
2010-04-26T04:00:00Z,17.915000915527344,18.065000534057617,17.854999542236328,17.975000381469727,15200200.0
2010-04-27T04:00:00Z,17.954999923706055,17.954999923706055,17.405000686645508,17.454999923706055,34413600.0
2010-04-28T04:00:00Z,17.510000228881836,17.55500030517578,17.274999618530273,17.395000457763672,21214200.0
2010-04-29T04:00:00Z,17.475000381469727,17.815000534057617,17.475000381469727,17.780000686645508,16949000.0
2010-04-30T04:00:00Z,17.764999389648438,17.860000610351562,17.399999618530273,17.40999984741211,21522600.0
2010-05-03T04:00:00Z,17.4950008392334,17.844999313354492,17.450000762939453,17.760000228881836,15865200.0
2010-05-04T04:00:00Z,17.559999465942383,17.600000381469727,17.165000915527344,17.239999771118164,31579600.0
2010-05-05T04:00:00Z,17.094999313354492,17.25,16.889999389648438,16.9950008392334,52681800.0
2010-05-06T04:00:00Z,16.8700008392334,17.03499984741211,15.515000343322754,16.389999389648438,61745800.0
2010-05-07T04:00:00Z,16.31999969482422,16.565000534057617,15.8149995803833,16.09000015258789,59363800.0
2010-05-10T04:00:00Z,16.885000228881836,16.979999542236328,16.7450008392334,16.93000030517578,32851600.0
2010-05-11T04:00:00Z,16.760000228881836,17.174999237060547,16.709999084472656,16.924999237060547,25128600.0
2010-05-12T04:00:00Z,17.030000686645508,17.19499969482422,16.920000076293945,17.170000076293945,20669200.0
2010-05-13T04:00:00Z,17.1299991607666,17.165000915527344,16.770000457763672,16.78499984741211,20900600.0
2010-05-14T04:00:00Z,16.649999618530273,16.729999542236328,16.375,16.5049991607666,28417600.0
2010-05-17T04:00:00Z,16.559999465942383,16.645000457763672,16.190000534057617,16.6299991607666,26881800.0
2010-05-18T04:00:00Z,16.7450008392334,16.799999237060547,16.2450008392334,16.31999969482422,31547000.0
2010-05-19T04:00:00Z,16.21500015258789,16.364999771118164,15.930000305175781,16.219999313354492,30801800.0
2010-05-20T04:00:00Z,15.845000267028809,15.96500015258789,15.5600004196167,15.59000015258789,37065000.0
2010-05-21T04:00:00Z,15.300000190734863,15.949999809265137,15.170000076293945,15.864999771118164,39212800.0
2010-05-24T04:00:00Z,15.850000381469727,15.979999542236328,15.725000381469727,15.755000114440918,28109600.0
2010-05-25T04:00:00Z,15.385000228881836,15.914999961853027,15.239999771118164,15.914999961853027,28373400.0
2010-05-26T04:00:00Z,16.014999389648438,16.200000762939453,15.800000190734863,15.864999771118164,26672800.0
2010-05-27T04:00:00Z,16.225000381469727,16.434999465942383,16.075000762939453,16.434999465942383,21461000.0
2010-05-28T04:00:00Z,16.385000228881836,16.459999084472656,16.09000015258789,16.184999465942383,22551200.0
2010-06-01T04:00:00Z,16.075000762939453,16.315000534057617,15.9350004196167,15.9399995803833,21865800.0
2010-06-02T04:00:00Z,16.0,16.34000015258789,15.960000038146973,16.34000015258789,15747800.0
2010-06-03T04:00:00Z,16.450000762939453,16.485000610351562,16.229999542236328,16.395000457763672,15779400.0
2010-06-04T04:00:00Z,16.09000015258789,16.139999389648438,15.704999923706055,15.760000228881836,30449800.0
2010-06-07T04:00:00Z,15.770000457763672,15.904999732971191,15.460000038146973,15.460000038146973,23859800.0
2010-06-08T04:00:00Z,15.510000228881836,15.630000114440918,15.265000343322754,15.59000015258789,27551800.0
2010-06-09T04:00:00Z,15.710000038146973,15.970000267028809,15.539999961853027,15.609999656677246,24687800.0
2010-06-10T04:00:00Z,15.78499984741211,16.139999389648438,15.78499984741211,16.139999389648438,20529800.0
2010-06-11T04:00:00Z,15.914999961853027,16.155000686645508,15.885000228881836,16.125,15432000.0
2010-06-14T04:00:00Z,16.325000762939453,16.415000915527344,16.145000457763672,16.170000076293945,13794600.0
2010-06-15T04:00:00Z,16.270000457763672,16.559999465942383,16.229999542236328,16.55500030517578,13892200.0
2010-06-16T04:00:00Z,16.510000228881836,16.53499984741211,16.329999923706055,16.440000534057617,14940800.0
2010-06-17T04:00:00Z,16.459999084472656,16.485000610351562,16.190000534057617,16.34000015258789,20803000.0
2010-06-18T04:00:00Z,16.30500030517578,16.405000686645508,16.21500015258789,16.235000610351562,15347200.0
2010-06-21T04:00:00Z,16.454999923706055,16.46500015258789,16.014999389648438,16.104999542236328,17667800.0
2010-06-22T04:00:00Z,16.104999542236328,16.235000610351562,15.725000381469727,15.744999885559082,19324400.0
2010-06-23T04:00:00Z,15.75,15.864999771118164,15.585000038146973,15.734999656677246,24974600.0
2010-06-24T04:00:00Z,15.664999961853027,15.664999961853027,15.3100004196167,15.359999656677246,22128800.0
2010-06-25T04:00:00Z,15.390000343322754,15.475000381469727,15.234999656677246,15.404999732971191,24836400.0
2010-06-28T04:00:00Z,15.399999618530273,15.460000038146973,15.274999618530273,15.289999961853027,14020600.0
2010-06-29T04:00:00Z,15.104999542236328,15.104999542236328,14.645000457763672,14.744999885559082,37547600.0
2010-06-30T04:00:00Z,14.725000381469727,14.920000076293945,14.53499984741211,14.5649995803833,22985200.0
2010-07-01T04:00:00Z,14.619999885559082,14.734999656677246,14.319999694824219,14.6850004196167,31249400.0
2010-07-02T04:00:00Z,14.720000267028809,14.755000114440918,14.4399995803833,14.520000457763672,13910200.0
2010-07-06T04:00:00Z,14.65999984741211,14.84000015258789,14.380000114440918,14.520000457763672,23608600.0
2010-07-07T04:00:00Z,14.539999961853027,14.949999809265137,14.515000343322754,14.930000305175781,25911200.0
2010-07-08T04:00:00Z,15.079999923706055,15.09000015258789,14.854999542236328,15.0600004196167,15888200.0
2010-07-09T04:00:00Z,15.039999961853027,15.204999923706055,15.020000457763672,15.204999923706055,10611400.0
2010-07-12T04:00:00Z,15.125,15.270000457763672,15.074999809265137,15.225000381469727,13791400.0
2010-07-13T04:00:00Z,15.399999618530273,15.670000076293945,15.369999885559082,15.604999542236328,21130800.0
2010-07-14T04:00:00Z,15.484999656677246,15.579999923706055,15.395000457763672,15.505000114440918,16298800.0
2010-07-15T04:00:00Z,15.489999771118164,15.595000267028809,15.305000305175781,15.555000305175781,19851000.0
2010-07-16T04:00:00Z,15.46500015258789,15.5,14.984999656677246,15.010000228881836,20785000.0
2010-07-19T04:00:00Z,15.045000076293945,15.21500015258789,14.949999809265137,15.154999732971191,10422600.0
2010-07-20T04:00:00Z,14.954999923706055,15.404999732971191,14.949999809265137,15.369999885559082,21192400.0
2010-07-21T04:00:00Z,15.449999809265137,15.449999809265137,15.045000076293945,15.095000267028809,19769200.0
2010-07-22T04:00:00Z,15.260000228881836,15.630000114440918,15.260000228881836,15.550000190734863,20877200.0
2010-07-23T04:00:00Z,15.574999809265137,15.789999961853027,15.4399995803833,15.774999618530273,16531400.0
2010-07-26T04:00:00Z,15.824999809265137,16.014999389648438,15.725000381469727,16.010000228881836,18001600.0
2010-07-27T04:00:00Z,16.09000015258789,16.09000015258789,15.755000114440918,15.805000305175781,21536200.0
2010-07-28T04:00:00Z,15.779999732971191,15.869999885559082,15.625,15.694999694824219,10320200.0
2010-07-29T04:00:00Z,15.765000343322754,15.925000190734863,15.425000190734863,15.614999771118164,14975000.0
2010-07-30T04:00:00Z,15.425000190734863,15.779999732971191,15.354999542236328,15.720000267028809,15494000.0
2010-08-02T04:00:00Z,15.9399995803833,16.06999969482422,15.845000267028809,16.05500030517578,18389600.0
2010-08-03T04:00:00Z,16.030000686645508,16.030000686645508,15.744999885559082,15.8100004196167,13878800.0
2010-08-04T04:00:00Z,15.9350004196167,16.094999313354492,15.925000190734863,16.075000762939453,14175200.0
2010-08-05T04:00:00Z,15.989999771118164,16.125,15.944999694824219,16.125,12509800.0
2010-08-06T04:00:00Z,15.914999961853027,16.05500030517578,15.770000457763672,16.014999389648438,12817200.0
2010-08-09T04:00:00Z,16.15999984741211,16.204999923706055,16.09000015258789,16.170000076293945,12502600.0
2010-08-10T04:00:00Z,16.024999618530273,16.114999771118164,15.904999732971191,16.030000686645508,16105000.0
2010-08-11T04:00:00Z,15.765000343322754,15.770000457763672,15.579999923706055,15.609999656677246,15123000.0
2010-08-12T04:00:00Z,15.354999542236328,15.585000038146973,15.354999542236328,15.550000190734863,16404400.0
2010-08-13T04:00:00Z,15.46500015258789,15.529999732971191,15.364999771118164,15.375,11725800.0
2010-08-16T04:00:00Z,15.289999961853027,15.475000381469727,15.225000381469727,15.369999885559082,10934000.0
2010-08-17T04:00:00Z,15.524999618530273,15.760000228881836,15.454999923706055,15.619999885559082,11798800.0
2010-08-18T04:00:00Z,15.59000015258789,15.859999656677246,15.524999618530273,15.765000343322754,12524000.0
2010-08-19T04:00:00Z,15.664999961853027,15.720000267028809,15.369999885559082,15.460000038146973,15809000.0
2010-08-20T04:00:00Z,15.399999618530273,15.479999542236328,15.274999618530273,15.449999809265137,12997600.0
2010-08-23T04:00:00Z,15.529999732971191,15.625,15.3100004196167,15.3100004196167,12799800.0
2010-08-24T04:00:00Z,15.140000343322754,15.220000267028809,14.930000305175781,15.050000190734863,24562000.0
2010-08-25T04:00:00Z,14.9350004196167,15.28499984741211,14.899999618530273,15.204999923706055,14923200.0
2010-08-26T04:00:00Z,15.239999771118164,15.335000038146973,15.085000038146973,15.100000381469727,12548800.0
2010-08-27T04:00:00Z,15.225000381469727,15.369999885559082,14.954999923706055,15.345000267028809,21005800.0
2010-08-30T04:00:00Z,15.3149995803833,15.359999656677246,15.074999809265137,15.074999809265137,14036000.0
2010-08-31T04:00:00Z,15.015000343322754,15.21500015258789,14.949999809265137,15.095000267028809,14879800.0
2010-09-01T04:00:00Z,15.305000305175781,15.640000343322754,15.305000305175781,15.614999771118164,16659600.0
2010-09-02T04:00:00Z,15.649999618530273,15.90999984741211,15.645000457763672,15.904999732971191,19466000.0
2010-09-03T04:00:00Z,16.075000762939453,16.200000762939453,15.949999809265137,16.139999389648438,15829600.0
2010-09-07T04:00:00Z,16.045000076293945,16.075000762939453,15.850000381469727,15.880000114440918,10168400.0
2010-09-08T04:00:00Z,15.899999618530273,16.065000534057617,15.895000457763672,15.994999885559082,8764000.0
2010-09-09T04:00:00Z,16.1299991607666,16.149999618530273,15.9399995803833,16.010000228881836,10095800.0
2010-09-10T04:00:00Z,16.024999618530273,16.184999465942383,16.020000457763672,16.145000457763672,10800000.0
2010-09-13T04:00:00Z,16.315000534057617,16.360000610351562,16.219999313354492,16.34000015258789,8309400.0
2010-09-14T04:00:00Z,16.315000534057617,16.434999465942383,16.235000610351562,16.354999542236328,12989000.0
2010-09-15T04:00:00Z,16.270000457763672,16.40999984741211,16.235000610351562,16.385000228881836,11513600.0
2010-09-16T04:00:00Z,16.34000015258789,16.405000686645508,16.260000228881836,16.385000228881836,13505000.0
2010-09-17T04:00:00Z,16.405000686645508,16.440000534057617,16.299999237060547,16.375,12389000.0
2010-09-20T04:00:00Z,16.424999237060547,16.725000381469727,16.420000076293945,16.690000534057617,10259800.0
2010-09-21T04:00:00Z,16.690000534057617,16.75,16.545000076293945,16.6200008392334,26858400.0
2010-09-22T04:00:00Z,16.6200008392334,16.704999923706055,16.450000762939453,16.510000228881836,15219400.0
2010-09-23T04:00:00Z,16.360000610351562,16.635000228881836,16.329999923706055,16.424999237060547,20614400.0
2010-09-24T04:00:00Z,16.6299991607666,16.864999771118164,16.6299991607666,16.850000381469727,12136200.0
2010-09-27T04:00:00Z,16.8700008392334,16.8700008392334,16.735000610351562,16.739999771118164,20005000.0
2010-09-28T04:00:00Z,16.760000228881836,16.90999984741211,16.559999465942383,16.8700008392334,14090600.0
2010-09-29T04:00:00Z,16.844999313354492,16.854999542236328,16.704999923706055,16.75,9857600.0
2010-09-30T04:00:00Z,16.844999313354492,16.94499969482422,16.600000381469727,16.704999923706055,17187000.0
2010-10-01T04:00:00Z,16.790000915527344,16.875,16.645000457763672,16.725000381469727,15241800.0
2010-10-04T04:00:00Z,16.670000076293945,16.809999465942383,16.55500030517578,16.690000534057617,13933600.0
2010-10-05T04:00:00Z,16.8700008392334,17.079999923706055,16.834999084472656,17.040000915527344,17481800.0
2010-10-06T04:00:00Z,17.0049991607666,17.030000686645508,16.854999542236328,16.924999237060547,11143400.0
2010-10-07T04:00:00Z,17.020000457763672,17.03499984741211,16.834999084472656,17.0049991607666,9913000.0
2010-10-08T04:00:00Z,17.0049991607666,17.239999771118164,16.969999313354492,17.18000030517578,12956200.0
2010-10-11T04:00:00Z,17.204999923706055,17.2549991607666,17.139999389648438,17.184999465942383,8669200.0
2010-10-12T04:00:00Z,17.149999618530273,17.270000457763672,17.020000457763672,17.225000381469727,9951000.0
2010-10-13T04:00:00Z,17.30500030517578,17.385000228881836,17.219999313354492,17.25,11864200.0
2010-10-14T04:00:00Z,17.25,17.325000762939453,17.1200008392334,17.229999542236328,9326800.0
2010-10-15T04:00:00Z,17.329999923706055,17.364999771118164,17.145000457763672,17.354999542236328,15719000.0
2010-10-18T04:00:00Z,17.344999313354492,17.3799991607666,17.229999542236328,17.3799991607666,13282400.0
2010-10-19T04:00:00Z,17.18000030517578,17.2450008392334,16.969999313354492,17.065000534057617,21151200.0
2010-10-20T04:00:00Z,17.1299991607666,17.354999542236328,17.100000381469727,17.28499984741211,14070200.0
2010-10-21T04:00:00Z,17.3700008392334,17.59000015258789,17.25,17.385000228881836,21472000.0
2010-10-22T04:00:00Z,17.350000381469727,17.4950008392334,17.334999084472656,17.479999542236328,8842600.0
2010-10-25T04:00:00Z,17.59000015258789,17.7450008392334,17.56999969482422,17.59000015258789,12575800.0
2010-10-26T04:00:00Z,17.489999771118164,17.725000381469727,17.44499969482422,17.665000915527344,12431600.0
2010-10-27T04:00:00Z,17.530000686645508,17.59000015258789,17.389999389648438,17.55500030517578,12865800.0
2010-10-28T04:00:00Z,17.655000686645508,17.690000534057617,17.520000457763672,17.635000228881836,15479000.0
2010-10-29T04:00:00Z,17.635000228881836,17.68000030517578,17.55500030517578,17.6299991607666,13511000.0
2010-11-01T04:00:00Z,17.665000915527344,17.790000915527344,17.510000228881836,17.594999313354492,13170400.0
2010-11-02T04:00:00Z,17.7450008392334,17.864999771118164,17.690000534057617,17.795000076293945,14582600.0
2010-11-03T04:00:00Z,17.860000610351562,17.889999389648438,17.604999542236328,17.885000228881836,16252200.0
2010-11-04T04:00:00Z,18.079999923706055,18.184999465942383,18.075000762939453,18.165000915527344,18210200.0
2010-11-05T04:00:00Z,18.184999465942383,18.299999237060547,18.15999984741211,18.2549991607666,13729200.0
2010-11-08T05:00:00Z,18.104999542236328,18.2450008392334,18.075000762939453,18.225000381469727,6390000.0
2010-11-09T05:00:00Z,18.274999618530273,18.28499984741211,17.979999542236328,18.059999465942383,9539800.0
2010-11-10T05:00:00Z,18.09000015258789,18.219999313354492,17.979999542236328,18.219999313354492,13875400.0
2010-11-11T05:00:00Z,18.06999969482422,18.30500030517578,18.040000915527344,18.19499969482422,30785400.0
2010-11-12T05:00:00Z,18.110000610351562,18.239999771118164,17.920000076293945,18.0049991607666,19690600.0
2010-11-15T05:00:00Z,18.06999969482422,18.149999618530273,17.950000762939453,17.969999313354492,11610800.0
2010-11-16T05:00:00Z,17.825000762939453,18.040000915527344,17.65999984741211,17.725000381469727,34991200.0
2010-11-17T05:00:00Z,17.7549991607666,17.915000915527344,17.75,17.8799991607666,18684200.0
2010-11-18T05:00:00Z,18.049999237060547,18.18000030517578,18.0049991607666,18.03499984741211,20116400.0
2010-11-19T05:00:00Z,17.96500015258789,18.1299991607666,17.915000915527344,18.1200008392334,13373000.0
2010-11-22T05:00:00Z,18.065000534057617,18.21500015258789,17.9950008392334,18.204999923706055,13599800.0
2010-11-23T05:00:00Z,18.0,18.03499984741211,17.864999771118164,17.934999465942383,19872600.0
2010-11-24T05:00:00Z,18.075000762939453,18.30500030517578,18.075000762939453,18.30500030517578,18699800.0
2010-11-26T05:00:00Z,18.174999237060547,18.264999389648438,18.135000228881836,18.155000686645508,5781400.0
2010-11-29T05:00:00Z,18.104999542236328,18.165000915527344,17.905000686645508,18.114999771118164,16357400.0
2010-11-30T05:00:00Z,17.934999465942383,18.19499969482422,17.885000228881836,18.075000762939453,22782400.0
2010-12-01T05:00:00Z,18.31999969482422,18.530000686645508,18.309999465942383,18.459999084472656,17291000.0
2010-12-02T05:00:00Z,18.485000610351562,18.71500015258789,18.46500015258789,18.700000762939453,14392400.0
2010-12-03T05:00:00Z,18.6299991607666,18.75,18.559999465942383,18.709999084472656,13418200.0
2010-12-06T05:00:00Z,18.69499969482422,18.770000457763672,18.645000457763672,18.729999542236328,20307200.0
2010-12-07T05:00:00Z,18.924999237060547,18.940000534057617,18.704999923706055,18.739999771118164,14517400.0
2010-12-08T05:00:00Z,18.7450008392334,18.770000457763672,18.594999313354492,18.690000534057617,11641200.0
2010-12-09T05:00:00Z,18.815000534057617,18.854999542236328,18.674999237060547,18.71500015258789,8637600.0
2010-12-10T05:00:00Z,18.760000228881836,18.809999465942383,18.690000534057617,18.780000686645508,8656400.0
2010-12-13T05:00:00Z,18.889999389648438,18.889999389648438,18.68000030517578,18.690000534057617,9095200.0
2010-12-14T05:00:00Z,18.71500015258789,18.780000686645508,18.635000228881836,18.684999465942383,8645600.0
2010-12-15T05:00:00Z,18.65999984741211,18.764999389648438,18.575000762939453,18.625,7886800.0
2010-12-16T05:00:00Z,18.655000686645508,18.770000457763672,18.579999923706055,18.760000228881836,8970800.0
2010-12-17T05:00:00Z,18.600000381469727,18.69499969482422,18.594999313354492,18.68000030517578,9792400.0
2010-12-20T05:00:00Z,18.739999771118164,18.825000762939453,18.639999389648438,18.790000915527344,8601200.0
2010-12-21T05:00:00Z,18.860000610351562,18.899999618530273,18.78499984741211,18.8700008392334,8971400.0
2010-12-22T05:00:00Z,18.889999389648438,18.93000030517578,18.860000610351562,18.895000457763672,6604200.0
2010-12-23T05:00:00Z,18.895000457763672,18.905000686645508,18.760000228881836,18.815000534057617,4577800.0
2010-12-27T05:00:00Z,18.75,18.790000915527344,18.65999984741211,18.760000228881836,6736600.0
2010-12-28T05:00:00Z,18.799999237060547,18.799999237060547,18.645000457763672,18.719999313354492,6113800.0
2010-12-29T05:00:00Z,18.774999618530273,18.850000381469727,18.75,18.780000686645508,3734800.0
2010-12-30T05:00:00Z,18.7549991607666,18.795000076293945,18.709999084472656,18.7450008392334,5904400.0
2010-12-31T05:00:00Z,18.735000610351562,18.739999771118164,18.645000457763672,18.704999923706055,4425200.0
2011-01-03T05:00:00Z,18.854999542236328,19.030000686645508,18.834999084472656,18.924999237060547,8508400.0
2011-01-04T05:00:00Z,18.969999313354492,18.9950008392334,18.719999313354492,18.81999969482422,7314800.0
2011-01-05T05:00:00Z,18.735000610351562,18.985000610351562,18.735000610351562,18.975000381469727,12311200.0
2011-01-06T05:00:00Z,18.940000534057617,18.940000534057617,18.815000534057617,18.860000610351562,7382200.0
2011-01-07T05:00:00Z,18.889999389648438,18.94499969482422,18.690000534057617,18.850000381469727,10834800.0
2011-01-10T05:00:00Z,18.760000228881836,18.8799991607666,18.670000076293945,18.834999084472656,9125000.0
2011-01-11T05:00:00Z,18.969999313354492,18.969999313354492,18.774999618530273,18.829999923706055,6302800.0
2011-01-12T05:00:00Z,18.93000030517578,18.950000762939453,18.829999923706055,18.875,41989200.0
2011-01-13T05:00:00Z,18.875,18.90999984741211,18.795000076293945,18.844999313354492,9280400.0
2011-01-14T05:00:00Z,18.809999465942383,18.975000381469727,18.78499984741211,18.959999084472656,9176400.0
2011-01-18T05:00:00Z,19.010000228881836,19.045000076293945,18.959999084472656,19.014999389648438,8026800.0
2011-01-19T05:00:00Z,18.979999542236328,19.030000686645508,18.780000686645508,18.825000762939453,12632000.0
2011-01-20T05:00:00Z,18.780000686645508,18.934999465942383,18.760000228881836,18.864999771118164,13397600.0
2011-01-21T05:00:00Z,19.014999389648438,19.040000915527344,18.8700008392334,18.90999984741211,8574000.0
2011-01-24T05:00:00Z,18.905000686645508,19.010000228881836,18.81999969482422,18.985000610351562,9685000.0
2011-01-25T05:00:00Z,18.924999237060547,19.010000228881836,18.825000762939453,18.9950008392334,11426600.0
2011-01-26T05:00:00Z,19.05500030517578,19.135000228881836,18.959999084472656,19.024999618530273,9719000.0
2011-01-27T05:00:00Z,19.110000610351562,19.204999923706055,19.049999237060547,19.174999237060547,8722000.0
2011-01-28T05:00:00Z,19.049999237060547,19.06999969482422,18.514999389648438,18.549999237060547,22204600.0
2011-01-31T05:00:00Z,18.6200008392334,18.684999465942383,18.524999618530273,18.59000015258789,9879400.0
2011-02-01T05:00:00Z,18.709999084472656,18.84000015258789,18.645000457763672,18.809999465942383,9688600.0
2011-02-02T05:00:00Z,18.770000457763672,18.809999465942383,18.700000762939453,18.7549991607666,8011200.0
2011-02-03T05:00:00Z,18.815000534057617,19.0049991607666,18.790000915527344,18.975000381469727,11030800.0
2011-02-04T05:00:00Z,18.989999771118164,19.1200008392334,18.94499969482422,19.104999542236328,9752000.0
2011-02-07T05:00:00Z,19.139999389648438,19.295000076293945,19.094999313354492,19.204999923706055,8280400.0
2011-02-08T05:00:00Z,19.219999313354492,19.450000762939453,19.219999313354492,19.434999465942383,11486000.0
2011-02-09T05:00:00Z,19.434999465942383,19.6200008392334,19.434999465942383,19.565000534057617,11511600.0
2011-02-10T05:00:00Z,19.4950008392334,19.614999771118164,19.440000534057617,19.59000015258789,9016800.0
2011-02-11T05:00:00Z,19.545000076293945,19.809999465942383,19.479999542236328,19.790000915527344,10310600.0
2011-02-14T05:00:00Z,19.760000228881836,19.760000228881836,19.635000228881836,19.709999084472656,7055200.0
2011-02-15T05:00:00Z,19.635000228881836,19.7549991607666,19.594999313354492,19.735000610351562,6031600.0
2011-02-16T05:00:00Z,19.844999313354492,19.90999984741211,19.770000457763672,19.895000457763672,9252800.0
2011-02-17T05:00:00Z,19.825000762939453,19.950000762939453,19.764999389648438,19.899999618530273,6606800.0
2011-02-18T05:00:00Z,19.899999618530273,20.010000228881836,19.864999771118164,20.0049991607666,7377800.0
2011-02-22T05:00:00Z,19.780000686645508,19.834999084472656,19.469999313354492,19.524999618530273,15399400.0
2011-02-23T05:00:00Z,19.540000915527344,19.604999542236328,19.049999237060547,19.239999771118164,17915800.0
2011-02-24T05:00:00Z,19.270000457763672,19.395000457763672,19.100000381469727,19.354999542236328,18894400.0
2011-02-25T05:00:00Z,19.479999542236328,19.604999542236328,19.420000076293945,19.55500030517578,8581200.0
2011-02-28T05:00:00Z,19.59000015258789,19.704999923706055,19.549999237060547,19.704999923706055,9762800.0
2011-03-01T05:00:00Z,19.735000610351562,19.790000915527344,19.30500030517578,19.329999923706055,20081600.0
2011-03-02T05:00:00Z,19.290000915527344,19.479999542236328,19.274999618530273,19.405000686645508,14813400.0
2011-03-03T05:00:00Z,19.6200008392334,19.774999618530273,19.565000534057617,19.75,15178200.0
2011-03-04T05:00:00Z,19.719999313354492,19.764999389648438,19.440000534057617,19.604999542236328,16378400.0
2011-03-07T05:00:00Z,19.614999771118164,19.725000381469727,19.299999237060547,19.40999984741211,16608200.0
2011-03-08T05:00:00Z,19.420000076293945,19.6200008392334,19.31999969482422,19.565000534057617,10753600.0
2011-03-09T05:00:00Z,19.524999618530273,19.65999984741211,19.424999237060547,19.610000610351562,13902400.0
2011-03-10T05:00:00Z,19.385000228881836,19.540000915527344,19.299999237060547,19.385000228881836,19229000.0
2011-03-11T05:00:00Z,19.309999465942383,19.575000762939453,19.2549991607666,19.5049991607666,21319000.0
2011-03-14T04:00:00Z,19.350000381469727,19.415000915527344,19.100000381469727,19.264999389648438,13307000.0
2011-03-15T04:00:00Z,18.829999923706055,19.229999542236328,18.7450008392334,19.104999542236328,14972600.0
2011-03-16T04:00:00Z,18.989999771118164,19.104999542236328,18.690000534057617,18.780000686645508,19049600.0
2011-03-17T04:00:00Z,19.024999618530273,19.09000015258789,18.844999313354492,18.864999771118164,12396200.0
2011-03-18T04:00:00Z,19.0,19.010000228881836,18.764999389648438,18.790000915527344,35608200.0
2011-03-21T04:00:00Z,19.030000686645508,19.114999771118164,18.969999313354492,19.079999923706055,26727400.0
2011-03-22T04:00:00Z,19.06999969482422,19.094999313354492,18.920000076293945,18.93000030517578,13460600.0
2011-03-23T04:00:00Z,18.885000228881836,19.145000457763672,18.760000228881836,19.094999313354492,14919800.0
2011-03-24T04:00:00Z,19.184999465942383,19.43000030517578,19.174999237060547,19.375,10029200.0
2011-03-25T04:00:00Z,19.440000534057617,19.540000915527344,19.3700008392334,19.40999984741211,7081400.0
2011-03-28T04:00:00Z,19.46500015258789,19.46500015258789,19.204999923706055,19.209999084472656,19556000.0
2011-03-29T04:00:00Z,19.204999923706055,19.389999389648438,19.170000076293945,19.385000228881836,12230000.0
2011-03-30T04:00:00Z,19.510000228881836,19.625,19.450000762939453,19.594999313354492,14049400.0
2011-03-31T04:00:00Z,19.530000686645508,19.565000534057617,19.415000915527344,19.524999618530273,11099600.0
2011-04-01T04:00:00Z,19.645000457763672,19.790000915527344,19.56999969482422,19.649999618530273,12049200.0
2011-04-04T04:00:00Z,19.700000762939453,19.7549991607666,19.6299991607666,19.69499969482422,5774400.0
2011-04-05T04:00:00Z,19.625,19.860000610351562,19.625,19.760000228881836,8023200.0
2011-04-06T04:00:00Z,19.84000015258789,19.899999618530273,19.6299991607666,19.725000381469727,14635000.0
2011-04-07T04:00:00Z,19.665000915527344,19.774999618530273,19.514999389648438,19.645000457763672,19789400.0
2011-04-08T04:00:00Z,19.729999542236328,19.739999771118164,19.434999465942383,19.530000686645508,17011600.0
2011-04-11T04:00:00Z,19.545000076293945,19.649999618530273,19.459999084472656,19.53499984741211,9573400.0
2011-04-12T04:00:00Z,19.43000030517578,19.56999969482422,19.395000457763672,19.510000228881836,17972600.0
2011-04-13T04:00:00Z,19.600000381469727,19.625,19.424999237060547,19.575000762939453,16133200.0
2011-04-14T04:00:00Z,19.450000762939453,19.559999465942383,19.350000381469727,19.530000686645508,8229400.0
2011-04-15T04:00:00Z,19.559999465942383,19.684999465942383,19.5049991607666,19.625,12910200.0
2011-04-18T04:00:00Z,19.415000915527344,19.479999542236328,19.229999542236328,19.450000762939453,17991600.0
2011-04-19T04:00:00Z,19.44499969482422,19.514999389648438,19.3700008392334,19.4950008392334,8930200.0
2011-04-20T04:00:00Z,19.770000457763672,19.920000076293945,19.75,19.844999313354492,17215000.0
2011-04-21T04:00:00Z,19.924999237060547,19.975000381469727,19.825000762939453,19.954999923706055,8625200.0
2011-04-25T04:00:00Z,19.96500015258789,19.975000381469727,19.8700008392334,19.934999465942383,8422400.0
2011-04-26T04:00:00Z,19.975000381469727,20.05500030517578,19.920000076293945,19.969999313354492,14000000.0
2011-04-27T04:00:00Z,20.030000686645508,20.239999771118164,20.020000457763672,20.209999084472656,12916000.0
2011-04-28T04:00:00Z,20.170000076293945,20.325000762939453,20.170000076293945,20.290000915527344,12118200.0
2011-04-29T04:00:00Z,20.30500030517578,20.360000610351562,20.25,20.274999618530273,20800000.0
2011-05-02T04:00:00Z,20.354999542236328,20.510000228881836,20.315000534057617,20.344999313354492,18676800.0
2011-05-03T04:00:00Z,20.329999923706055,20.3700008392334,20.139999389648438,20.229999542236328,13279600.0
2011-05-04T04:00:00Z,20.2549991607666,20.329999923706055,20.024999618530273,20.184999465942383,21531400.0
2011-05-05T04:00:00Z,20.03499984741211,20.31999969482422,20.010000228881836,20.1299991607666,16200000.0
2011-05-06T04:00:00Z,20.405000686645508,20.405000686645508,20.09000015258789,20.145000457763672,11709800.0
2011-05-09T04:00:00Z,20.149999618530273,20.25,20.09000015258789,20.170000076293945,8551200.0
2011-05-10T04:00:00Z,20.225000381469727,20.46500015258789,20.21500015258789,20.43000030517578,10063200.0
2011-05-11T04:00:00Z,20.415000915527344,20.415000915527344,20.1299991607666,20.235000610351562,9847400.0
2011-05-12T04:00:00Z,20.190000534057617,20.440000534057617,20.135000228881836,20.434999465942383,15400000.0
2011-05-13T04:00:00Z,20.450000762939453,20.475000381469727,20.229999542236328,20.280000686645508,10376800.0
2011-05-16T04:00:00Z,20.19499969482422,20.229999542236328,19.96500015258789,20.010000228881836,17553600.0
2011-05-17T04:00:00Z,19.950000762939453,20.079999923706055,19.885000228881836,20.030000686645508,32679000.0
2011-05-18T04:00:00Z,20.045000076293945,20.274999618530273,19.975000381469727,20.264999389648438,12817400.0
2011-05-19T04:00:00Z,20.325000762939453,20.344999313354492,20.204999923706055,20.329999923706055,8554200.0
2011-05-20T04:00:00Z,20.2450008392334,20.309999465942383,20.045000076293945,20.135000228881836,12816400.0
2011-05-23T04:00:00Z,19.889999389648438,20.03499984741211,19.854999542236328,19.94499969482422,10800000.0
2011-05-24T04:00:00Z,20.020000457763672,20.020000457763672,19.81999969482422,19.844999313354492,9649200.0
2011-05-25T04:00:00Z,19.780000686645508,19.934999465942383,19.71500015258789,19.850000381469727,11294800.0
2011-05-26T04:00:00Z,19.84000015258789,20.06999969482422,19.815000534057617,20.030000686645508,13351200.0
2011-05-27T04:00:00Z,20.05500030517578,20.149999618530273,20.020000457763672,20.079999923706055,8530400.0
2011-05-31T04:00:00Z,20.270000457763672,20.270000457763672,20.1200008392334,20.219999313354492,11977400.0
2011-06-01T04:00:00Z,20.145000457763672,20.18000030517578,19.7450008392334,19.760000228881836,25268600.0
2011-06-02T04:00:00Z,19.770000457763672,19.844999313354492,19.604999542236328,19.71500015258789,15816400.0
2011-06-03T04:00:00Z,19.459999084472656,19.6200008392334,19.420000076293945,19.459999084472656,14524400.0
2011-06-06T04:00:00Z,19.420000076293945,19.4950008392334,19.25,19.2549991607666,10386200.0
2011-06-07T04:00:00Z,19.385000228881836,19.485000610351562,19.274999618530273,19.274999618530273,10020200.0
2011-06-08T04:00:00Z,19.270000457763672,19.28499984741211,19.094999313354492,19.125,20040200.0
2011-06-09T04:00:00Z,19.174999237060547,19.354999542236328,19.110000610351562,19.28499984741211,11329800.0
2011-06-10T04:00:00Z,19.184999465942383,19.21500015258789,18.905000686645508,18.93000030517578,19248600.0
2011-06-13T04:00:00Z,18.954999923706055,19.065000534057617,18.799999237060547,18.905000686645508,19118400.0
2011-06-14T04:00:00Z,19.079999923706055,19.280000686645508,19.079999923706055,19.239999771118164,18593800.0
2011-06-15T04:00:00Z,19.030000686645508,19.165000915527344,18.90999984741211,18.94499969482422,39760200.0
2011-06-16T04:00:00Z,18.950000762939453,19.040000915527344,18.760000228881836,18.899999618530273,17067800.0
2011-06-17T04:00:00Z,18.9950008392334,19.110000610351562,18.915000915527344,18.975000381469727,20661800.0
2011-06-20T04:00:00Z,18.899999618530273,19.200000762939453,18.875,19.1299991607666,10205000.0
2011-06-21T04:00:00Z,19.225000381469727,19.545000076293945,19.170000076293945,19.520000457763672,25307200.0
2011-06-22T04:00:00Z,19.489999771118164,19.559999465942383,19.360000610351562,19.3700008392334,15139200.0
2011-06-23T04:00:00Z,19.1200008392334,19.459999084472656,19.075000762939453,19.440000534057617,25104600.0
2011-06-24T04:00:00Z,19.440000534057617,19.4950008392334,19.209999084472656,19.25,19934200.0
2011-06-27T04:00:00Z,19.299999237060547,19.56999969482422,19.174999237060547,19.485000610351562,10825600.0
2011-06-28T04:00:00Z,19.614999771118164,19.854999542236328,19.565000534057617,19.854999542236328,29755200.0
2011-06-29T04:00:00Z,19.969999313354492,20.024999618530273,19.825000762939453,19.94499969482422,25746600.0
2011-06-30T04:00:00Z,19.9950008392334,20.149999618530273,19.969999313354492,20.104999542236328,18451400.0
2011-07-01T04:00:00Z,20.145000457763672,20.540000915527344,20.094999313354492,20.510000228881836,19309400.0
2011-07-05T04:00:00Z,20.475000381469727,20.68000030517578,20.44499969482422,20.600000381469727,23675600.0
2011-07-06T04:00:00Z,20.55500030517578,20.565000534057617,20.459999084472656,20.524999618530273,11121000.0
2011-07-07T04:00:00Z,20.75,20.889999389648438,20.719999313354492,20.809999465942383,15744000.0
2011-07-08T04:00:00Z,20.524999618530273,20.684999465942383,20.485000610351562,20.684999465942383,12362600.0
2011-07-11T04:00:00Z,20.375,20.53499984741211,20.204999923706055,20.28499984741211,19935600.0
2011-07-12T04:00:00Z,20.25,20.405000686645508,20.174999237060547,20.184999465942383,18989800.0
2011-07-13T04:00:00Z,20.315000534057617,20.510000228881836,20.2549991607666,20.290000915527344,12232000.0
2011-07-14T04:00:00Z,20.344999313354492,20.440000534057617,20.059999465942383,20.135000228881836,12107800.0
2011-07-15T04:00:00Z,20.235000610351562,20.235000610351562,20.0,20.145000457763672,31336000.0
2011-07-18T04:00:00Z,20.05500030517578,20.094999313354492,19.815000534057617,19.950000762939453,12047800.0
2011-07-19T04:00:00Z,20.100000381469727,20.3799991607666,20.100000381469727,20.334999084472656,16963000.0
2011-07-20T04:00:00Z,20.375,20.3799991607666,20.155000686645508,20.229999542236328,9973800.0
2011-07-21T04:00:00Z,20.325000762939453,20.579999923706055,20.315000534057617,20.46500015258789,13880200.0
2011-07-22T04:00:00Z,20.475000381469727,20.575000762939453,20.395000457763672,20.545000076293945,8209200.0
2011-07-25T04:00:00Z,20.31999969482422,20.4950008392334,20.31999969482422,20.40999984741211,7947800.0
2011-07-26T04:00:00Z,20.415000915527344,20.440000534057617,20.290000915527344,20.375,9939600.0
2011-07-27T04:00:00Z,20.354999542236328,20.360000610351562,19.985000610351562,20.020000457763672,19216800.0
2011-07-28T04:00:00Z,20.045000076293945,20.190000534057617,19.8799991607666,19.920000076293945,13346200.0
2011-07-29T04:00:00Z,19.809999465942383,20.020000457763672,19.645000457763672,19.825000762939453,18268000.0
2011-08-01T04:00:00Z,20.049999237060547,20.049999237060547,19.475000381469727,19.719999313354492,16283400.0
2011-08-02T04:00:00Z,19.55500030517578,19.639999389648438,18.975000381469727,18.975000381469727,24332400.0
2011-08-03T04:00:00Z,19.020000457763672,19.135000228881836,18.625,19.114999771118164,27995000.0
2011-08-04T04:00:00Z,18.815000534057617,18.864999771118164,18.18000030517578,18.184999465942383,46110800.0
2011-08-05T04:00:00Z,18.40999984741211,18.524999618530273,17.68000030517578,18.170000076293945,49672800.0
2011-08-08T04:00:00Z,17.709999084472656,17.899999618530273,16.954999923706055,17.030000686645508,52621400.0
2011-08-09T04:00:00Z,17.264999389648438,17.834999084472656,16.709999084472656,17.81999969482422,50522000.0
2011-08-10T04:00:00Z,17.389999389648438,17.614999771118164,17.010000228881836,17.059999465942383,46480800.0
2011-08-11T04:00:00Z,17.209999084472656,18.045000076293945,17.125,17.815000534057617,38716800.0
2011-08-12T04:00:00Z,17.985000610351562,18.145000457763672,17.780000686645508,18.03499984741211,21431200.0
2011-08-15T04:00:00Z,18.125,18.299999237060547,17.985000610351562,18.299999237060547,42941800.0
2011-08-16T04:00:00Z,18.200000762939453,18.375,18.0,18.200000762939453,18259200.0
2011-08-17T04:00:00Z,18.3700008392334,18.440000534057617,17.94499969482422,18.174999237060547,19399200.0
2011-08-18T04:00:00Z,17.645000457763672,17.665000915527344,17.100000381469727,17.274999618530273,34377200.0
2011-08-19T04:00:00Z,17.020000457763672,17.594999313354492,16.9950008392334,17.024999618530273,30236400.0
2011-08-22T04:00:00Z,17.405000686645508,17.450000762939453,17.03499984741211,17.075000762939453,21931400.0
2011-08-23T04:00:00Z,17.135000228881836,17.739999771118164,17.065000534057617,17.735000610351562,19785200.0
2011-08-24T04:00:00Z,17.665000915527344,18.059999465942383,17.635000228881836,18.049999237060547,20670400.0
2011-08-25T04:00:00Z,18.135000228881836,18.209999084472656,17.6299991607666,17.690000534057617,23207800.0
2011-08-26T04:00:00Z,17.56999969482422,18.15999984741211,17.375,18.059999465942383,21998800.0
2011-08-29T04:00:00Z,18.290000915527344,18.600000381469727,18.260000228881836,18.584999084472656,19820400.0
2011-08-30T04:00:00Z,18.540000915527344,18.799999237060547,18.3799991607666,18.670000076293945,27446000.0
2011-08-31T04:00:00Z,18.799999237060547,18.9950008392334,18.625,18.78499984741211,16813800.0
2011-09-01T04:00:00Z,18.774999618530273,18.950000762939453,18.530000686645508,18.55500030517578,19644400.0
2011-09-02T04:00:00Z,18.18000030517578,18.270000457763672,17.969999313354492,18.030000686645508,24527600.0
2011-09-06T04:00:00Z,17.5049991607666,18.0,17.4950008392334,17.975000381469727,17562000.0
2011-09-07T04:00:00Z,18.219999313354492,18.450000762939453,18.139999389648438,18.440000534057617,17093000.0
2011-09-08T04:00:00Z,18.31999969482422,18.5,18.1200008392334,18.190000534057617,14868000.0
2011-09-09T04:00:00Z,17.96500015258789,18.05500030517578,17.584999084472656,17.709999084472656,22248000.0
2011-09-12T04:00:00Z,17.420000076293945,17.924999237060547,17.420000076293945,17.920000076293945,17743200.0
2011-09-13T04:00:00Z,17.959999084472656,18.190000534057617,17.834999084472656,18.1299991607666,16629200.0
2011-09-14T04:00:00Z,18.219999313354492,18.65999984741211,17.975000381469727,18.43000030517578,20164600.0
2011-09-15T04:00:00Z,18.670000076293945,18.770000457763672,18.434999465942383,18.739999771118164,15697200.0
2011-09-16T04:00:00Z,18.75,18.905000686645508,18.684999465942383,18.885000228881836,23261600.0
2011-09-19T04:00:00Z,18.565000534057617,18.954999923706055,18.5,18.850000381469727,13108200.0
2011-09-20T04:00:00Z,18.93000030517578,19.114999771118164,18.735000610351562,18.75,27629400.0
2011-09-21T04:00:00Z,18.790000915527344,18.81999969482422,18.145000457763672,18.145000457763672,28418800.0
2011-09-22T04:00:00Z,17.59000015258789,17.954999923706055,17.334999084472656,17.600000381469727,56392200.0
2011-09-23T04:00:00Z,17.479999542236328,17.969999313354492,17.469999313354492,17.864999771118164,33179200.0
2011-09-26T04:00:00Z,18.03499984741211,18.28499984741211,17.700000762939453,18.28499984741211,28385600.0
2011-09-27T04:00:00Z,18.625,18.774999618530273,18.309999465942383,18.40999984741211,25105200.0
2011-09-28T04:00:00Z,18.454999923706055,18.625,18.075000762939453,18.094999313354492,19486200.0
2011-09-29T04:00:00Z,18.415000915527344,18.434999465942383,17.575000762939453,17.94499969482422,26736800.0
2011-09-30T04:00:00Z,17.635000228881836,17.895000457763672,17.43000030517578,17.43000030517578,26451400.0
2011-10-03T04:00:00Z,17.30500030517578,17.604999542236328,16.920000076293945,16.920000076293945,44002600.0
2011-10-04T04:00:00Z,16.700000762939453,17.4950008392334,16.53499984741211,17.454999923706055,35315400.0
2011-10-05T04:00:00Z,17.53499984741211,17.825000762939453,17.334999084472656,17.774999618530273,28178600.0
2011-10-06T04:00:00Z,17.760000228881836,18.209999084472656,17.719999313354492,18.190000534057617,17806200.0
2011-10-07T04:00:00Z,18.295000076293945,18.3799991607666,18.030000686645508,18.174999237060547,23840000.0
2011-10-10T04:00:00Z,18.375,18.80500030517578,18.375,18.790000915527344,13154600.0
2011-10-11T04:00:00Z,18.729999542236328,18.899999618530273,18.68000030517578,18.8700008392334,15960000.0
2011-10-12T04:00:00Z,18.959999084472656,19.295000076293945,18.94499969482422,19.040000915527344,19556800.0
2011-10-13T04:00:00Z,18.975000381469727,19.110000610351562,18.875,19.024999618530273,17656800.0
2011-10-14T04:00:00Z,19.264999389648438,19.360000610351562,19.100000381469727,19.334999084472656,12333800.0
2011-10-17T04:00:00Z,19.239999771118164,19.31999969482422,18.934999465942383,18.940000534057617,11855600.0
2011-10-18T04:00:00Z,18.94499969482422,19.479999542236328,18.7450008392334,19.325000762939453,22580000.0
2011-10-19T04:00:00Z,19.354999542236328,19.3700008392334,18.96500015258789,19.03499984741211,14810800.0
2011-10-20T04:00:00Z,19.075000762939453,19.21500015258789,18.825000762939453,19.1299991607666,17991000.0
2011-10-21T04:00:00Z,19.399999618530273,19.670000076293945,19.3700008392334,19.65999984741211,20837200.0
2011-10-24T04:00:00Z,19.774999618530273,20.020000457763672,19.684999465942383,19.950000762939453,26215200.0
2011-10-25T04:00:00Z,19.844999313354492,19.844999313354492,19.454999923706055,19.514999389648438,22184200.0
2011-10-26T04:00:00Z,19.540000915527344,19.594999313354492,19.110000610351562,19.440000534057617,32416200.0
2011-10-27T04:00:00Z,19.959999084472656,20.084999084472656,19.610000610351562,19.969999313354492,25967200.0
2011-10-28T04:00:00Z,19.885000228881836,19.93000030517578,19.68000030517578,19.815000534057617,18144400.0
2011-10-31T04:00:00Z,19.614999771118164,19.7549991607666,19.4950008392334,19.510000228881836,12987000.0
2011-11-01T04:00:00Z,19.024999618530273,19.280000686645508,18.90999984741211,19.09000015258789,21417200.0
2011-11-02T04:00:00Z,19.40999984741211,19.40999984741211,19.1200008392334,19.28499984741211,10861400.0
2011-11-03T04:00:00Z,19.46500015258789,19.579999923706055,19.059999465942383,19.53499984741211,13476800.0
2011-11-04T04:00:00Z,19.415000915527344,19.510000228881836,19.239999771118164,19.459999084472656,9393400.0
2011-11-07T05:00:00Z,19.5,19.59000015258789,19.295000076293945,19.584999084472656,9088200.0
2011-11-08T05:00:00Z,19.68000030517578,19.80500030517578,19.385000228881836,19.774999618530273,16891400.0
2011-11-09T05:00:00Z,19.3799991607666,19.399999618530273,19.0,19.06999969482422,13776400.0
2011-11-10T05:00:00Z,19.270000457763672,19.299999237060547,18.9950008392334,19.25,13508800.0
2011-11-11T05:00:00Z,19.440000534057617,19.780000686645508,19.440000534057617,19.735000610351562,13413000.0
2011-11-14T05:00:00Z,19.645000457763672,19.760000228881836,19.510000228881836,19.59000015258789,6967600.0
2011-11-15T05:00:00Z,19.5049991607666,19.764999389648438,19.415000915527344,19.65999984741211,7796200.0
2011-11-16T05:00:00Z,19.485000610351562,19.649999618530273,19.2549991607666,19.290000915527344,9803600.0
2011-11-17T05:00:00Z,19.264999389648438,19.309999465942383,18.844999313354492,18.950000762939453,13999400.0
2011-11-18T05:00:00Z,19.03499984741211,19.065000534057617,18.825000762939453,18.940000534057617,7739800.0
2011-11-21T05:00:00Z,18.684999465942383,18.725000381469727,18.40999984741211,18.645000457763672,11704600.0
2011-11-22T05:00:00Z,18.614999771118164,18.729999542236328,18.454999923706055,18.635000228881836,7865600.0
2011-11-23T05:00:00Z,18.454999923706055,18.520000457763672,18.2450008392334,18.264999389648438,9337800.0
2011-11-25T05:00:00Z,18.19499969482422,18.389999389648438,18.165000915527344,18.165000915527344,5977400.0
2011-11-28T05:00:00Z,18.670000076293945,18.834999084472656,18.604999542236328,18.719999313354492,11134400.0
2011-11-29T05:00:00Z,18.774999618530273,18.889999389648438,18.69499969482422,18.78499984741211,9683200.0
2011-11-30T05:00:00Z,19.315000534057617,19.389999389648438,19.155000686645508,19.3700008392334,17420400.0
2011-12-01T05:00:00Z,19.344999313354492,19.770000457763672,19.30500030517578,19.385000228881836,8752000.0
2011-12-02T05:00:00Z,19.604999542236328,19.71500015258789,19.520000457763672,19.53499984741211,11458800.0
2011-12-05T05:00:00Z,19.834999084472656,19.875,19.594999313354492,19.71500015258789,9183400.0
2011-12-06T05:00:00Z,19.69499969482422,19.764999389648438,19.594999313354492,19.649999618530273,12284200.0
2011-12-07T05:00:00Z,19.575000762939453,19.864999771118164,19.475000381469727,19.774999618530273,9435800.0
2011-12-08T05:00:00Z,19.670000076293945,19.725000381469727,19.31999969482422,19.354999542236328,12827400.0
2011-12-09T05:00:00Z,19.454999923706055,19.7450008392334,19.450000762939453,19.674999237060547,13206200.0
2011-12-12T05:00:00Z,19.530000686645508,19.635000228881836,19.34000015258789,19.614999771118164,28487800.0
2011-12-13T05:00:00Z,19.709999084472656,19.739999771118164,19.149999618530273,19.229999542236328,15795600.0
2011-12-14T05:00:00Z,19.190000534057617,19.190000534057617,18.905000686645508,19.030000686645508,15993000.0
2011-12-15T05:00:00Z,19.18000030517578,19.21500015258789,19.030000686645508,19.059999465942383,14978800.0
2011-12-16T05:00:00Z,19.075000762939453,19.18000030517578,18.920000076293945,18.950000762939453,24864000.0
2011-12-19T05:00:00Z,19.0,19.100000381469727,18.684999465942383,18.739999771118164,10322800.0
2011-12-20T05:00:00Z,19.024999618530273,19.295000076293945,19.0049991607666,19.2549991607666,11583400.0
2011-12-21T05:00:00Z,19.28499984741211,19.3700008392334,19.139999389648438,19.31999969482422,6711000.0
2011-12-22T05:00:00Z,19.399999618530273,19.420000076293945,19.309999465942383,19.375,6843400.0
2011-12-23T05:00:00Z,19.469999313354492,19.604999542236328,19.43000030517578,19.59000015258789,3983200.0
2011-12-27T05:00:00Z,19.514999389648438,19.69499969482422,19.5,19.649999618530273,4226200.0
2011-12-28T05:00:00Z,19.704999923706055,19.704999923706055,19.375,19.434999465942383,5336000.0
2011-12-29T05:00:00Z,19.440000534057617,19.635000228881836,19.440000534057617,19.635000228881836,4639400.0
2011-12-30T05:00:00Z,19.604999542236328,19.6299991607666,19.510000228881836,19.510000228881836,3975200.0
2012-01-03T05:00:00Z,19.834999084472656,19.905000686645508,19.674999237060547,19.674999237060547,24111000.0
2012-01-04T05:00:00Z,19.639999389648438,19.875,19.639999389648438,19.829999923706055,6236600.0
2012-01-05T05:00:00Z,19.719999313354492,19.9950008392334,19.614999771118164,19.9950008392334,9152600.0
2012-01-06T05:00:00Z,20.0049991607666,20.100000381469727,19.899999618530273,20.024999618530273,6185200.0
2012-01-09T05:00:00Z,20.079999923706055,20.079999923706055,19.915000915527344,19.9950008392334,6142800.0
2012-01-10T05:00:00Z,20.165000915527344,20.174999237060547,20.05500030517578,20.125,7713000.0
2012-01-11T05:00:00Z,20.09000015258789,20.19499969482422,20.079999923706055,20.155000686645508,5221000.0
2012-01-12T05:00:00Z,20.19499969482422,20.2450008392334,20.040000915527344,20.21500015258789,4188200.0
2012-01-13T05:00:00Z,20.100000381469727,20.190000534057617,19.985000610351562,20.190000534057617,6846400.0
2012-01-17T05:00:00Z,20.30500030517578,20.375,20.21500015258789,20.2450008392334,4717400.0
2012-01-18T05:00:00Z,20.28499984741211,20.59000015258789,20.204999923706055,20.56999969482422,8930000.0
2012-01-19T05:00:00Z,20.600000381469727,20.78499984741211,20.575000762939453,20.75,7903400.0
2012-01-20T05:00:00Z,20.7450008392334,20.7450008392334,20.520000457763672,20.579999923706055,12068000.0
2012-01-23T05:00:00Z,20.584999084472656,20.709999084472656,20.424999237060547,20.565000534057617,5862400.0
2012-01-24T05:00:00Z,20.489999771118164,20.635000228881836,20.424999237060547,20.625,5635000.0
2012-01-25T05:00:00Z,20.610000610351562,20.81999969482422,20.524999618530273,20.774999618530273,8151000.0
2012-01-26T05:00:00Z,20.875,20.950000762939453,20.65999984741211,20.739999771118164,7479800.0
2012-01-27T05:00:00Z,20.6200008392334,20.764999389648438,20.575000762939453,20.725000381469727,6762800.0
2012-01-30T05:00:00Z,20.545000076293945,20.700000762939453,20.415000915527344,20.665000915527344,9903200.0
2012-01-31T05:00:00Z,20.795000076293945,20.809999465942383,20.579999923706055,20.65999984741211,6828400.0
2012-02-01T05:00:00Z,20.700000762939453,20.80500030517578,20.655000686645508,20.729999542236328,11254400.0
2012-02-02T05:00:00Z,20.719999313354492,20.7549991607666,20.604999542236328,20.704999923706055,7214200.0
2012-02-03T05:00:00Z,20.854999542236328,21.1299991607666,20.854999542236328,21.1299991607666,11123600.0
2012-02-06T05:00:00Z,20.9950008392334,21.1200008392334,20.989999771118164,21.084999084472656,5171600.0
2012-02-07T05:00:00Z,21.084999084472656,21.21500015258789,21.020000457763672,21.184999465942383,18817200.0
2012-02-08T05:00:00Z,21.235000610351562,21.334999084472656,21.104999542236328,21.235000610351562,8521800.0
2012-02-09T05:00:00Z,21.225000381469727,21.290000915527344,21.079999923706055,21.270000457763672,8258800.0
2012-02-10T05:00:00Z,21.05500030517578,21.18000030517578,21.030000686645508,21.155000686645508,6367000.0
2012-02-13T05:00:00Z,21.30500030517578,21.354999542236328,21.2450008392334,21.325000762939453,9679200.0
2012-02-14T05:00:00Z,21.21500015258789,21.315000534057617,21.139999389648438,21.299999237060547,7708200.0
2012-02-15T05:00:00Z,21.395000457763672,21.434999465942383,21.155000686645508,21.204999923706055,9940800.0
2012-02-16T05:00:00Z,21.170000076293945,21.325000762939453,21.155000686645508,21.295000076293945,9935000.0
2012-02-17T05:00:00Z,21.350000381469727,21.514999389648438,21.350000381469727,21.479999542236328,6741400.0
2012-02-21T05:00:00Z,21.549999237060547,21.604999542236328,21.360000610351562,21.405000686645508,8236600.0
2012-02-22T05:00:00Z,21.405000686645508,21.440000534057617,21.274999618530273,21.350000381469727,9264400.0
2012-02-23T05:00:00Z,21.350000381469727,21.46500015258789,21.270000457763672,21.454999923706055,7072600.0
2012-02-24T05:00:00Z,21.454999923706055,21.520000457763672,21.399999618530273,21.43000030517578,5540200.0
2012-02-27T05:00:00Z,21.354999542236328,21.584999084472656,21.295000076293945,21.55500030517578,8870800.0
2012-02-28T05:00:00Z,21.55500030517578,21.684999465942383,21.5049991607666,21.674999237060547,12252000.0
2012-02-29T05:00:00Z,21.690000534057617,21.7549991607666,21.59000015258789,21.594999313354492,19011800.0
2012-03-01T05:00:00Z,21.655000686645508,21.80500030517578,21.645000457763672,21.774999618530273,9467200.0
2012-03-02T05:00:00Z,21.709999084472656,21.84000015258789,21.684999465942383,21.760000228881836,11599800.0
2012-03-05T05:00:00Z,21.700000762939453,21.78499984741211,21.635000228881836,21.739999771118164,6652200.0
2012-03-06T05:00:00Z,21.540000915527344,21.549999237060547,21.334999084472656,21.399999618530273,10974000.0
2012-03-07T05:00:00Z,21.479999542236328,21.674999237060547,21.469999313354492,21.645000457763672,9631800.0
2012-03-08T05:00:00Z,21.670000076293945,21.90999984741211,21.670000076293945,21.864999771118164,8756200.0
2012-03-09T05:00:00Z,21.950000762939453,22.03499984741211,21.899999618530273,21.989999771118164,9470800.0
2012-03-12T04:00:00Z,22.0,22.05500030517578,21.885000228881836,21.93000030517578,10772000.0
2012-03-13T04:00:00Z,22.014999389648438,22.270000457763672,21.975000381469727,22.270000457763672,13602600.0
2012-03-14T04:00:00Z,22.280000686645508,22.295000076293945,22.170000076293945,22.239999771118164,13957200.0
2012-03-15T04:00:00Z,22.235000610351562,22.329999923706055,22.149999618530273,22.315000534057617,10541200.0
2012-03-16T04:00:00Z,22.274999618530273,22.280000686645508,22.1299991607666,22.174999237060547,15447600.0
2012-03-19T04:00:00Z,22.100000381469727,22.31999969482422,22.09000015258789,22.290000915527344,14249800.0
2012-03-20T04:00:00Z,22.184999465942383,22.3700008392334,22.1200008392334,22.325000762939453,9535400.0
2012-03-21T04:00:00Z,22.3700008392334,22.424999237060547,22.325000762939453,22.354999542236328,6158800.0
2012-03-22T04:00:00Z,22.2450008392334,22.354999542236328,22.204999923706055,22.299999237060547,9118600.0
2012-03-23T04:00:00Z,22.264999389648438,22.350000381469727,22.045000076293945,22.325000762939453,7054400.0
2012-03-26T04:00:00Z,22.510000228881836,22.69499969482422,22.479999542236328,22.68000030517578,11443800.0
2012-03-27T04:00:00Z,22.7450008392334,22.780000686645508,22.6299991607666,22.645000457763672,9001400.0
2012-03-28T04:00:00Z,22.65999984741211,22.65999984741211,22.350000381469727,22.450000762939453,13392000.0
2012-03-29T04:00:00Z,22.299999237060547,22.46500015258789,22.19499969482422,22.44499969482422,7817600.0
2012-03-30T04:00:00Z,22.540000915527344,22.604999542236328,22.415000915527344,22.545000076293945,8367400.0
2012-04-02T04:00:00Z,22.510000228881836,22.68000030517578,22.450000762939453,22.604999542236328,21711200.0
2012-04-03T04:00:00Z,22.575000762939453,22.700000762939453,22.475000381469727,22.559999465942383,10632600.0
2012-04-04T04:00:00Z,22.424999237060547,22.440000534057617,22.209999084472656,22.350000381469727,14964000.0
2012-04-05T04:00:00Z,22.274999618530273,22.540000915527344,22.274999618530273,22.5049991607666,11427200.0
2012-04-09T04:00:00Z,22.18000030517578,22.350000381469727,22.139999389648438,22.299999237060547,13188000.0
2012-04-10T04:00:00Z,22.219999313354492,22.295000076293945,21.709999084472656,21.7549991607666,34536400.0
2012-04-11T04:00:00Z,21.969999313354492,22.114999771118164,21.950000762939453,22.05500030517578,9042400.0
2012-04-12T04:00:00Z,22.104999542236328,22.354999542236328,22.010000228881836,22.334999084472656,14096400.0
2012-04-13T04:00:00Z,22.290000915527344,22.395000457763672,22.170000076293945,22.274999618530273,12947600.0
2012-04-16T04:00:00Z,22.329999923706055,22.385000228881836,22.094999313354492,22.19499969482422,19842600.0
2012-04-17T04:00:00Z,22.30500030517578,22.4950008392334,22.239999771118164,22.43000030517578,9396400.0
2012-04-18T04:00:00Z,22.3799991607666,22.559999465942383,22.350000381469727,22.46500015258789,8628400.0
2012-04-19T04:00:00Z,22.46500015258789,22.575000762939453,22.184999465942383,22.28499984741211,11413600.0
2012-04-20T04:00:00Z,22.375,22.489999771118164,22.309999465942383,22.31999969482422,9196200.0
2012-04-23T04:00:00Z,22.125,22.15999984741211,21.934999465942383,22.079999923706055,12324200.0
2012-04-24T04:00:00Z,22.104999542236328,22.19499969482422,21.915000915527344,22.0049991607666,17761400.0
2012-04-25T04:00:00Z,22.170000076293945,22.389999389648438,22.15999984741211,22.375,15792800.0
2012-04-26T04:00:00Z,22.34000015258789,22.700000762939453,22.34000015258789,22.655000686645508,11561400.0
2012-04-27T04:00:00Z,22.81999969482422,23.040000915527344,22.71500015258789,22.934999465942383,17906200.0
2012-04-30T04:00:00Z,22.920000076293945,22.920000076293945,22.75,22.80500030517578,13903200.0
2012-05-01T04:00:00Z,22.860000610351562,23.135000228881836,22.78499984741211,22.954999923706055,15511600.0
2012-05-02T04:00:00Z,22.875,23.104999542236328,22.829999923706055,23.079999923706055,19296800.0
2012-05-03T04:00:00Z,23.06999969482422,23.09000015258789,22.829999923706055,22.899999618530273,10054600.0
2012-05-04T04:00:00Z,22.799999237060547,22.799999237060547,22.434999465942383,22.454999923706055,19999800.0
2012-05-07T04:00:00Z,22.389999389648438,22.540000915527344,22.364999771118164,22.44499969482422,15508600.0
2012-05-08T04:00:00Z,22.274999618530273,22.280000686645508,21.809999465942383,22.174999237060547,24420200.0
2012-05-09T04:00:00Z,21.979999542236328,22.209999084472656,21.844999313354492,22.09000015258789,22291600.0
2012-05-10T04:00:00Z,22.21500015258789,22.299999237060547,22.079999923706055,22.165000915527344,15600000.0
2012-05-11T04:00:00Z,22.030000686645508,22.3700008392334,22.024999618530273,22.1200008392334,16199200.0
2012-05-14T04:00:00Z,21.94499969482422,22.030000686645508,21.80500030517578,21.809999465942383,23373600.0
2012-05-15T04:00:00Z,21.790000915527344,22.05500030517578,21.725000381469727,21.774999618530273,19657800.0
2012-05-16T04:00:00Z,21.834999084472656,22.0,21.735000610351562,21.739999771118164,16355800.0
2012-05-17T04:00:00Z,21.760000228881836,21.770000457763672,21.149999618530273,21.165000915527344,31044600.0
2012-05-18T04:00:00Z,21.229999542236328,21.350000381469727,20.975000381469727,21.0049991607666,18975800.0
2012-05-21T04:00:00Z,20.975000381469727,21.3799991607666,20.864999771118164,21.375,16673400.0
2012-05-22T04:00:00Z,21.454999923706055,21.625,21.31999969482422,21.459999084472656,18412000.0
2012-05-23T04:00:00Z,21.309999465942383,21.610000610351562,21.200000762939453,21.575000762939453,13270200.0
2012-05-24T04:00:00Z,21.610000610351562,21.709999084472656,21.485000610351562,21.674999237060547,15790000.0
2012-05-25T04:00:00Z,21.700000762939453,21.7549991607666,21.575000762939453,21.639999389648438,12193400.0
2012-05-29T04:00:00Z,21.815000534057617,21.979999542236328,21.71500015258789,21.940000534057617,24655000.0
2012-05-30T04:00:00Z,21.725000381469727,21.7549991607666,21.53499984741211,21.594999313354492,14576800.0
2012-05-31T04:00:00Z,21.56999969482422,21.690000534057617,21.350000381469727,21.549999237060547,19736200.0
2012-06-01T04:00:00Z,21.184999465942383,21.235000610351562,20.829999923706055,20.8700008392334,30107600.0
2012-06-04T04:00:00Z,20.8700008392334,21.010000228881836,20.719999313354492,20.94499969482422,21881000.0
2012-06-05T04:00:00Z,20.8700008392334,21.094999313354492,20.854999542236328,21.059999465942383,13564200.0
2012-06-06T04:00:00Z,21.235000610351562,21.53499984741211,21.21500015258789,21.514999389648438,18108200.0
2012-06-07T04:00:00Z,21.850000381469727,21.850000381469727,21.459999084472656,21.514999389648438,16325000.0
2012-06-08T04:00:00Z,21.43000030517578,21.709999084472656,21.34000015258789,21.704999923706055,12487200.0
2012-06-11T04:00:00Z,21.875,21.889999389648438,21.34000015258789,21.375,22115200.0
2012-06-12T04:00:00Z,21.450000762939453,21.635000228881836,21.325000762939453,21.604999542236328,24132600.0
2012-06-13T04:00:00Z,21.524999618530273,21.614999771118164,21.219999313354492,21.290000915527344,22783200.0
2012-06-14T04:00:00Z,21.3799991607666,21.674999237060547,21.31999969482422,21.575000762939453,24209200.0
2012-06-15T04:00:00Z,21.600000381469727,21.729999542236328,21.524999618530273,21.709999084472656,20657200.0
2012-06-18T04:00:00Z,21.6299991607666,21.90999984741211,21.584999084472656,21.864999771118164,10990600.0
2012-06-19T04:00:00Z,21.969999313354492,22.165000915527344,21.934999465942383,22.065000534057617,21073800.0
2012-06-20T04:00:00Z,22.100000381469727,22.139999389648438,21.860000610351562,22.040000915527344,14074400.0
2012-06-21T04:00:00Z,22.06999969482422,22.06999969482422,21.540000915527344,21.559999465942383,15924800.0
2012-06-22T04:00:00Z,21.6299991607666,21.69499969482422,21.545000076293945,21.655000686645508,7776000.0
2012-06-25T04:00:00Z,21.44499969482422,21.5049991607666,21.235000610351562,21.31999969482422,15135400.0
2012-06-26T04:00:00Z,21.40999984741211,21.65999984741211,21.344999313354492,21.584999084472656,15523600.0
2012-06-27T04:00:00Z,21.575000762939453,21.690000534057617,21.485000610351562,21.55500030517578,8129600.0
2012-06-28T04:00:00Z,21.43000030517578,21.489999771118164,21.225000381469727,21.434999465942383,13537000.0
2012-06-29T04:00:00Z,21.780000686645508,21.915000915527344,21.604999542236328,21.889999389648438,20060400.0
2012-07-02T04:00:00Z,21.905000686645508,21.989999771118164,21.790000915527344,21.954999923706055,16784400.0
2012-07-03T04:00:00Z,21.934999465942383,21.985000610351562,21.81999969482422,21.934999465942383,5544000.0
2012-07-05T04:00:00Z,21.829999923706055,22.100000381469727,21.815000534057617,21.989999771118164,11049600.0
2012-07-06T04:00:00Z,21.80500030517578,21.959999084472656,21.760000228881836,21.885000228881836,10615400.0
2012-07-09T04:00:00Z,21.8700008392334,21.895000457763672,21.69499969482422,21.764999389648438,11543400.0
2012-07-10T04:00:00Z,21.875,21.954999923706055,21.55500030517578,21.635000228881836,12337600.0
2012-07-11T04:00:00Z,21.6299991607666,21.670000076293945,21.375,21.510000228881836,17611800.0
2012-07-12T04:00:00Z,21.389999389648438,21.549999237060547,21.225000381469727,21.459999084472656,12639600.0
2012-07-13T04:00:00Z,21.489999771118164,21.854999542236328,21.459999084472656,21.809999465942383,12118800.0
2012-07-16T04:00:00Z,21.690000534057617,21.790000915527344,21.59000015258789,21.670000076293945,8102800.0
2012-07-17T04:00:00Z,21.729999542236328,21.94499969482422,21.604999542236328,21.885000228881836,12678400.0
2012-07-18T04:00:00Z,21.799999237060547,22.059999465942383,21.770000457763672,22.0,14100800.0
2012-07-19T04:00:00Z,22.049999237060547,22.290000915527344,21.989999771118164,22.145000457763672,8381800.0
2012-07-20T04:00:00Z,21.9950008392334,22.024999618530273,21.864999771118164,21.875,11541400.0
2012-07-23T04:00:00Z,21.53499984741211,21.6299991607666,21.395000457763672,21.55500030517578,7985400.0
2012-07-24T04:00:00Z,21.56999969482422,21.600000381469727,21.270000457763672,21.40999984741211,9807400.0
2012-07-25T04:00:00Z,21.44499969482422,21.5049991607666,21.280000686645508,21.364999771118164,6431400.0
2012-07-26T04:00:00Z,21.674999237060547,21.780000686645508,21.4950008392334,21.709999084472656,10344000.0
2012-07-27T04:00:00Z,21.825000762939453,22.19499969482422,21.825000762939453,22.139999389648438,19862200.0
2012-07-30T04:00:00Z,22.135000228881836,22.200000762939453,21.9950008392334,22.05500030517578,15601400.0
2012-07-31T04:00:00Z,21.959999084472656,21.959999084472656,21.770000457763672,21.770000457763672,11804600.0
2012-08-01T04:00:00Z,21.915000915527344,21.934999465942383,21.655000686645508,21.68000030517578,15779400.0
2012-08-02T04:00:00Z,21.545000076293945,21.844999313354492,21.5049991607666,21.735000610351562,14415400.0
2012-08-03T04:00:00Z,21.975000381469727,22.204999923706055,21.959999084472656,22.165000915527344,15292400.0
2012-08-06T04:00:00Z,22.200000762939453,22.309999465942383,22.155000686645508,22.2450008392334,10836800.0
2012-08-07T04:00:00Z,22.354999542236328,22.530000686645508,22.354999542236328,22.454999923706055,12502800.0
2012-08-08T04:00:00Z,22.239999771118164,22.364999771118164,22.170000076293945,22.344999313354492,8037000.0
2012-08-09T04:00:00Z,22.315000534057617,22.395000457763672,22.270000457763672,22.329999923706055,3436600.0
2012-08-10T04:00:00Z,22.25,22.325000762939453,22.204999923706055,22.309999465942383,8928600.0
2012-08-13T04:00:00Z,22.280000686645508,22.334999084472656,22.184999465942383,22.31999969482422,4789600.0
2012-08-14T04:00:00Z,22.475000381469727,22.479999542236328,22.309999465942383,22.375,7095400.0
2012-08-15T04:00:00Z,22.34000015258789,22.46500015258789,22.34000015258789,22.44499969482422,4618400.0
2012-08-16T04:00:00Z,22.40999984741211,22.700000762939453,22.40999984741211,22.6299991607666,14047600.0
2012-08-17T04:00:00Z,22.639999389648438,22.75,22.639999389648438,22.71500015258789,9154800.0
2012-08-20T04:00:00Z,22.674999237060547,22.690000534057617,22.53499984741211,22.6200008392334,7038200.0
2012-08-21T04:00:00Z,22.65999984741211,22.770000457763672,22.545000076293945,22.59000015258789,6603600.0
2012-08-22T04:00:00Z,22.545000076293945,22.69499969482422,22.540000915527344,22.655000686645508,7563200.0
2012-08-23T04:00:00Z,22.579999923706055,22.604999542236328,22.454999923706055,22.5,7060600.0
2012-08-24T04:00:00Z,22.459999084472656,22.709999084472656,22.44499969482422,22.684999465942383,5896800.0
2012-08-27T04:00:00Z,22.75,22.7549991607666,22.594999313354492,22.649999618530273,5579600.0
2012-08-28T04:00:00Z,22.6299991607666,22.760000228881836,22.594999313354492,22.69499969482422,7244400.0
2012-08-29T04:00:00Z,22.71500015258789,22.844999313354492,22.684999465942383,22.80500030517578,8028600.0
2012-08-30T04:00:00Z,22.709999084472656,22.809999465942383,22.655000686645508,22.68000030517578,11250600.0
2012-08-31T04:00:00Z,22.809999465942383,22.875,22.649999618530273,22.774999618530273,7261600.0
2012-09-04T04:00:00Z,22.729999542236328,22.81999969482422,22.575000762939453,22.719999313354492,12437600.0
2012-09-05T04:00:00Z,22.75,22.844999313354492,22.684999465942383,22.7549991607666,12406800.0
2012-09-06T04:00:00Z,22.895000457763672,23.280000686645508,22.885000228881836,23.264999389648438,10768800.0
2012-09-07T04:00:00Z,23.334999084472656,23.415000915527344,23.299999237060547,23.389999389648438,9532000.0
2012-09-10T04:00:00Z,23.389999389648438,23.4950008392334,23.34000015258789,23.354999542236328,5881800.0
2012-09-11T04:00:00Z,23.360000610351562,23.420000076293945,23.309999465942383,23.344999313354492,6184400.0
2012-09-12T04:00:00Z,23.434999465942383,23.5,23.350000381469727,23.459999084472656,9850200.0
2012-09-13T04:00:00Z,23.450000762939453,23.815000534057617,23.385000228881836,23.760000228881836,11712200.0
2012-09-14T04:00:00Z,23.81999969482422,24.0049991607666,23.790000915527344,23.854999542236328,10467000.0
2012-09-17T04:00:00Z,23.834999084472656,23.834999084472656,23.69499969482422,23.764999389648438,5422400.0
2012-09-18T04:00:00Z,23.690000534057617,23.719999313354492,23.604999542236328,23.649999618530273,6535600.0
2012-09-19T04:00:00Z,23.725000381469727,23.96500015258789,23.684999465942383,23.895000457763672,11949600.0
2012-09-20T04:00:00Z,23.774999618530273,23.8700008392334,23.684999465942383,23.864999771118164,7068200.0
2012-09-21T04:00:00Z,23.885000228881836,23.920000076293945,23.735000610351562,23.764999389648438,9417800.0
2012-09-24T04:00:00Z,23.684999465942383,23.7549991607666,23.625,23.700000762939453,5377000.0
2012-09-25T04:00:00Z,23.774999618530273,23.860000610351562,23.415000915527344,23.420000076293945,5911200.0
2012-09-26T04:00:00Z,23.405000686645508,23.454999923706055,23.174999237060547,23.260000228881836,7033800.0
2012-09-27T04:00:00Z,23.350000381469727,23.584999084472656,23.309999465942383,23.4950008392334,5793600.0
2012-09-28T04:00:00Z,23.344999313354492,23.4950008392334,23.219999313354492,23.395000457763672,7286200.0
2012-10-01T04:00:00Z,23.454999923706055,23.649999618530273,23.334999084472656,23.3799991607666,5375200.0
2012-10-02T04:00:00Z,23.459999084472656,23.5049991607666,23.2450008392334,23.334999084472656,8313800.0
2012-10-03T04:00:00Z,23.424999237060547,23.600000381469727,23.34000015258789,23.520000457763672,7900600.0
2012-10-04T04:00:00Z,23.639999389648438,23.78499984741211,23.604999542236328,23.735000610351562,10827000.0
2012-10-05T04:00:00Z,23.895000457763672,23.985000610351562,23.739999771118164,23.80500030517578,10052400.0
2012-10-08T04:00:00Z,23.700000762939453,23.825000762939453,23.684999465942383,23.760000228881836,5473400.0
2012-10-09T04:00:00Z,23.739999771118164,23.739999771118164,23.3700008392334,23.3799991607666,11578000.0
2012-10-10T04:00:00Z,23.405000686645508,23.454999923706055,23.19499969482422,23.235000610351562,10855000.0
2012-10-11T04:00:00Z,23.405000686645508,23.405000686645508,23.06999969482422,23.1299991607666,11621800.0
2012-10-12T04:00:00Z,23.139999389648438,23.260000228881836,23.06999969482422,23.125,11437000.0
2012-10-15T04:00:00Z,23.219999313354492,23.385000228881836,23.084999084472656,23.354999542236328,6924200.0
2012-10-16T04:00:00Z,23.44499969482422,23.59000015258789,23.44499969482422,23.565000534057617,7666400.0
2012-10-17T04:00:00Z,23.6299991607666,23.770000457763672,23.575000762939453,23.700000762939453,9962400.0
2012-10-18T04:00:00Z,23.690000534057617,23.834999084472656,23.604999542236328,23.71500015258789,8949200.0
2012-10-19T04:00:00Z,23.625,23.639999389648438,23.204999923706055,23.290000915527344,14896400.0
2012-10-22T04:00:00Z,23.274999618530273,23.315000534057617,23.05500030517578,23.21500015258789,6554200.0
2012-10-23T04:00:00Z,22.975000381469727,23.100000381469727,22.834999084472656,23.030000686645508,9354400.0
2012-10-24T04:00:00Z,23.15999984741211,23.15999984741211,22.899999618530273,22.940000534057617,5481600.0
2012-10-25T04:00:00Z,23.065000534057617,23.155000686645508,22.78499984741211,22.885000228881836,5990800.0
2012-10-26T04:00:00Z,22.954999923706055,23.010000228881836,22.71500015258789,22.959999084472656,7577200.0
2012-10-31T04:00:00Z,23.165000915527344,23.209999084472656,22.854999542236328,23.03499984741211,18315800.0
2012-11-01T04:00:00Z,23.125,23.344999313354492,23.084999084472656,23.299999237060547,10258800.0
2012-11-02T04:00:00Z,23.55500030517578,23.625,23.270000457763672,23.28499984741211,12173800.0
2012-11-05T05:00:00Z,23.260000228881836,23.3799991607666,23.15999984741211,23.344999313354492,12630200.0
2012-11-06T05:00:00Z,23.40999984741211,23.524999618530273,23.34000015258789,23.469999313354492,9504000.0
2012-11-07T05:00:00Z,23.299999237060547,23.3799991607666,23.014999389648438,23.19499969482422,13969200.0
2012-11-08T05:00:00Z,23.200000762939453,23.274999618530273,22.815000534057617,22.81999969482422,12935200.0
2012-11-09T05:00:00Z,22.635000228881836,22.90999984741211,22.594999313354492,22.709999084472656,14761200.0
2012-11-12T05:00:00Z,22.799999237060547,22.84000015258789,22.68000030517578,22.729999542236328,7039400.0
2012-11-13T05:00:00Z,22.670000076293945,22.9950008392334,22.645000457763672,22.795000076293945,6605200.0
2012-11-14T05:00:00Z,22.895000457763672,22.905000686645508,22.395000457763672,22.454999923706055,22211400.0
2012-11-15T05:00:00Z,22.434999465942383,22.579999923706055,22.344999313354492,22.440000534057617,13401000.0
2012-11-16T05:00:00Z,22.440000534057617,22.625,22.329999923706055,22.59000015258789,21996600.0
2012-11-19T05:00:00Z,22.854999542236328,23.075000762939453,22.844999313354492,23.075000762939453,14625400.0
2012-11-20T05:00:00Z,23.065000534057617,23.270000457763672,23.0049991607666,23.190000534057617,10274200.0
2012-11-21T05:00:00Z,23.184999465942383,23.309999465942383,23.155000686645508,23.270000457763672,11909600.0
2012-11-23T05:00:00Z,23.3700008392334,23.579999923706055,23.3700008392334,23.579999923706055,3779400.0
2012-11-26T05:00:00Z,23.489999771118164,23.520000457763672,23.354999542236328,23.469999313354492,14932600.0
2012-11-27T05:00:00Z,23.46500015258789,23.559999465942383,23.360000610351562,23.375,8545200.0
2012-11-28T05:00:00Z,23.334999084472656,23.69499969482422,23.21500015258789,23.68000030517578,23569200.0
2012-11-29T05:00:00Z,23.729999542236328,23.815000534057617,23.6200008392334,23.7450008392334,7811400.0
2012-11-30T05:00:00Z,23.674999237060547,23.80500030517578,23.610000610351562,23.764999389648438,10946600.0
2012-12-03T05:00:00Z,23.915000915527344,23.915000915527344,23.6200008392334,23.639999389648438,19672800.0
2012-12-04T05:00:00Z,23.604999542236328,23.635000228881836,23.424999237060547,23.540000915527344,11359600.0
2012-12-05T05:00:00Z,23.6200008392334,23.6200008392334,23.299999237060547,23.469999313354492,13097200.0
2012-12-06T05:00:00Z,23.479999542236328,23.655000686645508,23.440000534057617,23.6200008392334,7606400.0
2012-12-07T05:00:00Z,23.774999618530273,23.774999618530273,23.584999084472656,23.709999084472656,14323000.0
2012-12-10T05:00:00Z,23.649999618530273,23.719999313354492,23.559999465942383,23.575000762939453,15681600.0
2012-12-11T05:00:00Z,23.709999084472656,23.7450008392334,23.565000534057617,23.649999618530273,10897000.0
2012-12-12T05:00:00Z,23.7549991607666,23.829999923706055,23.635000228881836,23.68000030517578,9788600.0
2012-12-13T05:00:00Z,23.670000076293945,23.799999237060547,23.469999313354492,23.524999618530273,7271200.0
2012-12-14T05:00:00Z,23.454999923706055,23.530000686645508,23.395000457763672,23.424999237060547,10130800.0
2012-12-17T05:00:00Z,23.459999084472656,23.860000610351562,23.450000762939453,23.844999313354492,10929400.0
2012-12-18T05:00:00Z,23.920000076293945,24.19499969482422,23.8799991607666,24.125,23669200.0
2012-12-19T05:00:00Z,24.184999465942383,24.200000762939453,23.94499969482422,23.954999923706055,9162400.0
2012-12-20T05:00:00Z,23.934999465942383,24.014999389648438,23.829999923706055,24.0049991607666,8380800.0
2012-12-21T05:00:00Z,23.5049991607666,23.670000076293945,23.475000381469727,23.639999389648438,17475600.0
2012-12-24T05:00:00Z,23.575000762939453,23.684999465942383,23.454999923706055,23.65999984741211,5127200.0
2012-12-26T05:00:00Z,23.704999923706055,23.704999923706055,23.329999923706055,23.415000915527344,8918200.0
2012-12-27T05:00:00Z,23.454999923706055,23.520000457763672,23.1200008392334,23.44499969482422,10183200.0
2012-12-28T05:00:00Z,23.329999923706055,23.46500015258789,23.225000381469727,23.2549991607666,30771400.0
2012-12-31T05:00:00Z,23.184999465942383,23.735000610351562,23.149999618530273,23.719999313354492,24944000.0
2013-01-02T05:00:00Z,24.165000915527344,24.2450008392334,24.03499984741211,24.21500015258789,19876600.0
2013-01-03T05:00:00Z,24.280000686645508,24.420000076293945,24.21500015258789,24.274999618530273,11225000.0
2013-01-04T05:00:00Z,24.31999969482422,24.395000457763672,24.2549991607666,24.364999771118164,9975200.0
2013-01-07T05:00:00Z,24.30500030517578,24.334999084472656,24.18000030517578,24.30500030517578,7127800.0
2013-01-08T05:00:00Z,24.229999542236328,24.28499984741211,24.06999969482422,24.235000610351562,7750800.0
2013-01-09T05:00:00Z,24.264999389648438,24.399999618530273,24.2450008392334,24.274999618530273,7330400.0
2013-01-10T05:00:00Z,24.40999984741211,24.440000534057617,24.260000228881836,24.415000915527344,10270800.0
2013-01-11T05:00:00Z,24.40999984741211,24.475000381469727,24.350000381469727,24.434999465942383,6741000.0
2013-01-14T05:00:00Z,24.5049991607666,24.56999969482422,24.399999618530273,24.4950008392334,10753800.0
2013-01-15T05:00:00Z,24.420000076293945,24.69499969482422,24.385000228881836,24.674999237060547,17256600.0
2013-01-16T05:00:00Z,24.6299991607666,24.65999984741211,24.549999237060547,24.6200008392334,7482400.0
2013-01-17T05:00:00Z,24.7450008392334,24.94499969482422,24.739999771118164,24.8799991607666,9271600.0
2013-01-18T05:00:00Z,24.93000030517578,24.940000534057617,24.770000457763672,24.90999984741211,10528000.0
2013-01-22T05:00:00Z,24.889999389648438,24.9950008392334,24.844999313354492,24.975000381469727,9113200.0
2013-01-23T05:00:00Z,24.93000030517578,25.020000457763672,24.860000610351562,24.9950008392334,5234400.0
2013-01-24T05:00:00Z,25.075000762939453,25.325000762939453,25.075000762939453,25.184999465942383,8509800.0
2013-01-25T05:00:00Z,25.229999542236328,25.459999084472656,25.225000381469727,25.450000762939453,11365400.0
2013-01-28T05:00:00Z,25.485000610351562,25.489999771118164,25.295000076293945,25.329999923706055,10488200.0
2013-01-29T05:00:00Z,25.295000076293945,25.30500030517578,25.09000015258789,25.229999542236328,12552400.0
2013-01-30T05:00:00Z,25.325000762939453,25.334999084472656,25.155000686645508,25.184999465942383,8183800.0
2013-01-31T05:00:00Z,25.1299991607666,25.204999923706055,25.020000457763672,25.065000534057617,11650400.0
2013-02-01T05:00:00Z,25.235000610351562,25.30500030517578,25.15999984741211,25.209999084472656,10308600.0
2013-02-04T05:00:00Z,25.065000534057617,25.155000686645508,24.889999389648438,24.899999618530273,8217200.0
2013-02-05T05:00:00Z,25.014999389648438,25.2549991607666,24.989999771118164,25.165000915527344,11727600.0
2013-02-06T05:00:00Z,25.190000534057617,25.295000076293945,25.100000381469727,25.219999313354492,10132800.0
2013-02-07T05:00:00Z,25.229999542236328,25.2549991607666,24.915000915527344,25.165000915527344,10330800.0
2013-02-08T05:00:00Z,25.225000381469727,25.375,25.184999465942383,25.360000610351562,5852200.0
2013-02-11T05:00:00Z,25.3799991607666,25.3799991607666,25.229999542236328,25.274999618530273,4773200.0
2013-02-12T05:00:00Z,25.280000686645508,25.424999237060547,25.274999618530273,25.375,9130200.0
2013-02-13T05:00:00Z,25.530000686645508,25.594999313354492,25.350000381469727,25.43000030517578,11664800.0
2013-02-14T05:00:00Z,25.34000015258789,25.489999771118164,25.329999923706055,25.440000534057617,9375200.0
2013-02-15T05:00:00Z,25.459999084472656,25.584999084472656,25.334999084472656,25.469999313354492,24578200.0
2013-02-19T05:00:00Z,25.485000610351562,25.584999084472656,25.44499969482422,25.565000534057617,14120400.0
2013-02-20T05:00:00Z,25.559999465942383,25.614999771118164,25.170000076293945,25.174999237060547,13975000.0
2013-02-21T05:00:00Z,25.114999771118164,25.139999389648438,24.8799991607666,24.96500015258789,17507000.0
2013-02-22T05:00:00Z,25.06999969482422,25.114999771118164,24.90999984741211,25.104999542236328,10679400.0
2013-02-25T05:00:00Z,25.25,25.274999618530273,24.700000762939453,24.71500015258789,10648400.0
2013-02-26T05:00:00Z,24.81999969482422,25.0049991607666,24.739999771118164,24.959999084472656,15745000.0
2013-02-27T05:00:00Z,25.010000228881836,25.424999237060547,24.950000762939453,25.34000015258789,10202800.0
2013-02-28T05:00:00Z,25.309999465942383,25.540000915527344,25.28499984741211,25.46500015258789,11651000.0
2013-03-01T05:00:00Z,25.219999313354492,25.524999618530273,25.170000076293945,25.524999618530273,9063600.0
2013-03-04T05:00:00Z,25.415000915527344,25.75,25.415000915527344,25.75,14118200.0
2013-03-05T05:00:00Z,25.864999771118164,26.045000076293945,25.834999084472656,26.010000228881836,12488800.0
2013-03-06T05:00:00Z,26.065000534057617,26.155000686645508,25.959999084472656,25.989999771118164,7052800.0
2013-03-07T05:00:00Z,26.0049991607666,26.049999237060547,25.959999084472656,26.03499984741211,6686400.0
2013-03-08T05:00:00Z,26.18000030517578,26.350000381469727,26.075000762939453,26.309999465942383,8086000.0
2013-03-11T04:00:00Z,26.28499984741211,26.395000457763672,26.2549991607666,26.375,6414600.0
2013-03-12T04:00:00Z,26.350000381469727,26.395000457763672,26.21500015258789,26.299999237060547,7450000.0
2013-03-13T04:00:00Z,26.309999465942383,26.459999084472656,26.270000457763672,26.44499969482422,7673000.0
2013-03-14T04:00:00Z,26.489999771118164,26.5049991607666,26.3799991607666,26.475000381469727,7418400.0
2013-03-15T04:00:00Z,26.350000381469727,26.389999389648438,26.239999771118164,26.295000076293945,12098000.0
2013-03-18T04:00:00Z,26.059999465942383,26.204999923706055,25.96500015258789,26.094999313354492,10426400.0
2013-03-19T04:00:00Z,26.190000534057617,26.190000534057617,25.735000610351562,25.90999984741211,12501000.0
2013-03-20T04:00:00Z,26.075000762939453,26.270000457763672,26.075000762939453,26.209999084472656,8235400.0
2013-03-21T04:00:00Z,26.06999969482422,26.149999618530273,25.905000686645508,25.989999771118164,10378800.0
2013-03-22T04:00:00Z,26.1299991607666,26.31999969482422,26.114999771118164,26.309999465942383,13824000.0
2013-03-25T04:00:00Z,26.3700008392334,26.475000381469727,26.139999389648438,26.264999389648438,9097800.0
2013-03-26T04:00:00Z,26.30500030517578,26.405000686645508,26.264999389648438,26.395000457763672,6604200.0
2013-03-27T04:00:00Z,26.280000686645508,26.43000030517578,26.190000534057617,26.405000686645508,6747200.0
2013-03-28T04:00:00Z,26.415000915527344,26.524999618530273,26.3700008392334,26.5,7601200.0
2013-04-01T04:00:00Z,26.4950008392334,26.565000534057617,26.270000457763672,26.299999237060547,11949600.0
2013-04-02T04:00:00Z,26.385000228881836,26.579999923706055,26.385000228881836,26.520000457763672,9197800.0
2013-04-03T04:00:00Z,26.575000762939453,26.584999084472656,26.190000534057617,26.274999618530273,13689600.0
2013-04-04T04:00:00Z,26.25,26.469999313354492,26.2450008392334,26.424999237060547,8872800.0
2013-04-05T04:00:00Z,26.114999771118164,26.334999084472656,25.975000381469727,26.295000076293945,8173200.0
2013-04-08T04:00:00Z,26.274999618530273,26.594999313354492,26.270000457763672,26.594999313354492,8943600.0
2013-04-09T04:00:00Z,26.625,26.635000228881836,26.399999618530273,26.524999618530273,10632800.0
2013-04-10T04:00:00Z,26.614999771118164,26.8700008392334,26.559999465942383,26.834999084472656,10017200.0
2013-04-11T04:00:00Z,26.860000610351562,27.184999465942383,26.860000610351562,27.059999465942383,12533000.0
2013-04-12T04:00:00Z,27.0049991607666,27.204999923706055,26.979999542236328,27.204999923706055,15579600.0
2013-04-15T04:00:00Z,27.059999465942383,27.1299991607666,26.489999771118164,26.489999771118164,18148000.0
2013-04-16T04:00:00Z,26.690000534057617,26.8700008392334,26.604999542236328,26.8700008392334,13402600.0
2013-04-17T04:00:00Z,26.725000381469727,26.739999771118164,26.450000762939453,26.594999313354492,17940800.0
2013-04-18T04:00:00Z,26.639999389648438,26.655000686645508,26.165000915527344,26.30500030517578,17506000.0
2013-04-19T04:00:00Z,26.295000076293945,26.639999389648438,26.28499984741211,26.6200008392334,12820200.0
2013-04-22T04:00:00Z,26.635000228881836,26.780000686645508,26.434999465942383,26.735000610351562,9122800.0
2013-04-23T04:00:00Z,26.934999465942383,27.049999237060547,26.725000381469727,27.0049991607666,10678400.0
2013-04-24T04:00:00Z,27.114999771118164,27.209999084472656,26.954999923706055,27.024999618530273,5838200.0
2013-04-25T04:00:00Z,27.075000762939453,27.344999313354492,27.075000762939453,27.2549991607666,13610400.0
2013-04-26T04:00:00Z,27.225000381469727,27.2450008392334,27.059999465942383,27.135000228881836,4946200.0
2013-04-29T04:00:00Z,27.2549991607666,27.334999084472656,27.139999389648438,27.229999542236328,6315600.0
2013-04-30T04:00:00Z,27.2450008392334,27.315000534057617,27.18000030517578,27.30500030517578,7696400.0
2013-05-01T04:00:00Z,27.260000228881836,27.375,27.1299991607666,27.15999984741211,8542800.0
2013-05-02T04:00:00Z,27.174999237060547,27.440000534057617,27.174999237060547,27.424999237060547,6057400.0
2013-05-03T04:00:00Z,27.649999618530273,27.850000381469727,27.625,27.770000457763672,13017400.0
2013-05-06T04:00:00Z,27.780000686645508,27.90999984741211,27.725000381469727,27.860000610351562,6391000.0
2013-05-07T04:00:00Z,27.940000534057617,28.094999313354492,27.80500030517578,28.094999313354492,9237000.0
2013-05-08T04:00:00Z,28.079999923706055,28.125,27.979999542236328,28.114999771118164,6793600.0
2013-05-09T04:00:00Z,28.15999984741211,28.290000915527344,28.06999969482422,28.165000915527344,13298600.0
2013-05-10T04:00:00Z,28.190000534057617,28.385000228881836,28.190000534057617,28.385000228881836,5932800.0
2013-05-13T04:00:00Z,28.354999542236328,28.405000686645508,28.2450008392334,28.389999389648438,4514400.0
2013-05-14T04:00:00Z,28.405000686645508,28.704999923706055,28.399999618530273,28.68000030517578,7018800.0
2013-05-15T04:00:00Z,28.645000457763672,28.854999542236328,28.645000457763672,28.834999084472656,9512800.0
2013-05-16T04:00:00Z,28.760000228881836,28.850000381469727,28.454999923706055,28.5,11949400.0
2013-05-17T04:00:00Z,28.575000762939453,28.795000076293945,28.565000534057617,28.774999618530273,11421400.0
2013-05-20T04:00:00Z,28.709999084472656,28.80500030517578,28.6299991607666,28.690000534057617,9667400.0
2013-05-21T04:00:00Z,28.78499984741211,28.93000030517578,28.684999465942383,28.81999969482422,7679600.0
2013-05-22T04:00:00Z,28.844999313354492,29.045000076293945,28.415000915527344,28.545000076293945,19137200.0
2013-05-23T04:00:00Z,28.229999542236328,28.53499984741211,28.190000534057617,28.485000610351562,10958200.0
2013-05-24T04:00:00Z,28.31999969482422,28.415000915527344,28.139999389648438,28.399999618530273,10341800.0
2013-05-28T04:00:00Z,28.735000610351562,28.8700008392334,28.549999237060547,28.674999237060547,13002000.0
2013-05-29T04:00:00Z,28.540000915527344,28.540000915527344,28.264999389648438,28.3799991607666,9013800.0
2013-05-30T04:00:00Z,28.479999542236328,28.614999771118164,28.354999542236328,28.3799991607666,7425200.0
2013-05-31T04:00:00Z,28.325000762939453,28.55500030517578,28.040000915527344,28.059999465942383,16537600.0
2013-06-03T04:00:00Z,28.135000228881836,28.204999923706055,27.815000534057617,28.184999465942383,15799200.0
2013-06-04T04:00:00Z,28.21500015258789,28.385000228881836,27.885000228881836,28.084999084472656,16123400.0
2013-06-05T04:00:00Z,27.959999084472656,28.040000915527344,27.565000534057617,27.6200008392334,24211400.0
2013-06-06T04:00:00Z,27.639999389648438,27.90999984741211,27.459999084472656,27.90999984741211,14849600.0
2013-06-07T04:00:00Z,28.075000762939453,28.43000030517578,28.014999389648438,28.420000076293945,9511800.0
2013-06-10T04:00:00Z,28.53499984741211,28.53499984741211,28.290000915527344,28.334999084472656,11948800.0
2013-06-11T04:00:00Z,28.030000686645508,28.309999465942383,27.96500015258789,28.05500030517578,11578600.0
2013-06-12T04:00:00Z,28.2450008392334,28.274999618530273,27.704999923706055,27.7450008392334,10609000.0
2013-06-13T04:00:00Z,27.739999771118164,28.309999465942383,27.700000762939453,28.264999389648438,12633200.0
2013-06-14T04:00:00Z,28.225000381469727,28.354999542236328,28.094999313354492,28.174999237060547,13476400.0
2013-06-17T04:00:00Z,28.329999923706055,28.5049991607666,28.165000915527344,28.329999923706055,9353600.0
2013-06-18T04:00:00Z,28.350000381469727,28.665000915527344,28.350000381469727,28.6200008392334,9319600.0
2013-06-19T04:00:00Z,28.639999389648438,28.690000534057617,28.290000915527344,28.295000076293945,17527800.0
2013-06-20T04:00:00Z,28.0049991607666,28.045000076293945,27.475000381469727,27.55500030517578,25885000.0
2013-06-21T04:00:00Z,27.674999237060547,27.709999084472656,27.235000610351562,27.520000457763672,23885400.0
2013-06-24T04:00:00Z,27.239999771118164,27.469999313354492,26.979999542236328,27.270000457763672,14009600.0
2013-06-25T04:00:00Z,27.520000457763672,27.610000610351562,27.360000610351562,27.514999389648438,8804000.0
2013-06-26T04:00:00Z,27.735000610351562,27.924999237060547,27.729999542236328,27.860000610351562,12385600.0
2013-06-27T04:00:00Z,28.0049991607666,28.21500015258789,28.0,28.100000381469727,7897000.0
2013-06-28T04:00:00Z,28.049999237060547,28.364999771118164,28.024999618530273,28.200000762939453,15998200.0
2013-07-01T04:00:00Z,28.3799991607666,28.594999313354492,28.325000762939453,28.395000457763672,19371200.0
2013-07-02T04:00:00Z,28.360000610351562,28.639999389648438,28.329999923706055,28.44499969482422,6061800.0
2013-07-03T04:00:00Z,28.295000076293945,28.75,28.25,28.575000762939453,5241000.0
2013-07-05T04:00:00Z,28.815000534057617,28.905000686645508,28.575000762939453,28.885000228881836,12732600.0
2013-07-08T04:00:00Z,29.075000762939453,29.204999923706055,29.030000686645508,29.155000686645508,26434600.0
2013-07-09T04:00:00Z,29.315000534057617,29.360000610351562,29.18000030517578,29.270000457763672,12694200.0
2013-07-10T04:00:00Z,29.235000610351562,29.350000381469727,29.114999771118164,29.299999237060547,19610400.0
2013-07-11T04:00:00Z,29.614999771118164,29.7450008392334,29.549999237060547,29.719999313354492,14324000.0
2013-07-12T04:00:00Z,29.690000534057617,29.8799991607666,29.670000076293945,29.860000610351562,8951200.0
2013-07-15T04:00:00Z,29.950000762939453,29.950000762939453,29.774999618530273,29.78499984741211,7216800.0
2013-07-16T04:00:00Z,29.795000076293945,29.829999923706055,29.514999389648438,29.625,9588800.0
2013-07-17T04:00:00Z,29.69499969482422,29.709999084472656,29.59000015258789,29.639999389648438,10845000.0
2013-07-18T04:00:00Z,29.690000534057617,29.905000686645508,29.690000534057617,29.809999465942383,6296200.0
2013-07-19T04:00:00Z,29.795000076293945,29.8799991607666,29.704999923706055,29.78499984741211,11149600.0
2013-07-22T04:00:00Z,29.809999465942383,29.854999542236328,29.649999618530273,29.764999389648438,8323400.0
2013-07-23T04:00:00Z,29.809999465942383,29.8700008392334,29.684999465942383,29.725000381469727,7686000.0
2013-07-24T04:00:00Z,29.864999771118164,29.895000457763672,29.559999465942383,29.625,7704600.0
2013-07-25T04:00:00Z,29.600000381469727,29.670000076293945,29.479999542236328,29.665000915527344,7441800.0
2013-07-26T04:00:00Z,29.56999969482422,29.780000686645508,29.469999313354492,29.760000228881836,6053000.0
2013-07-29T04:00:00Z,29.709999084472656,29.774999618530273,29.545000076293945,29.604999542236328,8570600.0
2013-07-30T04:00:00Z,29.725000381469727,29.725000381469727,29.4950008392334,29.530000686645508,6596000.0
2013-07-31T04:00:00Z,29.635000228881836,29.899999618530273,29.635000228881836,29.684999465942383,10498200.0
2013-08-01T04:00:00Z,29.93000030517578,30.200000762939453,29.889999389648438,30.145000457763672,8260600.0
2013-08-02T04:00:00Z,30.094999313354492,30.375,30.075000762939453,30.360000610351562,7475000.0
2013-08-05T04:00:00Z,30.30500030517578,30.34000015258789,30.225000381469727,30.295000076293945,3654600.0
2013-08-06T04:00:00Z,30.235000610351562,30.30500030517578,29.989999771118164,30.170000076293945,6338600.0
2013-08-07T04:00:00Z,30.010000228881836,30.084999084472656,29.825000762939453,29.905000686645508,7118600.0
2013-08-08T04:00:00Z,30.049999237060547,30.190000534057617,29.905000686645508,30.104999542236328,6040000.0
2013-08-09T04:00:00Z,30.1299991607666,30.219999313354492,29.94499969482422,30.040000915527344,6246200.0
2013-08-12T04:00:00Z,29.8799991607666,30.094999313354492,29.850000381469727,30.0,6998000.0
2013-08-13T04:00:00Z,30.0,30.05500030517578,29.764999389648438,30.0,7543800.0
2013-08-14T04:00:00Z,29.875,29.940000534057617,29.655000686645508,29.670000076293945,12760000.0
2013-08-15T04:00:00Z,29.454999923706055,29.485000610351562,29.049999237060547,29.149999618530273,30791600.0
2013-08-16T04:00:00Z,29.05500030517578,29.280000686645508,29.045000076293945,29.045000076293945,12909000.0
2013-08-19T04:00:00Z,29.030000686645508,29.18000030517578,28.920000076293945,28.920000076293945,6670000.0
2013-08-20T04:00:00Z,29.024999618530273,29.299999237060547,29.024999618530273,29.21500015258789,6948400.0
2013-08-21T04:00:00Z,29.135000228881836,29.21500015258789,28.8700008392334,28.96500015258789,10499200.0
2013-08-22T04:00:00Z,29.0049991607666,29.360000610351562,28.93000030517578,29.2549991607666,11581400.0
2013-08-23T04:00:00Z,29.30500030517578,29.344999313354492,29.1200008392334,29.260000228881836,5604000.0
2013-08-26T04:00:00Z,29.299999237060547,29.459999084472656,29.184999465942383,29.200000762939453,8351600.0
2013-08-27T04:00:00Z,28.895000457763672,29.045000076293945,28.704999923706055,28.725000381469727,13951000.0
2013-08-28T04:00:00Z,28.704999923706055,28.969999313354492,28.655000686645508,28.8799991607666,7105200.0
2013-08-29T04:00:00Z,28.825000762939453,29.170000076293945,28.790000915527344,29.020000457763672,10192000.0
2013-08-30T04:00:00Z,29.065000534057617,29.065000534057617,28.739999771118164,28.84000015258789,11733800.0
2013-09-03T04:00:00Z,29.165000915527344,29.30500030517578,28.93000030517578,29.045000076293945,16041200.0
2013-09-04T04:00:00Z,29.0049991607666,29.399999618530273,29.0049991607666,29.350000381469727,10841600.0
2013-09-05T04:00:00Z,29.389999389648438,29.514999389648438,29.329999923706055,29.360000610351562,10060600.0
2013-09-06T04:00:00Z,29.510000228881836,29.545000076293945,29.03499984741211,29.325000762939453,11900600.0
2013-09-09T04:00:00Z,29.43000030517578,29.635000228881836,29.375,29.584999084472656,8730400.0
2013-09-10T04:00:00Z,29.704999923706055,29.8799991607666,29.704999923706055,29.8700008392334,8859200.0
2013-09-11T04:00:00Z,29.84000015258789,30.09000015258789,29.84000015258789,30.09000015258789,10198400.0
2013-09-12T04:00:00Z,30.049999237060547,30.139999389648438,29.895000457763672,30.020000457763672,8517400.0
2013-09-13T04:00:00Z,30.049999237060547,30.125,29.920000076293945,30.104999542236328,11258400.0
2013-09-16T04:00:00Z,30.46500015258789,30.5049991607666,30.190000534057617,30.239999771118164,12945600.0
2013-09-17T04:00:00Z,30.200000762939453,30.44499969482422,30.200000762939453,30.415000915527344,8481000.0
2013-09-18T04:00:00Z,30.3700008392334,30.8700008392334,30.270000457763672,30.764999389648438,19324400.0
2013-09-19T04:00:00Z,30.864999771118164,30.875,30.69499969482422,30.7549991607666,12677400.0
2013-09-20T04:00:00Z,30.670000076293945,30.7549991607666,30.450000762939453,30.479999542236328,15376600.0
2013-09-23T04:00:00Z,30.415000915527344,30.450000762939453,30.110000610351562,30.2450008392334,14314400.0
2013-09-24T04:00:00Z,30.270000457763672,30.4950008392334,30.165000915527344,30.325000762939453,7725200.0
2013-09-25T04:00:00Z,30.34000015258789,30.354999542236328,30.094999313354492,30.139999389648438,11441400.0
2013-09-26T04:00:00Z,30.139999389648438,30.434999465942383,30.139999389648438,30.424999237060547,7033600.0
2013-09-27T04:00:00Z,30.31999969482422,30.46500015258789,30.295000076293945,30.43000030517578,9906600.0
2013-09-30T04:00:00Z,30.114999771118164,30.389999389648438,30.084999084472656,30.315000534057617,10763200.0
2013-10-01T04:00:00Z,30.299999237060547,30.579999923706055,30.299999237060547,30.559999465942383,12384600.0
2013-10-02T04:00:00Z,30.44499969482422,30.55500030517578,30.274999618530273,30.549999237060547,11036600.0
2013-10-03T04:00:00Z,30.459999084472656,30.575000762939453,30.075000762939453,30.204999923706055,10398400.0
2013-10-04T04:00:00Z,30.28499984741211,30.53499984741211,30.190000534057617,30.489999771118164,7938400.0
2013-10-07T04:00:00Z,30.280000686645508,30.354999542236328,30.059999465942383,30.059999465942383,10618400.0
2013-10-08T04:00:00Z,30.100000381469727,30.100000381469727,29.559999465942383,29.584999084472656,15799000.0
2013-10-09T04:00:00Z,29.594999313354492,29.614999771118164,29.225000381469727,29.450000762939453,23215800.0
2013-10-10T04:00:00Z,29.774999618530273,30.170000076293945,29.774999618530273,30.135000228881836,12208800.0
2013-10-11T04:00:00Z,30.100000381469727,30.395000457763672,30.075000762939453,30.395000457763672,17655600.0
2013-10-14T04:00:00Z,30.21500015258789,30.524999618530273,30.15999984741211,30.520000457763672,12097600.0
2013-10-15T04:00:00Z,30.459999084472656,30.475000381469727,30.18000030517578,30.229999542236328,26736200.0
2013-10-16T04:00:00Z,30.43000030517578,30.625,30.354999542236328,30.604999542236328,11075600.0
2013-10-17T04:00:00Z,30.475000381469727,30.850000381469727,30.475000381469727,30.829999923706055,9871600.0
2013-10-18T04:00:00Z,30.934999465942383,31.075000762939453,30.834999084472656,31.020000457763672,10486600.0
2013-10-21T04:00:00Z,31.06999969482422,31.100000381469727,30.950000762939453,31.100000381469727,6316000.0
2013-10-22T04:00:00Z,31.219999313354492,31.415000915527344,31.1200008392334,31.309999465942383,13549400.0
2013-10-23T04:00:00Z,31.184999465942383,31.295000076293945,31.0049991607666,31.110000610351562,10492800.0
2013-10-24T04:00:00Z,31.2549991607666,31.44499969482422,31.170000076293945,31.420000076293945,10248400.0
2013-10-25T04:00:00Z,31.584999084472656,31.69499969482422,31.485000610351562,31.655000686645508,7765000.0
2013-10-28T04:00:00Z,31.635000228881836,31.649999618530273,31.469999313354492,31.594999313354492,9797400.0
2013-10-29T04:00:00Z,31.69499969482422,31.780000686645508,31.514999389648438,31.780000686645508,15431800.0
2013-10-30T04:00:00Z,31.8799991607666,31.899999618530273,31.440000534057617,31.625,11442200.0
2013-10-31T04:00:00Z,31.6299991607666,31.905000686645508,31.55500030517578,31.704999923706055,15281000.0
2013-11-01T04:00:00Z,31.854999542236328,31.8700008392334,31.604999542236328,31.780000686645508,8825600.0
2013-11-04T05:00:00Z,31.825000762939453,31.915000915527344,31.729999542236328,31.889999389648438,9981200.0
2013-11-05T05:00:00Z,31.799999237060547,31.954999923706055,31.600000381469727,31.889999389648438,8033000.0
2013-11-06T05:00:00Z,32.025001525878906,32.10499954223633,31.7549991607666,31.809999465942383,9047400.0
2013-11-07T05:00:00Z,31.905000686645508,31.94499969482422,31.125,31.149999618530273,19335400.0
2013-11-08T05:00:00Z,31.225000381469727,31.65999984741211,31.165000915527344,31.645000457763672,16574400.0
2013-11-11T05:00:00Z,31.670000076293945,31.764999389648438,31.559999465942383,31.69499969482422,10458400.0
2013-11-12T05:00:00Z,31.56999969482422,31.725000381469727,31.489999771118164,31.639999389648438,8892800.0
2013-11-13T05:00:00Z,31.524999618530273,32.13999938964844,31.5,32.13999938964844,13309200.0
2013-11-14T05:00:00Z,32.189998626708984,32.400001525878906,32.13999938964844,32.3650016784668,11876200.0
2013-11-15T05:00:00Z,32.435001373291016,32.4900016784668,32.310001373291016,32.474998474121094,10275600.0
2013-11-18T05:00:00Z,32.525001525878906,32.54499816894531,32.13999938964844,32.220001220703125,9786000.0
2013-11-19T05:00:00Z,32.2400016784668,32.334999084472656,32.040000915527344,32.08000183105469,12721800.0
2013-11-20T05:00:00Z,32.17499923706055,32.25,31.829999923706055,31.915000915527344,9103400.0
2013-11-21T05:00:00Z,32.01499938964844,32.279998779296875,31.969999313354492,32.244998931884766,6650800.0
2013-11-22T05:00:00Z,32.20500183105469,32.435001373291016,32.17499923706055,32.42499923706055,8830400.0
2013-11-25T05:00:00Z,32.5099983215332,32.56999969482422,32.404998779296875,32.45500183105469,6658400.0
2013-11-26T05:00:00Z,32.42499923706055,32.73500061035156,32.42499923706055,32.64500045776367,7063000.0
2013-11-27T05:00:00Z,32.83000183105469,32.845001220703125,32.61000061035156,32.77000045776367,6217600.0
2013-11-29T05:00:00Z,32.845001220703125,32.93000030517578,32.744998931884766,32.79999923706055,6998000.0
2013-12-02T05:00:00Z,32.7599983215332,32.875,32.58000183105469,32.64500045776367,8315800.0
2013-12-03T05:00:00Z,32.525001525878906,32.525001525878906,32.20500183105469,32.334999084472656,8232200.0
2013-12-04T05:00:00Z,32.19499969482422,32.459999084472656,32.025001525878906,32.2599983215332,10835600.0
2013-12-05T05:00:00Z,32.16999816894531,32.380001068115234,32.15999984741211,32.29499816894531,8178400.0
2013-12-06T05:00:00Z,32.619998931884766,32.619998931884766,32.35499954223633,32.564998626708984,7846200.0
2013-12-09T05:00:00Z,32.58000183105469,32.70000076293945,32.494998931884766,32.540000915527344,10567800.0
2013-12-10T05:00:00Z,32.51499938964844,32.63999938964844,32.4900016784668,32.560001373291016,6534600.0
2013-12-11T05:00:00Z,32.58000183105469,32.630001068115234,32.20500183105469,32.2599983215332,11420200.0
2013-12-12T05:00:00Z,32.25,32.28499984741211,32.11000061035156,32.15999984741211,7136000.0
2013-12-13T05:00:00Z,32.224998474121094,32.35499954223633,32.20500183105469,32.2400016784668,6624800.0
2013-12-16T05:00:00Z,32.36000061035156,32.54999923706055,32.35499954223633,32.45000076293945,6972400.0
2013-12-17T05:00:00Z,32.4900016784668,32.505001068115234,32.244998931884766,32.3650016784668,7383600.0
2013-12-18T05:00:00Z,32.36000061035156,32.869998931884766,32.060001373291016,32.845001220703125,19499600.0
2013-12-19T05:00:00Z,32.81999969482422,32.880001068115234,32.685001373291016,32.82500076293945,12015400.0
2013-12-20T05:00:00Z,32.775001525878906,32.915000915527344,32.72999954223633,32.83000183105469,14787000.0
2013-12-23T05:00:00Z,32.98500061035156,32.98500061035156,32.81999969482422,32.974998474121094,7378800.0
2013-12-24T05:00:00Z,32.95000076293945,33.06999969482422,32.95000076293945,33.04499816894531,3984000.0
2013-12-26T05:00:00Z,33.15999984741211,33.29499816894531,33.099998474121094,33.290000915527344,10062800.0
2013-12-27T05:00:00Z,33.345001220703125,33.36000061035156,33.119998931884766,33.1349983215332,6285000.0
2013-12-30T05:00:00Z,33.209999084472656,33.29999923706055,33.14500045776367,33.28499984741211,4232200.0
2013-12-31T05:00:00Z,33.3650016784668,33.42499923706055,33.275001525878906,33.415000915527344,7351600.0
2014-01-02T05:00:00Z,33.349998474121094,33.415000915527344,33.13999938964844,33.2599983215332,8663800.0
2014-01-03T05:00:00Z,33.279998779296875,33.3650016784668,33.154998779296875,33.16999816894531,7545600.0
2014-01-06T05:00:00Z,33.209999084472656,33.28499984741211,32.88999938964844,32.96500015258789,8157600.0
2014-01-07T05:00:00Z,33.2599983215332,33.2599983215332,33.0,33.165000915527344,6171400.0
2014-01-08T05:00:00Z,33.14500045776367,33.185001373291016,32.98500061035156,33.07500076293945,11579000.0
2014-01-09T05:00:00Z,33.15999984741211,33.18000030517578,32.875,33.06999969482422,10163800.0
2014-01-10T05:00:00Z,33.1150016784668,33.20000076293945,32.970001220703125,33.16999816894531,9261000.0
2014-01-13T05:00:00Z,33.150001525878906,33.150001525878906,32.45500183105469,32.505001068115234,13961400.0
2014-01-14T05:00:00Z,32.665000915527344,32.80500030517578,32.494998931884766,32.78499984741211,12181200.0
2014-01-15T05:00:00Z,32.83000183105469,32.959999084472656,32.810001373291016,32.8650016784668,11710000.0
2014-01-16T05:00:00Z,32.849998474121094,32.849998474121094,32.619998931884766,32.689998626708984,12664000.0
2014-01-17T05:00:00Z,32.66999816894531,32.7400016784668,32.48500061035156,32.54499816894531,11174000.0
2014-01-21T05:00:00Z,32.654998779296875,32.7400016784668,32.310001373291016,32.51499938964844,20878800.0
2014-01-22T05:00:00Z,32.56999969482422,32.625,32.45000076293945,32.599998474121094,9272000.0
2014-01-23T05:00:00Z,32.5099983215332,32.540000915527344,32.21500015258789,32.369998931884766,15946200.0
2014-01-24T05:00:00Z,32.17499923706055,32.224998474121094,31.739999771118164,31.75,17244600.0
2014-01-27T05:00:00Z,31.809999465942383,31.885000228881836,31.360000610351562,31.625,14436000.0
2014-01-28T05:00:00Z,31.75,31.94499969482422,31.729999542236328,31.844999313354492,9463600.0
2014-01-29T05:00:00Z,31.56999969482422,31.684999465942383,31.28499984741211,31.334999084472656,34830200.0
2014-01-30T05:00:00Z,31.55500030517578,31.954999923706055,31.55500030517578,31.860000610351562,25474200.0
2014-01-31T05:00:00Z,31.354999542236328,31.655000686645508,31.21500015258789,31.40999984741211,13651400.0
2014-02-03T05:00:00Z,31.3799991607666,31.479999542236328,30.514999389648438,30.584999084472656,64955400.0
2014-02-04T05:00:00Z,30.815000534057617,31.020000457763672,30.709999084472656,30.959999084472656,18990400.0
2014-02-05T05:00:00Z,30.8799991607666,31.075000762939453,30.55500030517578,31.0,15495600.0
2014-02-06T05:00:00Z,31.100000381469727,31.68000030517578,31.100000381469727,31.655000686645508,16587600.0
2014-02-07T05:00:00Z,31.875,32.084999084472656,31.725000381469727,32.04499816894531,12541000.0
2014-02-10T05:00:00Z,32.09000015258789,32.09000015258789,31.8799991607666,32.025001525878906,9341200.0
2014-02-11T05:00:00Z,32.119998931884766,32.3650016784668,32.04999923706055,32.2599983215332,11294800.0
2014-02-12T05:00:00Z,32.32500076293945,32.415000915527344,32.20000076293945,32.290000915527344,8446600.0
2014-02-13T05:00:00Z,32.10499954223633,32.459999084472656,32.099998474121094,32.38999938964844,13169000.0
2014-02-14T05:00:00Z,32.375,32.70500183105469,32.34000015258789,32.584999084472656,9657000.0
2014-02-18T05:00:00Z,32.75,32.75,32.48500061035156,32.625,7156400.0
2014-02-19T05:00:00Z,32.584999084472656,32.685001373291016,32.30500030517578,32.36000061035156,12608800.0
2014-02-20T05:00:00Z,32.459999084472656,32.584999084472656,32.32500076293945,32.53499984741211,9397400.0
2014-02-21T05:00:00Z,32.654998779296875,32.70500183105469,32.540000915527344,32.599998474121094,8750400.0
2014-02-24T05:00:00Z,32.630001068115234,32.95000076293945,32.625,32.73500061035156,6431000.0
2014-02-25T05:00:00Z,32.790000915527344,33.005001068115234,32.73500061035156,32.96500015258789,9076600.0
2014-02-26T05:00:00Z,33.04499816894531,33.345001220703125,32.98500061035156,33.150001525878906,10977000.0
2014-02-27T05:00:00Z,33.1349983215332,33.30500030517578,33.029998779296875,33.28499984741211,8773600.0
2014-02-28T05:00:00Z,33.28499984741211,33.53499984741211,33.15999984741211,33.41999816894531,13988200.0
2014-03-03T05:00:00Z,33.08000183105469,33.209999084472656,32.85499954223633,33.10499954223633,17337600.0
2014-03-04T05:00:00Z,33.44499969482422,33.56999969482422,33.40999984741211,33.52000045776367,8782200.0
2014-03-05T05:00:00Z,33.59000015258789,33.65999984741211,33.525001525878906,33.65999984741211,15136200.0
2014-03-06T05:00:00Z,33.71500015258789,33.814998626708984,33.6150016784668,33.744998931884766,10510600.0
2014-03-07T05:00:00Z,33.92499923706055,33.92499923706055,33.619998931884766,33.69499969482422,8679800.0
2014-03-10T04:00:00Z,33.68000030517578,33.685001373291016,33.43000030517578,33.60499954223633,6549200.0
2014-03-11T04:00:00Z,33.73500061035156,33.73500061035156,33.314998626708984,33.40999984741211,8780400.0
2014-03-12T04:00:00Z,33.22999954223633,33.38999938964844,33.07500076293945,33.36000061035156,9573000.0
2014-03-13T04:00:00Z,33.540000915527344,33.540000915527344,32.80500030517578,32.95500183105469,22536600.0
2014-03-14T04:00:00Z,32.91999816894531,33.1150016784668,32.84000015258789,32.92499923706055,9572200.0
2014-03-17T04:00:00Z,33.06999969482422,33.2400016784668,33.060001373291016,33.14500045776367,6463000.0
2014-03-18T04:00:00Z,33.220001220703125,33.349998474121094,33.154998779296875,33.290000915527344,6445800.0
2014-03-19T04:00:00Z,33.30500030517578,33.32500076293945,32.880001068115234,33.06999969482422,12116200.0
2014-03-20T04:00:00Z,33.04499816894531,33.220001220703125,32.8849983215332,33.154998779296875,7523600.0
2014-03-21T04:00:00Z,33.2599983215332,33.27000045776367,32.810001373291016,32.84000015258789,12462200.0
2014-03-24T04:00:00Z,32.875,32.96500015258789,32.35499954223633,32.5099983215332,24711000.0
2014-03-25T04:00:00Z,32.59000015258789,32.709999084472656,32.150001525878906,32.314998626708984,11722400.0
2014-03-26T04:00:00Z,32.459999084472656,32.4900016784668,32.04499816894531,32.05500030517578,13913400.0
2014-03-27T04:00:00Z,32.0,32.084999084472656,31.764999389648438,31.899999618530273,12697600.0
2014-03-28T04:00:00Z,32.005001068115234,32.33000183105469,31.975000381469727,32.13999938964844,11367400.0
2014-03-31T04:00:00Z,32.33000183105469,32.459999084472656,32.314998626708984,32.36000061035156,11358000.0
2014-04-01T04:00:00Z,32.45500183105469,32.834999084472656,32.3849983215332,32.810001373291016,10149600.0
2014-04-02T04:00:00Z,32.834999084472656,33.084999084472656,32.82500076293945,33.029998779296875,10086800.0
2014-04-03T04:00:00Z,33.1150016784668,33.125,32.709999084472656,32.869998931884766,10739400.0
2014-04-04T04:00:00Z,33.07500076293945,33.07500076293945,32.26499938964844,32.32500076293945,14800200.0
2014-04-07T04:00:00Z,32.20000076293945,32.2400016784668,31.5,31.69499969482422,15177400.0
2014-04-08T04:00:00Z,31.670000076293945,32.04499816894531,31.604999542236328,32.01499938964844,9501000.0
2014-04-09T04:00:00Z,32.084999084472656,32.369998931884766,31.96500015258789,32.36000061035156,7682800.0
2014-04-10T04:00:00Z,32.314998626708984,32.36000061035156,31.530000686645508,31.55500030517578,20151000.0
2014-04-11T04:00:00Z,31.270000457763672,31.545000076293945,31.059999465942383,31.1200008392334,16892400.0
2014-04-14T04:00:00Z,31.360000610351562,31.5049991607666,31.110000610351562,31.364999771118164,9402200.0
2014-04-15T04:00:00Z,31.469999313354492,31.575000762939453,30.920000076293945,31.405000686645508,19377800.0
2014-04-16T04:00:00Z,31.80500030517578,31.850000381469727,31.540000915527344,31.844999313354492,9508600.0
2014-04-17T04:00:00Z,31.75,31.989999771118164,31.75,31.885000228881836,9907000.0
2014-04-21T04:00:00Z,31.875,32.0,31.78499984741211,31.969999313354492,21173200.0
2014-04-22T04:00:00Z,32.05500030517578,32.375,32.05500030517578,32.244998931884766,9351600.0
2014-04-23T04:00:00Z,32.209999084472656,32.334999084472656,32.060001373291016,32.095001220703125,5654000.0
2014-04-24T04:00:00Z,32.224998474121094,32.3849983215332,32.0,32.27000045776367,7367400.0
2014-04-25T04:00:00Z,32.05500030517578,32.05500030517578,31.674999237060547,31.719999313354492,9471000.0
2014-04-28T04:00:00Z,31.854999542236328,31.924999237060547,31.2450008392334,31.639999389648438,18693400.0
2014-04-29T04:00:00Z,31.739999771118164,31.825000762939453,31.510000228881836,31.78499984741211,8820400.0
2014-04-30T04:00:00Z,31.68000030517578,31.96500015258789,31.639999389648438,31.920000076293945,15589200.0
2014-05-01T04:00:00Z,31.959999084472656,32.189998626708984,31.940000534057617,32.04499816894531,8350600.0
2014-05-02T04:00:00Z,32.084999084472656,32.314998626708984,32.04499816894531,32.125,8223000.0
2014-05-05T04:00:00Z,31.969999313354492,32.18000030517578,31.844999313354492,32.154998779296875,6695800.0
2014-05-06T04:00:00Z,32.04999923706055,32.1150016784668,31.69499969482422,31.69499969482422,8395400.0
2014-05-07T04:00:00Z,31.834999084472656,31.850000381469727,31.415000915527344,31.655000686645508,8789800.0
2014-05-08T04:00:00Z,31.594999313354492,32.04999923706055,31.56999969482422,31.7450008392334,11520800.0
2014-05-09T04:00:00Z,31.729999542236328,31.940000534057617,31.559999465942383,31.920000076293945,10121600.0
2014-05-12T04:00:00Z,32.04999923706055,32.334999084472656,32.01499938964844,32.31999969482422,11423200.0
2014-05-13T04:00:00Z,32.369998931884766,32.46500015258789,32.165000915527344,32.22999954223633,9919800.0
2014-05-14T04:00:00Z,32.16999816894531,32.21500015258789,31.809999465942383,31.8700008392334,8571000.0
2014-05-15T04:00:00Z,31.75,31.809999465942383,31.315000534057617,31.639999389648438,11412400.0
2014-05-16T04:00:00Z,31.639999389648438,31.895000457763672,31.530000686645508,31.875,6022800.0
2014-05-19T04:00:00Z,31.78499984741211,32.040000915527344,31.69499969482422,32.02000045776367,5477200.0
2014-05-20T04:00:00Z,31.850000381469727,31.979999542236328,31.635000228881836,31.729999542236328,9698000.0
2014-05-21T04:00:00Z,31.81999969482422,32.13999938964844,31.81999969482422,32.1150016784668,7778000.0
2014-05-22T04:00:00Z,32.11000061035156,32.34000015258789,32.05500030517578,32.28499984741211,10515000.0
2014-05-23T04:00:00Z,32.31999969482422,32.55500030517578,32.26499938964844,32.540000915527344,3970200.0
2014-05-27T04:00:00Z,32.665000915527344,32.75,32.625,32.709999084472656,6805200.0
2014-05-28T04:00:00Z,32.724998474121094,32.7599983215332,32.51499938964844,32.67499923706055,20212400.0
2014-05-29T04:00:00Z,32.775001525878906,32.814998626708984,32.650001525878906,32.810001373291016,5896000.0
2014-05-30T04:00:00Z,32.7599983215332,32.849998474121094,32.70000076293945,32.84000015258789,6104000.0
2014-06-02T04:00:00Z,32.900001525878906,32.974998474121094,32.755001068115234,32.95000076293945,6097400.0
2014-06-03T04:00:00Z,32.83000183105469,32.95000076293945,32.810001373291016,32.88999938964844,4486600.0
2014-06-04T04:00:00Z,32.790000915527344,33.084999084472656,32.744998931884766,33.04999923706055,4322200.0
2014-06-05T04:00:00Z,33.099998474121094,33.310001373291016,32.94499969482422,33.26499938964844,5406800.0
2014-06-06T04:00:00Z,33.32500076293945,33.46500015258789,33.29999923706055,33.459999084472656,6407800.0
2014-06-09T04:00:00Z,33.48500061035156,33.630001068115234,33.42499923706055,33.470001220703125,5137400.0
2014-06-10T04:00:00Z,33.39500045776367,33.46500015258789,33.35499954223633,33.404998779296875,10923200.0
2014-06-11T04:00:00Z,33.310001373291016,33.380001068115234,33.185001373291016,33.30500030517578,6055800.0
2014-06-12T04:00:00Z,33.30500030517578,33.30500030517578,32.80500030517578,32.880001068115234,9099200.0
2014-06-13T04:00:00Z,32.88999938964844,32.974998474121094,32.70000076293945,32.89500045776367,9925600.0
2014-06-16T04:00:00Z,32.779998779296875,33.005001068115234,32.779998779296875,32.970001220703125,7106000.0
2014-06-17T04:00:00Z,32.98500061035156,33.1349983215332,32.89500045776367,33.099998474121094,8035400.0
2014-06-18T04:00:00Z,33.06999969482422,33.375,33.02000045776367,33.349998474121094,11680600.0
2014-06-19T04:00:00Z,33.3650016784668,33.45500183105469,33.18000030517578,33.27000045776367,5960400.0
2014-06-20T04:00:00Z,33.255001068115234,33.29499816894531,33.0,33.040000915527344,10022200.0
2014-06-23T04:00:00Z,33.0,33.10499954223633,32.939998626708984,33.08000183105469,8578400.0
2014-06-24T04:00:00Z,33.0,33.28499984741211,32.95500183105469,33.0,7817400.0
2014-06-25T04:00:00Z,32.915000915527344,33.31999969482422,32.915000915527344,33.279998779296875,7891400.0
2014-06-26T04:00:00Z,33.279998779296875,33.30500030517578,33.03499984741211,33.30500030517578,6159000.0
2014-06-27T04:00:00Z,33.244998931884766,33.41999816894531,33.224998474121094,33.3849983215332,10409800.0
2014-06-30T04:00:00Z,33.36000061035156,33.44499969482422,33.30500030517578,33.369998931884766,5026600.0
2014-07-01T04:00:00Z,33.45500183105469,33.79999923706055,33.415000915527344,33.724998474121094,7661200.0
2014-07-02T04:00:00Z,33.75,33.84000015258789,33.724998474121094,33.775001525878906,3497800.0
2014-07-03T04:00:00Z,33.875,34.064998626708984,33.845001220703125,34.03499984741211,3494800.0
2014-07-07T04:00:00Z,33.92499923706055,33.98500061035156,33.790000915527344,33.82500076293945,6180800.0
2014-07-08T04:00:00Z,33.77000045776367,33.779998779296875,33.41999816894531,33.494998931884766,10200600.0
2014-07-09T04:00:00Z,33.59000015258789,33.93000030517578,33.54999923706055,33.900001525878906,37130200.0
2014-07-10T04:00:00Z,33.40999984741211,33.72999954223633,33.404998779296875,33.584999084472656,9684600.0
2014-07-11T04:00:00Z,33.63999938964844,33.71500015258789,33.56999969482422,33.69499969482422,14082200.0
2014-07-14T04:00:00Z,33.869998931884766,33.89500045776367,33.75,33.790000915527344,6845600.0
2014-07-15T04:00:00Z,33.70000076293945,33.814998626708984,33.51499938964844,33.67499923706055,8314000.0
2014-07-16T04:00:00Z,33.935001373291016,34.01499938964844,33.71500015258789,33.7599983215332,46941200.0
2014-07-17T04:00:00Z,33.68000030517578,33.83000183105469,33.3849983215332,33.439998626708984,11274800.0
2014-07-18T04:00:00Z,33.54999923706055,33.7599983215332,33.505001068115234,33.75,6909800.0
2014-07-21T04:00:00Z,33.63999938964844,33.70500183105469,33.494998931884766,33.595001220703125,7413800.0
2014-07-22T04:00:00Z,33.66999816894531,33.80500030517578,33.630001068115234,33.73500061035156,8820200.0
2014-07-23T04:00:00Z,33.7400016784668,33.744998931884766,33.60499954223633,33.709999084472656,10778600.0
2014-07-24T04:00:00Z,33.77000045776367,33.88999938964844,33.744998931884766,33.78499984741211,7953600.0
2014-07-25T04:00:00Z,33.53499984741211,33.599998474121094,33.35499954223633,33.40999984741211,7705400.0
2014-07-28T04:00:00Z,33.415000915527344,33.5099983215332,33.2599983215332,33.474998474121094,5607600.0
2014-07-29T04:00:00Z,33.529998779296875,33.70500183105469,33.375,33.380001068115234,7169400.0
2014-07-30T04:00:00Z,33.505001068115234,33.595001220703125,33.36000061035156,33.564998626708984,47735000.0
2014-07-31T04:00:00Z,33.32500076293945,33.380001068115234,32.91999816894531,32.94499969482422,12899200.0
2014-08-01T04:00:00Z,32.849998474121094,33.05500030517578,32.67499923706055,32.82500076293945,12177600.0
2014-08-04T04:00:00Z,32.90999984741211,33.25,32.8849983215332,33.14500045776367,33885200.0
2014-08-05T04:00:00Z,33.0,33.15999984741211,32.79999923706055,32.915000915527344,19794200.0
2014-08-06T04:00:00Z,32.685001373291016,33.05500030517578,32.665000915527344,32.845001220703125,21923400.0
2014-08-07T04:00:00Z,33.05500030517578,33.1150016784668,32.58000183105469,32.67499923706055,12729000.0
2014-08-08T04:00:00Z,32.67499923706055,33.20500183105469,32.67499923706055,33.18000030517578,11141800.0
2014-08-11T04:00:00Z,33.314998626708984,33.42499923706055,33.2599983215332,33.33000183105469,10065000.0
2014-08-12T04:00:00Z,33.28499984741211,33.42499923706055,33.15999984741211,33.244998931884766,6254200.0
2014-08-13T04:00:00Z,33.345001220703125,33.45000076293945,33.26499938964844,33.3650016784668,6769200.0
2014-08-14T04:00:00Z,33.42499923706055,33.625,33.3650016784668,33.625,11199200.0
2014-08-15T04:00:00Z,33.73500061035156,33.77000045776367,33.32500076293945,33.560001373291016,12865200.0
2014-08-18T04:00:00Z,33.790000915527344,33.92499923706055,33.75,33.869998931884766,9493800.0
2014-08-19T04:00:00Z,34.05500030517578,34.17499923706055,34.0,34.125,7493800.0
2014-08-20T04:00:00Z,34.029998779296875,34.34000015258789,34.025001525878906,34.28499984741211,10008000.0
2014-08-21T04:00:00Z,34.33000183105469,34.34000015258789,34.22999954223633,34.255001068115234,3998600.0
2014-08-22T04:00:00Z,34.28499984741211,34.369998931884766,34.18000030517578,34.31999969482422,6581400.0
2014-08-25T04:00:00Z,34.48500061035156,34.494998931884766,34.3650016784668,34.41999816894531,7935200.0
2014-08-26T04:00:00Z,34.44499969482422,34.51499938964844,34.375,34.42499923706055,4041600.0
2014-08-27T04:00:00Z,34.435001373291016,34.51499938964844,34.39500045776367,34.459999084472656,3597000.0
2014-08-28T04:00:00Z,34.314998626708984,34.45500183105469,34.23500061035156,34.415000915527344,4626200.0
2014-08-29T04:00:00Z,34.45500183105469,34.5,34.290000915527344,34.40999984741211,4618400.0
2014-09-02T04:00:00Z,34.42499923706055,34.584999084472656,34.314998626708984,34.474998474121094,19040400.0
2014-09-03T04:00:00Z,34.619998931884766,34.625,34.35499954223633,34.3849983215332,5213200.0
2014-09-04T04:00:00Z,34.435001373291016,34.665000915527344,34.435001373291016,34.51499938964844,7466800.0
2014-09-05T04:00:00Z,34.435001373291016,34.64500045776367,34.32500076293945,34.630001068115234,5337200.0
2014-09-08T04:00:00Z,34.54499816894531,34.584999084472656,34.34000015258789,34.48500061035156,5001600.0
2014-09-09T04:00:00Z,34.439998626708984,34.474998474121094,34.1150016784668,34.13999938964844,5116800.0
2014-09-10T04:00:00Z,34.220001220703125,34.275001525878906,34.03499984741211,34.2599983215332,5738200.0
2014-09-11T04:00:00Z,34.11000061035156,34.30500030517578,34.11000061035156,34.275001525878906,4877200.0
2014-09-12T04:00:00Z,34.2400016784668,34.29499816894531,34.04999923706055,34.17499923706055,5826800.0
2014-09-15T04:00:00Z,34.165000915527344,34.209999084472656,33.959999084472656,34.03499984741211,5822200.0
2014-09-16T04:00:00Z,33.94499969482422,34.29999923706055,33.88999938964844,34.209999084472656,5693600.0
2014-09-17T04:00:00Z,34.224998474121094,34.36000061035156,34.060001373291016,34.19499969482422,12802800.0
2014-09-18T04:00:00Z,34.29999923706055,34.3849983215332,34.22999954223633,34.345001220703125,5625200.0
2014-09-19T04:00:00Z,34.369998931884766,34.44499969482422,34.165000915527344,34.244998931884766,11847200.0
2014-09-22T04:00:00Z,34.1349983215332,34.189998626708984,33.68000030517578,33.76499938964844,10849000.0
2014-09-23T04:00:00Z,33.650001525878906,33.77000045776367,33.474998474121094,33.474998474121094,10973400.0
2014-09-24T04:00:00Z,33.53499984741211,33.869998931884766,33.41999816894531,33.85499954223633,12686200.0
2014-09-25T04:00:00Z,33.77000045776367,33.80500030517578,33.34000015258789,33.36000061035156,9279200.0
2014-09-26T04:00:00Z,33.51499938964844,33.779998779296875,33.470001220703125,33.70500183105469,5186800.0
2014-09-29T04:00:00Z,33.41999816894531,33.67499923706055,33.3849983215332,33.529998779296875,13681200.0
2014-09-30T04:00:00Z,33.6150016784668,33.6150016784668,33.29499816894531,33.345001220703125,8856600.0
2014-10-01T04:00:00Z,33.27000045776367,33.33000183105469,32.849998474121094,32.900001525878906,13114000.0
2014-10-02T04:00:00Z,32.915000915527344,33.10499954223633,32.52000045776367,33.04999923706055,14969200.0
2014-10-03T04:00:00Z,33.2599983215332,33.58000183105469,33.19499969482422,33.474998474121094,9919600.0
2014-10-06T04:00:00Z,33.56999969482422,33.63999938964844,33.224998474121094,33.29499816894531,7781400.0
2014-10-07T04:00:00Z,33.14500045776367,33.209999084472656,32.79999923706055,32.79999923706055,12900200.0
2014-10-08T04:00:00Z,32.82500076293945,33.375,32.6349983215332,33.314998626708984,14306200.0
2014-10-09T04:00:00Z,33.29499816894531,33.29499816894531,32.55500030517578,32.560001373291016,45401600.0
2014-10-10T04:00:00Z,32.505001068115234,32.78499984741211,32.275001525878906,32.275001525878906,22018200.0
2014-10-13T04:00:00Z,32.2599983215332,32.334999084472656,31.594999313354492,31.6200008392334,42621400.0
2014-10-14T04:00:00Z,31.809999465942383,32.095001220703125,31.690000534057617,31.850000381469727,22490000.0
2014-10-15T04:00:00Z,31.399999618530273,31.7450008392334,30.84000015258789,31.584999084472656,30186400.0
2014-10-16T04:00:00Z,30.8799991607666,31.829999923706055,30.8799991607666,31.6200008392334,25364400.0
2014-10-17T04:00:00Z,31.875,32.2400016784668,31.84000015258789,31.969999313354492,17024200.0
2014-10-20T04:00:00Z,31.889999389648438,32.44499969482422,31.889999389648438,32.415000915527344,12384400.0
2014-10-21T04:00:00Z,32.560001373291016,33.08000183105469,32.529998779296875,33.04499816894531,11069000.0
2014-10-22T04:00:00Z,33.13999938964844,33.220001220703125,32.73500061035156,32.7599983215332,15529200.0
2014-10-23T04:00:00Z,33.125,33.43000030517578,33.04999923706055,33.20500183105469,10367600.0
2014-10-24T04:00:00Z,33.10499954223633,33.20000076293945,32.935001373291016,33.17499923706055,9014200.0
2014-10-27T04:00:00Z,33.130001068115234,33.314998626708984,33.029998779296875,33.2400016784668,7441600.0
2014-10-28T04:00:00Z,33.380001068115234,33.61000061035156,33.26499938964844,33.599998474121094,15389000.0
2014-10-29T04:00:00Z,33.64500045776367,33.71500015258789,33.32500076293945,33.5,9770600.0
2014-10-30T04:00:00Z,33.43000030517578,33.81999969482422,32.5,33.720001220703125,10203800.0
2014-10-31T04:00:00Z,34.16999816894531,34.20500183105469,33.95500183105469,34.04999923706055,9478800.0
2014-11-03T05:00:00Z,34.130001068115234,34.130001068115234,33.98500061035156,34.04999923706055,31852200.0
2014-11-04T05:00:00Z,33.869998931884766,33.92499923706055,33.46500015258789,33.63999938964844,9889200.0
2014-11-05T05:00:00Z,33.92499923706055,33.935001373291016,33.584999084472656,33.775001525878906,21506800.0
2014-11-06T05:00:00Z,33.81999969482422,34.08000183105469,33.77000045776367,34.060001373291016,22500000.0
2014-11-07T05:00:00Z,33.95000076293945,34.040000915527344,33.86000061035156,34.005001068115234,7542000.0
2014-11-10T05:00:00Z,34.064998626708984,34.07500076293945,33.779998779296875,33.98500061035156,5300800.0
2014-11-11T05:00:00Z,34.025001525878906,34.1349983215332,33.93000030517578,34.130001068115234,6460800.0
2014-11-12T05:00:00Z,34.02000045776367,34.345001220703125,34.02000045776367,34.290000915527344,10533200.0
2014-11-13T05:00:00Z,34.17499923706055,34.595001220703125,34.17499923706055,34.505001068115234,21600200.0
2014-11-14T05:00:00Z,34.540000915527344,34.654998779296875,34.46500015258789,34.63999938964844,19116000.0
2014-11-17T05:00:00Z,34.525001525878906,34.70500183105469,34.505001068115234,34.599998474121094,8062200.0
2014-11-18T05:00:00Z,34.525001525878906,34.75,34.5099983215332,34.665000915527344,8964200.0
2014-11-19T05:00:00Z,34.724998474121094,34.834999084472656,34.625,34.810001373291016,10035200.0
2014-11-20T05:00:00Z,34.650001525878906,35.04999923706055,34.63999938964844,34.959999084472656,10706200.0
2014-11-21T05:00:00Z,35.29499816894531,35.33000183105469,34.95500183105469,35.04499816894531,15564400.0
2014-11-24T05:00:00Z,35.22999954223633,35.3849983215332,35.15999984741211,35.369998931884766,6685200.0
2014-11-25T05:00:00Z,35.4900016784668,35.59000015258789,35.349998474121094,35.47999954223633,8501800.0
2014-11-26T05:00:00Z,35.470001220703125,35.505001068115234,35.40999984741211,35.474998474121094,4674800.0
2014-11-28T05:00:00Z,35.625,35.974998474121094,35.625,35.904998779296875,6714400.0
2014-12-01T05:00:00Z,35.79999923706055,35.80500030517578,35.459999084472656,35.5099983215332,23771000.0
2014-12-02T05:00:00Z,35.560001373291016,35.71500015258789,35.540000915527344,35.64500045776367,10333800.0
2014-12-03T05:00:00Z,35.70000076293945,35.7400016784668,35.54499816894531,35.70500183105469,11326400.0
2014-12-04T05:00:00Z,35.67499923706055,35.755001068115234,35.5099983215332,35.685001373291016,12190200.0
2014-12-05T05:00:00Z,35.69499969482422,35.82500076293945,35.685001373291016,35.76499938964844,8961000.0
2014-12-08T05:00:00Z,35.689998626708984,35.76499938964844,35.35499954223633,35.474998474121094,8405800.0
2014-12-09T05:00:00Z,35.275001525878906,35.439998626708984,34.98500061035156,35.40999984741211,8876000.0
2014-12-10T05:00:00Z,35.349998474121094,35.404998779296875,34.904998779296875,34.939998626708984,10930400.0
2014-12-11T05:00:00Z,35.095001220703125,35.540000915527344,35.06999969482422,35.224998474121094,35139600.0
2014-12-12T05:00:00Z,35.06999969482422,35.375,34.93000030517578,35.0,24352200.0
2014-12-15T05:00:00Z,35.19499969482422,35.275001525878906,34.61000061035156,34.790000915527344,17765000.0
2014-12-16T05:00:00Z,34.67499923706055,34.93000030517578,34.224998474121094,34.255001068115234,18229600.0
2014-12-17T05:00:00Z,34.40999984741211,34.970001220703125,34.31999969482422,34.90999984741211,19427800.0
2014-12-18T05:00:00Z,35.404998779296875,35.48500061035156,35.03499984741211,35.48500061035156,37697000.0
2014-12-19T05:00:00Z,35.439998626708984,35.53499984741211,35.22999954223633,35.435001373291016,19660200.0
2014-12-22T05:00:00Z,35.5,35.779998779296875,35.5,35.779998779296875,9902400.0
2014-12-23T05:00:00Z,35.900001525878906,36.095001220703125,35.85499954223633,35.97999954223633,14674600.0
2014-12-24T05:00:00Z,36.07500076293945,36.07500076293945,35.90999984741211,35.91999816894531,3375600.0
2014-12-26T05:00:00Z,36.02000045776367,36.189998626708984,35.970001220703125,36.1150016784668,28204600.0
2014-12-29T05:00:00Z,36.095001220703125,36.45500183105469,36.01499938964844,36.38999938964844,46027200.0
2014-12-30T05:00:00Z,36.290000915527344,36.380001068115234,36.14500045776367,36.220001220703125,12102400.0
2014-12-31T05:00:00Z,36.334999084472656,36.48500061035156,36.060001373291016,36.07500076293945,13328000.0
2015-01-02T05:00:00Z,36.26499938964844,36.32500076293945,35.56999969482422,35.814998626708984,12371000.0
2015-01-05T05:00:00Z,35.68000030517578,35.76499938964844,35.05500030517578,35.130001068115234,17165800.0
2015-01-06T05:00:00Z,35.275001525878906,35.28499984741211,34.54499816894531,34.779998779296875,14346000.0
2015-01-07T05:00:00Z,35.3650016784668,35.3650016784668,35.005001068115234,35.33000183105469,14822000.0
2015-01-08T05:00:00Z,35.625,35.90999984741211,35.459999084472656,35.86000061035156,12798200.0
2015-01-09T05:00:00Z,35.85499954223633,35.8849983215332,35.404998779296875,35.44499969482422,11258400.0
2015-01-12T05:00:00Z,35.51499938964844,35.560001373291016,35.11000061035156,35.255001068115234,12056600.0
2015-01-13T05:00:00Z,35.64500045776367,35.845001220703125,34.97999954223633,35.255001068115234,15103200.0
2015-01-14T05:00:00Z,34.779998779296875,34.96500015258789,34.43000030517578,34.83000183105469,20350000.0
2015-01-15T05:00:00Z,34.90999984741211,35.04999923706055,34.369998931884766,34.380001068115234,16102400.0
2015-01-16T05:00:00Z,34.400001525878906,34.875,34.25,34.834999084472656,19104200.0
2015-01-20T05:00:00Z,34.875,34.95000076293945,34.32500076293945,34.6349983215332,27874600.0
2015-01-21T05:00:00Z,34.6150016784668,34.970001220703125,34.51499938964844,34.86000061035156,18744000.0
2015-01-22T05:00:00Z,34.974998474121094,35.57500076293945,34.849998474121094,35.51499938964844,30350200.0
2015-01-23T05:00:00Z,35.55500030517578,35.63999938964844,35.375,35.46500015258789,9963400.0
2015-01-26T05:00:00Z,35.45000076293945,35.66999816894531,35.34000015258789,35.650001525878906,6906800.0
2015-01-27T05:00:00Z,35.244998931884766,35.595001220703125,35.130001068115234,35.3650016784668,11772400.0
2015-01-28T05:00:00Z,35.54999923706055,35.56999969482422,34.8650016784668,34.904998779296875,10395000.0
2015-01-29T05:00:00Z,35.02000045776367,35.45000076293945,34.81999969482422,35.380001068115234,17070000.0
2015-01-30T05:00:00Z,35.26499938964844,35.459999084472656,34.95000076293945,34.994998931884766,16055400.0
2015-02-02T05:00:00Z,35.084999084472656,35.334999084472656,34.529998779296875,35.310001373291016,41698800.0
2015-02-03T05:00:00Z,35.51499938964844,36.064998626708984,35.43000030517578,36.060001373291016,11228800.0
2015-02-04T05:00:00Z,36.05500030517578,36.48500061035156,36.02000045776367,36.29999923706055,18332000.0
2015-02-05T05:00:00Z,36.32500076293945,36.54499816894531,36.279998779296875,36.525001525878906,10155000.0
2015-02-06T05:00:00Z,36.57500076293945,36.650001525878906,36.35499954223633,36.470001220703125,9296600.0
2015-02-09T05:00:00Z,36.26499938964844,36.46500015258789,36.22999954223633,36.33000183105469,8735000.0
2015-02-10T05:00:00Z,36.625,36.845001220703125,36.43000030517578,36.775001525878906,11124000.0
2015-02-11T05:00:00Z,36.82500076293945,36.880001068115234,36.619998931884766,36.78499984741211,10627400.0
2015-02-12T05:00:00Z,36.94499969482422,37.23500061035156,36.84000015258789,37.220001220703125,8261600.0
2015-02-13T05:00:00Z,37.26499938964844,37.44499969482422,37.220001220703125,37.44499969482422,10664800.0
2015-02-17T05:00:00Z,37.38999938964844,37.53499984741211,37.20500183105469,37.36000061035156,8244000.0
2015-02-18T05:00:00Z,37.279998779296875,37.3849983215332,37.21500015258789,37.34000015258789,8287800.0
2015-02-19T05:00:00Z,37.380001068115234,37.540000915527344,37.380001068115234,37.45500183105469,6545000.0
2015-02-20T05:00:00Z,37.33000183105469,37.72999954223633,37.22999954223633,37.720001220703125,7861600.0
2015-02-23T05:00:00Z,37.69499969482422,37.80500030517578,37.56999969482422,37.685001373291016,6242400.0
2015-02-24T05:00:00Z,37.814998626708984,37.900001525878906,37.744998931884766,37.8650016784668,7037200.0
2015-02-25T05:00:00Z,37.89500045776367,38.2599983215332,37.849998474121094,38.154998779296875,13684200.0
2015-02-26T05:00:00Z,38.119998931884766,38.18000030517578,37.95000076293945,38.03499984741211,7009400.0
2015-02-27T05:00:00Z,38.01499938964844,38.11000061035156,37.95000076293945,37.98500061035156,7738200.0
2015-03-02T05:00:00Z,38.0099983215332,38.45500183105469,38.0,38.439998626708984,48008800.0
2015-03-03T05:00:00Z,38.3650016784668,38.375,38.06999969482422,38.334999084472656,12051000.0
2015-03-04T05:00:00Z,38.310001373291016,38.310001373291016,37.974998474121094,38.1349983215332,9332600.0
2015-03-05T05:00:00Z,38.255001068115234,38.2599983215332,38.09000015258789,38.15999984741211,15569400.0
2015-03-06T05:00:00Z,38.029998779296875,38.084999084472656,37.630001068115234,37.70500183105469,15705000.0
2015-03-09T04:00:00Z,37.73500061035156,37.96500015258789,37.70500183105469,37.91999816894531,8450000.0
2015-03-10T04:00:00Z,37.619998931884766,37.654998779296875,37.31999969482422,37.33000183105469,14292600.0
2015-03-11T04:00:00Z,37.39500045776367,37.43000030517578,37.1150016784668,37.125,9184800.0
2015-03-12T04:00:00Z,37.27000045776367,37.904998779296875,37.27000045776367,37.880001068115234,13843000.0
2015-03-13T04:00:00Z,37.82500076293945,37.869998931884766,37.3849983215332,37.58000183105469,11165600.0
2015-03-16T04:00:00Z,37.720001220703125,38.040000915527344,37.720001220703125,38.02000045776367,10901400.0
2015-03-17T04:00:00Z,37.77000045776367,37.91999816894531,37.68000030517578,37.810001373291016,9854600.0
2015-03-18T04:00:00Z,37.7400016784668,38.26499938964844,37.459999084472656,38.14500045776367,15437000.0
2015-03-19T04:00:00Z,38.15999984741211,38.45500183105469,37.95000076293945,38.09000015258789,9111000.0
2015-03-20T04:00:00Z,38.21500015258789,38.46500015258789,38.1349983215332,38.3849983215332,12486600.0
2015-03-23T04:00:00Z,38.36000061035156,38.564998626708984,38.314998626708984,38.31999969482422,7461400.0
2015-03-24T04:00:00Z,38.30500030517578,38.375,38.11000061035156,38.119998931884766,10551200.0
2015-03-25T04:00:00Z,38.060001373291016,38.154998779296875,37.5,37.5,11851600.0
2015-03-26T04:00:00Z,37.28499984741211,37.4900016784668,37.1150016784668,37.26499938964844,10108200.0
2015-03-27T04:00:00Z,37.209999084472656,37.529998779296875,37.209999084472656,37.45500183105469,6723800.0
2015-03-30T04:00:00Z,37.58000183105469,37.95000076293945,37.58000183105469,37.84000015258789,9186000.0
2015-03-31T04:00:00Z,37.78499984741211,38.07500076293945,37.564998626708984,37.67499923706055,16259600.0
2015-04-01T04:00:00Z,37.59000015258789,37.689998626708984,37.26499938964844,37.5099983215332,14701400.0
2015-04-02T04:00:00Z,37.474998474121094,37.904998779296875,37.435001373291016,37.845001220703125,8929600.0
2015-04-06T04:00:00Z,37.625,38.18000030517578,37.58000183105469,38.025001525878906,9978600.0
2015-04-07T04:00:00Z,38.025001525878906,38.095001220703125,37.814998626708984,37.814998626708984,6297600.0
2015-04-08T04:00:00Z,37.90999984741211,38.17499923706055,37.880001068115234,38.16999816894531,8497000.0
2015-04-09T04:00:00Z,38.165000915527344,38.31999969482422,37.93000030517578,38.20500183105469,10503200.0
2015-04-10T04:00:00Z,38.255001068115234,38.375,38.20000076293945,38.334999084472656,7944200.0
2015-04-13T04:00:00Z,38.29999923706055,38.415000915527344,38.1150016784668,38.125,6293600.0
2015-04-14T04:00:00Z,38.0,38.224998474121094,37.869998931884766,38.10499954223633,5840600.0
2015-04-15T04:00:00Z,38.20000076293945,38.31999969482422,38.084999084472656,38.10499954223633,11518600.0
2015-04-16T04:00:00Z,38.189998626708984,38.26499938964844,38.09000015258789,38.18000030517578,13719800.0
2015-04-17T04:00:00Z,37.974998474121094,37.9900016784668,37.494998931884766,37.6150016784668,17183000.0
2015-04-20T04:00:00Z,37.775001525878906,38.095001220703125,37.775001525878906,38.029998779296875,8199800.0
2015-04-21T04:00:00Z,38.18000030517578,38.209999084472656,37.94499969482422,38.06999969482422,7835000.0
2015-04-22T04:00:00Z,38.16999816894531,38.17499923706055,37.8849983215332,38.10499954223633,6926600.0
2015-04-23T04:00:00Z,38.04999923706055,38.494998931884766,38.029998779296875,38.29499816894531,8271600.0
2015-04-24T04:00:00Z,38.625,38.845001220703125,38.560001373291016,38.814998626708984,9655600.0
2015-04-27T04:00:00Z,38.90999984741211,38.94499969482422,38.435001373291016,38.474998474121094,13850600.0
2015-04-28T04:00:00Z,38.415000915527344,38.439998626708984,38.064998626708984,38.34000015258789,11132400.0
2015-04-29T04:00:00Z,38.15999984741211,38.310001373291016,37.92499923706055,38.08000183105469,14487000.0
2015-04-30T04:00:00Z,37.900001525878906,38.14500045776367,37.48500061035156,37.654998779296875,21405400.0
2015-05-01T04:00:00Z,37.845001220703125,38.189998626708984,37.79499816894531,38.17499923706055,12220400.0
2015-05-04T04:00:00Z,38.474998474121094,38.474998474121094,38.20000076293945,38.255001068115234,7841800.0
2015-05-05T04:00:00Z,38.375,38.375,37.845001220703125,37.85499954223633,15713600.0
2015-05-06T04:00:00Z,37.95500183105469,38.005001068115234,37.51499938964844,37.70000076293945,16596400.0
2015-05-07T04:00:00Z,37.70000076293945,37.96500015258789,37.60499954223633,37.89500045776367,11784800.0
2015-05-08T04:00:00Z,38.279998779296875,38.459999084472656,38.26499938964844,38.29999923706055,11347200.0
2015-05-11T04:00:00Z,38.27000045776367,38.46500015258789,38.125,38.130001068115234,13894400.0
2015-05-12T04:00:00Z,37.91999816894531,38.20000076293945,37.77000045776367,38.060001373291016,15020800.0
2015-05-13T04:00:00Z,38.08000183105469,38.209999084472656,37.790000915527344,37.81999969482422,15843200.0
2015-05-14T04:00:00Z,37.96500015258789,38.040000915527344,37.7599983215332,37.9900016784668,13660600.0
2015-05-15T04:00:00Z,38.03499984741211,38.29499816894531,37.994998931884766,38.29499816894531,14379800.0
2015-05-18T04:00:00Z,38.22999954223633,38.5099983215332,38.220001220703125,38.439998626708984,7923000.0
2015-05-19T04:00:00Z,38.54499816894531,38.625,38.38999938964844,38.43000030517578,9290800.0
2015-05-20T04:00:00Z,38.435001373291016,38.55500030517578,38.25,38.3849983215332,14815600.0
2015-05-21T04:00:00Z,38.29999923706055,38.619998931884766,38.29999923706055,38.53499984741211,5860800.0
2015-05-22T04:00:00Z,38.529998779296875,38.6150016784668,38.404998779296875,38.470001220703125,5927600.0
2015-05-26T04:00:00Z,38.439998626708984,38.55500030517578,38.1349983215332,38.19499969482422,10672000.0
2015-05-27T04:00:00Z,38.27000045776367,38.529998779296875,38.189998626708984,38.47999954223633,7255400.0
2015-05-28T04:00:00Z,38.415000915527344,38.494998931884766,38.314998626708984,38.415000915527344,6508400.0
2015-05-29T04:00:00Z,38.30500030517578,38.44499969482422,38.095001220703125,38.150001525878906,12333000.0
2015-06-01T04:00:00Z,38.185001373291016,38.39500045776367,38.06999969482422,38.2599983215332,11095000.0
2015-06-02T04:00:00Z,38.17499923706055,38.529998779296875,38.125,38.345001220703125,14261600.0
2015-06-03T04:00:00Z,38.45000076293945,38.70000076293945,38.349998474121094,38.64500045776367,8796000.0
2015-06-04T04:00:00Z,38.55500030517578,38.6349983215332,38.30500030517578,38.369998931884766,11321000.0
2015-06-05T04:00:00Z,38.2599983215332,38.349998474121094,38.08000183105469,38.2599983215332,7026000.0
2015-06-08T04:00:00Z,38.21500015258789,38.22999954223633,37.97999954223633,37.9900016784668,7392800.0
2015-06-09T04:00:00Z,38.0,38.064998626708984,37.720001220703125,37.95000076293945,9372200.0
2015-06-10T04:00:00Z,38.11000061035156,38.43000030517578,38.064998626708984,38.34000015258789,9327400.0
2015-06-11T04:00:00Z,38.439998626708984,38.595001220703125,38.404998779296875,38.470001220703125,8786600.0
2015-06-12T04:00:00Z,38.25,38.38999938964844,38.224998474121094,38.29499816894531,8135400.0
2015-06-15T04:00:00Z,38.05500030517578,38.185001373291016,37.90999984741211,38.1150016784668,9342800.0
2015-06-16T04:00:00Z,38.07500076293945,38.35499954223633,38.04499816894531,38.345001220703125,8213600.0
2015-06-17T04:00:00Z,38.415000915527344,38.61000061035156,38.244998931884766,38.52000045776367,8577200.0
2015-06-18T04:00:00Z,38.525001525878906,39.095001220703125,38.525001525878906,38.98500061035156,11583400.0
2015-06-19T04:00:00Z,38.93000030517578,38.96500015258789,38.724998474121094,38.724998474121094,11966600.0
2015-06-22T04:00:00Z,38.92499923706055,39.08000183105469,38.915000915527344,38.939998626708984,7812000.0
2015-06-23T04:00:00Z,39.03499984741211,39.125,38.994998931884766,39.095001220703125,7023200.0
2015-06-24T04:00:00Z,38.974998474121094,39.154998779296875,38.81999969482422,38.82500076293945,11973400.0
2015-06-25T04:00:00Z,38.89500045776367,39.01499938964844,38.77000045776367,38.79499816894531,8859400.0
2015-06-26T04:00:00Z,38.95500183105469,39.06999969482422,38.81999969482422,38.95000076293945,16617200.0
2015-06-29T04:00:00Z,38.60499954223633,38.779998779296875,38.040000915527344,38.06999969482422,17959600.0
2015-06-30T04:00:00Z,38.45500183105469,38.459999084472656,38.08000183105469,38.2400016784668,14474600.0
2015-07-01T04:00:00Z,38.564998626708984,38.685001373291016,38.47999954223633,38.67499923706055,12045200.0
2015-07-02T04:00:00Z,38.790000915527344,38.90999984741211,38.48500061035156,38.599998474121094,12517800.0
2015-07-06T04:00:00Z,38.334999084472656,38.78499984741211,38.25,38.525001525878906,8099400.0
2015-07-07T04:00:00Z,38.564998626708984,38.8650016784668,38.099998474121094,38.86000061035156,13923400.0
2015-07-08T04:00:00Z,38.54999923706055,38.64500045776367,38.06999969482422,38.119998931884766,13650600.0
2015-07-09T04:00:00Z,38.5,38.67499923706055,38.244998931884766,38.279998779296875,11855200.0
2015-07-10T04:00:00Z,38.65999984741211,38.915000915527344,38.564998626708984,38.834999084472656,9316600.0
2015-07-13T04:00:00Z,39.11000061035156,39.41999816894531,39.11000061035156,39.39500045776367,12129400.0
2015-07-14T04:00:00Z,39.48500061035156,39.51499938964844,39.36000061035156,39.44499969482422,7502000.0
2015-07-15T04:00:00Z,39.46500015258789,39.505001068115234,39.314998626708984,39.404998779296875,5428600.0
2015-07-16T04:00:00Z,39.68000030517578,39.689998626708984,39.45000076293945,39.64500045776367,6554800.0
2015-07-17T04:00:00Z,39.70500183105469,39.709999084472656,39.44499969482422,39.57500076293945,6489600.0
2015-07-20T04:00:00Z,39.779998779296875,39.779998779296875,39.53499984741211,39.595001220703125,5109400.0
2015-07-21T04:00:00Z,39.78499984741211,39.78499984741211,39.36000061035156,39.470001220703125,5353800.0
2015-07-22T04:00:00Z,39.46500015258789,39.724998474121094,39.415000915527344,39.65999984741211,6419400.0
2015-07-23T04:00:00Z,39.7400016784668,39.814998626708984,39.334999084472656,39.42499923706055,7522000.0
2015-07-24T04:00:00Z,40.20000076293945,40.20000076293945,39.35499954223633,39.42499923706055,10339200.0
2015-07-27T04:00:00Z,39.275001525878906,39.45000076293945,39.025001525878906,39.130001068115234,11104600.0
2015-07-28T04:00:00Z,39.01499938964844,39.51499938964844,39.01499938964844,39.435001373291016,10897000.0
2015-07-29T04:00:00Z,39.540000915527344,39.904998779296875,39.5,39.84000015258789,11624400.0
2015-07-30T04:00:00Z,39.66999816894531,40.029998779296875,39.599998474121094,39.98500061035156,6606400.0
2015-07-31T04:00:00Z,40.07500076293945,40.26499938964844,39.970001220703125,40.11000061035156,7330400.0
2015-08-03T04:00:00Z,40.029998779296875,40.25,39.7599983215332,39.974998474121094,11514200.0
2015-08-04T04:00:00Z,40.025001525878906,40.23500061035156,39.96500015258789,40.14500045776367,11407400.0
2015-08-05T04:00:00Z,40.20000076293945,40.30500030517578,39.63999938964844,39.709999084472656,11882600.0
2015-08-06T04:00:00Z,39.849998474121094,39.849998474121094,38.744998931884766,39.16999816894531,15489400.0
2015-08-07T04:00:00Z,39.21500015258789,39.25,38.8650016784668,39.13999938964844,12905800.0
2015-08-10T04:00:00Z,39.435001373291016,39.58000183105469,39.375,39.45500183105469,7674200.0
2015-08-11T04:00:00Z,39.20000076293945,39.29499816894531,38.915000915527344,39.099998474121094,11349400.0
2015-08-12T04:00:00Z,38.97999954223633,38.9900016784668,38.290000915527344,38.93000030517578,14273800.0
2015-08-13T04:00:00Z,38.904998779296875,39.39500045776367,38.89500045776367,39.154998779296875,8848600.0
2015-08-14T04:00:00Z,39.11000061035156,39.23500061035156,39.03499984741211,39.18000030517578,9479200.0
2015-08-17T04:00:00Z,39.040000915527344,39.58000183105469,39.005001068115234,39.55500030517578,8841000.0
2015-08-18T04:00:00Z,39.599998474121094,39.75,39.51499938964844,39.59000015258789,11699400.0
2015-08-19T04:00:00Z,39.474998474121094,39.814998626708984,39.33000183105469,39.52000045776367,11481800.0
2015-08-20T04:00:00Z,39.13999938964844,39.224998474121094,38.400001525878906,38.40999984741211,18824600.0
2015-08-21T04:00:00Z,38.025001525878906,38.14500045776367,37.14500045776367,37.18000030517578,37202600.0
2015-08-24T04:00:00Z,35.029998779296875,36.93000030517578,33.0,35.69499969482422,47634200.0
2015-08-25T04:00:00Z,36.59000015258789,36.880001068115234,35.529998779296875,35.54999923706055,24187600.0
2015-08-26T04:00:00Z,36.3650016784668,36.94499969482422,35.66999816894531,36.900001525878906,37790200.0
2015-08-27T04:00:00Z,37.474998474121094,37.8650016784668,37.005001068115234,37.76499938964844,32231200.0
2015-08-28T04:00:00Z,37.63999938964844,38.0,37.54999923706055,37.779998779296875,15289000.0
2015-08-31T04:00:00Z,37.61000061035156,37.82500076293945,37.380001068115234,37.4900016784668,20217800.0
2015-09-01T04:00:00Z,36.66999816894531,37.10499954223633,36.334999084472656,36.540000915527344,27879800.0
2015-09-02T04:00:00Z,36.904998779296875,37.31999969482422,36.709999084472656,37.310001373291016,15389200.0
2015-09-03T04:00:00Z,37.3849983215332,37.80500030517578,37.20000076293945,37.32500076293945,13201600.0
2015-09-04T04:00:00Z,36.78499984741211,37.13999938964844,36.6150016784668,36.92499923706055,14311200.0
2015-09-08T04:00:00Z,37.619998931884766,37.814998626708984,37.349998474121094,37.779998779296875,10510400.0
2015-09-09T04:00:00Z,38.1349983215332,38.185001373291016,37.290000915527344,37.375,15364200.0
2015-09-10T04:00:00Z,37.244998931884766,37.71500015258789,37.220001220703125,37.47999954223633,12412200.0
2015-09-11T04:00:00Z,37.380001068115234,37.76499938964844,37.29999923706055,37.7599983215332,9219200.0
2015-09-14T04:00:00Z,37.73500061035156,37.775001525878906,37.42499923706055,37.560001373291016,7184600.0
2015-09-15T04:00:00Z,37.56999969482422,38.05500030517578,37.3849983215332,37.95500183105469,11140800.0
2015-09-16T04:00:00Z,38.02000045776367,38.435001373291016,37.915000915527344,38.3849983215332,13231800.0
2015-09-17T04:00:00Z,38.400001525878906,39.064998626708984,38.34000015258789,38.48500061035156,21990400.0
2015-09-18T04:00:00Z,37.8849983215332,38.244998931884766,37.66999816894531,37.72999954223633,19723000.0
2015-09-21T04:00:00Z,37.90999984741211,38.2400016784668,37.744998931884766,38.060001373291016,14036200.0
2015-09-22T04:00:00Z,37.584999084472656,37.65999984741211,37.28499984741211,37.55500030517578,15290400.0
2015-09-23T04:00:00Z,37.54999923706055,37.654998779296875,37.33000183105469,37.45500183105469,10771200.0
2015-09-24T04:00:00Z,37.23500061035156,37.40999984741211,36.84000015258789,37.35499954223633,13957400.0
2015-09-25T04:00:00Z,37.76499938964844,37.849998474121094,37.16999816894531,37.349998474121094,11708000.0
2015-09-28T04:00:00Z,37.095001220703125,37.22999954223633,36.185001373291016,36.275001525878906,24030800.0
2015-09-29T04:00:00Z,36.290000915527344,36.54999923706055,35.93000030517578,36.154998779296875,12354200.0
2015-09-30T04:00:00Z,36.689998626708984,37.16999816894531,36.52000045776367,37.130001068115234,21597200.0
2015-10-01T04:00:00Z,37.150001525878906,37.40999984741211,36.834999084472656,37.404998779296875,16725400.0
2015-10-02T04:00:00Z,36.82500076293945,37.939998626708984,36.775001525878906,37.939998626708984,16403600.0
2015-10-05T04:00:00Z,38.21500015258789,38.56999969482422,38.084999084472656,38.5,14036000.0
2015-10-06T04:00:00Z,38.375,38.630001068115234,38.03499984741211,38.21500015258789,18172000.0
2015-10-07T04:00:00Z,38.29999923706055,38.439998626708984,37.974998474121094,38.345001220703125,15588600.0
2015-10-08T04:00:00Z,38.18000030517578,38.869998931884766,38.165000915527344,38.814998626708984,12683200.0
2015-10-09T04:00:00Z,38.82500076293945,38.89500045776367,38.63999938964844,38.86000061035156,16705400.0
2015-10-12T04:00:00Z,38.8849983215332,39.150001525878906,38.880001068115234,39.04499816894531,10978000.0
2015-10-13T04:00:00Z,38.915000915527344,39.25,38.78499984741211,38.834999084472656,15163000.0
2015-10-14T04:00:00Z,38.834999084472656,38.970001220703125,38.35499954223633,38.439998626708984,14031800.0
2015-10-15T04:00:00Z,38.654998779296875,38.94499969482422,38.36000061035156,38.939998626708984,11406400.0
2015-10-16T04:00:00Z,38.92499923706055,39.15999984741211,38.900001525878906,39.14500045776367,10638400.0
2015-10-19T04:00:00Z,39.03499984741211,39.35499954223633,39.0,39.33000183105469,9857400.0
2015-10-20T04:00:00Z,39.275001525878906,39.45500183105469,39.154998779296875,39.279998779296875,10027600.0
2015-10-21T04:00:00Z,39.380001068115234,39.470001220703125,39.05500030517578,39.10499954223633,10024800.0
2015-10-22T04:00:00Z,39.349998474121094,39.69499969482422,39.275001525878906,39.619998931884766,16455000.0
2015-10-23T04:00:00Z,40.16999816894531,40.20500183105469,39.60499954223633,39.814998626708984,15790200.0
2015-10-26T04:00:00Z,39.83000183105469,40.165000915527344,39.79999923706055,40.095001220703125,12050000.0
2015-10-27T04:00:00Z,40.0,40.04999923706055,39.73500061035156,39.904998779296875,8942400.0
2015-10-28T04:00:00Z,40.060001373291016,40.28499984741211,39.7599983215332,40.28499984741211,22715800.0
2015-10-29T04:00:00Z,40.22999954223633,40.470001220703125,39.845001220703125,40.400001525878906,9449600.0
2015-10-30T04:00:00Z,40.47999954223633,40.755001068115234,40.375,40.48500061035156,15542200.0
2015-11-02T05:00:00Z,40.630001068115234,40.72999954223633,40.375,40.66999816894531,15470000.0
2015-11-03T05:00:00Z,40.625,40.93000030517578,40.595001220703125,40.82500076293945,14567000.0
2015-11-04T05:00:00Z,40.89500045776367,40.935001373291016,40.35499954223633,40.560001373291016,12531800.0
2015-11-05T05:00:00Z,40.619998931884766,40.82500076293945,40.404998779296875,40.70500183105469,13929400.0
2015-11-06T05:00:00Z,40.599998474121094,40.80500030517578,40.45000076293945,40.709999084472656,13186400.0
2015-11-09T05:00:00Z,40.52000045776367,40.650001525878906,39.869998931884766,40.150001525878906,14019200.0
2015-11-10T05:00:00Z,40.095001220703125,40.529998779296875,40.040000915527344,40.529998779296875,14662800.0
2015-11-11T05:00:00Z,40.6150016784668,40.625,40.20500183105469,40.290000915527344,14173400.0
2015-11-12T05:00:00Z,40.040000915527344,40.29499816894531,39.8849983215332,39.915000915527344,12151400.0
2015-11-13T05:00:00Z,39.65999984741211,39.71500015258789,38.81999969482422,38.8650016784668,22754400.0
2015-11-16T05:00:00Z,38.709999084472656,39.334999084472656,38.630001068115234,39.334999084472656,14766400.0
2015-11-17T05:00:00Z,39.529998779296875,39.755001068115234,39.279998779296875,39.40999984741211,14904600.0
2015-11-18T05:00:00Z,39.52000045776367,40.1349983215332,39.43000030517578,40.084999084472656,14275200.0
2015-11-19T05:00:00Z,40.1150016784668,40.28499984741211,40.025001525878906,40.1349983215332,11370400.0
2015-11-20T05:00:00Z,40.439998626708984,40.619998931884766,40.34000015258789,40.6150016784668,11129800.0
2015-11-23T05:00:00Z,40.68000030517578,40.92499923706055,40.60499954223633,40.76499938964844,8344000.0
2015-11-24T05:00:00Z,40.44499969482422,40.79999923706055,40.2599983215332,40.68000030517578,9090800.0
2015-11-25T05:00:00Z,40.755001068115234,40.95000076293945,40.7400016784668,40.8849983215332,7406400.0
2015-11-27T05:00:00Z,40.89500045776367,40.89500045776367,40.564998626708984,40.73500061035156,4565200.0
2015-11-30T05:00:00Z,40.875,40.875,40.345001220703125,40.38999938964844,17294000.0
2015-12-01T05:00:00Z,40.61000061035156,40.81999969482422,40.494998931884766,40.80500030517578,16374800.0
2015-12-02T05:00:00Z,40.8650016784668,40.875,40.369998931884766,40.45000076293945,12527000.0
2015-12-03T05:00:00Z,40.619998931884766,40.619998931884766,39.665000915527344,39.84000015258789,19657800.0
2015-12-04T05:00:00Z,39.98500061035156,40.65999984741211,39.88999938964844,40.61000061035156,14064400.0
2015-12-07T05:00:00Z,40.54999923706055,40.625,40.15999984741211,40.439998626708984,13070800.0
2015-12-08T05:00:00Z,40.099998474121094,40.52000045776367,39.994998931884766,40.31999969482422,12167000.0
2015-12-09T05:00:00Z,40.2400016784668,40.53499984741211,39.6150016784668,39.80500030517578,19471600.0
2015-12-10T05:00:00Z,39.915000915527344,40.189998626708984,39.77000045776367,39.939998626708984,9460200.0
2015-12-11T05:00:00Z,39.415000915527344,39.564998626708984,38.95000076293945,39.029998779296875,20208400.0
2015-12-14T05:00:00Z,39.05500030517578,39.314998626708984,38.630001068115234,39.22999954223633,29916000.0
2015-12-15T05:00:00Z,39.630001068115234,39.81999969482422,39.415000915527344,39.44499969482422,15957600.0
2015-12-16T05:00:00Z,39.720001220703125,40.18000030517578,39.400001525878906,40.10499954223633,24149400.0
2015-12-17T05:00:00Z,40.11000061035156,40.25,39.44499969482422,39.44499969482422,18449200.0
2015-12-18T05:00:00Z,39.21500015258789,39.224998474121094,38.63999938964844,38.665000915527344,30106000.0
2015-12-21T05:00:00Z,38.92499923706055,39.05500030517578,38.595001220703125,38.86000061035156,14178000.0
2015-12-22T05:00:00Z,39.060001373291016,39.220001220703125,38.84000015258789,39.14500045776367,13465800.0
2015-12-23T05:00:00Z,39.25,39.38999938964844,39.18000030517578,39.345001220703125,12049600.0
2015-12-24T05:00:00Z,39.279998779296875,39.369998931884766,39.209999084472656,39.2400016784668,3823600.0
2015-12-28T05:00:00Z,39.13999938964844,39.3650016784668,39.029998779296875,39.34000015258789,8111800.0
2015-12-29T05:00:00Z,39.58000183105469,39.85499954223633,39.5,39.79499816894531,11480400.0
2015-12-30T05:00:00Z,39.76499938964844,39.779998779296875,39.46500015258789,39.474998474121094,6437800.0
2015-12-31T05:00:00Z,39.290000915527344,39.505001068115234,39.07500076293945,39.08000183105469,13160400.0
2016-01-04T05:00:00Z,38.38999938964844,38.46500015258789,37.9900016784668,38.40999984741211,26800800.0
2016-01-05T05:00:00Z,38.44499969482422,38.57500076293945,38.084999084472656,38.36000061035156,14849800.0
2016-01-06T05:00:00Z,37.79999923706055,38.185001373291016,37.68000030517578,37.98500061035156,20230800.0
2016-01-07T05:00:00Z,37.22999954223633,37.85499954223633,37.119998931884766,37.20500183105469,25290400.0
2016-01-08T05:00:00Z,37.505001068115234,37.66999816894531,36.720001220703125,36.80500030517578,21595400.0
2016-01-11T05:00:00Z,37.025001525878906,37.244998931884766,36.55500030517578,37.095001220703125,26465400.0
2016-01-12T05:00:00Z,37.35499954223633,37.72999954223633,37.06999969482422,37.505001068115234,17474200.0
2016-01-13T05:00:00Z,37.65999984741211,37.65999984741211,36.165000915527344,36.2400016784668,29861000.0
2016-01-14T05:00:00Z,36.314998626708984,36.82500076293945,35.625,36.5,31838800.0
2016-01-15T05:00:00Z,35.54999923706055,35.9900016784668,35.334999084472656,35.75,29103000.0
2016-01-19T05:00:00Z,36.14500045776367,36.30500030517578,35.52000045776367,35.8849983215332,23245200.0
2016-01-20T05:00:00Z,35.369998931884766,35.880001068115234,34.470001220703125,35.56999969482422,42886400.0
2016-01-21T05:00:00Z,35.68000030517578,36.45500183105469,35.5,36.025001525878906,31888400.0
2016-01-22T05:00:00Z,36.61000061035156,36.79499816894531,36.43000030517578,36.654998779296875,14370200.0
2016-01-25T05:00:00Z,36.650001525878906,36.75,36.19499969482422,36.23500061035156,14296800.0
2016-01-26T05:00:00Z,36.369998931884766,36.84000015258789,36.189998626708984,36.76499938964844,15900200.0
2016-01-27T05:00:00Z,36.70000076293945,36.939998626708984,36.02000045776367,36.189998626708984,21285400.0
2016-01-28T05:00:00Z,36.64500045776367,36.755001068115234,36.005001068115234,36.654998779296875,20804400.0
2016-01-29T05:00:00Z,36.470001220703125,37.09000015258789,36.334999084472656,37.05500030517578,23052600.0
2016-02-01T05:00:00Z,36.84000015258789,37.43000030517578,36.665000915527344,37.279998779296875,16598800.0
2016-02-02T05:00:00Z,37.025001525878906,37.13999938964844,36.42499923706055,36.55500030517578,18097800.0
2016-02-03T05:00:00Z,36.900001525878906,36.91999816894531,35.7599983215332,36.459999084472656,26703600.0
2016-02-04T05:00:00Z,36.345001220703125,36.435001373291016,35.935001373291016,36.25,19875600.0
2016-02-05T05:00:00Z,36.09000015258789,36.119998931884766,34.97999954223633,35.08000183105469,25646800.0
2016-02-08T05:00:00Z,34.69499969482422,34.69499969482422,33.80500030517578,34.400001525878906,26352000.0
2016-02-09T05:00:00Z,33.959999084472656,34.744998931884766,33.900001525878906,34.345001220703125,28947400.0
2016-02-10T05:00:00Z,34.375,34.880001068115234,34.27000045776367,34.28499984741211,26574400.0
2016-02-11T05:00:00Z,33.79499816894531,34.47999954223633,33.79499816894531,34.26499938964844,27130600.0
2016-02-12T05:00:00Z,34.63999938964844,34.90999984741211,34.314998626708984,34.89500045776367,21854400.0
2016-02-16T05:00:00Z,35.40999984741211,35.75,35.20000076293945,35.7400016784668,20940800.0
2016-02-17T05:00:00Z,36.1150016784668,36.60499954223633,36.06999969482422,36.5099983215332,19549400.0
2016-02-18T05:00:00Z,36.529998779296875,36.540000915527344,36.14500045776367,36.27000045776367,13948400.0
2016-02-19T05:00:00Z,36.040000915527344,36.380001068115234,35.82500076293945,36.369998931884766,15183200.0
2016-02-22T05:00:00Z,36.69499969482422,37.130001068115234,36.665000915527344,37.07500076293945,11290000.0
2016-02-23T05:00:00Z,36.970001220703125,37.22999954223633,36.77000045776367,36.869998931884766,12913400.0
2016-02-24T05:00:00Z,36.564998626708984,37.14500045776367,36.154998779296875,37.084999084472656,21643200.0
2016-02-25T05:00:00Z,37.125,37.46500015258789,36.915000915527344,37.45500183105469,11096400.0
2016-02-26T05:00:00Z,37.69499969482422,37.69499969482422,37.34000015258789,37.415000915527344,13932600.0
2016-02-29T05:00:00Z,37.42499923706055,37.71500015258789,37.220001220703125,37.220001220703125,17485600.0
2016-03-01T05:00:00Z,37.54499816894531,38.23500061035156,37.41999816894531,38.20500183105469,18691600.0
2016-03-02T05:00:00Z,38.13999938964844,38.209999084472656,37.900001525878906,38.16999816894531,15275600.0
2016-03-03T05:00:00Z,38.10499954223633,38.400001525878906,38.005001068115234,38.39500045776367,19038800.0
2016-03-04T05:00:00Z,38.415000915527344,38.525001525878906,38.189998626708984,38.36000061035156,15493400.0
2016-03-07T05:00:00Z,38.15999984741211,38.38999938964844,37.970001220703125,38.19499969482422,14871000.0
2016-03-08T05:00:00Z,37.970001220703125,38.25,37.86000061035156,37.89500045776367,12680000.0
2016-03-09T05:00:00Z,38.040000915527344,38.06999969482422,37.720001220703125,37.970001220703125,13489400.0
2016-03-10T05:00:00Z,38.150001525878906,38.310001373291016,37.56999969482422,38.064998626708984,16120800.0
2016-03-11T05:00:00Z,38.3849983215332,38.650001525878906,38.290000915527344,38.650001525878906,11387200.0
2016-03-14T04:00:00Z,38.540000915527344,38.904998779296875,38.540000915527344,38.79499816894531,11000600.0
2016-03-15T04:00:00Z,38.54999923706055,38.79999923706055,38.54999923706055,38.78499984741211,8999200.0
2016-03-16T04:00:00Z,38.7400016784668,39.185001373291016,38.630001068115234,39.099998474121094,14508600.0
2016-03-17T04:00:00Z,39.01499938964844,39.29999923706055,38.89500045776367,39.154998779296875,12321600.0
2016-03-18T04:00:00Z,39.064998626708984,39.23500061035156,38.974998474121094,39.04499816894531,19413000.0
2016-03-21T04:00:00Z,39.03499984741211,39.11000061035156,38.81999969482422,39.064998626708984,8098800.0
2016-03-22T04:00:00Z,38.78499984741211,39.11000061035156,38.77000045776367,39.0,8984600.0
2016-03-23T04:00:00Z,38.814998626708984,38.915000915527344,38.685001373291016,38.724998474121094,17044000.0
2016-03-24T04:00:00Z,38.40999984741211,38.779998779296875,38.29999923706055,38.775001525878906,13916200.0
2016-03-28T04:00:00Z,38.83000183105469,39.119998931884766,38.79999923706055,38.95000076293945,10265200.0
2016-03-29T04:00:00Z,38.89500045776367,39.380001068115234,38.89500045776367,39.345001220703125,10979200.0
2016-03-30T04:00:00Z,39.505001068115234,39.685001373291016,39.43000030517578,39.595001220703125,10548400.0
2016-03-31T04:00:00Z,39.53499984741211,39.69499969482422,39.48500061035156,39.54999923706055,10140800.0
2016-04-01T04:00:00Z,39.29999923706055,39.79999923706055,39.27000045776367,39.71500015258789,16283600.0
2016-04-04T04:00:00Z,39.7599983215332,39.79999923706055,39.35499954223633,39.404998779296875,18943600.0
2016-04-05T04:00:00Z,39.20500183105469,39.275001525878906,38.97999954223633,39.06999969482422,17096000.0
2016-04-06T04:00:00Z,39.119998931884766,39.474998474121094,39.02000045776367,39.439998626708984,13554200.0
2016-04-07T04:00:00Z,39.279998779296875,39.404998779296875,38.82500076293945,38.994998931884766,10346800.0
2016-04-08T04:00:00Z,39.154998779296875,39.19499969482422,38.790000915527344,38.935001373291016,10318600.0
2016-04-11T04:00:00Z,39.05500030517578,39.22999954223633,38.77000045776367,38.790000915527344,11742000.0
2016-04-12T04:00:00Z,38.79999923706055,39.14500045776367,38.625,39.084999084472656,11502600.0
2016-04-13T04:00:00Z,39.314998626708984,39.650001525878906,39.25,39.6349983215332,10081000.0
2016-04-14T04:00:00Z,39.65999984741211,39.755001068115234,39.5,39.6349983215332,6924600.0
2016-04-15T04:00:00Z,39.63999938964844,39.77000045776367,39.525001525878906,39.744998931884766,8599400.0
2016-04-18T04:00:00Z,39.744998931884766,40.119998931884766,39.6349983215332,40.119998931884766,8926000.0
2016-04-19T04:00:00Z,40.16999816894531,40.22999954223633,39.75,39.900001525878906,8545600.0
2016-04-20T04:00:00Z,40.0,40.084999084472656,39.7599983215332,39.95000076293945,9571000.0
2016-04-21T04:00:00Z,40.05500030517578,40.130001068115234,39.79499816894531,39.810001373291016,8285400.0
2016-04-22T04:00:00Z,39.83000183105469,39.95500183105469,39.48500061035156,39.72999954223633,9460000.0
2016-04-25T04:00:00Z,39.654998779296875,39.779998779296875,39.494998931884766,39.775001525878906,7794400.0
2016-04-26T04:00:00Z,39.845001220703125,40.0,39.654998779296875,39.869998931884766,7797000.0
2016-04-27T04:00:00Z,39.849998474121094,39.93000030517578,39.6349983215332,39.83000183105469,11423200.0
2016-04-28T04:00:00Z,39.6349983215332,39.98500061035156,39.314998626708984,39.400001525878906,14600800.0
2016-04-29T04:00:00Z,39.724998474121094,39.790000915527344,39.29999923706055,39.599998474121094,16799000.0
2016-05-02T04:00:00Z,39.709999084472656,40.185001373291016,39.65999984741211,40.154998779296875,13296000.0
2016-05-03T04:00:00Z,39.85499954223633,40.02000045776367,39.70500183105469,39.78499984741211,11558600.0
2016-05-04T04:00:00Z,39.459999084472656,39.775001525878906,39.42499923706055,39.60499954223633,12876400.0
2016-05-05T04:00:00Z,39.59000015258789,39.6349983215332,39.31999969482422,39.349998474121094,12589600.0
2016-05-06T04:00:00Z,39.27000045776367,39.63999938964844,39.13999938964844,39.63999938964844,10783400.0
2016-05-09T04:00:00Z,39.625,39.8650016784668,39.61000061035156,39.75,10433000.0
2016-05-10T04:00:00Z,39.8650016784668,40.27000045776367,39.86000061035156,40.2599983215332,9664600.0
2016-05-11T04:00:00Z,39.869998931884766,39.869998931884766,39.42499923706055,39.45000076293945,12233600.0
2016-05-12T04:00:00Z,39.599998474121094,39.67499923706055,39.244998931884766,39.525001525878906,11206600.0
2016-05-13T04:00:00Z,39.33000183105469,39.505001068115234,39.03499984741211,39.05500030517578,15204000.0
2016-05-16T04:00:00Z,39.025001525878906,39.42499923706055,38.970001220703125,39.29999923706055,9211400.0
2016-05-17T04:00:00Z,39.2400016784668,39.32500076293945,38.744998931884766,38.85499954223633,13086400.0
2016-05-18T04:00:00Z,38.59000015258789,38.880001068115234,38.3650016784668,38.630001068115234,22648200.0
2016-05-19T04:00:00Z,38.459999084472656,38.654998779296875,38.32500076293945,38.595001220703125,15667200.0
2016-05-20T04:00:00Z,38.63999938964844,38.974998474121094,38.61000061035156,38.849998474121094,7816200.0
2016-05-23T04:00:00Z,38.79499816894531,38.970001220703125,38.67499923706055,38.71500015258789,8505000.0
2016-05-24T04:00:00Z,38.8650016784668,39.290000915527344,38.849998474121094,39.18000030517578,7983000.0
2016-05-25T04:00:00Z,39.209999084472656,39.47999954223633,39.209999084472656,39.39500045776367,8707800.0
2016-05-26T04:00:00Z,39.505001068115234,39.64500045776367,39.415000915527344,39.474998474121094,7008000.0
2016-05-27T04:00:00Z,39.53499984741211,39.720001220703125,39.53499984741211,39.65999984741211,6424200.0
2016-05-31T04:00:00Z,39.720001220703125,39.744998931884766,39.46500015258789,39.619998931884766,8326000.0
2016-06-01T04:00:00Z,39.435001373291016,39.619998931884766,39.345001220703125,39.595001220703125,7535600.0
2016-06-02T04:00:00Z,39.48500061035156,39.82500076293945,39.474998474121094,39.814998626708984,8115800.0
2016-06-03T04:00:00Z,39.66999816894531,39.709999084472656,39.28499984741211,39.55500030517578,11311000.0
2016-06-06T04:00:00Z,39.599998474121094,39.72999954223633,39.45500183105469,39.654998779296875,8200000.0
2016-06-07T04:00:00Z,39.654998779296875,39.875,39.650001525878906,39.70500183105469,8651400.0
2016-06-08T04:00:00Z,39.720001220703125,39.814998626708984,39.595001220703125,39.75,7903200.0
2016-06-09T04:00:00Z,39.54499816894531,39.70500183105469,39.505001068115234,39.65999984741211,13162200.0
2016-06-10T04:00:00Z,39.345001220703125,39.404998779296875,39.1349983215332,39.244998931884766,9627000.0
2016-06-13T04:00:00Z,39.17499923706055,39.459999084472656,39.0,39.029998779296875,12032600.0
2016-06-14T04:00:00Z,38.935001373291016,39.08000183105469,38.68000030517578,38.93000030517578,16195400.0
2016-06-15T04:00:00Z,38.959999084472656,39.36000061035156,38.959999084472656,39.040000915527344,11271800.0
2016-06-16T04:00:00Z,38.85499954223633,39.21500015258789,38.619998931884766,39.165000915527344,12764600.0
2016-06-17T04:00:00Z,39.07500076293945,39.10499954223633,38.89500045776367,38.96500015258789,17119400.0
2016-06-20T04:00:00Z,39.26499938964844,39.67499923706055,39.26499938964844,39.314998626708984,7944400.0
2016-06-21T04:00:00Z,39.43000030517578,39.43000030517578,39.150001525878906,39.224998474121094,5798600.0
2016-06-22T04:00:00Z,39.255001068115234,39.474998474121094,39.13999938964844,39.16999816894531,8207200.0
2016-06-23T04:00:00Z,39.529998779296875,39.560001373291016,39.375,39.55500030517578,8882400.0
2016-06-24T04:00:00Z,38.165000915527344,38.7599983215332,37.9900016784668,38.084999084472656,30696400.0
2016-06-27T04:00:00Z,37.72999954223633,37.790000915527344,37.09000015258789,37.3849983215332,21702000.0
2016-06-28T04:00:00Z,37.81999969482422,38.130001068115234,37.709999084472656,38.130001068115234,15721200.0
2016-06-29T04:00:00Z,38.584999084472656,38.810001373291016,38.369998931884766,38.744998931884766,14107600.0
2016-06-30T04:00:00Z,38.8650016784668,39.04499816894531,38.6150016784668,39.029998779296875,13423600.0
2016-07-01T04:00:00Z,39.06999969482422,39.525001525878906,38.994998931884766,39.435001373291016,14260200.0
2016-07-05T04:00:00Z,39.189998626708984,39.27000045776367,38.869998931884766,39.1150016784668,14635200.0
2016-07-06T04:00:00Z,38.95500183105469,39.45000076293945,38.869998931884766,39.45000076293945,15561200.0
2016-07-07T04:00:00Z,39.38999938964844,39.619998931884766,39.35499954223633,39.619998931884766,18485600.0
2016-07-08T04:00:00Z,39.875,40.34000015258789,39.875,40.310001373291016,14822800.0
2016-07-11T04:00:00Z,40.529998779296875,40.64500045776367,40.415000915527344,40.54499816894531,8862000.0
2016-07-12T04:00:00Z,40.67499923706055,40.810001373291016,40.63999938964844,40.70500183105469,9772000.0
2016-07-13T04:00:00Z,40.7599983215332,40.79499816894531,40.415000915527344,40.505001068115234,7310800.0
2016-07-14T04:00:00Z,40.80500030517578,40.904998779296875,40.619998931884766,40.66999816894531,6812000.0
2016-07-15T04:00:00Z,40.8650016784668,40.875,40.459999084472656,40.4900016784668,6967400.0
2016-07-18T04:00:00Z,40.584999084472656,40.7599983215332,40.474998474121094,40.64500045776367,5550000.0
2016-07-19T04:00:00Z,40.42499923706055,40.584999084472656,40.34000015258789,40.56999969482422,5273600.0
2016-07-20T04:00:00Z,40.68000030517578,40.7599983215332,40.4900016784668,40.7400016784668,4902000.0
2016-07-21T04:00:00Z,40.73500061035156,40.810001373291016,40.505001068115234,40.630001068115234,4869400.0
2016-07-22T04:00:00Z,40.66999816894531,40.849998474121094,40.58000183105469,40.79999923706055,5059200.0
2016-07-25T04:00:00Z,40.915000915527344,40.915000915527344,40.7400016784668,40.8650016784668,6260400.0
2016-07-26T04:00:00Z,40.83000183105469,41.01499938964844,40.66999816894531,40.814998626708984,9975400.0
2016-07-27T04:00:00Z,40.935001373291016,40.95000076293945,40.53499984741211,40.689998626708984,8590200.0
2016-07-28T04:00:00Z,40.58000183105469,40.814998626708984,40.43000030517578,40.76499938964844,6317800.0
2016-07-29T04:00:00Z,40.709999084472656,40.869998931884766,40.63999938964844,40.810001373291016,7992600.0
2016-08-01T04:00:00Z,40.810001373291016,40.97999954223633,40.654998779296875,40.875,5500400.0
2016-08-02T04:00:00Z,40.904998779296875,40.904998779296875,40.185001373291016,40.26499938964844,8493400.0
2016-08-03T04:00:00Z,40.130001068115234,40.380001068115234,40.04499816894531,40.380001068115234,7744000.0
2016-08-04T04:00:00Z,40.30500030517578,40.44499969482422,40.20000076293945,40.36000061035156,4480600.0
2016-08-05T04:00:00Z,40.599998474121094,40.845001220703125,40.439998626708984,40.78499984741211,7037200.0
2016-08-08T04:00:00Z,40.814998626708984,40.8849983215332,40.6150016784668,40.650001525878906,6296800.0
2016-08-09T04:00:00Z,40.56999969482422,40.72999954223633,40.45000076293945,40.529998779296875,14728200.0
2016-08-10T04:00:00Z,40.54499816894531,40.73500061035156,40.529998779296875,40.6150016784668,6778800.0
2016-08-11T04:00:00Z,40.834999084472656,41.06999969482422,40.814998626708984,41.02000045776367,7389600.0
2016-08-12T04:00:00Z,40.935001373291016,41.099998474121094,40.709999084472656,41.0,4913200.0
2016-08-15T04:00:00Z,41.11000061035156,41.189998626708984,41.05500030517578,41.08000183105469,6141000.0
2016-08-16T04:00:00Z,40.97999954223633,41.029998779296875,40.814998626708984,40.845001220703125,4615800.0
2016-08-17T04:00:00Z,40.70000076293945,40.779998779296875,40.505001068115234,40.75,6848600.0
2016-08-18T04:00:00Z,40.775001525878906,40.81999969482422,40.650001525878906,40.724998474121094,9466000.0
2016-08-19T04:00:00Z,40.67499923706055,40.834999084472656,40.595001220703125,40.75,7447800.0
2016-08-22T04:00:00Z,40.709999084472656,40.77000045776367,40.59000015258789,40.709999084472656,5777200.0
2016-08-23T04:00:00Z,40.900001525878906,40.96500015258789,40.845001220703125,40.915000915527344,10701600.0
2016-08-24T04:00:00Z,40.875,40.974998474121094,40.63999938964844,40.720001220703125,6466200.0
2016-08-25T04:00:00Z,40.56999969482422,40.720001220703125,40.5099983215332,40.584999084472656,6061400.0
2016-08-26T04:00:00Z,40.64500045776367,40.80500030517578,40.290000915527344,40.470001220703125,12578400.0
2016-08-29T04:00:00Z,40.470001220703125,40.665000915527344,40.470001220703125,40.61000061035156,7992600.0
2016-08-30T04:00:00Z,40.56999969482422,40.619998931884766,40.31999969482422,40.3849983215332,4905800.0
2016-08-31T04:00:00Z,40.35499954223633,40.41999816894531,40.130001068115234,40.279998779296875,7001800.0
2016-09-01T04:00:00Z,40.32500076293945,40.45000076293945,40.13999938964844,40.36000061035156,10833600.0
2016-09-02T04:00:00Z,40.55500030517578,40.595001220703125,40.345001220703125,40.439998626708984,6704800.0
2016-09-06T04:00:00Z,40.439998626708984,40.51499938964844,40.2400016784668,40.51499938964844,12356000.0
2016-09-07T04:00:00Z,40.435001373291016,40.540000915527344,40.36000061035156,40.53499984741211,10728600.0
2016-09-08T04:00:00Z,40.32500076293945,40.404998779296875,40.1349983215332,40.185001373291016,8918200.0
2016-09-09T04:00:00Z,39.900001525878906,39.97999954223633,39.21500015258789,39.21500015258789,19125000.0
2016-09-12T04:00:00Z,39.060001373291016,39.8650016784668,39.005001068115234,39.76499938964844,21753200.0
2016-09-13T04:00:00Z,39.474998474121094,39.59000015258789,39.07500076293945,39.20000076293945,18474400.0
2016-09-14T04:00:00Z,39.209999084472656,39.435001373291016,39.09000015258789,39.20500183105469,14711400.0
2016-09-15T04:00:00Z,39.084999084472656,39.51499938964844,39.025001525878906,39.4900016784668,11544200.0
2016-09-16T04:00:00Z,39.20500183105469,39.290000915527344,39.084999084472656,39.255001068115234,10703000.0
2016-09-19T04:00:00Z,39.31999969482422,39.494998931884766,39.1349983215332,39.224998474121094,6254800.0
2016-09-20T04:00:00Z,39.3849983215332,39.439998626708984,39.154998779296875,39.255001068115234,6684400.0
2016-09-21T04:00:00Z,39.314998626708984,39.654998779296875,39.20000076293945,39.6349983215332,12031800.0
2016-09-22T04:00:00Z,39.8650016784668,40.0,39.79999923706055,39.92499923706055,9642800.0
2016-09-23T04:00:00Z,39.814998626708984,39.96500015258789,39.814998626708984,39.834999084472656,7782400.0
2016-09-26T04:00:00Z,39.724998474121094,39.724998474121094,39.345001220703125,39.39500045776367,11856600.0
2016-09-27T04:00:00Z,39.44499969482422,39.79499816894531,39.380001068115234,39.79499816894531,10275000.0
2016-09-28T04:00:00Z,39.81999969482422,39.92499923706055,39.66999816894531,39.904998779296875,8260600.0
2016-09-29T04:00:00Z,39.86000061035156,40.09000015258789,39.584999084472656,39.70000076293945,12722200.0
2016-09-30T04:00:00Z,39.875,40.13999938964844,39.79999923706055,40.02000045776367,9578800.0
2016-10-03T04:00:00Z,39.8650016784668,40.084999084472656,39.82500076293945,39.994998931884766,15452200.0
2016-10-04T04:00:00Z,40.029998779296875,40.15999984741211,39.775001525878906,39.85499954223633,17878200.0
2016-10-05T04:00:00Z,40.005001068115234,40.18000030517578,39.95500183105469,40.02000045776367,14270600.0
2016-10-06T04:00:00Z,39.96500015258789,40.130001068115234,39.80500030517578,40.04999923706055,14525000.0
2016-10-07T04:00:00Z,40.165000915527344,40.20500183105469,39.77000045776367,39.869998931884766,17384200.0
2016-10-10T04:00:00Z,40.060001373291016,40.11000061035156,39.90999984741211,39.935001373291016,5941000.0
2016-10-11T04:00:00Z,39.96500015258789,39.96500015258789,39.369998931884766,39.45000076293945,16851800.0
2016-10-12T04:00:00Z,39.4900016784668,39.779998779296875,39.439998626708984,39.6349983215332,7596400.0
2016-10-13T04:00:00Z,39.35499954223633,39.595001220703125,39.095001220703125,39.4900016784668,8056000.0
2016-10-14T04:00:00Z,39.6150016784668,39.744998931884766,39.42499923706055,39.44499969482422,6949200.0
2016-10-17T04:00:00Z,39.43000030517578,39.435001373291016,39.11000061035156,39.119998931884766,7257200.0
2016-10-18T04:00:00Z,39.525001525878906,39.599998474121094,39.32500076293945,39.380001068115234,7900400.0
2016-10-19T04:00:00Z,39.44499969482422,39.599998474121094,39.345001220703125,39.55500030517578,6512200.0
2016-10-20T04:00:00Z,39.46500015258789,39.57500076293945,39.31999969482422,39.47999954223633,9819000.0
2016-10-21T04:00:00Z,39.290000915527344,39.85499954223633,39.290000915527344,39.79499816894531,9595400.0
2016-10-24T04:00:00Z,39.994998931884766,40.10499954223633,39.90999984741211,40.08000183105469,7136600.0
2016-10-25T04:00:00Z,39.900001525878906,39.900001525878906,39.59000015258789,39.61000061035156,9267600.0
2016-10-26T04:00:00Z,39.435001373291016,39.60499954223633,39.36000061035156,39.439998626708984,8653000.0
2016-10-27T04:00:00Z,39.540000915527344,39.599998474121094,39.040000915527344,39.11000061035156,10670400.0
2016-10-28T04:00:00Z,38.900001525878906,39.28499984741211,38.875,39.02000045776367,10012200.0
2016-10-31T04:00:00Z,39.07500076293945,39.150001525878906,38.970001220703125,39.04999923706055,11798000.0
2016-11-01T04:00:00Z,39.150001525878906,39.220001220703125,38.46500015258789,38.775001525878906,23891800.0
2016-11-02T04:00:00Z,38.67499923706055,38.845001220703125,38.439998626708984,38.540000915527344,19390400.0
2016-11-03T04:00:00Z,38.61000061035156,38.79499816894531,38.349998474121094,38.439998626708984,17801600.0
2016-11-04T04:00:00Z,38.404998779296875,38.69499969482422,38.30500030517578,38.3650016784668,17824400.0
2016-11-07T05:00:00Z,38.915000915527344,39.255001068115234,38.79499816894531,39.25,14287400.0
2016-11-08T05:00:00Z,39.25,39.57500076293945,39.150001525878906,39.40999984741211,10650400.0
2016-11-09T05:00:00Z,38.584999084472656,39.560001373291016,38.4900016784668,39.4900016784668,22851200.0
2016-11-10T05:00:00Z,39.64500045776367,40.07500076293945,39.334999084472656,39.6349983215332,33370400.0
2016-11-11T05:00:00Z,39.48500061035156,39.915000915527344,39.459999084472656,39.86000061035156,12078600.0
2016-11-14T05:00:00Z,40.04499816894531,40.165000915527344,39.814998626708984,39.8650016784668,12659400.0
2016-11-15T05:00:00Z,40.005001068115234,40.07500076293945,39.810001373291016,40.02000045776367,12020400.0
2016-11-16T05:00:00Z,39.935001373291016,40.2400016784668,39.880001068115234,40.2400016784668,7986400.0
2016-11-17T05:00:00Z,40.275001525878906,40.724998474121094,40.19499969482422,40.724998474121094,11402200.0
2016-11-18T05:00:00Z,40.70000076293945,40.790000915527344,40.54999923706055,40.599998474121094,8587200.0
2016-11-21T05:00:00Z,40.67499923706055,40.8650016784668,40.619998931884766,40.8650016784668,9526800.0
2016-11-22T05:00:00Z,40.9900016784668,41.3849983215332,40.95000076293945,41.349998474121094,11500200.0
2016-11-23T05:00:00Z,41.279998779296875,41.415000915527344,41.25,41.38999938964844,8874400.0
2016-11-25T05:00:00Z,41.45500183105469,41.53499984741211,41.38999938964844,41.4900016784668,8542600.0
2016-11-28T05:00:00Z,41.38999938964844,41.39500045776367,41.07500076293945,41.15999984741211,10293600.0
2016-11-29T05:00:00Z,41.20500183105469,41.334999084472656,41.15999984741211,41.27000045776367,8735200.0
2016-11-30T05:00:00Z,41.25,41.27000045776367,40.915000915527344,40.92499923706055,10133200.0
2016-12-01T05:00:00Z,40.88999938964844,41.154998779296875,40.814998626708984,40.94499969482422,18732200.0
2016-12-02T05:00:00Z,40.95000076293945,41.060001373291016,40.66999816894531,40.720001220703125,15315000.0
2016-12-05T05:00:00Z,40.88999938964844,41.23500061035156,40.71500015258789,41.165000915527344,16210400.0
2016-12-06T05:00:00Z,41.19499969482422,41.26499938964844,41.07500076293945,41.2599983215332,14066600.0
2016-12-07T05:00:00Z,41.279998779296875,42.08000183105469,41.22999954223633,42.060001373291016,15944200.0
2016-12-08T05:00:00Z,42.07500076293945,42.16999816894531,41.96500015258789,42.060001373291016,11211800.0
2016-12-09T05:00:00Z,42.15999984741211,42.15999984741211,41.939998626708984,42.154998779296875,9603200.0
2016-12-12T05:00:00Z,42.06999969482422,42.13999938964844,41.71500015258789,41.80500030517578,11884400.0
2016-12-13T05:00:00Z,41.959999084472656,42.34000015258789,41.82500076293945,42.18000030517578,9648400.0
2016-12-14T05:00:00Z,42.16999816894531,42.255001068115234,41.81999969482422,41.89500045776367,16914600.0
2016-12-15T05:00:00Z,41.96500015258789,42.084999084472656,41.77000045776367,41.79499816894531,12218800.0
2016-12-16T05:00:00Z,41.66999816894531,41.689998626708984,41.28499984741211,41.345001220703125,19737400.0
2016-12-19T05:00:00Z,41.439998626708984,41.67499923706055,41.345001220703125,41.45500183105469,7572200.0
2016-12-20T05:00:00Z,41.51499938964844,41.84000015258789,41.5099983215332,41.78499984741211,8068400.0
2016-12-21T05:00:00Z,41.779998779296875,41.810001373291016,41.66999816894531,41.76499938964844,5405600.0
2016-12-22T05:00:00Z,41.689998626708984,41.70500183105469,41.25,41.314998626708984,8922000.0
2016-12-23T05:00:00Z,41.30500030517578,41.3849983215332,41.17499923706055,41.224998474121094,5674000.0
2016-12-27T05:00:00Z,41.255001068115234,41.54999923706055,41.255001068115234,41.3849983215332,12202200.0
2016-12-28T05:00:00Z,41.474998474121094,41.51499938964844,41.09000015258789,41.099998474121094,7715400.0
2016-12-29T05:00:00Z,41.130001068115234,41.2400016784668,40.95000076293945,41.04499816894531,5132600.0
2016-12-30T05:00:00Z,41.17499923706055,41.17499923706055,40.57500076293945,40.70000076293945,9618200.0
2017-01-03T05:00:00Z,41.025001525878906,41.16999816894531,40.689998626708984,40.939998626708984,28101000.0
2017-01-04T05:00:00Z,41.119998931884766,41.529998779296875,41.08000183105469,41.48500061035156,10987600.0
2017-01-05T05:00:00Z,41.22999954223633,41.470001220703125,41.220001220703125,41.45500183105469,8793400.0
2017-01-06T05:00:00Z,41.44499969482422,41.78499984741211,41.290000915527344,41.65999984741211,13076200.0
2017-01-09T05:00:00Z,41.64500045776367,41.73500061035156,41.54999923706055,41.625,7711200.0
2017-01-10T05:00:00Z,41.6150016784668,41.93000030517578,41.54999923706055,41.775001525878906,10349600.0
2017-01-11T05:00:00Z,41.744998931884766,41.8650016784668,41.61000061035156,41.8650016784668,10777400.0
2017-01-12T05:00:00Z,41.77000045776367,41.875,41.4900016784668,41.82500076293945,8564600.0
2017-01-13T05:00:00Z,41.849998474121094,42.02000045776367,41.849998474121094,41.97999954223633,5616800.0
2017-01-17T05:00:00Z,41.86000061035156,42.189998626708984,41.85499954223633,42.04999923706055,8651800.0
2017-01-18T05:00:00Z,42.064998626708984,42.064998626708984,41.83000183105469,41.974998474121094,5820200.0
2017-01-19T05:00:00Z,42.03499984741211,42.18000030517578,41.75,41.845001220703125,8326000.0
2017-01-20T05:00:00Z,41.994998931884766,42.07500076293945,41.83000183105469,41.96500015258789,10983800.0
2017-01-23T05:00:00Z,41.775001525878906,42.0099983215332,41.73500061035156,41.994998931884766,17105800.0
2017-01-24T05:00:00Z,42.060001373291016,42.3849983215332,41.98500061035156,42.34000015258789,9594400.0
2017-01-25T05:00:00Z,42.505001068115234,42.64500045776367,42.474998474121094,42.599998474121094,7338200.0
2017-01-26T05:00:00Z,42.6349983215332,42.81999969482422,42.53499984741211,42.665000915527344,7809800.0
2017-01-27T05:00:00Z,42.69499969482422,42.75,42.375,42.529998779296875,9021600.0
2017-01-30T05:00:00Z,42.46500015258789,42.51499938964844,42.095001220703125,42.47999954223633,7579200.0
2017-01-31T05:00:00Z,42.290000915527344,42.415000915527344,42.11000061035156,42.415000915527344,9490000.0
2017-02-01T05:00:00Z,42.48500061035156,42.560001373291016,42.18000030517578,42.334999084472656,10413600.0
2017-02-02T05:00:00Z,42.27000045776367,42.48500061035156,42.220001220703125,42.29999923706055,8162000.0
2017-02-03T05:00:00Z,42.16999816894531,42.314998626708984,42.09000015258789,42.244998931884766,7304200.0
2017-02-06T05:00:00Z,42.125,42.224998474121094,42.04999923706055,42.119998931884766,7878400.0
2017-02-07T05:00:00Z,42.13999938964844,42.20500183105469,42.03499984741211,42.08000183105469,11451200.0
2017-02-08T05:00:00Z,42.08000183105469,42.38999938964844,42.08000183105469,42.34000015258789,8259800.0
2017-02-09T05:00:00Z,42.34000015258789,42.709999084472656,42.34000015258789,42.60499954223633,7058400.0
2017-02-10T05:00:00Z,42.665000915527344,42.880001068115234,42.64500045776367,42.8650016784668,7652000.0
2017-02-13T05:00:00Z,42.96500015258789,43.025001525878906,42.85499954223633,42.915000915527344,8817600.0
2017-02-14T05:00:00Z,42.89500045776367,43.15999984741211,42.880001068115234,43.15999984741211,6336200.0
2017-02-15T05:00:00Z,43.09000015258789,43.400001525878906,43.01499938964844,43.3849983215332,9509800.0
2017-02-16T05:00:00Z,43.34000015258789,43.3849983215332,43.084999084472656,43.165000915527344,6165000.0
2017-02-17T05:00:00Z,43.060001373291016,43.30500030517578,43.05500030517578,43.30500030517578,7757200.0
2017-02-21T05:00:00Z,43.494998931884766,43.650001525878906,43.38999938964844,43.55500030517578,7182800.0
2017-02-22T05:00:00Z,43.5099983215332,43.60499954223633,43.46500015258789,43.55500030517578,4491200.0
2017-02-23T05:00:00Z,43.61000061035156,43.65999984741211,43.224998474121094,43.2599983215332,6937400.0
2017-02-24T05:00:00Z,43.185001373291016,43.459999084472656,43.09000015258789,43.459999084472656,9692600.0
2017-02-27T05:00:00Z,43.474998474121094,43.540000915527344,43.33000183105469,43.5099983215332,6904800.0
2017-02-28T05:00:00Z,43.39500045776367,43.404998779296875,43.150001525878906,43.185001373291016,8179000.0
2017-03-01T05:00:00Z,43.650001525878906,43.790000915527344,43.5099983215332,43.66999816894531,17269600.0
2017-03-02T05:00:00Z,43.650001525878906,43.71500015258789,43.529998779296875,43.564998626708984,7870800.0
2017-03-03T05:00:00Z,43.52000045776367,43.61000061035156,43.34000015258789,43.5,6563000.0
2017-03-06T05:00:00Z,43.36000061035156,43.404998779296875,43.19499969482422,43.36000061035156,5205400.0
2017-03-07T05:00:00Z,43.36000061035156,43.3650016784668,43.16999816894531,43.220001220703125,6147800.0
2017-03-08T05:00:00Z,43.28499984741211,43.47999954223633,43.27000045776367,43.400001525878906,5219000.0
2017-03-09T05:00:00Z,43.36000061035156,43.48500061035156,43.23500061035156,43.36000061035156,5493800.0
2017-03-10T05:00:00Z,43.54999923706055,43.59000015258789,43.334999084472656,43.42499923706055,7013200.0
2017-03-13T04:00:00Z,43.45000076293945,43.55500030517578,43.400001525878906,43.540000915527344,4982200.0
2017-03-14T04:00:00Z,43.494998931884766,43.599998474121094,43.3849983215332,43.529998779296875,7785600.0
2017-03-15T04:00:00Z,43.6150016784668,43.845001220703125,43.474998474121094,43.7599983215332,7473800.0
2017-03-16T04:00:00Z,43.790000915527344,43.875,43.70500183105469,43.755001068115234,12529400.0
2017-03-17T04:00:00Z,43.67499923706055,43.76499938964844,43.54999923706055,43.68000030517578,9428600.0
2017-03-20T04:00:00Z,43.71500015258789,43.724998474121094,43.4900016784668,43.57500076293945,5278000.0
2017-03-21T04:00:00Z,43.68000030517578,43.744998931884766,42.994998931884766,43.025001525878906,9291400.0
2017-03-22T04:00:00Z,42.9900016784668,43.1349983215332,42.82500076293945,43.07500076293945,12202200.0
2017-03-23T04:00:00Z,43.150001525878906,43.400001525878906,43.04999923706055,43.17499923706055,7274000.0
2017-03-24T04:00:00Z,43.220001220703125,43.41999816894531,43.095001220703125,43.279998779296875,6622200.0
2017-03-27T04:00:00Z,43.02000045776367,43.34000015258789,42.85499954223633,43.26499938964844,9808200.0
2017-03-28T04:00:00Z,43.2599983215332,43.689998626708984,43.185001373291016,43.595001220703125,8310000.0
2017-03-29T04:00:00Z,43.595001220703125,43.8849983215332,43.54999923706055,43.85499954223633,9123400.0
2017-03-30T04:00:00Z,43.775001525878906,43.974998474121094,43.73500061035156,43.970001220703125,9365200.0
2017-03-31T04:00:00Z,43.900001525878906,44.084999084472656,43.8849983215332,43.974998474121094,4758600.0
2017-04-03T04:00:00Z,43.97999954223633,44.005001068115234,43.54999923706055,43.79999923706055,12312000.0
2017-04-04T04:00:00Z,43.67499923706055,43.79499816894531,43.6349983215332,43.72999954223633,8648800.0
2017-04-05T04:00:00Z,43.89500045776367,44.130001068115234,43.564998626708984,43.625,8701800.0
2017-04-06T04:00:00Z,43.650001525878906,43.900001525878906,43.6349983215332,43.7599983215332,5827800.0
2017-04-07T04:00:00Z,43.650001525878906,43.779998779296875,43.56999969482422,43.630001068115234,7816600.0
2017-04-10T04:00:00Z,43.64500045776367,43.939998626708984,43.630001068115234,43.790000915527344,4796200.0
2017-04-11T04:00:00Z,43.775001525878906,43.845001220703125,43.439998626708984,43.755001068115234,10938200.0
2017-04-12T04:00:00Z,43.720001220703125,43.775001525878906,43.54499816894531,43.58000183105469,4923200.0
2017-04-13T04:00:00Z,43.51499938964844,43.665000915527344,43.275001525878906,43.275001525878906,9377600.0
2017-04-17T04:00:00Z,43.3849983215332,43.720001220703125,43.3849983215332,43.720001220703125,6955200.0
2017-04-18T04:00:00Z,43.6150016784668,43.79499816894531,43.505001068115234,43.724998474121094,5108400.0
2017-04-19T04:00:00Z,43.869998931884766,44.04499816894531,43.72999954223633,43.76499938964844,7473000.0
2017-04-20T04:00:00Z,43.95000076293945,44.310001373291016,43.935001373291016,44.224998474121094,8772400.0
2017-04-21T04:00:00Z,44.165000915527344,44.209999084472656,44.01499938964844,44.125,7704800.0
2017-04-24T04:00:00Z,44.59000015258789,44.60499954223633,44.36000061035156,44.40999984741211,8486000.0
2017-04-25T04:00:00Z,44.560001373291016,44.82500076293945,44.560001373291016,44.7599983215332,10809200.0
2017-04-26T04:00:00Z,44.875,45.15999984741211,44.814998626708984,44.970001220703125,8164400.0
2017-04-27T04:00:00Z,45.20000076293945,45.275001525878906,45.084999084472656,45.209999084472656,7328000.0
2017-04-28T04:00:00Z,45.30500030517578,45.38999938964844,44.974998474121094,45.029998779296875,10119600.0
2017-05-01T04:00:00Z,45.130001068115234,45.2599983215332,45.03499984741211,45.09000015258789,11827800.0
2017-05-02T04:00:00Z,45.1150016784668,45.13999938964844,44.875,45.13999938964844,7921200.0
2017-05-03T04:00:00Z,45.10499954223633,45.224998474121094,44.744998931884766,44.875,5633400.0
2017-05-04T04:00:00Z,44.90999984741211,44.90999984741211,44.6349983215332,44.80500030517578,10679200.0
2017-05-05T04:00:00Z,44.98500061035156,45.084999084472656,44.76499938964844,45.084999084472656,6438600.0
2017-05-08T04:00:00Z,45.244998931884766,45.255001068115234,45.0099983215332,45.16999816894531,5012400.0
2017-05-09T04:00:00Z,45.27000045776367,45.46500015258789,45.185001373291016,45.43000030517578,20515600.0
2017-05-10T04:00:00Z,45.244998931884766,45.290000915527344,45.11000061035156,45.275001525878906,7037000.0
2017-05-11T04:00:00Z,45.189998626708984,45.189998626708984,44.72999954223633,45.005001068115234,8703200.0
2017-05-12T04:00:00Z,45.04999923706055,45.04999923706055,44.8849983215332,44.939998626708984,6461600.0
2017-05-15T04:00:00Z,44.95000076293945,45.13999938964844,44.900001525878906,44.95000076293945,7904400.0
2017-05-16T04:00:00Z,44.974998474121094,45.0099983215332,44.76499938964844,44.79499816894531,8396600.0
2017-05-17T04:00:00Z,44.52000045776367,44.6349983215332,44.064998626708984,44.06999969482422,16578800.0
2017-05-18T04:00:00Z,44.06999969482422,44.529998779296875,44.06999969482422,44.32500076293945,13043600.0
2017-05-19T04:00:00Z,44.400001525878906,44.77000045776367,44.349998474121094,44.625,7390000.0
2017-05-22T04:00:00Z,44.709999084472656,44.900001525878906,44.685001373291016,44.849998474121094,5893400.0
2017-05-23T04:00:00Z,44.8849983215332,44.97999954223633,44.61000061035156,44.68000030517578,4178000.0
2017-05-24T04:00:00Z,44.665000915527344,44.85499954223633,44.505001068115234,44.84000015258789,7648000.0
2017-05-25T04:00:00Z,44.98500061035156,45.375,44.98500061035156,45.23500061035156,6603800.0
2017-05-26T04:00:00Z,45.29499816894531,45.39500045776367,45.244998931884766,45.369998931884766,4648000.0
2017-05-30T04:00:00Z,45.369998931884766,45.51499938964844,45.3650016784668,45.404998779296875,5277800.0
2017-05-31T04:00:00Z,45.48500061035156,45.54499816894531,45.165000915527344,45.525001525878906,10207200.0
2017-06-01T04:00:00Z,45.63999938964844,45.95500183105469,45.505001068115234,45.95500183105469,10295000.0
2017-06-02T04:00:00Z,45.97999954223633,46.17499923706055,45.915000915527344,46.119998931884766,6268800.0
2017-06-05T04:00:00Z,46.16999816894531,46.209999084472656,45.90999984741211,45.994998931884766,10998600.0
2017-06-06T04:00:00Z,45.834999084472656,45.93000030517578,45.564998626708984,45.599998474121094,7127400.0
2017-06-07T04:00:00Z,45.66999816894531,45.7599983215332,45.57500076293945,45.68000030517578,9343000.0
2017-06-08T04:00:00Z,45.685001373291016,45.73500061035156,45.32500076293945,45.3849983215332,10397600.0
2017-06-09T04:00:00Z,45.43000030517578,45.494998931884766,44.779998779296875,45.185001373291016,21978000.0
2017-06-12T04:00:00Z,45.040000915527344,45.279998779296875,44.974998474121094,45.15999984741211,12873200.0
2017-06-13T04:00:00Z,45.26499938964844,45.505001068115234,45.25,45.439998626708984,8329600.0
2017-06-14T04:00:00Z,45.60499954223633,45.67499923706055,45.18000030517578,45.415000915527344,9618800.0
2017-06-15T04:00:00Z,45.08000183105469,45.2599983215332,44.86000061035156,45.224998474121094,7170200.0
2017-06-16T04:00:00Z,45.25,45.25,44.81999969482422,45.07500076293945,15423200.0
2017-06-19T04:00:00Z,45.26499938964844,45.4900016784668,45.150001525878906,45.41999816894531,6839600.0
2017-06-20T04:00:00Z,45.34000015258789,45.349998474121094,44.84000015258789,44.849998474121094,6705000.0
2017-06-21T04:00:00Z,44.96500015258789,44.9900016784668,44.7599983215332,44.91999816894531,6252400.0
2017-06-22T04:00:00Z,44.915000915527344,44.98500061035156,44.80500030517578,44.814998626708984,7317800.0
2017-06-23T04:00:00Z,44.814998626708984,44.814998626708984,44.6150016784668,44.7599983215332,7845200.0
2017-06-26T04:00:00Z,44.97999954223633,45.05500030517578,44.779998779296875,44.91999816894531,9417400.0
2017-06-27T04:00:00Z,44.82500076293945,44.994998931884766,44.564998626708984,44.564998626708984,8029800.0
2017-06-28T04:00:00Z,44.69499969482422,45.064998626708984,44.665000915527344,45.01499938964844,10061600.0
2017-06-29T04:00:00Z,44.93000030517578,44.974998474121094,44.22999954223633,44.58000183105469,9803400.0
2017-06-30T04:00:00Z,44.79999923706055,45.0099983215332,44.720001220703125,44.814998626708984,9313600.0
2017-07-03T04:00:00Z,44.939998626708984,45.15999984741211,44.75,44.77000045776367,5614600.0
2017-07-05T04:00:00Z,44.76499938964844,44.775001525878906,44.45000076293945,44.65999984741211,7970200.0
2017-07-06T04:00:00Z,44.3849983215332,44.52000045776367,44.17499923706055,44.20500183105469,7244800.0
2017-07-07T04:00:00Z,44.29999923706055,44.6349983215332,44.29999923706055,44.599998474121094,5159400.0
2017-07-10T04:00:00Z,44.6349983215332,44.76499938964844,44.505001068115234,44.69499969482422,5400200.0
2017-07-11T04:00:00Z,44.64500045776367,44.67499923706055,44.36000061035156,44.60499954223633,6424600.0
2017-07-12T04:00:00Z,44.85499954223633,45.0099983215332,44.82500076293945,44.94499969482422,6067800.0
2017-07-13T04:00:00Z,45.07500076293945,45.125,44.915000915527344,44.95000076293945,6623400.0
2017-07-14T04:00:00Z,45.09000015258789,45.150001525878906,44.89500045776367,45.095001220703125,8280000.0
2017-07-17T04:00:00Z,45.095001220703125,45.279998779296875,45.095001220703125,45.20500183105469,6354400.0
2017-07-18T04:00:00Z,45.165000915527344,45.415000915527344,45.130001068115234,45.40999984741211,6980000.0
2017-07-19T04:00:00Z,45.494998931884766,45.68000030517578,45.459999084472656,45.630001068115234,5311600.0
2017-07-20T04:00:00Z,45.67499923706055,45.709999084472656,45.380001068115234,45.53499984741211,9199000.0
2017-07-21T04:00:00Z,45.31999969482422,45.564998626708984,45.31999969482422,45.564998626708984,6633800.0
2017-07-24T04:00:00Z,45.58000183105469,45.58000183105469,45.36000061035156,45.40999984741211,4081800.0
2017-07-25T04:00:00Z,45.58000183105469,45.849998474121094,45.505001068115234,45.72999954223633,10096800.0
2017-07-26T04:00:00Z,45.80500030517578,45.814998626708984,45.65999984741211,45.709999084472656,5728800.0
2017-07-27T04:00:00Z,45.904998779296875,46.275001525878906,45.65999984741211,46.04499816894531,13275200.0
2017-07-28T04:00:00Z,45.595001220703125,45.75,45.52000045776367,45.69499969482422,7833400.0
2017-07-31T04:00:00Z,45.86000061035156,45.92499923706055,45.529998779296875,45.68000030517578,6261200.0
2017-08-01T04:00:00Z,45.814998626708984,45.849998474121094,45.6150016784668,45.7599983215332,8750800.0
2017-08-02T04:00:00Z,45.7400016784668,45.7599983215332,45.3650016784668,45.6349983215332,5776000.0
2017-08-03T04:00:00Z,45.59000015258789,45.75,45.494998931884766,45.5099983215332,7191400.0
2017-08-04T04:00:00Z,45.61000061035156,45.61000061035156,45.33000183105469,45.51499938964844,4898800.0
2017-08-07T04:00:00Z,45.595001220703125,45.685001373291016,45.53499984741211,45.619998931884766,6939400.0
2017-08-08T04:00:00Z,45.619998931884766,45.8849983215332,45.5099983215332,45.64500045776367,6050200.0
2017-08-09T04:00:00Z,45.10499954223633,45.40999984741211,45.02000045776367,45.380001068115234,9796200.0
2017-08-10T04:00:00Z,45.189998626708984,45.26499938964844,44.689998626708984,44.70000076293945,9809800.0
2017-08-11T04:00:00Z,44.59000015258789,45.025001525878906,44.59000015258789,44.93000030517578,9839200.0
2017-08-14T04:00:00Z,45.18000030517578,45.400001525878906,45.16999816894531,45.25,7508200.0
2017-08-15T04:00:00Z,45.22999954223633,45.27000045776367,44.83000183105469,44.834999084472656,6191400.0
2017-08-16T04:00:00Z,45.0,45.150001525878906,44.875,45.064998626708984,4905400.0
2017-08-17T04:00:00Z,44.95000076293945,45.0,44.345001220703125,44.345001220703125,9791400.0
2017-08-18T04:00:00Z,44.25,44.369998931884766,44.07500076293945,44.125,13575600.0
2017-08-21T04:00:00Z,44.11000061035156,44.26499938964844,43.94499969482422,44.20500183105469,21101400.0
2017-08-22T04:00:00Z,44.334999084472656,44.72999954223633,44.310001373291016,44.68000030517578,8771200.0
2017-08-23T04:00:00Z,44.380001068115234,44.459999084472656,44.224998474121094,44.29999923706055,9681600.0
2017-08-24T04:00:00Z,44.52000045776367,44.625,44.1349983215332,44.20500183105469,5531800.0
2017-08-25T04:00:00Z,44.334999084472656,44.505001068115234,44.23500061035156,44.314998626708984,6489200.0
2017-08-28T04:00:00Z,44.459999084472656,44.4900016784668,44.279998779296875,44.34000015258789,4368400.0
2017-08-29T04:00:00Z,44.05500030517578,44.349998474121094,43.98500061035156,44.29999923706055,5511200.0
2017-08-30T04:00:00Z,44.32500076293945,44.67499923706055,44.279998779296875,44.619998931884766,4512800.0
2017-08-31T04:00:00Z,44.744998931884766,44.869998931884766,44.68000030517578,44.83000183105469,7988200.0
2017-09-01T04:00:00Z,44.94499969482422,45.1150016784668,44.91999816894531,45.03499984741211,4863800.0
2017-09-05T04:00:00Z,44.90999984741211,45.099998474121094,44.59000015258789,44.849998474121094,9911000.0
2017-09-06T04:00:00Z,44.91999816894531,45.185001373291016,44.82500076293945,45.130001068115234,6009400.0
2017-09-07T04:00:00Z,45.224998474121094,45.28499984741211,44.6349983215332,44.7400016784668,10708000.0
2017-09-08T04:00:00Z,44.650001525878906,44.689998626708984,44.5099983215332,44.584999084472656,5180000.0
2017-09-11T04:00:00Z,44.744998931884766,44.8650016784668,44.709999084472656,44.81999969482422,6703200.0
2017-09-12T04:00:00Z,44.93000030517578,45.084999084472656,44.869998931884766,45.02000045776367,5440200.0
2017-09-13T04:00:00Z,44.994998931884766,45.345001220703125,44.994998931884766,45.345001220703125,6583200.0
2017-09-14T04:00:00Z,45.23500061035156,45.349998474121094,45.084999084472656,45.099998474121094,7033800.0
2017-09-15T04:00:00Z,44.85499954223633,44.98500061035156,44.790000915527344,44.814998626708984,7822200.0
2017-09-18T04:00:00Z,44.95500183105469,44.9900016784668,44.560001373291016,44.65999984741211,13139200.0
2017-09-19T04:00:00Z,44.665000915527344,44.7400016784668,44.45500183105469,44.619998931884766,12801000.0
2017-09-20T04:00:00Z,44.685001373291016,44.80500030517578,44.529998779296875,44.77000045776367,7419800.0
2017-09-21T04:00:00Z,44.755001068115234,44.80500030517578,44.619998931884766,44.69499969482422,8415200.0
2017-09-22T04:00:00Z,44.58000183105469,44.79499816894531,44.56999969482422,44.77000045776367,6232600.0
2017-09-25T04:00:00Z,44.755001068115234,44.85499954223633,44.529998779296875,44.67499923706055,14335200.0
2017-09-26T04:00:00Z,44.80500030517578,44.89500045776367,44.584999084472656,44.68000030517578,6145800.0
2017-09-27T04:00:00Z,44.79499816894531,45.0099983215332,44.599998474121094,44.92499923706055,10458200.0
2017-09-28T04:00:00Z,44.86000061035156,44.90999984741211,44.790000915527344,44.869998931884766,7199600.0
2017-09-29T04:00:00Z,44.875,45.09000015258789,44.85499954223633,45.040000915527344,6944000.0
2017-10-02T04:00:00Z,45.095001220703125,45.224998474121094,45.029998779296875,45.125,5859400.0
2017-10-03T04:00:00Z,45.20000076293945,45.32500076293945,45.165000915527344,45.314998626708984,9831200.0
2017-10-04T04:00:00Z,45.349998474121094,45.58000183105469,45.29999923706055,45.54999923706055,9863400.0
2017-10-05T04:00:00Z,45.619998931884766,45.81999969482422,45.560001373291016,45.80500030517578,14441000.0
2017-10-06T04:00:00Z,45.72999954223633,45.92499923706055,45.72999954223633,45.86000061035156,6266400.0
2017-10-09T04:00:00Z,45.939998626708984,45.94499969482422,45.66999816894531,45.71500015258789,8540200.0
2017-10-10T04:00:00Z,45.744998931884766,45.8849983215332,45.560001373291016,45.66999816894531,5513400.0
2017-10-11T04:00:00Z,45.69499969482422,45.744998931884766,45.58000183105469,45.69499969482422,7685600.0
2017-10-12T04:00:00Z,45.525001525878906,45.53499984741211,45.290000915527344,45.38999938964844,9168000.0
2017-10-13T04:00:00Z,45.474998474121094,45.650001525878906,45.41999816894531,45.61000061035156,5460200.0
2017-10-16T04:00:00Z,45.630001068115234,45.689998626708984,45.529998779296875,45.66999816894531,8655600.0
2017-10-17T04:00:00Z,45.65999984741211,45.77000045776367,45.58000183105469,45.69499969482422,5546400.0
2017-10-18T04:00:00Z,45.73500061035156,45.755001068115234,45.560001373291016,45.56999969482422,9051200.0
2017-10-19T04:00:00Z,45.380001068115234,45.57500076293945,45.27000045776367,45.56999969482422,9002000.0
2017-10-20T04:00:00Z,45.75,45.79499816894531,45.625,45.68000030517578,9602800.0
2017-10-23T04:00:00Z,45.72999954223633,45.77000045776367,45.334999084472656,45.369998931884766,5821200.0
2017-10-24T04:00:00Z,45.41999816894531,45.55500030517578,45.41999816894531,45.47999954223633,7404000.0
2017-10-25T04:00:00Z,45.38999938964844,45.459999084472656,45.060001373291016,45.30500030517578,9367200.0
2017-10-26T04:00:00Z,45.30500030517578,45.630001068115234,45.26499938964844,45.46500015258789,7133000.0
2017-10-27T04:00:00Z,45.80500030517578,46.224998474121094,45.59000015258789,46.20000076293945,11891200.0
2017-10-30T04:00:00Z,45.80500030517578,46.095001220703125,45.80500030517578,45.9900016784668,8670800.0
2017-10-31T04:00:00Z,46.040000915527344,46.09000015258789,45.95500183105469,45.994998931884766,6375200.0
2017-11-01T04:00:00Z,46.14500045776367,46.29499816894531,45.9900016784668,46.0099983215332,8834400.0
2017-11-02T04:00:00Z,45.8849983215332,45.939998626708984,45.5,45.665000915527344,9183600.0
2017-11-03T04:00:00Z,45.63999938964844,45.869998931884766,45.529998779296875,45.849998474121094,7388000.0
2017-11-06T05:00:00Z,45.7599983215332,46.20500183105469,45.7599983215332,46.185001373291016,7695800.0
2017-11-07T05:00:00Z,46.130001068115234,46.275001525878906,45.845001220703125,45.90999984741211,4865600.0
2017-11-08T05:00:00Z,45.84000015258789,45.98500061035156,45.79499816894531,45.959999084472656,5451600.0
2017-11-09T05:00:00Z,45.70000076293945,46.095001220703125,45.59000015258789,46.029998779296875,6882600.0
2017-11-10T05:00:00Z,46.01499938964844,46.244998931884766,45.974998474121094,46.185001373291016,5021200.0
2017-11-13T05:00:00Z,46.040000915527344,46.435001373291016,45.95000076293945,46.34000015258789,11429400.0
2017-11-14T05:00:00Z,46.19499969482422,46.38999938964844,46.064998626708984,46.380001068115234,8378200.0
2017-11-15T05:00:00Z,46.154998779296875,46.334999084472656,45.915000915527344,46.18000030517578,6730600.0
2017-11-16T05:00:00Z,46.255001068115234,46.60499954223633,46.220001220703125,46.564998626708984,8186600.0
2017-11-17T05:00:00Z,46.66999816894531,46.849998474121094,46.6349983215332,46.77000045776367,9372800.0
2017-11-20T05:00:00Z,46.845001220703125,46.959999084472656,46.755001068115234,46.86000061035156,4895200.0
2017-11-21T05:00:00Z,46.97999954223633,47.18000030517578,46.915000915527344,47.150001525878906,10030000.0
2017-11-22T05:00:00Z,47.16999816894531,47.290000915527344,47.13999938964844,47.19499969482422,6394600.0
2017-11-24T05:00:00Z,47.30500030517578,47.334999084472656,47.2400016784668,47.314998626708984,3472400.0
2017-11-27T05:00:00Z,47.439998626708984,47.54499816894531,47.26499938964844,47.349998474121094,7848200.0
2017-11-28T05:00:00Z,47.42499923706055,47.875,47.3650016784668,47.875,11609400.0
2017-11-29T05:00:00Z,47.915000915527344,48.209999084472656,47.84000015258789,48.08000183105469,12693400.0
2017-11-30T05:00:00Z,48.15999984741211,48.525001525878906,48.04499816894531,48.32500076293945,14963400.0
2017-12-01T05:00:00Z,48.275001525878906,48.459999084472656,47.625,48.30500030517578,23560200.0
2017-12-04T05:00:00Z,48.79499816894531,49.185001373291016,48.775001525878906,48.8650016784668,13545800.0
2017-12-05T05:00:00Z,48.849998474121094,48.96500015258789,48.56999969482422,48.584999084472656,14968400.0
2017-12-06T05:00:00Z,48.52000045776367,48.6150016784668,48.2400016784668,48.27000045776367,11436000.0
2017-12-07T05:00:00Z,48.39500045776367,48.48500061035156,48.165000915527344,48.39500045776367,7902800.0
2017-12-08T05:00:00Z,48.529998779296875,48.720001220703125,48.40999984741211,48.625,11586800.0
2017-12-11T05:00:00Z,48.665000915527344,48.744998931884766,48.564998626708984,48.72999954223633,6692800.0
2017-12-12T05:00:00Z,48.8650016784668,48.904998779296875,48.73500061035156,48.75,5518000.0
2017-12-13T05:00:00Z,48.849998474121094,48.904998779296875,48.720001220703125,48.790000915527344,6905800.0
2017-12-14T05:00:00Z,48.845001220703125,49.084999084472656,48.80500030517578,48.939998626708984,8494600.0
2017-12-15T05:00:00Z,49.0,49.1150016784668,48.869998931884766,48.98500061035156,13464200.0
2017-12-18T05:00:00Z,49.29499816894531,49.505001068115234,49.23500061035156,49.42499923706055,12016600.0
2017-12-19T05:00:00Z,49.47999954223633,49.540000915527344,49.275001525878906,49.36000061035156,11969400.0
2017-12-20T05:00:00Z,49.529998779296875,49.564998626708984,49.244998931884766,49.26499938964844,4929000.0
2017-12-21T05:00:00Z,49.33000183105469,49.69499969482422,49.290000915527344,49.584999084472656,4719800.0
2017-12-22T05:00:00Z,49.52000045776367,49.52000045776367,49.39500045776367,49.4900016784668,6443800.0
2017-12-26T05:00:00Z,49.43000030517578,49.654998779296875,49.43000030517578,49.599998474121094,2996000.0
2017-12-27T05:00:00Z,49.689998626708984,49.69499969482422,49.45500183105469,49.5,3733800.0
2017-12-28T05:00:00Z,49.67499923706055,49.67499923706055,49.529998779296875,49.6349983215332,8391600.0
2017-12-29T05:00:00Z,49.650001525878906,49.71500015258789,49.310001373291016,49.345001220703125,5261200.0
2018-01-02T05:00:00Z,49.55500030517578,50.095001220703125,49.55500030517578,50.095001220703125,9791200.0
2018-01-03T05:00:00Z,50.14500045776367,50.3650016784668,50.1349983215332,50.32500076293945,10638000.0
2018-01-04T05:00:00Z,50.52000045776367,50.55500030517578,50.22999954223633,50.4900016784668,6914800.0
2018-01-05T05:00:00Z,50.71500015258789,50.915000915527344,50.599998474121094,50.88999938964844,8588800.0
2018-01-08T05:00:00Z,50.915000915527344,51.03499984741211,50.849998474121094,50.95000076293945,5340000.0
2018-01-09T05:00:00Z,51.099998474121094,51.16999816894531,50.880001068115234,51.04999923706055,6321800.0
2018-01-10T05:00:00Z,50.8650016784668,51.084999084472656,50.744998931884766,51.01499938964844,5677800.0
2018-01-11T05:00:00Z,51.13999938964844,51.849998474121094,51.09000015258789,51.845001220703125,7245400.0
2018-01-12T05:00:00Z,51.94499969482422,52.53499984741211,51.880001068115234,52.51499938964844,8075600.0
2018-01-16T05:00:00Z,52.779998779296875,53.0099983215332,52.005001068115234,52.13999938964844,18503200.0
2018-01-17T05:00:00Z,52.3849983215332,52.494998931884766,52.060001373291016,52.38999938964844,13312200.0
2018-01-18T05:00:00Z,52.369998931884766,52.459999084472656,52.209999084472656,52.345001220703125,6584600.0
2018-01-19T05:00:00Z,52.595001220703125,52.80500030517578,52.435001373291016,52.79999923706055,7520800.0
2018-01-22T05:00:00Z,52.79499816894531,53.3849983215332,52.75,53.3849983215332,15504600.0
2018-01-23T05:00:00Z,53.66999816894531,53.900001525878906,53.564998626708984,53.834999084472656,8309800.0
2018-01-24T05:00:00Z,54.07500076293945,54.380001068115234,53.58000183105469,54.064998626708984,12927600.0
2018-01-25T05:00:00Z,54.29499816894531,54.334999084472656,53.73500061035156,53.970001220703125,10141600.0
2018-01-26T05:00:00Z,54.09000015258789,54.5,53.95500183105469,54.5,7832600.0
2018-01-29T05:00:00Z,54.44499969482422,54.66999816894531,54.22999954223633,54.349998474121094,12710400.0
2018-01-30T05:00:00Z,53.94499969482422,54.290000915527344,53.77000045776367,54.08000183105469,10568200.0
2018-01-31T05:00:00Z,54.33000183105469,54.52000045776367,53.790000915527344,53.904998779296875,18902200.0
2018-02-01T05:00:00Z,53.56999969482422,53.98500061035156,53.2599983215332,53.30500030517578,18706800.0
2018-02-02T05:00:00Z,53.53499984741211,53.994998931884766,52.68000030517578,52.79499816894531,21381400.0
2018-02-05T05:00:00Z,52.35499954223633,53.1150016784668,50.54999923706055,51.01499938964844,46093000.0
2018-02-06T05:00:00Z,50.0,52.42499923706055,49.869998931884766,52.31999969482422,44665000.0
2018-02-07T05:00:00Z,52.36000061035156,53.095001220703125,52.14500045776367,52.15999984741211,26274000.0
2018-02-08T05:00:00Z,52.22999954223633,52.3650016784668,50.040000915527344,50.08000183105469,31484000.0
2018-02-09T05:00:00Z,50.56999969482422,50.834999084472656,48.54999923706055,50.415000915527344,42795200.0
2018-02-12T05:00:00Z,50.89500045776367,51.3849983215332,50.375,51.099998474121094,25119000.0
2018-02-13T05:00:00Z,50.89500045776367,51.48500061035156,50.810001373291016,51.3650016784668,10301600.0
2018-02-14T05:00:00Z,51.119998931884766,52.28499984741211,51.08000183105469,52.185001373291016,13462600.0
2018-02-15T05:00:00Z,52.5,52.650001525878906,51.935001373291016,52.650001525878906,11181600.0
2018-02-16T05:00:00Z,52.48500061035156,52.814998626708984,52.279998779296875,52.39500045776367,9497200.0
2018-02-20T05:00:00Z,52.255001068115234,52.79999923706055,52.029998779296875,52.23500061035156,11751400.0
2018-02-21T05:00:00Z,52.470001220703125,53.005001068115234,52.15999984741211,52.15999984741211,9906200.0
2018-02-22T05:00:00Z,52.415000915527344,52.625,52.06999969482422,52.224998474121094,8887600.0
2018-02-23T05:00:00Z,52.525001525878906,52.95500183105469,52.279998779296875,52.95500183105469,5986000.0
2018-02-26T05:00:00Z,53.154998779296875,53.400001525878906,53.025001525878906,53.400001525878906,7796800.0
2018-02-27T05:00:00Z,53.45000076293945,53.45000076293945,52.2599983215332,52.27000045776367,12569200.0
2018-02-28T05:00:00Z,52.54999923706055,52.77000045776367,52.025001525878906,52.03499984741211,12098800.0
2018-03-01T05:00:00Z,52.09000015258789,52.34000015258789,50.959999084472656,51.474998474121094,19060600.0
2018-03-02T05:00:00Z,50.904998779296875,51.6150016784668,50.64500045776367,51.525001525878906,14530800.0
2018-03-05T05:00:00Z,51.334999084472656,52.25,51.209999084472656,52.13999938964844,9988000.0
2018-03-06T05:00:00Z,52.380001068115234,52.525001525878906,52.03499984741211,52.5,15151800.0
2018-03-07T05:00:00Z,51.97999954223633,52.27000045776367,51.720001220703125,52.14500045776367,10527400.0
2018-03-08T05:00:00Z,52.345001220703125,52.400001525878906,52.150001525878906,52.310001373291016,8073000.0
2018-03-09T05:00:00Z,52.665000915527344,53.1349983215332,52.52000045776367,53.119998931884766,7249400.0
2018-03-12T04:00:00Z,53.29499816894531,53.51499938964844,53.16999816894531,53.29499816894531,8513200.0
2018-03-13T04:00:00Z,53.59000015258789,53.70000076293945,52.834999084472656,52.91999816894531,11325800.0
2018-03-14T04:00:00Z,53.19499969482422,53.26499938964844,52.720001220703125,52.85499954223633,10245400.0
2018-03-15T04:00:00Z,52.959999084472656,53.07500076293945,52.709999084472656,52.79999923706055,7679600.0
2018-03-16T04:00:00Z,52.65999984741211,52.935001373291016,52.584999084472656,52.59000015258789,6693600.0
2018-03-19T04:00:00Z,52.39500045776367,52.415000915527344,51.55500030517578,51.935001373291016,11454800.0
2018-03-20T04:00:00Z,52.029998779296875,52.31999969482422,52.005001068115234,52.244998931884766,7413400.0
2018-03-21T04:00:00Z,52.310001373291016,52.599998474121094,52.04499816894531,52.20500183105469,10539400.0
2018-03-22T04:00:00Z,51.79999923706055,51.93000030517578,51.06999969482422,51.095001220703125,13813600.0
2018-03-23T04:00:00Z,51.2400016784668,51.375,50.07500076293945,50.09000015258789,17889200.0
2018-03-26T04:00:00Z,50.900001525878906,51.619998931884766,50.404998779296875,51.56999969482422,14560600.0
2018-03-27T04:00:00Z,51.779998779296875,51.88999938964844,50.23500061035156,50.560001373291016,12512600.0
2018-03-28T04:00:00Z,50.27000045776367,50.60499954223633,49.59000015258789,49.94499969482422,25948800.0
2018-03-29T04:00:00Z,50.0,50.89500045776367,49.63999938964844,50.64500045776367,15285000.0
2018-04-02T04:00:00Z,50.34000015258789,50.40999984741211,48.7400016784668,49.21500015258789,23776600.0
2018-04-03T04:00:00Z,49.505001068115234,50.11000061035156,49.130001068115234,49.84000015258789,14615800.0
2018-04-04T04:00:00Z,49.084999084472656,50.85499954223633,49.03499984741211,50.755001068115234,14885600.0
2018-04-05T04:00:00Z,51.185001373291016,51.599998474121094,50.900001525878906,51.435001373291016,8463000.0
2018-04-06T04:00:00Z,50.939998626708984,51.39500045776367,50.01499938964844,50.34000015258789,17529800.0
2018-04-09T04:00:00Z,50.69499969482422,50.9900016784668,50.16999816894531,50.220001220703125,8520200.0
2018-04-10T04:00:00Z,50.8650016784668,50.96500015258789,50.375,50.83000183105469,12824400.0
2018-04-11T04:00:00Z,50.619998931884766,51.1349983215332,50.5,50.67499923706055,9580200.0
2018-04-12T04:00:00Z,50.98500061035156,51.189998626708984,50.71500015258789,50.89500045776367,6114800.0
2018-04-13T04:00:00Z,51.165000915527344,51.255001068115234,50.42499923706055,50.61000061035156,8868400.0
2018-04-16T04:00:00Z,50.92499923706055,51.185001373291016,50.69499969482422,50.9900016784668,8481000.0
2018-04-17T04:00:00Z,51.48500061035156,52.040000915527344,51.48500061035156,51.939998626708984,8151000.0
2018-04-18T04:00:00Z,52.119998931884766,52.435001373291016,52.07500076293945,52.185001373291016,6596600.0
2018-04-19T04:00:00Z,52.19499969482422,52.314998626708984,51.77000045776367,52.02000045776367,16129000.0
2018-04-20T04:00:00Z,52.064998626708984,52.1349983215332,51.279998779296875,51.4900016784668,12510200.0
2018-04-23T04:00:00Z,51.58000183105469,51.935001373291016,51.290000915527344,51.599998474121094,14082000.0
2018-04-24T04:00:00Z,51.88999938964844,51.994998931884766,50.51499938964844,50.78499984741211,13404000.0
2018-04-25T04:00:00Z,50.689998626708984,51.119998931884766,50.2599983215332,50.994998931884766,18794600.0
2018-04-26T04:00:00Z,51.29999923706055,51.91999816894531,51.19499969482422,51.81999969482422,12969400.0
2018-04-27T04:00:00Z,52.505001068115234,52.625,51.93000030517578,52.05500030517578,8851200.0
2018-04-30T04:00:00Z,52.29499816894531,52.564998626708984,51.845001220703125,51.849998474121094,10006200.0
2018-05-01T04:00:00Z,51.68000030517578,51.94499969482422,51.275001525878906,51.91999816894531,11210800.0
2018-05-02T04:00:00Z,51.775001525878906,52.040000915527344,51.5099983215332,51.564998626708984,9553400.0
2018-05-03T04:00:00Z,51.345001220703125,51.470001220703125,50.68000030517578,51.334999084472656,14015400.0
2018-05-04T04:00:00Z,51.099998474121094,52.1349983215332,51.03499984741211,52.0099983215332,7979200.0
2018-05-07T04:00:00Z,52.279998779296875,52.334999084472656,51.994998931884766,52.185001373291016,6900000.0
2018-05-08T04:00:00Z,52.04999923706055,52.16999816894531,51.685001373291016,51.96500015258789,12194800.0
2018-05-09T04:00:00Z,52.04499816894531,52.18000030517578,51.720001220703125,52.14500045776367,8049600.0
2018-05-10T04:00:00Z,52.1349983215332,52.3849983215332,52.064998626708984,52.334999084472656,5861600.0
2018-05-11T04:00:00Z,52.34000015258789,52.5099983215332,52.27000045776367,52.44499969482422,8848200.0
2018-05-14T04:00:00Z,52.525001525878906,52.71500015258789,52.470001220703125,52.54499816894531,6649800.0
2018-05-15T04:00:00Z,52.26499938964844,52.334999084472656,51.994998931884766,52.2400016784668,9116000.0
2018-05-16T04:00:00Z,52.30500030517578,52.78499984741211,52.30500030517578,52.67499923706055,6478400.0
2018-05-17T04:00:00Z,52.560001373291016,52.875,52.369998931884766,52.5,12729000.0
2018-05-18T04:00:00Z,52.41999816894531,52.584999084472656,52.31999969482422,52.435001373291016,8217800.0
2018-05-21T04:00:00Z,52.685001373291016,52.86000061035156,52.54999923706055,52.724998474121094,17494600.0
2018-05-22T04:00:00Z,52.915000915527344,53.03499984741211,52.45500183105469,52.4900016784668,5990200.0
2018-05-23T04:00:00Z,52.29999923706055,52.875,52.23500061035156,52.869998931884766,9254400.0
2018-05-24T04:00:00Z,52.814998626708984,53.07500076293945,52.55500030517578,52.98500061035156,10967000.0
2018-05-25T04:00:00Z,52.959999084472656,53.27000045776367,52.904998779296875,53.064998626708984,7681800.0
2018-05-29T04:00:00Z,52.80500030517578,53.03499984741211,52.45000076293945,52.654998779296875,11808200.0
2018-05-30T04:00:00Z,52.900001525878906,53.20000076293945,52.779998779296875,53.1349983215332,9843200.0
2018-05-31T04:00:00Z,53.154998779296875,53.16999816894531,52.70000076293945,52.880001068115234,12867000.0
2018-06-01T04:00:00Z,53.11000061035156,53.32500076293945,53.05500030517578,53.27000045776367,10437400.0
2018-06-04T04:00:00Z,53.43000030517578,53.8849983215332,53.404998779296875,53.8650016784668,9414800.0
2018-06-05T04:00:00Z,53.89500045776367,54.22999954223633,53.790000915527344,54.18000030517578,9162000.0
2018-06-06T04:00:00Z,54.334999084472656,54.724998474121094,54.084999084472656,54.685001373291016,10920800.0
2018-06-07T04:00:00Z,54.81999969482422,55.040000915527344,54.665000915527344,54.845001220703125,10699800.0
2018-06-08T04:00:00Z,54.650001525878906,55.13999938964844,54.599998474121094,54.959999084472656,7687000.0
2018-06-11T04:00:00Z,54.96500015258789,55.29999923706055,54.96500015258789,55.18000030517578,6369200.0
2018-06-12T04:00:00Z,55.279998779296875,55.54499816894531,55.244998931884766,55.44499969482422,6976400.0
2018-06-13T04:00:00Z,55.4900016784668,55.81999969482422,55.43000030517578,55.529998779296875,10105000.0
2018-06-14T04:00:00Z,55.709999084472656,56.119998931884766,55.685001373291016,56.11000061035156,8383200.0
2018-06-15T04:00:00Z,55.709999084472656,56.10499954223633,55.67499923706055,56.05500030517578,18213400.0
2018-06-18T04:00:00Z,55.685001373291016,56.07500076293945,55.58000183105469,55.959999084472656,8047400.0
2018-06-19T04:00:00Z,55.46500015258789,55.89500045776367,55.369998931884766,55.88999938964844,12339200.0
2018-06-20T04:00:00Z,56.18000030517578,56.29999923706055,55.95500183105469,56.154998779296875,7886000.0
2018-06-21T04:00:00Z,56.23500061035156,56.310001373291016,55.65999984741211,55.755001068115234,13700800.0
2018-06-22T04:00:00Z,56.0,56.08000183105469,55.619998931884766,55.65999984741211,11135800.0
2018-06-25T04:00:00Z,55.43000030517578,55.43000030517578,54.1349983215332,54.45000076293945,24133600.0
2018-06-26T04:00:00Z,54.654998779296875,55.01499938964844,54.5,54.84000015258789,9260000.0
2018-06-27T04:00:00Z,55.060001373291016,55.2599983215332,54.119998931884766,54.130001068115234,13700800.0
2018-06-28T04:00:00Z,54.185001373291016,54.68000030517578,53.900001525878906,54.55500030517578,11947800.0
2018-06-29T04:00:00Z,54.95000076293945,55.17499923706055,54.63999938964844,54.650001525878906,11481400.0
2018-07-02T04:00:00Z,54.255001068115234,54.7400016784668,54.11000061035156,54.724998474121094,13797400.0
2018-07-03T04:00:00Z,54.97999954223633,54.97999954223633,54.36000061035156,54.45000076293945,5818600.0
2018-07-05T04:00:00Z,54.76499938964844,54.814998626708984,54.279998779296875,54.720001220703125,7576600.0
2018-07-06T04:00:00Z,54.7400016784668,55.22999954223633,54.61000061035156,55.150001525878906,10370000.0
2018-07-09T04:00:00Z,55.494998931884766,55.81999969482422,55.375,55.810001373291016,7461400.0
2018-07-10T04:00:00Z,55.91999816894531,55.98500061035156,55.66999816894531,55.93000030517578,6359200.0
2018-07-11T04:00:00Z,55.58000183105469,55.91999816894531,55.53499984741211,55.79999923706055,8864400.0
2018-07-12T04:00:00Z,56.0099983215332,56.21500015258789,55.76499938964844,56.16999816894531,5828400.0
2018-07-13T04:00:00Z,56.20500183105469,56.3849983215332,56.1150016784668,56.29499816894531,11044000.0
2018-07-16T04:00:00Z,56.435001373291016,56.525001525878906,56.220001220703125,56.435001373291016,6192600.0
2018-07-17T04:00:00Z,55.849998474121094,56.6150016784668,55.73500061035156,56.4900016784668,8143800.0
2018-07-18T04:00:00Z,56.45500183105469,56.654998779296875,56.275001525878906,56.45500183105469,12812200.0
2018-07-19T04:00:00Z,56.33000183105469,56.650001525878906,56.28499984741211,56.32500076293945,7219400.0
2018-07-20T04:00:00Z,56.33000183105469,56.415000915527344,56.05500030517578,56.07500076293945,6661000.0
2018-07-23T04:00:00Z,56.064998626708984,56.125,55.709999084472656,56.01499938964844,6738400.0
2018-07-24T04:00:00Z,56.35499954223633,56.44499969482422,55.720001220703125,55.849998474121094,9651200.0
2018-07-25T04:00:00Z,55.69499969482422,56.279998779296875,55.529998779296875,56.2599983215332,12540000.0
2018-07-26T04:00:00Z,56.20000076293945,56.39500045776367,55.845001220703125,55.96500015258789,11604000.0
2018-07-27T04:00:00Z,56.70500183105469,56.78499984741211,55.56999969482422,55.81999969482422,13097600.0
2018-07-30T04:00:00Z,55.82500076293945,55.915000915527344,55.220001220703125,55.375,13132400.0
2018-07-31T04:00:00Z,55.53499984741211,55.8650016784668,55.2400016784668,55.6349983215332,12309400.0
2018-08-01T04:00:00Z,55.689998626708984,55.7400016784668,55.119998931884766,55.36000061035156,10437200.0
2018-08-02T04:00:00Z,55.099998474121094,55.779998779296875,55.01499938964844,55.7400016784668,8723000.0
2018-08-03T04:00:00Z,55.849998474121094,56.005001068115234,55.744998931884766,55.93000030517578,6571800.0
2018-08-06T04:00:00Z,55.96500015258789,56.3650016784668,55.80500030517578,56.30500030517578,7250600.0
2018-08-07T04:00:00Z,55.96500015258789,56.650001525878906,55.96500015258789,56.564998626708984,6441000.0
2018-08-08T04:00:00Z,56.540000915527344,56.71500015258789,56.43000030517578,56.625,5458000.0
2018-08-09T04:00:00Z,56.60499954223633,57.03499984741211,56.5,56.834999084472656,11075000.0
2018-08-10T04:00:00Z,56.52000045776367,56.625,56.21500015258789,56.36000061035156,9892400.0
2018-08-13T04:00:00Z,56.52000045776367,56.56999969482422,56.060001373291016,56.07500076293945,11969400.0
2018-08-14T04:00:00Z,56.404998779296875,56.70000076293945,56.21500015258789,56.619998931884766,8380600.0
2018-08-15T04:00:00Z,56.32500076293945,56.32500076293945,55.599998474121094,55.93000030517578,12503600.0
2018-08-16T04:00:00Z,56.30500030517578,56.47999954223633,56.14500045776367,56.20500183105469,7680200.0
2018-08-17T04:00:00Z,56.14500045776367,56.35499954223633,55.875,56.255001068115234,6022400.0
2018-08-20T04:00:00Z,56.44499969482422,56.685001373291016,56.290000915527344,56.654998779296875,13138600.0
2018-08-21T04:00:00Z,56.81999969482422,57.29499816894531,56.79499816894531,57.10499954223633,8342600.0
2018-08-22T04:00:00Z,57.11000061035156,57.44499969482422,57.099998474121094,57.165000915527344,5514800.0
2018-08-23T04:00:00Z,57.209999084472656,57.41999816894531,57.005001068115234,57.11000061035156,7989000.0
2018-08-24T04:00:00Z,57.220001220703125,57.51499938964844,57.130001068115234,57.44499969482422,10518600.0
2018-08-27T04:00:00Z,57.72999954223633,57.904998779296875,57.67499923706055,57.814998626708984,6032000.0
2018-08-28T04:00:00Z,57.96500015258789,58.005001068115234,57.724998474121094,57.93000030517578,7619400.0
2018-08-29T04:00:00Z,58.084999084472656,58.619998931884766,57.970001220703125,58.58000183105469,16623600.0
2018-08-30T04:00:00Z,58.48500061035156,58.58000183105469,58.04499816894531,58.244998931884766,8843600.0
2018-08-31T04:00:00Z,58.20500183105469,58.59000015258789,58.20500183105469,58.474998474121094,8208600.0
2018-09-04T04:00:00Z,58.415000915527344,58.720001220703125,58.18000030517578,58.584999084472656,8907000.0
2018-09-05T04:00:00Z,58.540000915527344,58.54999923706055,57.915000915527344,57.95500183105469,14229800.0
2018-09-06T04:00:00Z,58.11000061035156,58.290000915527344,57.540000915527344,57.79499816894531,11185000.0
2018-09-07T04:00:00Z,57.525001525878906,58.150001525878906,57.400001525878906,57.790000915527344,8921600.0
2018-09-10T04:00:00Z,58.185001373291016,58.224998474121094,57.849998474121094,58.005001068115234,8109800.0
2018-09-11T04:00:00Z,57.880001068115234,58.5099983215332,57.779998779296875,58.470001220703125,9776000.0
2018-09-12T04:00:00Z,58.47999954223633,58.6150016784668,58.09000015258789,58.58000183105469,9145600.0
2018-09-13T04:00:00Z,58.79999923706055,58.869998931884766,58.55500030517578,58.68000030517578,9428800.0
2018-09-14T04:00:00Z,58.68000030517578,58.790000915527344,58.220001220703125,58.459999084472656,6206400.0
2018-09-17T04:00:00Z,58.375,58.3849983215332,57.685001373291016,57.73500061035156,10358400.0
2018-09-18T04:00:00Z,57.779998779296875,58.53499984741211,57.775001525878906,58.470001220703125,7336400.0
2018-09-19T04:00:00Z,58.54499816894531,58.6349983215332,58.25,58.494998931884766,6347400.0
2018-09-20T04:00:00Z,58.76499938964844,58.98500061035156,58.650001525878906,58.89500045776367,9669600.0
2018-09-21T04:00:00Z,59.0,59.040000915527344,58.439998626708984,58.459999084472656,16075000.0
2018-09-24T04:00:00Z,58.26499938964844,58.26499938964844,57.8650016784668,58.08000183105469,9682800.0
2018-09-25T04:00:00Z,58.220001220703125,58.3650016784668,58.09000015258789,58.32500076293945,8213600.0
2018-09-26T04:00:00Z,58.310001373291016,58.88999938964844,58.244998931884766,58.459999084472656,13460200.0
2018-09-27T04:00:00Z,58.470001220703125,58.810001373291016,58.375,58.65999984741211,10619200.0
2018-09-28T04:00:00Z,58.54999923706055,58.8650016784668,58.54499816894531,58.61000061035156,7007800.0
2018-10-01T04:00:00Z,58.95500183105469,59.064998626708984,58.43000030517578,58.43000030517578,15697800.0
2018-10-02T04:00:00Z,58.439998626708984,58.45000076293945,57.625,57.63999938964844,18354000.0
2018-10-03T04:00:00Z,57.92499923706055,57.974998474121094,57.41999816894531,57.44499969482422,18323200.0
2018-10-04T04:00:00Z,57.334999084472656,57.400001525878906,56.35499954223633,56.54499816894531,25919800.0
2018-10-05T04:00:00Z,56.57500076293945,56.79499816894531,55.66999816894531,56.119998931884766,14858600.0
2018-10-08T04:00:00Z,55.90999984741211,56.48500061035156,55.6349983215332,56.26499938964844,14513000.0
2018-10-09T04:00:00Z,56.19499969482422,56.82500076293945,56.05500030517578,56.099998474121094,11788200.0
2018-10-10T04:00:00Z,56.07500076293945,56.07500076293945,54.130001068115234,54.209999084472656,27433200.0
2018-10-11T04:00:00Z,53.8650016784668,54.6150016784668,52.78499984741211,53.255001068115234,57205800.0
2018-10-12T04:00:00Z,54.474998474121094,54.61000061035156,53.56999969482422,54.2400016784668,30356400.0
2018-10-15T04:00:00Z,54.22999954223633,54.56999969482422,53.86000061035156,54.1150016784668,15614600.0
2018-10-16T04:00:00Z,54.45500183105469,55.314998626708984,54.16999816894531,55.20000076293945,14863200.0
2018-10-17T04:00:00Z,55.20000076293945,55.20000076293945,54.19499969482422,54.744998931884766,20077400.0
2018-10-18T04:00:00Z,54.630001068115234,54.685001373291016,53.529998779296875,53.69499969482422,24972600.0
2018-10-19T04:00:00Z,53.790000915527344,53.994998931884766,52.9900016784668,53.16999816894531,17171800.0
2018-10-22T04:00:00Z,53.41999816894531,53.65999984741211,53.095001220703125,53.3849983215332,13837600.0
2018-10-23T04:00:00Z,52.564998626708984,53.595001220703125,52.244998931884766,53.39500045776367,21024000.0
2018-10-24T04:00:00Z,53.380001068115234,53.685001373291016,51.720001220703125,51.79999923706055,23591000.0
2018-10-25T04:00:00Z,52.314998626708984,53.654998779296875,52.20000076293945,53.3650016784668,20865600.0
2018-10-26T04:00:00Z,52.02000045776367,52.5,51.154998779296875,51.70500183105469,36563600.0
2018-10-29T04:00:00Z,52.25,52.76499938964844,50.494998931884766,51.25,28612600.0
2018-10-30T04:00:00Z,51.10499954223633,52.07500076293945,50.94499969482422,52.02000045776367,28886600.0
2018-10-31T04:00:00Z,52.7400016784668,53.2400016784668,52.560001373291016,52.689998626708984,18208600.0
2018-11-01T04:00:00Z,52.900001525878906,53.82500076293945,52.650001525878906,53.76499938964844,13811600.0
2018-11-02T04:00:00Z,54.25,54.64500045776367,53.415000915527344,53.98500061035156,15825200.0
2018-11-05T05:00:00Z,54.025001525878906,54.15999984741211,53.45500183105469,54.060001373291016,9395600.0
2018-11-06T05:00:00Z,53.98500061035156,54.42499923706055,53.93000030517578,54.29999923706055,9558800.0
2018-11-07T05:00:00Z,54.849998474121094,55.79499816894531,54.619998931884766,55.77000045776367,12817600.0
2018-11-08T05:00:00Z,55.540000915527344,56.07500076293945,55.380001068115234,55.78499984741211,8754000.0
2018-11-09T05:00:00Z,55.54999923706055,55.630001068115234,54.744998931884766,55.0099983215332,10515800.0
2018-11-12T05:00:00Z,54.88999938964844,55.060001373291016,53.79499816894531,53.904998779296875,12046800.0
2018-11-13T05:00:00Z,53.9900016784668,54.40999984741211,53.650001525878906,53.880001068115234,15826000.0
2018-11-14T05:00:00Z,54.39500045776367,54.73500061035156,53.32500076293945,53.474998474121094,16583000.0
2018-11-15T05:00:00Z,53.029998779296875,53.525001525878906,52.095001220703125,53.39500045776367,21697000.0
2018-11-16T05:00:00Z,52.8849983215332,53.334999084472656,52.61000061035156,53.185001373291016,11461800.0
2018-11-19T05:00:00Z,53.060001373291016,53.21500015258789,51.73500061035156,51.8849983215332,13359400.0
2018-11-20T05:00:00Z,50.279998779296875,51.900001525878906,50.154998779296875,50.709999084472656,23986000.0
2018-11-21T05:00:00Z,51.20500183105469,51.66999816894531,51.11000061035156,51.2400016784668,17474600.0
2018-11-23T05:00:00Z,50.970001220703125,51.32500076293945,50.970001220703125,51.0099983215332,5456000.0
2018-11-26T05:00:00Z,51.654998779296875,52.2400016784668,51.56999969482422,52.154998779296875,11708000.0
2018-11-27T05:00:00Z,51.970001220703125,52.3650016784668,51.814998626708984,52.310001373291016,12052400.0
2018-11-28T05:00:00Z,52.60499954223633,53.8650016784668,52.334999084472656,53.85499954223633,12683000.0
2018-11-29T05:00:00Z,53.790000915527344,53.939998626708984,53.290000915527344,53.60499954223633,9949800.0
2018-11-30T05:00:00Z,53.584999084472656,54.04999923706055,53.439998626708984,53.994998931884766,11343000.0
2018-12-03T05:00:00Z,55.10499954223633,55.29999923706055,54.650001525878906,55.005001068115234,11989000.0
2018-12-04T05:00:00Z,54.84000015258789,55.025001525878906,52.8849983215332,53.025001525878906,19417400.0
2018-12-06T05:00:00Z,52.064998626708984,53.279998779296875,51.7599983215332,53.279998779296875,22323800.0
2018-12-07T05:00:00Z,53.040000915527344,53.584999084472656,51.55500030517578,51.685001373291016,18691400.0
2018-12-10T05:00:00Z,51.630001068115234,51.98500061035156,50.67499923706055,51.724998474121094,19796400.0
2018-12-11T05:00:00Z,52.494998931884766,52.6349983215332,51.369998931884766,51.744998931884766,15930000.0
2018-12-12T05:00:00Z,52.29999923706055,52.915000915527344,52.19499969482422,52.290000915527344,14373400.0
2018-12-13T05:00:00Z,52.5,52.63999938964844,51.755001068115234,52.029998779296875,12216600.0
2018-12-14T05:00:00Z,51.4900016784668,52.05500030517578,51.0,51.165000915527344,12277200.0
2018-12-17T05:00:00Z,50.79999923706055,51.025001525878906,49.494998931884766,49.8650016784668,23857400.0
2018-12-18T05:00:00Z,50.165000915527344,50.76499938964844,49.900001525878906,50.255001068115234,17377800.0
2018-12-19T05:00:00Z,50.275001525878906,51.165000915527344,48.98500061035156,49.2599983215332,28061600.0
2018-12-20T05:00:00Z,48.96500015258789,49.19499969482422,47.51499938964844,48.154998779296875,35375200.0
2018-12-21T05:00:00Z,48.16999816894531,48.88999938964844,46.77000045776367,46.880001068115234,26736200.0
2018-12-24T05:00:00Z,46.45000076293945,47.07500076293945,45.8650016784668,45.9900016784668,16878000.0
2018-12-26T05:00:00Z,46.3849983215332,48.72999954223633,46.29499816894531,48.71500015258789,23489800.0
2018-12-27T05:00:00Z,48.060001373291016,48.974998474121094,47.029998779296875,48.974998474121094,21520000.0
2018-12-28T05:00:00Z,49.20000076293945,49.7400016784668,48.54999923706055,48.97999954223633,16656400.0
2018-12-31T05:00:00Z,49.38999938964844,49.70500183105469,49.025001525878906,49.505001068115234,12430600.0
2019-01-02T05:00:00Z,48.65999984741211,50.15999984741211,48.39500045776367,49.880001068115234,13681600.0
2019-01-03T05:00:00Z,49.5,49.619998931884766,48.71500015258789,48.79999923706055,12692000.0
2019-01-04T05:00:00Z,49.459999084472656,50.78499984741211,49.36000061035156,50.415000915527344,14538200.0
2019-01-07T05:00:00Z,50.654998779296875,51.8849983215332,50.630001068115234,51.55500030517578,12526200.0
2019-01-08T05:00:00Z,52.09000015258789,52.404998779296875,51.3849983215332,52.125,18782000.0
2019-01-09T05:00:00Z,52.25,52.619998931884766,51.92499923706055,52.38999938964844,10325200.0
2019-01-10T05:00:00Z,51.7400016784668,52.30500030517578,51.529998779296875,52.2400016784668,9520000.0
2019-01-11T05:00:00Z,52.06999969482422,52.459999084472656,51.974998474121094,52.290000915527344,6065200.0
2019-01-14T05:00:00Z,51.875,52.35499954223633,51.619998931884766,51.970001220703125,5896200.0
2019-01-15T05:00:00Z,51.97999954223633,52.540000915527344,51.900001525878906,52.439998626708984,7533600.0
2019-01-16T05:00:00Z,52.459999084472656,52.744998931884766,52.290000915527344,52.31999969482422,8987800.0
2019-01-17T05:00:00Z,52.05500030517578,52.83000183105469,51.970001220703125,52.67499923706055,8792000.0
2019-01-18T05:00:00Z,53.20000076293945,53.630001068115234,53.02000045776367,53.404998779296875,11596200.0
2019-01-22T05:00:00Z,53.165000915527344,53.290000915527344,52.16999816894531,52.60499954223633,18487400.0
2019-01-23T05:00:00Z,52.834999084472656,53.025001525878906,52.11000061035156,52.709999084472656,12208600.0
2019-01-24T05:00:00Z,52.744998931884766,52.98500061035156,52.599998474121094,52.93000030517578,7930400.0
2019-01-25T05:00:00Z,53.470001220703125,53.709999084472656,53.3849983215332,53.51499938964844,8785600.0
2019-01-28T05:00:00Z,52.9900016784668,53.209999084472656,52.685001373291016,53.20500183105469,11802000.0
2019-01-29T05:00:00Z,53.060001373291016,53.154998779296875,52.53499984741211,52.86000061035156,5764600.0
2019-01-30T05:00:00Z,53.279998779296875,54.05500030517578,53.2400016784668,53.900001525878906,11800400.0
2019-01-31T05:00:00Z,53.97999954223633,54.57500076293945,53.73500061035156,54.38999938964844,11198000.0
2019-02-01T05:00:00Z,53.92499923706055,54.125,53.47999954223633,53.595001220703125,11272800.0
2019-02-04T05:00:00Z,53.52000045776367,53.970001220703125,53.44499969482422,53.94499969482422,7209600.0
2019-02-05T05:00:00Z,54.11000061035156,54.540000915527344,54.11000061035156,54.45000076293945,8324600.0
2019-02-06T05:00:00Z,54.46500015258789,54.60499954223633,54.0099983215332,54.224998474121094,5831800.0
2019-02-07T05:00:00Z,53.84000015258789,53.970001220703125,53.334999084472656,53.779998779296875,9042400.0
2019-02-08T05:00:00Z,53.44499969482422,53.56999969482422,53.18000030517578,53.564998626708984,6646600.0
2019-02-11T05:00:00Z,53.744998931884766,53.875,53.58000183105469,53.65999984741211,6115800.0
2019-02-12T05:00:00Z,54.005001068115234,54.54499816894531,53.90999984741211,54.48500061035156,7753400.0
2019-02-13T05:00:00Z,54.709999084472656,54.974998474121094,54.58000183105469,54.85499954223633,6961200.0
2019-02-14T05:00:00Z,54.41999816894531,54.95000076293945,54.154998779296875,54.654998779296875,8334600.0
2019-02-15T05:00:00Z,54.994998931884766,55.14500045776367,54.845001220703125,55.029998779296875,7221000.0
2019-02-19T05:00:00Z,54.86000061035156,55.41999816894531,54.86000061035156,55.255001068115234,9838800.0
2019-02-20T05:00:00Z,55.290000915527344,55.494998931884766,54.80500030517578,55.3650016784668,13203400.0
2019-02-21T05:00:00Z,55.23500061035156,55.41999816894531,55.04499816894531,55.255001068115234,5986800.0
2019-02-22T05:00:00Z,55.38999938964844,55.58000183105469,55.30500030517578,55.55500030517578,14216600.0
2019-02-25T05:00:00Z,55.8849983215332,55.95500183105469,55.34000015258789,55.369998931884766,7982800.0
2019-02-26T05:00:00Z,55.150001525878906,55.525001525878906,55.11000061035156,55.44499969482422,14350400.0
2019-02-27T05:00:00Z,55.3849983215332,55.564998626708984,55.03499984741211,55.404998779296875,6204400.0
2019-02-28T05:00:00Z,55.20500183105469,55.2599983215332,54.85499954223633,55.10499954223633,8106800.0
2019-03-01T05:00:00Z,55.55500030517578,55.775001525878906,55.185001373291016,55.54999923706055,9712000.0
2019-03-04T05:00:00Z,55.790000915527344,55.8849983215332,54.970001220703125,55.375,11317600.0
2019-03-05T05:00:00Z,55.56999969482422,55.75,55.43000030517578,55.51499938964844,10298600.0
2019-03-06T05:00:00Z,55.56999969482422,55.80500030517578,55.22999954223633,55.255001068115234,7539200.0
2019-03-07T05:00:00Z,55.1349983215332,55.20500183105469,54.40999984741211,54.584999084472656,14152600.0
2019-03-08T05:00:00Z,54.23500061035156,54.23500061035156,53.83000183105469,54.20500183105469,11613600.0
2019-03-11T04:00:00Z,54.38999938964844,55.0,54.369998931884766,54.95000076293945,9124400.0
2019-03-12T04:00:00Z,55.03499984741211,55.185001373291016,54.810001373291016,55.10499954223633,17268000.0
2019-03-13T04:00:00Z,55.26499938964844,55.625,55.20000076293945,55.29999923706055,9703800.0
2019-03-14T04:00:00Z,55.224998474121094,55.255001068115234,55.0099983215332,55.1349983215332,9803400.0
2019-03-15T04:00:00Z,55.220001220703125,55.345001220703125,54.915000915527344,55.29999923706055,10856000.0
2019-03-18T04:00:00Z,55.32500076293945,55.880001068115234,55.32500076293945,55.834999084472656,10971000.0
2019-03-19T04:00:00Z,56.029998779296875,56.584999084472656,55.88999938964844,56.1150016784668,14033400.0
2019-03-20T04:00:00Z,56.084999084472656,56.470001220703125,55.65999984741211,56.19499969482422,19898800.0
2019-03-21T04:00:00Z,56.119998931884766,57.0099983215332,56.119998931884766,56.96500015258789,11463000.0
2019-03-22T04:00:00Z,56.61000061035156,56.81999969482422,55.81999969482422,55.834999084472656,17517800.0
2019-03-25T04:00:00Z,55.71500015258789,56.41999816894531,55.65999984741211,56.165000915527344,14923200.0
2019-03-26T04:00:00Z,56.4900016784668,56.78499984741211,56.10499954223633,56.404998779296875,10881400.0
2019-03-27T04:00:00Z,56.45000076293945,56.709999084472656,55.95500183105469,56.290000915527344,8855400.0
2019-03-28T04:00:00Z,56.494998931884766,56.8650016784668,56.334999084472656,56.630001068115234,13856600.0
2019-03-29T04:00:00Z,56.915000915527344,57.029998779296875,56.775001525878906,56.92499923706055,9199800.0
2019-04-01T04:00:00Z,57.3849983215332,57.56999969482422,57.20500183105469,57.54999923706055,9955400.0
2019-04-02T04:00:00Z,57.540000915527344,57.59000015258789,57.349998474121094,57.540000915527344,7263600.0
2019-04-03T04:00:00Z,57.875,58.15999984741211,57.70000076293945,57.94499969482422,8422600.0
2019-04-04T04:00:00Z,57.9900016784668,58.42499923706055,57.9900016784668,58.415000915527344,6147800.0
2019-04-05T04:00:00Z,58.560001373291016,58.810001373291016,58.40999984741211,58.7599983215332,5893400.0
2019-04-08T04:00:00Z,58.64500045776367,58.9900016784668,58.57500076293945,58.970001220703125,6462800.0
2019-04-09T04:00:00Z,58.77000045776367,58.77000045776367,58.34000015258789,58.439998626708984,8912800.0
2019-04-10T04:00:00Z,58.58000183105469,58.720001220703125,58.30500030517578,58.720001220703125,6813600.0
2019-04-11T04:00:00Z,58.78499984741211,58.81999969482422,58.6349983215332,58.79499816894531,4330800.0
2019-04-12T04:00:00Z,59.0,59.26499938964844,58.89500045776367,59.15999984741211,9077600.0
2019-04-15T04:00:00Z,59.185001373291016,59.310001373291016,58.91999816894531,59.279998779296875,4865400.0
2019-04-16T04:00:00Z,59.459999084472656,59.625,59.415000915527344,59.540000915527344,6029000.0
2019-04-17T04:00:00Z,59.709999084472656,59.880001068115234,59.6150016784668,59.654998779296875,5562200.0
2019-04-18T04:00:00Z,59.779998779296875,59.79499816894531,59.45500183105469,59.6349983215332,6142600.0
2019-04-22T04:00:00Z,59.42499923706055,59.61000061035156,59.220001220703125,59.40999984741211,5529600.0
2019-04-23T04:00:00Z,59.595001220703125,60.2400016784668,59.54999923706055,60.119998931884766,8199400.0
2019-04-24T04:00:00Z,60.1349983215332,60.45000076293945,60.1349983215332,60.17499923706055,4362800.0
2019-04-25T04:00:00Z,60.125,60.154998779296875,59.61000061035156,59.86000061035156,5640200.0
2019-04-26T04:00:00Z,60.09000015258789,60.334999084472656,59.709999084472656,60.334999084472656,8473800.0
2019-04-29T04:00:00Z,60.36000061035156,60.3650016784668,60.025001525878906,60.125,7400000.0
2019-04-30T04:00:00Z,60.064998626708984,60.084999084472656,59.57500076293945,60.03499984741211,8679600.0
2019-05-01T04:00:00Z,60.1349983215332,60.13999938964844,59.30500030517578,59.30500030517578,9123000.0
2019-05-02T04:00:00Z,59.334999084472656,59.59000015258789,58.92499923706055,59.349998474121094,20816600.0
2019-05-03T04:00:00Z,59.90999984741211,60.165000915527344,59.72999954223633,60.04999923706055,7005800.0
2019-05-06T04:00:00Z,59.0099983215332,59.78499984741211,58.974998474121094,59.685001373291016,7628000.0
2019-05-07T04:00:00Z,59.31999969482422,59.44499969482422,58.349998474121094,58.779998779296875,13157000.0
2019-05-08T04:00:00Z,58.685001373291016,59.150001525878906,58.505001068115234,58.79999923706055,14305400.0
2019-05-09T04:00:00Z,58.345001220703125,58.7599983215332,57.88999938964844,58.560001373291016,12766000.0
2019-05-10T04:00:00Z,58.415000915527344,58.900001525878906,57.55500030517578,58.64500045776367,13641600.0
2019-05-13T04:00:00Z,57.459999084472656,57.59000015258789,56.71500015258789,56.900001525878906,15284200.0
2019-05-14T04:00:00Z,57.165000915527344,57.755001068115234,56.88999938964844,57.474998474121094,9191800.0
2019-05-15T04:00:00Z,57.119998931884766,57.97999954223633,57.0099983215332,57.8650016784668,8313600.0
2019-05-16T04:00:00Z,58.10499954223633,58.744998931884766,58.005001068115234,58.400001525878906,7231800.0
2019-05-17T04:00:00Z,57.904998779296875,58.689998626708984,57.904998779296875,57.95500183105469,7349000.0
2019-05-20T04:00:00Z,57.744998931884766,57.744998931884766,57.36000061035156,57.54499816894531,7076800.0
2019-05-21T04:00:00Z,57.71500015258789,58.095001220703125,57.51499938964844,57.94499969482422,7320600.0
2019-05-22T04:00:00Z,57.48500061035156,57.935001373291016,57.290000915527344,57.349998474121094,7890800.0
2019-05-23T04:00:00Z,56.89500045776367,56.93000030517578,56.3650016784668,56.63999938964844,9913000.0
2019-05-24T04:00:00Z,56.95000076293945,57.04499816894531,56.47999954223633,56.71500015258789,5265000.0
2019-05-28T04:00:00Z,56.875,57.19499969482422,56.30500030517578,56.34000015258789,8236000.0
2019-05-29T04:00:00Z,56.029998779296875,56.08000183105469,55.474998474121094,55.84000015258789,9537400.0
2019-05-30T04:00:00Z,56.025001525878906,56.39500045776367,56.01499938964844,56.20500183105469,7795200.0
2019-05-31T04:00:00Z,55.5099983215332,55.7400016784668,55.310001373291016,55.470001220703125,8504400.0
2019-06-03T04:00:00Z,55.334999084472656,55.529998779296875,54.71500015258789,55.005001068115234,16131200.0
2019-06-04T04:00:00Z,55.5,56.51499938964844,55.02000045776367,56.494998931884766,11479000.0
2019-06-05T04:00:00Z,56.81999969482422,56.88999938964844,56.21500015258789,56.775001525878906,10517200.0
2019-06-06T04:00:00Z,56.775001525878906,57.20500183105469,56.540000915527344,57.064998626708984,7319600.0
2019-06-07T04:00:00Z,57.314998626708984,58.064998626708984,57.224998474121094,57.88999938964844,8089800.0
2019-06-10T04:00:00Z,58.2599983215332,58.900001525878906,58.220001220703125,58.380001068115234,7459800.0
2019-06-11T04:00:00Z,58.845001220703125,59.11000061035156,58.36000061035156,58.60499954223633,10059000.0
2019-06-12T04:00:00Z,58.584999084472656,58.814998626708984,58.459999084472656,58.59000015258789,5585800.0
2019-06-13T04:00:00Z,58.80500030517578,59.20000076293945,58.77000045776367,59.1150016784668,7692400.0
2019-06-14T04:00:00Z,59.10499954223633,59.3650016784668,58.98500061035156,59.244998931884766,5094400.0
2019-06-17T04:00:00Z,59.35499954223633,59.470001220703125,59.20000076293945,59.27000045776367,5364800.0
2019-06-18T04:00:00Z,59.689998626708984,60.11000061035156,59.529998779296875,59.720001220703125,8797600.0
2019-06-19T04:00:00Z,59.779998779296875,59.94499969482422,59.375,59.83000183105469,6130600.0
2019-06-20T04:00:00Z,60.31999969482422,60.39500045776367,59.775001525878906,60.244998931884766,8377200.0
2019-06-21T04:00:00Z,59.970001220703125,60.130001068115234,59.755001068115234,59.7599983215332,10442400.0
2019-06-24T04:00:00Z,59.78499984741211,59.86000061035156,59.41999816894531,59.439998626708984,5780400.0
2019-06-25T04:00:00Z,59.560001373291016,59.64500045776367,58.779998779296875,58.869998931884766,6394200.0
2019-06-26T04:00:00Z,59.084999084472656,59.29499816894531,58.994998931884766,59.060001373291016,4876200.0
2019-06-27T04:00:00Z,59.26499938964844,59.494998931884766,59.165000915527344,59.43000030517578,3909000.0
2019-06-28T04:00:00Z,59.52000045776367,59.724998474121094,59.5,59.599998474121094,13327400.0
2019-07-01T04:00:00Z,60.35499954223633,60.630001068115234,59.869998931884766,60.125,8289400.0
2019-07-02T04:00:00Z,60.04999923706055,60.28499984741211,59.814998626708984,60.255001068115234,18017000.0
2019-07-03T04:00:00Z,60.435001373291016,60.779998779296875,60.31999969482422,60.779998779296875,3619200.0
2019-07-05T04:00:00Z,60.4900016784668,60.904998779296875,60.32500076293945,60.849998474121094,6755000.0
2019-07-08T04:00:00Z,60.65999984741211,60.974998474121094,60.599998474121094,60.92499923706055,10149200.0
2019-07-09T04:00:00Z,60.689998626708984,61.06999969482422,60.625,60.9900016784668,3866600.0
2019-07-10T04:00:00Z,61.255001068115234,61.29999923706055,60.8849983215332,61.209999084472656,4770000.0
2019-07-11T04:00:00Z,61.415000915527344,61.529998779296875,61.20000076293945,61.334999084472656,3952400.0
2019-07-12T04:00:00Z,61.505001068115234,62.05500030517578,61.505001068115234,62.040000915527344,4975200.0
2019-07-15T04:00:00Z,62.17499923706055,62.27000045776367,61.92499923706055,62.2400016784668,3993200.0
2019-07-16T04:00:00Z,62.150001525878906,62.29999923706055,61.96500015258789,62.15999984741211,4103400.0
2019-07-17T04:00:00Z,62.084999084472656,62.17499923706055,61.564998626708984,61.564998626708984,4599200.0
2019-07-18T04:00:00Z,61.439998626708984,61.60499954223633,61.07500076293945,61.48500061035156,4634400.0
2019-07-19T04:00:00Z,61.67499923706055,61.7599983215332,61.04499816894531,61.08000183105469,4128200.0
2019-07-22T04:00:00Z,61.185001373291016,61.28499984741211,60.880001068115234,61.1150016784668,4034000.0
2019-07-23T04:00:00Z,61.470001220703125,61.529998779296875,61.02000045776367,61.529998779296875,4858200.0
2019-07-24T04:00:00Z,61.27000045776367,61.845001220703125,61.2599983215332,61.84000015258789,4233400.0
2019-07-25T04:00:00Z,61.63999938964844,61.81999969482422,61.39500045776367,61.494998931884766,4799000.0
2019-07-26T04:00:00Z,61.584999084472656,61.82500076293945,61.380001068115234,61.775001525878906,4280400.0
2019-07-29T04:00:00Z,61.619998931884766,61.724998474121094,61.255001068115234,61.474998474121094,4410800.0
2019-07-30T04:00:00Z,61.05500030517578,61.2400016784668,60.959999084472656,61.060001373291016,4329000.0
2019-07-31T04:00:00Z,61.040000915527344,61.06999969482422,59.80500030517578,60.36000061035156,8603400.0
2019-08-01T04:00:00Z,60.474998474121094,61.06999969482422,59.32500076293945,59.540000915527344,13263600.0
2019-08-02T04:00:00Z,59.334999084472656,59.41999816894531,58.81999969482422,59.04999923706055,11100400.0
2019-08-05T04:00:00Z,58.04999923706055,58.05500030517578,57.04499816894531,57.46500015258789,13781600.0
2019-08-06T04:00:00Z,57.86000061035156,58.415000915527344,57.53499984741211,58.34000015258789,8895600.0
2019-08-07T04:00:00Z,57.72999954223633,58.650001525878906,57.42499923706055,58.57500076293945,11689800.0
2019-08-08T04:00:00Z,58.95500183105469,59.71500015258789,58.900001525878906,59.70500183105469,9338400.0
2019-08-09T04:00:00Z,59.525001525878906,59.65999984741211,58.810001373291016,59.14500045776367,7952800.0
2019-08-12T04:00:00Z,58.7400016784668,58.775001525878906,58.040000915527344,58.28499984741211,6402600.0
2019-08-13T04:00:00Z,58.20000076293945,59.75,58.005001068115234,59.244998931884766,9262600.0
2019-08-14T04:00:00Z,58.22999954223633,58.32500076293945,57.36000061035156,57.38999938964844,12812400.0
2019-08-15T04:00:00Z,57.7400016784668,57.82500076293945,56.814998626708984,57.29499816894531,10104000.0
2019-08-16T04:00:00Z,57.709999084472656,58.060001373291016,57.540000915527344,57.94499969482422,7960600.0
2019-08-19T04:00:00Z,58.7400016784668,58.88999938964844,58.494998931884766,58.67499923706055,6224400.0
2019-08-20T04:00:00Z,58.665000915527344,59.060001373291016,58.560001373291016,58.689998626708984,6534200.0
2019-08-21T04:00:00Z,59.66999816894531,59.81999969482422,59.529998779296875,59.81999969482422,9338000.0
2019-08-22T04:00:00Z,59.970001220703125,60.130001068115234,59.42499923706055,59.834999084472656,5904200.0
2019-08-23T04:00:00Z,59.375,59.67499923706055,58.0,58.244998931884766,15269800.0
2019-08-26T04:00:00Z,58.685001373291016,58.82500076293945,58.26499938964844,58.81999969482422,6904800.0
2019-08-27T04:00:00Z,59.04999923706055,59.1349983215332,58.44499969482422,58.529998779296875,6696200.0
2019-08-28T04:00:00Z,58.45000076293945,59.30500030517578,58.29999923706055,59.2599983215332,7782400.0
2019-08-29T04:00:00Z,59.939998626708984,60.27000045776367,59.755001068115234,60.150001525878906,5874600.0
2019-08-30T04:00:00Z,60.279998779296875,60.404998779296875,59.65999984741211,59.790000915527344,6814800.0
2019-09-03T04:00:00Z,59.505001068115234,59.915000915527344,59.290000915527344,59.54499816894531,8645000.0
2019-09-04T04:00:00Z,59.849998474121094,60.189998626708984,59.59000015258789,60.1349983215332,8345000.0
2019-09-05T04:00:00Z,60.70000076293945,61.345001220703125,60.70000076293945,61.28499984741211,7343200.0
2019-09-06T04:00:00Z,61.36000061035156,61.59000015258789,61.22999954223633,61.435001373291016,6986800.0
2019-09-09T04:00:00Z,61.64500045776367,61.83000183105469,61.439998626708984,61.66999816894531,6518600.0
2019-09-10T04:00:00Z,61.39500045776367,61.474998474121094,60.810001373291016,61.42499923706055,7301200.0
2019-09-11T04:00:00Z,61.40999984741211,61.665000915527344,61.13999938964844,61.540000915527344,6817800.0
2019-09-12T04:00:00Z,61.834999084472656,62.19499969482422,61.685001373291016,61.834999084472656,6686400.0
2019-09-13T04:00:00Z,61.9900016784668,62.07500076293945,61.65999984741211,61.709999084472656,4029400.0
2019-09-16T04:00:00Z,61.30500030517578,61.35499954223633,60.85499954223633,60.91999816894531,6802600.0
2019-09-17T04:00:00Z,60.814998626708984,61.310001373291016,60.654998779296875,61.290000915527344,4488400.0
2019-09-18T04:00:00Z,61.189998626708984,61.34000015258789,60.665000915527344,61.2599983215332,5939200.0
2019-09-19T04:00:00Z,61.38999938964844,61.46500015258789,61.06999969482422,61.095001220703125,4519200.0
2019-09-20T04:00:00Z,61.0099983215332,61.165000915527344,60.189998626708984,60.19499969482422,7540600.0
2019-09-23T04:00:00Z,60.03499984741211,60.58000183105469,59.95500183105469,60.404998779296875,4475000.0
2019-09-24T04:00:00Z,60.71500015258789,60.88999938964844,59.619998931884766,59.7599983215332,10708800.0
2019-09-25T04:00:00Z,60.0,60.39500045776367,59.529998779296875,60.30500030517578,6508800.0
2019-09-26T04:00:00Z,60.29999923706055,60.44499969482422,59.77000045776367,60.04499816894531,6040800.0
2019-09-27T04:00:00Z,60.2400016784668,60.275001525878906,59.51499938964844,59.834999084472656,7114000.0
2019-09-30T04:00:00Z,59.959999084472656,60.43000030517578,59.935001373291016,60.349998474121094,4988400.0
2019-10-01T04:00:00Z,60.4900016784668,60.71500015258789,59.82500076293945,59.845001220703125,7271600.0
2019-10-02T04:00:00Z,59.5,59.5,58.474998474121094,58.77000045776367,11009000.0
2019-10-03T04:00:00Z,58.69499969482422,59.060001373291016,57.97999954223633,59.05500030517578,14463200.0
2019-10-04T04:00:00Z,59.19499969482422,59.650001525878906,59.125,59.61000061035156,6374000.0
2019-10-07T04:00:00Z,59.44499969482422,59.72999954223633,59.189998626708984,59.349998474121094,5521200.0
2019-10-08T04:00:00Z,58.900001525878906,59.369998931884766,58.71500015258789,58.724998474121094,5886200.0
2019-10-09T04:00:00Z,59.13999938964844,59.435001373291016,58.96500015258789,59.224998474121094,6094600.0
2019-10-10T04:00:00Z,59.279998779296875,59.82500076293945,59.2400016784668,59.619998931884766,6548600.0
2019-10-11T04:00:00Z,60.23500061035156,60.81999969482422,60.224998474121094,60.29499816894531,10630800.0
2019-10-14T04:00:00Z,60.22999954223633,60.3849983215332,60.10499954223633,60.26499938964844,3151000.0
2019-10-15T04:00:00Z,60.459999084472656,60.935001373291016,60.41999816894531,60.79499816894531,5111000.0
2019-10-16T04:00:00Z,60.810001373291016,61.10499954223633,60.78499984741211,61.04499816894531,6145600.0
2019-10-17T04:00:00Z,61.369998931884766,61.45500183105469,61.09000015258789,61.20500183105469,4612000.0
2019-10-18T04:00:00Z,61.04999923706055,61.28499984741211,60.834999084472656,61.084999084472656,4069600.0
2019-10-21T04:00:00Z,61.39500045776367,61.57500076293945,61.130001068115234,61.29999923706055,4506200.0
2019-10-22T04:00:00Z,61.23500061035156,61.25,60.8849983215332,60.90999984741211,5203600.0
2019-10-23T04:00:00Z,60.84000015258789,60.84000015258789,60.18000030517578,60.630001068115234,3773800.0
2019-10-24T04:00:00Z,60.7400016784668,60.79499816894531,60.43000030517578,60.599998474121094,4405200.0
2019-10-25T04:00:00Z,59.86000061035156,60.720001220703125,59.720001220703125,60.529998779296875,5472600.0
2019-10-28T04:00:00Z,60.685001373291016,60.875,60.595001220703125,60.720001220703125,3823400.0
2019-10-29T04:00:00Z,60.72999954223633,60.76499938964844,60.35499954223633,60.375,4341400.0
2019-10-30T04:00:00Z,60.34000015258789,60.755001068115234,60.09000015258789,60.75,5615400.0
2019-10-31T04:00:00Z,60.744998931884766,60.82500076293945,60.14500045776367,60.42499923706055,6074000.0
2019-11-01T04:00:00Z,60.73500061035156,60.845001220703125,60.599998474121094,60.82500076293945,6429600.0
2019-11-04T05:00:00Z,61.005001068115234,61.084999084472656,60.75,60.85499954223633,9531800.0
2019-11-05T05:00:00Z,60.90999984741211,61.08000183105469,60.70000076293945,60.94499969482422,4309000.0
2019-11-06T05:00:00Z,61.01499938964844,61.025001525878906,60.72999954223633,61.0099983215332,7188600.0
2019-11-07T05:00:00Z,61.14500045776367,61.21500015258789,60.57500076293945,60.64500045776367,7665400.0
2019-11-08T05:00:00Z,60.75,60.77000045776367,60.43000030517578,60.66999816894531,4146000.0
2019-11-11T05:00:00Z,60.400001525878906,60.564998626708984,60.32500076293945,60.54499816894531,3725400.0
2019-11-12T05:00:00Z,60.59000015258789,60.814998626708984,60.380001068115234,60.505001068115234,4389000.0
2019-11-13T05:00:00Z,60.349998474121094,60.459999084472656,60.15999984741211,60.314998626708984,4692600.0
2019-11-14T05:00:00Z,60.36000061035156,60.66999816894531,60.275001525878906,60.57500076293945,3960200.0
2019-11-15T05:00:00Z,60.8650016784668,60.91999816894531,60.54999923706055,60.685001373291016,4240000.0
2019-11-18T05:00:00Z,60.70000076293945,60.900001525878906,60.525001525878906,60.89500045776367,4687400.0
2019-11-19T05:00:00Z,60.68000030517578,60.71500015258789,60.07500076293945,60.224998474121094,6033800.0
2019-11-20T05:00:00Z,60.38999938964844,60.48500061035156,59.79999923706055,60.084999084472656,8562600.0
2019-11-21T05:00:00Z,60.1349983215332,60.244998931884766,59.720001220703125,59.744998931884766,4877400.0
2019-11-22T05:00:00Z,59.97999954223633,60.17499923706055,59.86000061035156,60.154998779296875,4476000.0
2019-11-25T05:00:00Z,60.43000030517578,60.69499969482422,60.3849983215332,60.685001373291016,7334000.0
2019-11-26T05:00:00Z,60.665000915527344,61.13999938964844,60.6150016784668,61.099998474121094,7252200.0
2019-11-27T05:00:00Z,61.290000915527344,61.650001525878906,61.21500015258789,61.625,8426000.0
2019-11-29T05:00:00Z,61.665000915527344,61.69499969482422,61.15999984741211,61.224998474121094,3510200.0
2019-12-02T05:00:00Z,61.27000045776367,61.33000183105469,60.595001220703125,60.720001220703125,7083400.0
2019-12-03T05:00:00Z,60.18000030517578,60.209999084472656,59.775001525878906,60.11000061035156,8946200.0
2019-12-04T05:00:00Z,60.345001220703125,60.65999984741211,60.314998626708984,60.44499969482422,5658200.0
2019-12-05T05:00:00Z,60.66999816894531,60.66999816894531,60.255001068115234,60.3849983215332,4704600.0
2019-12-06T05:00:00Z,60.83000183105469,61.02000045776367,60.82500076293945,60.869998931884766,5031000.0
2019-12-09T05:00:00Z,60.82500076293945,61.165000915527344,60.75,60.94499969482422,3577600.0
2019-12-10T05:00:00Z,60.96500015258789,61.08000183105469,60.755001068115234,60.84000015258789,4360000.0
2019-12-11T05:00:00Z,60.79499816894531,61.029998779296875,60.68000030517578,60.994998931884766,4099400.0
2019-12-12T05:00:00Z,61.10499954223633,61.68000030517578,61.029998779296875,61.529998779296875,9226200.0
2019-12-13T05:00:00Z,61.525001525878906,61.689998626708984,61.27000045776367,61.584999084472656,7124800.0
2019-12-16T05:00:00Z,61.904998779296875,62.0,61.755001068115234,61.85499954223633,7293600.0
2019-12-17T05:00:00Z,61.959999084472656,62.209999084472656,61.935001373291016,62.130001068115234,6819000.0
2019-12-18T05:00:00Z,62.29999923706055,62.35499954223633,62.07500076293945,62.189998626708984,5278200.0
2019-12-19T05:00:00Z,62.14500045776367,62.435001373291016,62.060001373291016,62.3849983215332,6493000.0
2019-12-20T05:00:00Z,62.415000915527344,62.415000915527344,62.20000076293945,62.275001525878906,6673600.0
2019-12-23T05:00:00Z,62.40999984741211,62.41999816894531,62.130001068115234,62.130001068115234,6328400.0
2019-12-24T05:00:00Z,62.21500015258789,62.345001220703125,62.130001068115234,62.27000045776367,3296200.0
2019-12-26T05:00:00Z,62.45500183105469,63.029998779296875,62.38999938964844,63.029998779296875,5035800.0
2019-12-27T05:00:00Z,63.23500061035156,63.3650016784668,62.94499969482422,63.025001525878906,5917400.0
2019-12-30T05:00:00Z,63.08000183105469,63.150001525878906,62.48500061035156,62.619998931884766,6677400.0
2019-12-31T05:00:00Z,62.51499938964844,62.7400016784668,62.42499923706055,62.709999084472656,3567400.0
2020-01-02T05:00:00Z,63.10499954223633,63.45500183105469,62.86000061035156,63.45500183105469,12591000.0
2020-01-03T05:00:00Z,62.650001525878906,63.099998474121094,62.61000061035156,62.915000915527344,11192800.0
2020-01-06T05:00:00Z,62.45500183105469,63.10499954223633,62.375,63.09000015258789,12823200.0
2020-01-07T05:00:00Z,63.04999923706055,63.1349983215332,62.724998474121094,62.9900016784668,18301600.0
2020-01-08T05:00:00Z,62.935001373291016,63.525001525878906,62.875,63.18000030517578,9451800.0
2020-01-09T05:00:00Z,63.51499938964844,63.744998931884766,63.35499954223633,63.51499938964844,7643000.0
2020-01-10T05:00:00Z,63.595001220703125,63.595001220703125,63.10499954223633,63.16999816894531,7407000.0
2020-01-13T05:00:00Z,63.29999923706055,63.470001220703125,63.119998931884766,63.369998931884766,6449200.0
2020-01-14T05:00:00Z,63.27000045776367,63.55500030517578,63.16999816894531,63.349998474121094,8681200.0
2020-01-15T05:00:00Z,63.17499923706055,63.42499923706055,63.04999923706055,63.20500183105469,6523800.0
2020-01-16T05:00:00Z,63.56999969482422,63.779998779296875,63.51499938964844,63.77000045776367,8699000.0
2020-01-17T05:00:00Z,63.939998626708984,64.08499908447266,63.8650016784668,63.994998931884766,13473200.0
2020-01-21T05:00:00Z,63.66999816894531,63.89500045776367,63.459999084472656,63.79999923706055,8003800.0
2020-01-22T05:00:00Z,64.03500366210938,64.26499938964844,63.71500015258789,63.77000045776367,7930200.0
2020-01-23T05:00:00Z,63.44499969482422,63.94499969482422,63.119998931884766,63.8650016784668,7991800.0
2020-01-24T05:00:00Z,63.9900016784668,64.0250015258789,62.70000076293945,62.974998474121094,11381800.0
2020-01-27T05:00:00Z,61.6150016784668,62.35499954223633,61.494998931884766,62.03499984741211,15754200.0
2020-01-28T05:00:00Z,62.334999084472656,62.875,62.095001220703125,62.63999938964844,11815400.0
2020-01-29T05:00:00Z,62.845001220703125,63.09000015258789,62.560001373291016,62.60499954223633,5860000.0
2020-01-30T05:00:00Z,62.1150016784668,62.564998626708984,61.9900016784668,62.5,10461000.0
2020-01-31T05:00:00Z,63.779998779296875,63.8650016784668,62.529998779296875,62.65999984741211,16844000.0
2020-02-03T05:00:00Z,63.0099983215332,63.8849983215332,63.005001068115234,63.10499954223633,16019000.0
2020-02-04T05:00:00Z,64.02999877929688,64.47000122070312,63.8849983215332,64.25499725341797,16697200.0
2020-02-05T05:00:00Z,64.68000030517578,64.76000213623047,64.12999725341797,64.58000183105469,13354000.0
2020-02-06T05:00:00Z,64.7249984741211,64.73999786376953,64.43499755859375,64.43499755859375,11039800.0
2020-02-07T05:00:00Z,64.1449966430664,64.45999908447266,63.89500045776367,64.15499877929688,7267600.0
2020-02-10T05:00:00Z,64.1050033569336,64.88500213623047,64.1050033569336,64.87999725341797,5867200.0
2020-02-11T05:00:00Z,65.1449966430664,65.66999816894531,64.98500061035156,65.38999938964844,11015800.0
2020-02-12T05:00:00Z,65.71499633789062,66.09500122070312,65.70500183105469,66.05999755859375,7810600.0
2020-02-13T05:00:00Z,65.80000305175781,66.19000244140625,65.61499786376953,65.94499969482422,7106800.0
2020-02-14T05:00:00Z,66.06999969482422,66.1500015258789,65.66500091552734,65.84500122070312,4959600.0
2020-02-18T05:00:00Z,65.75,66.05500030517578,65.4749984741211,65.83999633789062,6740200.0
2020-02-19T05:00:00Z,66.07499694824219,66.36499786376953,66.04000091552734,66.13500213623047,4636200.0
2020-02-20T05:00:00Z,66.08000183105469,66.33999633789062,65.34500122070312,66.16000366210938,10832800.0
2020-02-21T05:00:00Z,65.87000274658203,65.94000244140625,64.9800033569336,65.1500015258789,12322600.0
2020-02-24T05:00:00Z,62.939998626708984,63.52000045776367,62.599998474121094,62.90999984741211,17507200.0
2020-02-25T05:00:00Z,63.459999084472656,63.595001220703125,61.084999084472656,61.22999954223633,29219600.0
2020-02-26T05:00:00Z,61.595001220703125,62.165000915527344,60.59000015258789,60.744998931884766,24720800.0
2020-02-27T05:00:00Z,59.5,60.7400016784668,58.2599983215332,58.290000915527344,35433800.0
2020-02-28T05:00:00Z,56.400001525878906,58.0,56.26499938964844,57.915000915527344,41232200.0
2020-03-02T05:00:00Z,58.09000015258789,59.90999984741211,57.275001525878906,59.904998779296875,19022400.0
2020-03-03T05:00:00Z,60.08000183105469,60.869998931884766,57.900001525878906,58.45500183105469,29548600.0
2020-03-04T05:00:00Z,59.369998931884766,60.525001525878906,58.724998474121094,60.474998474121094,14684400.0
2020-03-05T05:00:00Z,59.029998779296875,59.415000915527344,57.77000045776367,58.220001220703125,14599600.0
2020-03-06T05:00:00Z,56.44499969482422,57.6349983215332,56.084999084472656,57.32500076293945,16655000.0
2020-03-09T04:00:00Z,53.040000915527344,55.349998474121094,51.75,53.71500015258789,16829800.0
2020-03-10T04:00:00Z,55.60499954223633,56.685001373291016,53.685001373291016,56.685001373291016,21939200.0
2020-03-11T04:00:00Z,55.1349983215332,55.40999984741211,53.06999969482422,53.584999084472656,15254600.0
2020-03-12T04:00:00Z,49.53499984741211,51.334999084472656,47.625,48.16999816894531,19961600.0
2020-03-13T04:00:00Z,50.79999923706055,51.185001373291016,47.98500061035156,51.150001525878906,16073800.0
2020-03-16T04:00:00Z,45.525001525878906,47.92499923706055,44.31999969482422,44.66999816894531,16817800.0
2020-03-17T04:00:00Z,45.66999816894531,47.3650016784668,43.125,46.38999938964844,27134000.0
2020-03-18T04:00:00Z,43.40999984741211,44.560001373291016,40.869998931884766,43.724998474121094,27657600.0
2020-03-19T04:00:00Z,43.540000915527344,46.529998779296875,42.095001220703125,45.25,14884200.0
2020-03-20T04:00:00Z,45.779998779296875,47.23500061035156,43.83000183105469,43.904998779296875,25783200.0
2020-03-23T04:00:00Z,43.43000030517578,44.654998779296875,42.33000183105469,43.76499938964844,15308400.0
2020-03-24T04:00:00Z,46.16999816894531,47.95000076293945,45.974998474121094,47.869998931884766,20747400.0
2020-03-25T04:00:00Z,48.720001220703125,50.53499984741211,47.51499938964844,48.709999084472656,19997800.0
2020-03-26T04:00:00Z,49.2400016784668,51.04999923706055,49.005001068115234,50.724998474121094,12991000.0
2020-03-27T04:00:00Z,49.18000030517578,50.31999969482422,48.44499969482422,49.025001525878906,10262200.0
2020-03-30T04:00:00Z,49.31999969482422,50.244998931884766,48.46500015258789,50.04999923706055,13320600.0
2020-03-31T04:00:00Z,49.6150016784668,50.345001220703125,48.90999984741211,49.040000915527344,10304400.0
2020-04-01T04:00:00Z,47.17499923706055,47.974998474121094,46.435001373291016,46.849998474121094,13516400.0
2020-04-02T04:00:00Z,46.57500076293945,47.7400016784668,45.9900016784668,47.025001525878906,11997600.0
2020-04-03T04:00:00Z,46.7400016784668,46.974998474121094,45.6150016784668,46.20500183105469,10359400.0
2020-04-06T04:00:00Z,47.89500045776367,50.314998626708984,47.89500045776367,50.04999923706055,10607800.0
2020-04-07T04:00:00Z,52.3650016784668,52.755001068115234,50.685001373291016,50.79499816894531,14018200.0
2020-04-08T04:00:00Z,51.415000915527344,52.60499954223633,51.04499816894531,52.39500045776367,8331000.0
2020-04-09T04:00:00Z,53.150001525878906,54.220001220703125,52.82500076293945,53.34000015258789,10645800.0
2020-04-13T04:00:00Z,53.130001068115234,53.525001525878906,52.32500076293945,53.32500076293945,6823400.0
2020-04-14T04:00:00Z,54.439998626708984,55.51499938964844,54.185001373291016,55.40999984741211,11489200.0
2020-04-15T04:00:00Z,54.03499984741211,54.56999969482422,53.540000915527344,54.19499969482422,7617600.0
2020-04-16T04:00:00Z,54.41999816894531,55.5,53.900001525878906,54.845001220703125,9218400.0
2020-04-17T04:00:00Z,56.18000030517578,56.599998474121094,55.48500061035156,56.46500015258789,8767000.0
2020-04-20T04:00:00Z,55.849998474121094,56.595001220703125,55.3849983215332,55.47999954223633,6826200.0
2020-04-21T04:00:00Z,54.55500030517578,54.915000915527344,53.619998931884766,54.040000915527344,8655800.0
2020-04-22T04:00:00Z,55.04499816894531,55.59000015258789,54.73500061035156,55.20500183105469,6771200.0
2020-04-23T04:00:00Z,55.47999954223633,56.0099983215332,54.9900016784668,55.189998626708984,8259200.0
2020-04-24T04:00:00Z,55.7599983215332,56.375,55.25,56.125,5829000.0
2020-04-27T04:00:00Z,56.70000076293945,57.54499816894531,56.64500045776367,57.17499923706055,8239400.0
2020-04-28T04:00:00Z,58.244998931884766,58.45000076293945,57.11000061035156,57.400001525878906,9458800.0
2020-04-29T04:00:00Z,58.51499938964844,59.10499954223633,58.189998626708984,58.665000915527344,9997600.0
2020-04-30T04:00:00Z,58.2400016784668,58.650001525878906,57.70000076293945,58.29999923706055,10106400.0
2020-05-01T04:00:00Z,56.5099983215332,56.970001220703125,55.685001373291016,56.119998931884766,12553200.0
2020-05-04T04:00:00Z,55.380001068115234,56.45000076293945,55.060001373291016,56.42499923706055,9213600.0
2020-05-05T04:00:00Z,57.17499923706055,57.345001220703125,56.5099983215332,56.630001068115234,9093600.0
2020-05-06T04:00:00Z,57.0,57.2400016784668,56.540000915527344,56.619998931884766,7810000.0
2020-05-07T04:00:00Z,57.32500076293945,57.79499816894531,57.29999923706055,57.5099983215332,10667200.0
2020-05-08T04:00:00Z,58.244998931884766,58.685001373291016,57.92499923706055,58.630001068115234,7872400.0
2020-05-11T04:00:00Z,58.119998931884766,58.97999954223633,58.040000915527344,58.5,8086600.0
2020-05-12T04:00:00Z,58.75,58.8849983215332,57.189998626708984,57.220001220703125,11944800.0
2020-05-13T04:00:00Z,57.1349983215332,57.459999084472656,55.67499923706055,56.23500061035156,13362200.0
2020-05-14T04:00:00Z,55.54499816894531,57.099998474121094,55.029998779296875,57.07500076293945,11436400.0
2020-05-15T04:00:00Z,56.61000061035156,57.75,56.41999816894531,57.7400016784668,12556600.0
2020-05-18T04:00:00Z,59.31999969482422,60.20000076293945,59.2599983215332,59.92499923706055,10233600.0
2020-05-19T04:00:00Z,59.79499816894531,60.70500183105469,59.564998626708984,59.709999084472656,10513600.0
2020-05-20T04:00:00Z,60.69499969482422,60.709999084472656,60.1150016784668,60.4900016784668,7708200.0
2020-05-21T04:00:00Z,60.63999938964844,61.03499984741211,59.970001220703125,60.70500183105469,9117200.0
2020-05-22T04:00:00Z,60.68000030517578,60.779998779296875,60.150001525878906,60.6150016784668,7642000.0
2020-05-26T04:00:00Z,62.220001220703125,62.375,61.48500061035156,61.57500076293945,9128400.0
2020-05-27T04:00:00Z,62.310001373291016,62.63999938964844,61.04999923706055,62.630001068115234,11531200.0
2020-05-28T04:00:00Z,62.814998626708984,63.040000915527344,61.70500183105469,61.869998931884766,7293200.0
2020-05-29T04:00:00Z,61.849998474121094,62.31999969482422,61.375,62.095001220703125,13016000.0
2020-06-01T04:00:00Z,62.16999816894531,62.90999984741211,62.119998931884766,62.685001373291016,6662600.0
2020-06-02T04:00:00Z,62.96500015258789,63.220001220703125,62.63999938964844,63.220001220703125,8453400.0
2020-06-03T04:00:00Z,63.529998779296875,64.61499786376953,63.529998779296875,64.41500091552734,11061600.0
2020-06-04T04:00:00Z,64.26499938964844,64.65499877929688,63.75,64.08999633789062,9971400.0
2020-06-05T04:00:00Z,65.61499786376953,65.99500274658203,65.29000091552734,65.625,11689200.0
2020-06-08T04:00:00Z,66.00499725341797,66.6500015258789,66.00499725341797,66.625,7005000.0
2020-06-09T04:00:00Z,66.04000091552734,66.4749984741211,65.62000274658203,66.1050033569336,8689600.0
2020-06-10T04:00:00Z,66.36499786376953,66.375,65.41500091552734,65.48500061035156,7783800.0
2020-06-11T04:00:00Z,63.3849983215332,64.33000183105469,61.904998779296875,62.05500030517578,13735200.0
2020-06-12T04:00:00Z,63.720001220703125,63.939998626708984,61.400001525878906,62.66999816894531,11989400.0
2020-06-15T04:00:00Z,61.29499816894531,63.46500015258789,60.959999084472656,63.26499938964844,9993000.0
2020-06-16T04:00:00Z,65.19000244140625,65.2699966430664,63.29499816894531,64.59500122070312,10166800.0
2020-06-17T04:00:00Z,64.86499786376953,65.08499908447266,64.26499938964844,64.42500305175781,6349800.0
2020-06-18T04:00:00Z,64.17500305175781,64.53500366210938,63.900001525878906,64.19000244140625,5533600.0
2020-06-19T04:00:00Z,64.99500274658203,65.12000274658203,63.48500061035156,63.689998626708984,13384000.0
2020-06-22T04:00:00Z,63.435001373291016,64.25,63.150001525878906,64.19499969482422,5675800.0
2020-06-23T04:00:00Z,64.88500213623047,65.1050033569336,64.50499725341797,64.69999694824219,7347200.0
2020-06-24T04:00:00Z,64.31500244140625,64.54499816894531,62.4900016784668,63.275001525878906,11962600.0
2020-06-25T04:00:00Z,63.0099983215332,63.43000030517578,62.3849983215332,63.36000061035156,9769200.0
2020-06-26T04:00:00Z,63.34000015258789,63.474998474121094,61.77000045776367,61.875,11496400.0
2020-06-29T04:00:00Z,62.150001525878906,63.099998474121094,61.46500015258789,63.04999923706055,7822600.0
2020-06-30T04:00:00Z,63.0,64.1449966430664,62.80500030517578,63.85499954223633,6729800.0
2020-07-01T04:00:00Z,63.94499969482422,64.76499938964844,63.89500045776367,64.5,11172600.0
2020-07-02T04:00:00Z,65.47000122070312,65.82499694824219,64.58999633789062,64.75499725341797,7328600.0
2020-07-06T04:00:00Z,65.72000122070312,66.31999969482422,65.55500030517578,66.29000091552734,7115800.0
2020-07-07T04:00:00Z,65.9800033569336,66.19000244140625,65.13999938964844,65.25,6893200.0
2020-07-08T04:00:00Z,65.36499786376953,65.95999908447266,65.05999755859375,65.94499969482422,5479800.0
2020-07-09T04:00:00Z,66.17500305175781,66.22000122070312,64.80999755859375,65.87000274658203,6224800.0
2020-07-10T04:00:00Z,65.91000366210938,66.70500183105469,65.4749984741211,66.65499877929688,12912400.0
2020-07-13T04:00:00Z,67.25499725341797,68.25,65.625,65.80999755859375,13282600.0
2020-07-14T04:00:00Z,65.48500061035156,66.50499725341797,64.71499633789062,66.46499633789062,11473800.0
2020-07-15T04:00:00Z,67.4000015258789,67.61499786376953,66.45999908447266,67.41500091552734,7505800.0
2020-07-16T04:00:00Z,66.87000274658203,67.42500305175781,66.63999938964844,67.23500061035156,6049400.0
2020-07-17T04:00:00Z,67.49500274658203,67.49500274658203,66.68000030517578,66.91999816894531,6189200.0
2020-07-20T04:00:00Z,66.97000122070312,68.16500091552734,66.80500030517578,67.98999786376953,5471600.0
2020-07-21T04:00:00Z,68.5199966430664,68.61499786376953,67.84500122070312,68.09500122070312,5315800.0
2020-07-22T04:00:00Z,67.9800033569336,68.72000122070312,67.91500091552734,68.68000030517578,5321000.0
2020-07-23T04:00:00Z,68.75499725341797,68.75499725341797,67.18499755859375,67.6500015258789,6867600.0
2020-07-24T04:00:00Z,67.2699966430664,68.06500244140625,66.93499755859375,67.7699966430664,6287200.0
2020-07-27T04:00:00Z,68.05999755859375,68.34500122070312,67.69999694824219,68.19000244140625,4899400.0
2020-07-28T04:00:00Z,68.05500030517578,68.33000183105469,67.41500091552734,67.51499938964844,5119600.0
2020-07-29T04:00:00Z,67.95999908447266,68.34500122070312,67.8550033569336,68.19999694824219,4495000.0
2020-07-30T04:00:00Z,67.70999908447266,68.4749984741211,67.31500244140625,68.1449966430664,7940800.0
2020-07-31T04:00:00Z,68.98500061035156,69.1050033569336,67.74500274658203,68.5,7671000.0
2020-08-03T04:00:00Z,68.72000122070312,68.73999786376953,68.2699966430664,68.3550033569336,5588800.0
2020-08-04T04:00:00Z,68.22000122070312,68.92500305175781,68.20999908447266,68.90499877929688,5340200.0
2020-08-05T04:00:00Z,69.17500305175781,69.77999877929688,69.06500244140625,69.74500274658203,6536800.0
2020-08-06T04:00:00Z,69.49500274658203,70.23500061035156,69.3949966430664,70.08499908447266,4312200.0
2020-08-07T04:00:00Z,70.08999633789062,70.4000015258789,69.68000030517578,70.19000244140625,5953000.0
2020-08-10T04:00:00Z,70.44000244140625,71.11000061035156,70.33000183105469,71.02999877929688,4560400.0
2020-08-11T04:00:00Z,71.43499755859375,71.83499908447266,70.7249984741211,70.88999938964844,7093600.0
2020-08-12T04:00:00Z,71.58999633789062,71.9800033569336,71.31500244140625,71.83000183105469,7630800.0
2020-08-13T04:00:00Z,71.76499938964844,72.2300033569336,71.6500015258789,71.80000305175781,4742800.0
2020-08-14T04:00:00Z,71.80000305175781,71.95500183105469,71.48500061035156,71.79499816894531,3374000.0
2020-08-17T04:00:00Z,72.38500213623047,72.80999755859375,72.06999969482422,72.72000122070312,3218000.0
2020-08-18T04:00:00Z,73.0,73.33000183105469,72.45500183105469,73.16999816894531,5175400.0
2020-08-19T04:00:00Z,73.45500183105469,73.4749984741211,72.72000122070312,72.82499694824219,5310400.0
2020-08-20T04:00:00Z,72.38500213623047,72.92500305175781,72.19999694824219,72.71499633789062,3326600.0
2020-08-21T04:00:00Z,72.63999938964844,73.12999725341797,72.625,73.08999633789062,3647600.0
2020-08-24T04:00:00Z,73.58999633789062,74.2300033569336,73.58499908447266,74.19999694824219,5284400.0
2020-08-25T04:00:00Z,74.375,74.44999694824219,73.83999633789062,74.44499969482422,5197800.0
2020-08-26T04:00:00Z,74.44999694824219,75.30000305175781,74.37999725341797,75.18000030517578,5583800.0
2020-08-27T04:00:00Z,75.45999908447266,75.51000213623047,74.49500274658203,74.7750015258789,6170800.0
2020-08-28T04:00:00Z,75.16000366210938,75.4000015258789,74.87000274658203,75.26499938964844,4275600.0
2020-08-31T04:00:00Z,75.25499725341797,75.4800033569336,74.94499969482422,75.04499816894531,7025000.0
2020-09-01T04:00:00Z,75.11499786376953,75.875,75.01000213623047,75.83000183105469,9904400.0
2020-09-02T04:00:00Z,76.3550033569336,77.06999969482422,75.91999816894531,76.87999725341797,8154200.0
2020-09-03T04:00:00Z,76.66000366210938,76.71499633789062,73.7249984741211,74.44000244140625,15142000.0
2020-09-04T04:00:00Z,74.68000030517578,75.1050033569336,71.80999755859375,73.58000183105469,13339800.0
2020-09-08T04:00:00Z,72.37000274658203,73.63500213623047,72.0250015258789,72.61499786376953,15212600.0
2020-09-09T04:00:00Z,73.29499816894531,74.53500366210938,72.87000274658203,73.98500061035156,7425800.0
2020-09-10T04:00:00Z,74.3550033569336,75.13999938964844,72.68499755859375,72.92500305175781,12553800.0
2020-09-11T04:00:00Z,73.41999816894531,73.75499725341797,72.34500122070312,73.03500366210938,7596400.0
2020-09-14T04:00:00Z,73.84500122070312,74.37999725341797,73.5199966430664,73.80999755859375,5556600.0
2020-09-15T04:00:00Z,74.2750015258789,74.66999816894531,74.02999877929688,74.41500091552734,5412000.0
2020-09-16T04:00:00Z,74.7249984741211,75.01499938964844,73.96499633789062,74.0,5215800.0
2020-09-17T04:00:00Z,72.91999816894531,73.43499755859375,72.3499984741211,72.95999908447266,8849200.0
2020-09-18T04:00:00Z,73.19000244140625,73.22000122070312,71.34500122070312,71.94499969482422,10847200.0
2020-09-21T04:00:00Z,70.6449966430664,70.83499908447266,69.51499938964844,70.75499725341797,8435800.0
2020-09-22T04:00:00Z,71.19000244140625,72.31500244140625,70.95500183105469,72.25,7638000.0
2020-09-23T04:00:00Z,73.0,73.13500213623047,70.91999816894531,71.06500244140625,7930600.0
2020-09-24T04:00:00Z,70.73999786376953,72.02999877929688,70.19999694824219,71.03500366210938,8997000.0
2020-09-25T04:00:00Z,71.01499938964844,72.20500183105469,70.5199966430664,71.95999908447266,5028000.0
2020-09-28T04:00:00Z,72.90499877929688,73.63500213623047,72.61000061035156,73.46499633789062,5324800.0
2020-09-29T04:00:00Z,73.43000030517578,73.4800033569336,72.84500122070312,72.8949966430664,6055400.0
2020-09-30T04:00:00Z,73.11499786376953,74.36000061035156,73.0250015258789,73.48999786376953,8948800.0
2020-10-01T04:00:00Z,74.21499633789062,74.51499938964844,73.74500274658203,74.44999694824219,7758800.0
2020-10-02T04:00:00Z,73.05999755859375,74.38500213623047,73.02999877929688,74.13500213623047,8181600.0
2020-10-05T04:00:00Z,74.52999877929688,75.19999694824219,74.46499633789062,75.11499786376953,4640800.0
2020-10-06T04:00:00Z,75.18499755859375,75.5250015258789,73.6050033569336,73.7249984741211,7954400.0
2020-10-07T04:00:00Z,74.62000274658203,75.58999633789062,74.62000274658203,75.41000366210938,5005800.0
2020-10-08T04:00:00Z,75.9000015258789,75.95500183105469,75.3499984741211,75.90499877929688,5065800.0
2020-10-09T04:00:00Z,76.30000305175781,76.875,76.20500183105469,76.69499969482422,7362600.0
2020-10-12T04:00:00Z,77.2300033569336,78.06999969482422,77.12000274658203,77.71499633789062,6394400.0
2020-10-13T04:00:00Z,77.55500030517578,78.05000305175781,77.29499816894531,77.69999694824219,6826200.0
2020-10-14T04:00:00Z,77.86499786376953,77.94499969482422,76.49500274658203,76.83999633789062,7610800.0
2020-10-15T04:00:00Z,75.8499984741211,77.2699966430664,75.625,77.125,4758000.0
2020-10-16T04:00:00Z,77.47000122070312,77.83999633789062,76.19000244140625,76.42500305175781,4211000.0
2020-10-19T04:00:00Z,76.92500305175781,77.2300033569336,75.30000305175781,75.48500061035156,5154000.0
2020-10-20T04:00:00Z,75.92500305175781,77.02999877929688,75.72000122070312,76.08999633789062,8514200.0
2020-10-21T04:00:00Z,76.00499725341797,76.53500366210938,75.44999694824219,75.67500305175781,5539800.0
2020-10-22T04:00:00Z,75.66500091552734,75.91500091552734,74.8499984741211,75.83000183105469,4135600.0
2020-10-23T04:00:00Z,76.13999938964844,76.50499725341797,75.55500030517578,76.49500274658203,3915000.0
2020-10-26T04:00:00Z,75.71499633789062,76.0250015258789,73.95999908447266,75.0250015258789,6300000.0
2020-10-27T04:00:00Z,75.2249984741211,75.44999694824219,74.77999877929688,74.98999786376953,6241000.0
2020-10-28T04:00:00Z,73.6449966430664,74.01499938964844,72.54000091552734,72.62000274658203,9172600.0
2020-10-29T04:00:00Z,72.83000183105469,73.91999816894531,72.30999755859375,73.08000183105469,6067800.0
2020-10-30T04:00:00Z,72.51499938964844,72.7750015258789,70.87000274658203,71.48500061035156,9983200.0
2020-11-02T05:00:00Z,72.41999816894531,72.67500305175781,71.20500183105469,71.99500274658203,7981800.0
2020-11-03T05:00:00Z,72.76000213623047,73.99500274658203,72.38999938964844,73.58000183105469,5675400.0
2020-11-04T05:00:00Z,74.44999694824219,76.04000091552734,74.30000305175781,75.1449966430664,8541200.0
2020-11-05T05:00:00Z,76.46499633789062,77.07499694824219,76.12999725341797,76.61000061035156,6480000.0
2020-11-06T05:00:00Z,76.38500213623047,76.51499938964844,75.7300033569336,76.37999725341797,4847000.0
2020-11-09T05:00:00Z,79.0199966430664,79.0199966430664,76.03500366210938,76.12999725341797,9782200.0
2020-11-10T05:00:00Z,76.05500030517578,76.23500061035156,75.05500030517578,75.86000061035156,17765200.0
2020-11-11T05:00:00Z,76.34500122070312,76.88500213623047,76.05500030517578,76.5250015258789,7406800.0
2020-11-12T05:00:00Z,76.5250015258789,76.53500366210938,75.06999969482422,75.5,5929800.0
2020-11-13T05:00:00Z,75.93499755859375,76.8550033569336,75.82499694824219,76.7249984741211,4463000.0
2020-11-16T05:00:00Z,77.5,77.75499725341797,76.91500091552734,77.7300033569336,7864600.0
2020-11-17T05:00:00Z,77.45500183105469,77.75499725341797,76.81500244140625,77.4000015258789,5839600.0
2020-11-18T05:00:00Z,77.36000061035156,77.9800033569336,76.8499984741211,76.87000274658203,5415000.0
2020-11-19T05:00:00Z,76.8550033569336,77.32499694824219,76.69000244140625,77.25,4214400.0
2020-11-20T05:00:00Z,77.32499694824219,77.37999725341797,76.81999969482422,76.84500122070312,4132800.0
2020-11-23T05:00:00Z,77.2699966430664,77.8949966430664,77.06500244140625,77.69000244140625,4611200.0
2020-11-24T05:00:00Z,78.42500305175781,79.1050033569336,78.19999694824219,78.84500122070312,5465600.0
2020-11-25T05:00:00Z,78.78500366210938,79.06999969482422,78.56500244140625,78.94000244140625,4624400.0
2020-11-27T05:00:00Z,79.30000305175781,79.3949966430664,78.87000274658203,79.11000061035156,2216600.0
2020-11-30T05:00:00Z,78.98999786376953,79.02999877929688,77.6050033569336,78.62999725341797,6576000.0
2020-12-01T05:00:00Z,79.24500274658203,79.58000183105469,78.74500274658203,79.21499633789062,8737400.0
2020-12-02T05:00:00Z,78.90499877929688,78.90499877929688,78.38500213623047,78.72000122070312,4308800.0
2020-12-03T05:00:00Z,78.73999786376953,79.375,78.73999786376953,78.94000244140625,6011400.0
2020-12-04T05:00:00Z,79.0999984741211,79.21499633789062,78.86000061035156,79.01499938964844,4178200.0
2020-12-07T05:00:00Z,78.83999633789062,78.875,78.43499755859375,78.83499908447266,8430600.0
2020-12-08T05:00:00Z,78.45500183105469,78.72000122070312,78.05999755859375,78.66999816894531,4956800.0
2020-12-09T05:00:00Z,79.18499755859375,79.2249984741211,78.26000213623047,78.59500122070312,12060800.0
2020-12-10T05:00:00Z,78.29000091552734,78.86000061035156,77.96499633789062,78.5250015258789,5806000.0
2020-12-11T05:00:00Z,78.23500061035156,78.51499938964844,77.61499786376953,78.1500015258789,4134200.0
2020-12-14T05:00:00Z,78.86000061035156,79.30999755859375,78.23999786376953,78.26499938964844,6815000.0
2020-12-15T05:00:00Z,78.95500183105469,79.33499908447266,78.59500122070312,79.31999969482422,4651800.0
2020-12-16T05:00:00Z,79.46499633789062,80.04000091552734,79.43499755859375,79.83999633789062,4443000.0
2020-12-17T05:00:00Z,80.25,80.4000015258789,80.0199966430664,80.38500213623047,3977400.0
2020-12-18T05:00:00Z,80.5199966430664,80.56500244140625,79.63999938964844,79.99500274658203,9892800.0
2020-12-21T05:00:00Z,78.69999694824219,79.40499877929688,78.13500213623047,78.94499969482422,7904400.0
2020-12-22T05:00:00Z,78.81500244140625,78.8499984741211,77.91500091552734,78.6050033569336,7453200.0
2020-12-23T05:00:00Z,78.62000274658203,79.0250015258789,78.28500366210938,78.7750015258789,4346000.0
2020-12-24T05:00:00Z,78.8499984741211,79.05999755859375,78.6050033569336,78.94000244140625,2097600.0
2020-12-28T05:00:00Z,79.70999908447266,80.16000366210938,79.30000305175781,79.83999633789062,5824800.0
2020-12-29T05:00:00Z,80.12000274658203,80.26499938964844,79.48999786376953,79.86499786376953,4862400.0
2020-12-30T05:00:00Z,80.1500015258789,80.46499633789062,80.06500244140625,80.34500122070312,4881400.0
2020-12-31T05:00:00Z,80.3550033569336,80.48999786376953,79.96499633789062,80.38999938964844,5859200.0
2021-01-04T05:00:00Z,80.88999938964844,80.94499969482422,78.72000122070312,79.70999908447266,18120400.0
2021-01-05T05:00:00Z,79.25,80.52999877929688,79.2249984741211,80.30500030517578,6262400.0
2021-01-06T05:00:00Z,80.3949966430664,82.00499725341797,80.07499694824219,81.125,8832000.0
2021-01-07T05:00:00Z,81.86000061035156,83.01499938964844,81.83000183105469,82.69000244140625,6725600.0
2021-01-08T05:00:00Z,83.66999816894531,84.4800033569336,83.1449966430664,84.3949966430664,9283800.0
2021-01-11T05:00:00Z,83.41000366210938,83.75,82.59500122070312,82.81999969482422,7421000.0
2021-01-12T05:00:00Z,83.25499725341797,84.4000015258789,83.15499877929688,84.08499908447266,11395200.0
2021-01-13T05:00:00Z,84.17500305175781,84.40499877929688,83.66000366210938,84.08000183105469,5654400.0
2021-01-14T05:00:00Z,84.17500305175781,84.58499908447266,83.44499969482422,83.54499816894531,6029800.0
2021-01-15T05:00:00Z,83.41000366210938,83.66999816894531,82.56999969482422,82.9000015258789,7271400.0
2021-01-19T05:00:00Z,83.6050033569336,83.73999786376953,83.04499816894531,83.37000274658203,6348600.0
2021-01-20T05:00:00Z,84.15499877929688,85.18499755859375,83.8949966430664,84.94499969482422,6868600.0
2021-01-21T05:00:00Z,85.3949966430664,85.8949966430664,85.24500274658203,85.33999633789062,6688000.0
2021-01-22T05:00:00Z,84.88999938964844,85.20500183105469,84.55500030517578,85.05000305175781,4456400.0
2021-01-25T05:00:00Z,85.2699966430664,85.9800033569336,83.66999816894531,85.36499786376953,11760600.0
2021-01-26T05:00:00Z,85.66000366210938,85.73999786376953,84.98999786376953,85.30999755859375,7458000.0
2021-01-27T05:00:00Z,84.34500122070312,84.3949966430664,82.26499938964844,82.68000030517578,11241400.0
2021-01-28T05:00:00Z,82.29000091552734,83.76000213623047,81.80500030517578,82.94000244140625,7843200.0
2021-01-29T05:00:00Z,82.45999908447266,82.6449966430664,80.54499816894531,81.00499725341797,10833000.0
2021-02-01T05:00:00Z,81.94499969482422,83.19999694824219,81.44499969482422,83.11000061035156,6502600.0
2021-02-02T05:00:00Z,83.75499725341797,85.43499755859375,83.74500274658203,84.875,5401200.0
2021-02-03T05:00:00Z,85.1500015258789,85.23500061035156,84.33999633789062,84.4000015258789,4062800.0
2021-02-04T05:00:00Z,84.79000091552734,85.30000305175781,84.52999877929688,85.30000305175781,5142400.0
2021-02-05T05:00:00Z,85.5999984741211,86.40499877929688,85.43000030517578,86.11499786376953,4464200.0
2021-02-08T05:00:00Z,86.67500305175781,86.7300033569336,86.07499694824219,86.6050033569336,4720400.0
2021-02-09T05:00:00Z,86.33000183105469,86.54000091552734,86.0199966430664,86.125,3615400.0
2021-02-10T05:00:00Z,86.40499877929688,86.40499877929688,84.625,85.2750015258789,4883200.0
2021-02-11T05:00:00Z,85.5,85.79499816894531,84.62999725341797,85.04000091552734,3911600.0
2021-02-12T05:00:00Z,84.66999816894531,85.19999694824219,84.43000030517578,85.16000366210938,3994400.0
2021-02-16T05:00:00Z,85.32499694824219,85.43499755859375,84.55500030517578,84.79000091552734,4516200.0
2021-02-17T05:00:00Z,84.2750015258789,85.36499786376953,83.8499984741211,85.27999877929688,6441200.0
2021-02-18T05:00:00Z,84.38500213623047,85.58000183105469,84.32499694824219,85.30500030517578,5160000.0
2021-02-19T05:00:00Z,85.69000244140625,85.69000244140625,84.69499969482422,84.80999755859375,5022800.0
2021-02-22T05:00:00Z,84.0,84.29499816894531,82.94499969482422,83.0199966430664,5694000.0
2021-02-23T05:00:00Z,81.55000305175781,82.8949966430664,79.52999877929688,82.4749984741211,10768600.0
2021-02-24T05:00:00Z,82.37000274658203,83.44999694824219,81.48999786376953,83.33999633789062,7973600.0
2021-02-25T05:00:00Z,82.75,83.20999908447266,79.83999633789062,80.23999786376953,14641800.0
2021-02-26T05:00:00Z,81.2699966430664,81.63999938964844,79.50499725341797,80.57499694824219,12255200.0
2021-03-01T05:00:00Z,81.57499694824219,82.61000061035156,81.41999816894531,82.46499633789062,8697600.0
2021-03-02T05:00:00Z,82.58000183105469,82.76000213623047,81.4749984741211,81.51499938964844,6622400.0
2021-03-03T05:00:00Z,81.3550033569336,81.68000030517578,79.5999984741211,79.5999984741211,11125600.0
2021-03-04T05:00:00Z,79.62999725341797,80.1500015258789,76.41999816894531,77.91500091552734,18469600.0
2021-03-05T05:00:00Z,78.50499725341797,78.63999938964844,74.82499694824219,78.41000366210938,20626800.0
2021-03-08T05:00:00Z,78.7249984741211,80.11000061035156,78.37000274658203,78.50499725341797,12536200.0
2021-03-09T05:00:00Z,80.06500244140625,82.0,79.65499877929688,81.47000122070312,18614400.0
2021-03-10T05:00:00Z,82.54000091552734,82.99500274658203,81.30500030517578,81.88500213623047,14245800.0
2021-03-11T05:00:00Z,83.0,83.45999908447266,82.51000213623047,83.13999938964844,8458400.0
2021-03-12T05:00:00Z,82.26000213623047,83.38999938964844,82.02999877929688,83.38500213623047,8343400.0
2021-03-15T04:00:00Z,83.5,84.52999877929688,83.20999908447266,84.50499725341797,8857000.0
2021-03-16T04:00:00Z,84.50499725341797,84.66500091552734,83.24500274658203,83.62999725341797,6873600.0
2021-03-17T04:00:00Z,83.00499725341797,85.0999984741211,82.91500091552734,84.80500030517578,8711400.0
2021-03-18T04:00:00Z,84.01000213623047,84.37999725341797,82.58999633789062,82.7300033569336,10151400.0
2021-03-19T04:00:00Z,82.63500213623047,83.4000015258789,81.7699966430664,83.2249984741211,12121000.0
2021-03-22T04:00:00Z,83.68000030517578,84.3550033569336,83.33000183105469,83.63999938964844,7224200.0
2021-03-23T04:00:00Z,83.6449966430664,84.00499725341797,82.63999938964844,82.8550033569336,7990200.0
2021-03-24T04:00:00Z,83.23999786376953,83.68499755859375,81.62999725341797,81.62999725341797,9352000.0
2021-03-25T04:00:00Z,80.84500122070312,82.62000274658203,80.67500305175781,82.34500122070312,11319800.0
2021-03-26T04:00:00Z,82.66999816894531,83.08999633789062,81.58499908447266,83.02999877929688,8542600.0
2021-03-29T04:00:00Z,82.81500244140625,83.23500061035156,81.97000122070312,82.57499694824219,9358200.0
2021-03-30T04:00:00Z,82.21499633789062,83.51000213623047,81.88500213623047,83.38500213623047,7321800.0
2021-03-31T04:00:00Z,83.73999786376953,84.48999786376953,83.51499938964844,84.03500366210938,7937800.0
2021-04-01T04:00:00Z,84.79499816894531,84.8499984741211,84.42500305175781,84.70999908447266,8140000.0
2021-04-05T04:00:00Z,86.05999755859375,86.95500183105469,85.9000015258789,86.63500213623047,8628400.0
2021-04-06T04:00:00Z,86.55500030517578,87.3499984741211,86.49500274658203,87.01000213623047,6301400.0
2021-04-07T04:00:00Z,86.95999908447266,87.2699966430664,86.5999984741211,86.75,5049400.0
2021-04-08T04:00:00Z,87.23500061035156,87.36000061035156,86.5999984741211,87.16000366210938,6424800.0
2021-04-09T04:00:00Z,87.08000183105469,88.01000213623047,86.98500061035156,87.98999786376953,6093800.0
2021-04-12T04:00:00Z,87.98500061035156,88.63999938964844,87.91000366210938,88.55500030517578,6285600.0
2021-04-13T04:00:00Z,88.70500183105469,89.66500091552734,88.58499908447266,89.48999786376953,5351200.0
2021-04-14T04:00:00Z,89.69000244140625,90.08000183105469,88.42500305175781,88.61000061035156,6676400.0
2021-04-15T04:00:00Z,89.2300033569336,89.30000305175781,88.74500274658203,89.24500274658203,5031200.0
2021-04-16T04:00:00Z,89.45999908447266,90.05500030517578,89.22000122070312,89.93499755859375,5276000.0
2021-04-19T04:00:00Z,89.44000244140625,89.5250015258789,88.6449966430664,88.92500305175781,7030800.0
2021-04-20T04:00:00Z,88.61000061035156,88.81500244140625,87.1500015258789,87.80500030517578,8462000.0
2021-04-21T04:00:00Z,87.4749984741211,89.06999969482422,87.30000305175781,88.9749984741211,5540000.0
2021-04-22T04:00:00Z,89.08499908447266,89.21499633789062,87.66500091552734,87.98999786376953,5960000.0
2021-04-23T04:00:00Z,88.2750015258789,89.2750015258789,87.98999786376953,88.91000366210938,3823800.0
2021-04-26T04:00:00Z,89.20999908447266,89.58499908447266,88.72000122070312,89.30000305175781,4460600.0
2021-04-27T04:00:00Z,89.34500122070312,89.55500030517578,88.99500274658203,89.19499969482422,4438600.0
2021-04-28T04:00:00Z,89.08499908447266,89.56999969482422,88.88500213623047,89.08999633789062,4761400.0
2021-04-29T04:00:00Z,89.65499877929688,89.70999908447266,88.32499694824219,89.11499786376953,6444600.0
2021-04-30T04:00:00Z,89.01000213623047,89.74500274658203,88.94000244140625,89.45999908447266,5651000.0
2021-05-03T04:00:00Z,89.94499969482422,89.98999786376953,88.91500091552734,89.03500366210938,7371400.0
2021-05-04T04:00:00Z,88.37000274658203,88.51000213623047,87.00499725341797,88.1050033569336,9207200.0
2021-05-05T04:00:00Z,88.7249984741211,88.7249984741211,87.68000030517578,87.83000183105469,6325000.0
2021-05-06T04:00:00Z,88.0199966430664,88.1500015258789,87.18000030517578,88.0199966430664,7850600.0
2021-05-07T04:00:00Z,88.36499786376953,89.05000305175781,87.90499877929688,88.80999755859375,6750200.0
2021-05-10T04:00:00Z,88.83999633789062,88.83999633789062,87.22000122070312,87.2300033569336,6976000.0
2021-05-11T04:00:00Z,85.76499938964844,86.57499694824219,84.90499877929688,86.24500274658203,14220800.0
2021-05-12T04:00:00Z,85.26000213623047,85.66500091552734,83.13999938964844,83.32499694824219,14124000.0
2021-05-13T04:00:00Z,83.90499877929688,84.7249984741211,83.01000213623047,83.91500091552734,14082400.0
2021-05-14T04:00:00Z,84.70999908447266,85.55500030517578,84.47000122070312,85.37000274658203,8211800.0
2021-05-17T04:00:00Z,85.11499786376953,85.41500091552734,84.45500183105469,85.21499633789062,10445000.0
2021-05-18T04:00:00Z,85.40499877929688,85.79000091552734,84.54000091552734,84.55000305175781,7756800.0
2021-05-19T04:00:00Z,83.16999816894531,83.88500213623047,82.74500274658203,83.83999633789062,14120400.0
2021-05-20T04:00:00Z,84.25499725341797,84.88500213623047,84.1449966430664,84.69999694824219,9068000.0
2021-05-21T04:00:00Z,85.26499938964844,85.26499938964844,84.23999786376953,84.2750015258789,7770600.0
2021-05-24T04:00:00Z,84.7300033569336,85.51000213623047,84.44000244140625,85.11000061035156,6726800.0
2021-05-25T04:00:00Z,85.49500274658203,85.7699966430664,84.84500122070312,85.37999725341797,7133800.0
2021-05-26T04:00:00Z,85.78500366210938,86.55999755859375,85.69999694824219,86.19499969482422,7473600.0
2021-05-27T04:00:00Z,86.51499938964844,86.73500061035156,86.25,86.54000091552734,7783600.0
2021-05-28T04:00:00Z,86.9000015258789,86.9000015258789,86.21499633789062,86.41999816894531,6451200.0
2021-06-01T04:00:00Z,86.93499755859375,86.99500274658203,86.0999984741211,86.25499725341797,9361200.0
2021-06-02T04:00:00Z,86.33499908447266,86.34500122070312,85.53500366210938,85.8550033569336,7063200.0
2021-06-03T04:00:00Z,85.30500030517578,85.53500366210938,84.69000244140625,84.83499908447266,8702800.0
2021-06-04T04:00:00Z,85.30500030517578,85.58999633789062,85.06500244140625,85.51499938964844,6433200.0
2021-06-07T04:00:00Z,85.44999694824219,85.56500244140625,84.86499786376953,85.51499938964844,6389800.0
2021-06-08T04:00:00Z,86.08499908447266,86.4800033569336,85.62000274658203,86.20500183105469,6124800.0
2021-06-09T04:00:00Z,86.44499969482422,86.5,85.69499969482422,85.7300033569336,7131600.0
2021-06-10T04:00:00Z,85.88500213623047,86.29000091552734,85.625,86.13500213623047,5225000.0
2021-06-11T04:00:00Z,86.27999877929688,86.61499786376953,86.13999938964844,86.6050033569336,5468400.0
2021-06-14T04:00:00Z,86.61000061035156,86.79499816894531,86.125,86.62999725341797,5770000.0
2021-06-15T04:00:00Z,86.63999938964844,86.63999938964844,85.87000274658203,86.16999816894531,5659600.0
2021-06-16T04:00:00Z,86.24500274658203,86.41500091552734,85.46499633789062,86.20999908447266,9414200.0
2021-06-17T04:00:00Z,86.0,86.84500122070312,85.80000305175781,86.53500366210938,9267000.0
2021-06-18T04:00:00Z,85.9000015258789,86.41500091552734,85.69000244140625,86.08000183105469,13991200.0
2021-06-21T04:00:00Z,86.2300033569336,86.83499908447266,85.99500274658203,86.61499786376953,9607400.0
2021-06-22T04:00:00Z,86.68000030517578,87.77999877929688,86.62000274658203,87.43000030517578,6740400.0
2021-06-23T04:00:00Z,87.5999984741211,88.27999877929688,87.55500030517578,88.1050033569336,5317800.0
2021-06-24T04:00:00Z,88.7750015258789,88.97000122070312,88.2300033569336,88.40499877929688,7959000.0
2021-06-25T04:00:00Z,89.32499694824219,89.375,88.7750015258789,88.96499633789062,9949200.0
2021-06-28T04:00:00Z,88.9749984741211,89.06500244140625,88.51499938964844,88.98500061035156,5584200.0
2021-06-29T04:00:00Z,89.04000091552734,89.38999938964844,88.94499969482422,89.20500183105469,4629200.0
2021-06-30T04:00:00Z,89.1050033569336,89.68000030517578,89.1050033569336,89.2750015258789,5798600.0
2021-07-01T04:00:00Z,89.49500274658203,89.80000305175781,89.41999816894531,89.77999877929688,6210600.0
2021-07-02T04:00:00Z,90.0,90.58499908447266,89.91500091552734,90.56999969482422,5803400.0
2021-07-06T04:00:00Z,90.70500183105469,90.94000244140625,89.8550033569336,90.67500305175781,7792000.0
2021-07-07T04:00:00Z,90.91999816894531,91.1449966430664,89.98500061035156,90.625,6694200.0
2021-07-08T04:00:00Z,89.21499633789062,90.69999694824219,88.81999969482422,90.4000015258789,11283400.0
2021-07-09T04:00:00Z,90.79000091552734,91.30500030517578,90.68499755859375,91.24500274658203,5632800.0
2021-07-12T04:00:00Z,91.3499984741211,91.8949966430664,91.27999877929688,91.87000274658203,10814600.0
2021-07-13T04:00:00Z,91.69000244140625,91.83999633789062,90.69499969482422,90.7699966430664,12392400.0
2021-07-14T04:00:00Z,91.2699966430664,91.375,90.55500030517578,90.6050033569336,7484000.0
2021-07-15T04:00:00Z,90.44499969482422,90.8550033569336,89.48500061035156,90.11499786376953,6667600.0
2021-07-16T04:00:00Z,90.38500213623047,90.48999786376953,88.93499755859375,89.00499725341797,8424200.0
2021-07-19T04:00:00Z,87.56999969482422,88.00499725341797,86.88500213623047,87.98500061035156,16088400.0
2021-07-20T04:00:00Z,88.24500274658203,89.84500122070312,87.80999755859375,89.61000061035156,9838000.0
2021-07-21T04:00:00Z,89.94000244140625,90.48500061035156,89.91500091552734,90.43499755859375,8185400.0
2021-07-22T04:00:00Z,90.36000061035156,90.93000030517578,89.90499877929688,90.82499694824219,8061600.0
2021-07-23T04:00:00Z,91.13500213623047,91.78500366210938,90.91999816894531,91.63500213623047,7008600.0
2021-07-26T04:00:00Z,91.68499755859375,92.32499694824219,91.44999694824219,92.31500244140625,6895000.0
2021-07-27T04:00:00Z,92.25499725341797,92.25499725341797,90.4000015258789,91.37999725341797,7359800.0
2021-07-28T04:00:00Z,91.2750015258789,91.5999984741211,90.6500015258789,91.08499908447266,5973800.0
2021-07-29T04:00:00Z,91.49500274658203,92.34500122070312,91.43499755859375,92.11000061035156,7307400.0
2021-07-30T04:00:00Z,90.21499633789062,91.05000305175781,90.04499816894531,90.21499633789062,9327000.0
2021-08-02T04:00:00Z,90.94999694824219,91.19000244140625,90.37999725341797,90.4749984741211,7303000.0
2021-08-03T04:00:00Z,90.84500122070312,91.16999816894531,90.04499816894531,91.1449966430664,8445800.0
2021-08-04T04:00:00Z,90.94999694824219,91.08999633789062,90.26000213623047,90.26000213623047,7913000.0
2021-08-05T04:00:00Z,90.53500366210938,91.19000244140625,90.46499633789062,91.125,5401200.0
2021-08-06T04:00:00Z,91.25,91.30500030517578,90.40499877929688,90.50499725341797,5822200.0
2021-08-09T04:00:00Z,90.5250015258789,90.5999984741211,90.16000366210938,90.37999725341797,5560600.0
2021-08-10T04:00:00Z,90.4800033569336,91.07499694824219,90.27999877929688,90.73500061035156,5201000.0
2021-08-11T04:00:00Z,90.93499755859375,91.13500213623047,90.5999984741211,91.0,5500600.0
2021-08-12T04:00:00Z,90.94000244140625,91.08499908447266,90.30999755859375,91.04000091552734,5229400.0
2021-08-13T04:00:00Z,91.0999984741211,91.1500015258789,90.59500122070312,90.77999877929688,4936400.0
2021-08-16T04:00:00Z,90.25,90.43000030517578,89.40499877929688,90.36000061035156,6657600.0
2021-08-17T04:00:00Z,89.22000122070312,89.22000122070312,87.4749984741211,88.21499633789062,11065200.0
2021-08-18T04:00:00Z,88.19000244140625,89.44000244140625,88.08499908447266,88.52999877929688,9998200.0
2021-08-19T04:00:00Z,87.7699966430664,88.5999984741211,87.43499755859375,87.96499633789062,11334600.0
2021-08-20T04:00:00Z,88.1050033569336,88.91000366210938,88.0250015258789,88.80999755859375,6618400.0
2021-08-23T04:00:00Z,89.28500366210938,90.16000366210938,89.19499969482422,89.95500183105469,6890200.0
2021-08-24T04:00:00Z,90.33499908447266,90.8499984741211,90.17500305175781,90.58999633789062,5791600.0
2021-08-25T04:00:00Z,90.58999633789062,91.05500030517578,90.41999816894531,90.94000244140625,7266600.0
2021-08-26T04:00:00Z,90.62999725341797,90.67500305175781,89.91500091552734,90.0999984741211,7394200.0
2021-08-27T04:00:00Z,90.30000305175781,91.08000183105469,90.1500015258789,90.91999816894531,7964800.0
2021-08-30T04:00:00Z,91.18000030517578,91.91500091552734,91.125,91.6050033569336,7366600.0
2021-08-31T04:00:00Z,91.69000244140625,91.87000274658203,91.30999755859375,91.82499694824219,9555800.0
2021-09-01T04:00:00Z,92.13999938964844,92.30999755859375,91.75499725341797,91.81999969482422,8198400.0
2021-09-02T04:00:00Z,92.06500244140625,92.3499984741211,91.67500305175781,91.81500244140625,6715000.0
2021-09-03T04:00:00Z,91.57499694824219,91.78500366210938,91.18000030517578,91.76000213623047,6889600.0
2021-09-07T04:00:00Z,91.80000305175781,92.25,91.76000213623047,92.02999877929688,8750600.0
2021-09-08T04:00:00Z,92.00499725341797,92.3550033569336,91.37999725341797,92.13500213623047,7385600.0
2021-09-09T04:00:00Z,92.20500183105469,92.77999877929688,91.9800033569336,92.01499938964844,8714800.0
2021-09-10T04:00:00Z,92.50499725341797,92.58999633789062,91.41000366210938,91.44999694824219,9627200.0
2021-09-13T04:00:00Z,91.86000061035156,91.93499755859375,90.7750015258789,91.67500305175781,11534600.0
2021-09-14T04:00:00Z,91.8499984741211,91.97000122070312,90.98999786376953,91.37000274658203,8461800.0
2021-09-15T04:00:00Z,91.16000366210938,92.11000061035156,90.48999786376953,91.95999908447266,10294600.0
2021-09-16T04:00:00Z,91.7699966430664,92.61000061035156,91.5999984741211,92.37999725341797,12171400.0
2021-09-17T04:00:00Z,92.2699966430664,92.80000305175781,91.84500122070312,92.05500030517578,14925000.0
2021-09-20T04:00:00Z,90.17500305175781,90.63999938964844,88.69000244140625,89.81999969482422,16192000.0
2021-09-21T04:00:00Z,90.36000061035156,90.68499755859375,89.66999816894531,89.95500183105469,12503600.0
2021-09-22T04:00:00Z,90.51499938964844,91.5999984741211,90.30999755859375,91.18000030517578,12367400.0
2021-09-23T04:00:00Z,91.56999969482422,92.5,91.56999969482422,92.1050033569336,8275000.0
2021-09-24T04:00:00Z,91.51499938964844,92.52999877929688,91.40499877929688,92.44999694824219,8033000.0
2021-09-27T04:00:00Z,92.08000183105469,93.19499969482422,92.04499816894531,92.94499969482422,9488000.0
2021-09-28T04:00:00Z,92.3949966430664,92.53500366210938,90.66500091552734,91.15499877929688,14941800.0
2021-09-29T04:00:00Z,91.46499633789062,92.16000366210938,91.0250015258789,91.24500274658203,12192200.0
2021-09-30T04:00:00Z,91.26000213623047,91.33000183105469,89.7249984741211,89.7249984741211,16489600.0
2021-10-01T04:00:00Z,90.18000030517578,90.82499694824219,89.25,90.4000015258789,15519600.0
2021-10-04T04:00:00Z,90.67500305175781,90.94000244140625,89.37999725341797,89.68499755859375,18494000.0
2021-10-05T04:00:00Z,89.99500274658203,90.875,89.78500366210938,90.04499816894531,10968600.0
2021-10-06T04:00:00Z,89.48500061035156,90.43499755859375,89.12000274658203,90.33000183105469,10272600.0
2021-10-07T04:00:00Z,91.11000061035156,92.08000183105469,91.01499938964844,91.73500061035156,7537800.0
2021-10-08T04:00:00Z,91.7699966430664,91.8550033569336,91.2300033569336,91.31500244140625,7399600.0
2021-10-11T04:00:00Z,91.27999877929688,92.0,90.94000244140625,90.94499969482422,6637000.0
2021-10-12T04:00:00Z,91.5,92.03500366210938,91.25,91.66500091552734,10281800.0
2021-10-13T04:00:00Z,91.94499969482422,92.36499786376953,91.38999938964844,92.11499786376953,10832000.0
2021-10-14T04:00:00Z,92.6500015258789,93.2300033569336,92.55000305175781,93.08000183105469,7514600.0
2021-10-15T04:00:00Z,93.66000366210938,94.54499816894531,93.5199966430664,94.50499725341797,8717400.0
2021-10-18T04:00:00Z,94.30500030517578,95.7249984741211,94.28500366210938,95.66000366210938,7867000.0
2021-10-19T04:00:00Z,95.88500213623047,95.88500213623047,95.29000091552734,95.38999938964844,5808800.0
2021-10-20T04:00:00Z,95.38999938964844,95.74500274658203,95.15499877929688,95.31999969482422,9606800.0
2021-10-21T04:00:00Z,95.16000366210938,96.7750015258789,95.15499877929688,96.72000122070312,7130200.0
2021-10-22T04:00:00Z,96.66000366210938,96.90499877929688,95.94999694824219,96.375,7376600.0
2021-10-25T04:00:00Z,97.21499633789062,99.18499755859375,96.82499694824219,98.76499938964844,11076800.0
2021-10-26T04:00:00Z,99.19499969482422,100.80500030517578,98.38999938964844,98.77999877929688,15031400.0
2021-10-27T04:00:00Z,99.23500061035156,99.93499755859375,98.97000122070312,99.0,9831000.0
2021-10-28T04:00:00Z,99.83000183105469,100.61000061035156,99.55000305175781,100.31500244140625,9001000.0
2021-10-29T04:00:00Z,99.16999816894531,100.62999725341797,98.8949966430664,100.57499694824219,8508400.0
2021-11-01T04:00:00Z,101.31500244140625,102.44000244140625,100.70999908447266,102.41999816894531,11234200.0
2021-11-02T04:00:00Z,101.54000091552734,102.3499984741211,101.21499633789062,101.7300033569336,13558800.0
2021-11-03T04:00:00Z,101.70500183105469,103.625,101.61000061035156,103.55999755859375,12816400.0
2021-11-04T04:00:00Z,104.05999755859375,105.36000061035156,103.93000030517578,104.95500183105469,11600000.0
2021-11-05T04:00:00Z,105.62000274658203,106.3499984741211,105.52999877929688,105.62999725341797,9631200.0
2021-11-08T05:00:00Z,104.50499725341797,105.41000366210938,104.09500122070312,104.13500213623047,11715400.0
2021-11-09T05:00:00Z,104.51000213623047,104.63999938964844,101.91500091552734,102.20999908447266,33102200.0
2021-11-10T05:00:00Z,101.54499816894531,103.26499938964844,100.53500366210938,101.83000183105469,22689600.0
2021-11-11T05:00:00Z,102.91500091552734,102.92500305175781,101.51000213623047,101.55500030517578,12413400.0
2021-11-12T05:00:00Z,101.58499908447266,102.0250015258789,100.93000030517578,101.8949966430664,10335000.0
2021-11-15T05:00:00Z,101.97000122070312,102.16500091552734,101.2249984741211,101.80999755859375,10612000.0
2021-11-16T05:00:00Z,101.94000244140625,103.6500015258789,101.91999816894531,103.41500091552734,11301200.0
2021-11-17T05:00:00Z,103.8550033569336,104.70500183105469,103.65499877929688,104.07499694824219,16547400.0
2021-11-18T05:00:00Z,104.61499786376953,105.43000030517578,104.06500244140625,105.25499725341797,14804000.0
2021-11-19T05:00:00Z,105.25499725341797,105.99500274658203,105.04000091552734,105.70999908447266,14988800.0
2021-11-22T05:00:00Z,106.38999938964844,107.52999877929688,105.01000213623047,105.44499969482422,18430800.0
2021-11-23T05:00:00Z,105.54000091552734,106.12000274658203,103.24500274658203,104.68000030517578,22962800.0
2021-11-24T05:00:00Z,103.57499694824219,105.21499633789062,103.0250015258789,104.8949966430664,16341200.0
2021-11-26T05:00:00Z,103.16000366210938,103.51499938964844,101.86499786376953,102.03500366210938,15329200.0
2021-11-29T05:00:00Z,103.375,104.44499969482422,103.11499786376953,103.62000274658203,16767600.0
2021-11-30T05:00:00Z,103.38500213623047,104.04000091552734,101.67500305175781,102.22000122070312,26435400.0
2021-12-01T05:00:00Z,103.375,104.375,100.30500030517578,100.375,25941000.0
2021-12-02T05:00:00Z,100.91500091552734,102.28500366210938,100.28500366210938,101.80500030517578,33287800.0
2021-12-03T05:00:00Z,102.18499755859375,102.48500061035156,98.80000305175781,99.82499694824219,28543200.0
2021-12-06T05:00:00Z,100.2249984741211,101.875,98.83000183105469,100.96499633789062,23326000.0
2021-12-07T05:00:00Z,102.6449966430664,103.6500015258789,102.3949966430664,103.31999969482422,13875600.0
2021-12-08T05:00:00Z,103.3949966430664,103.75499725341797,102.7699966430664,103.58000183105469,11988000.0
2021-12-09T05:00:00Z,103.16000366210938,103.31999969482422,101.75,101.78500366210938,11757200.0
2021-12-10T05:00:00Z,102.2750015258789,102.52999877929688,101.05000305175781,102.49500274658203,14372800.0
2021-12-13T05:00:00Z,101.9000015258789,102.06999969482422,99.58999633789062,99.8550033569336,14995600.0
2021-12-14T05:00:00Z,98.75,99.55999755859375,98.17500305175781,99.2750015258789,15371800.0
2021-12-15T05:00:00Z,98.92500305175781,100.58499908447266,97.5999984741211,100.53500366210938,19042200.0
2021-12-16T05:00:00Z,101.0250015258789,101.20500183105469,98.18499755859375,98.31500244140625,18368600.0
2021-12-17T05:00:00Z,97.49500274658203,98.81999969482422,96.82499694824219,97.6449966430664,23480400.0
2021-12-20T05:00:00Z,95.94000244140625,96.13999938964844,94.94999694824219,95.92500305175781,22326800.0
2021-12-21T05:00:00Z,96.94999694824219,98.43499755859375,96.19999694824219,98.41000366210938,13530600.0
2021-12-22T05:00:00Z,98.7300033569336,100.30999755859375,98.55500030517578,100.20500183105469,11491000.0
2021-12-23T05:00:00Z,100.33000183105469,101.86499786376953,100.18000030517578,101.59500122070312,10588600.0
2021-12-27T05:00:00Z,101.78500366210938,102.8949966430664,101.73999786376953,102.58499908447266,8428000.0
2021-12-28T05:00:00Z,102.81500244140625,103.17500305175781,102.45500183105469,102.62999725341797,8306200.0
2021-12-29T05:00:00Z,102.87999725341797,103.08999633789062,102.18499755859375,102.83499908447266,7584600.0
2021-12-30T05:00:00Z,102.48500061035156,103.36499786376953,102.375,102.46499633789062,7140200.0
2021-12-31T05:00:00Z,102.54499816894531,102.90499877929688,102.1500015258789,102.22000122070312,6885600.0
2022-01-03T05:00:00Z,104.1449966430664,105.16500091552734,103.55000305175781,105.15499877929688,14465400.0
2022-01-04T05:00:00Z,105.33000183105469,105.90499877929688,103.94499969482422,104.51499938964844,13169200.0
2022-01-05T05:00:00Z,104.375,104.69499969482422,101.6449966430664,101.69499969482422,17275600.0
2022-01-06T05:00:00Z,101.55500030517578,102.1449966430664,99.83000183105469,101.43000030517578,17245000.0
2022-01-07T05:00:00Z,101.58000183105469,101.83999633789062,99.41500091552734,99.73999786376953,15005200.0
2022-01-10T05:00:00Z,98.43000030517578,99.18000030517578,96.29000091552734,99.12999725341797,21271400.0
2022-01-11T05:00:00Z,98.98500061035156,100.28500366210938,98.2249984741211,100.08499908447266,16887400.0
2022-01-12T05:00:00Z,100.79000091552734,101.26000213623047,99.88500213623047,100.74500274658203,13156800.0
2022-01-13T05:00:00Z,101.07499694824219,101.56500244140625,98.4800033569336,98.72000122070312,16493800.0
2022-01-14T05:00:00Z,97.93499755859375,98.71499633789062,96.84500122070312,98.26000213623047,20715200.0
2022-01-18T05:00:00Z,96.87000274658203,97.33499908447266,96.04499816894531,96.4000015258789,18186600.0
2022-01-19T05:00:00Z,96.81999969482422,97.13500213623047,94.58499908447266,94.66000366210938,17404400.0
2022-01-20T05:00:00Z,95.23999786376953,96.43000030517578,92.7699966430664,92.93499755859375,18093800.0
2022-01-21T05:00:00Z,92.625,93.01499938964844,90.16999816894531,90.20999908447266,37394400.0
2022-01-24T05:00:00Z,88.33999633789062,91.38500213623047,86.0250015258789,91.29499816894531,53233800.0
2022-01-25T05:00:00Z,89.73999786376953,91.12999725341797,88.48999786376953,89.75,35890200.0
2022-01-26T05:00:00Z,91.6449966430664,92.46499633789062,88.16999816894531,89.31500244140625,43384000.0
2022-01-27T05:00:00Z,90.1449966430664,90.29499816894531,86.95999908447266,87.1500015258789,33723000.0
2022-01-28T05:00:00Z,87.45500183105469,89.05000305175781,85.73999786376953,89.05000305175781,31685800.0
2022-01-31T05:00:00Z,89.5,92.54499816894531,89.1500015258789,92.4749984741211,22194800.0
2022-02-01T05:00:00Z,92.65499877929688,93.20500183105469,91.17500305175781,93.03500366210938,22366000.0
2022-02-02T05:00:00Z,93.6449966430664,93.76499938964844,91.5999984741211,92.4800033569336,19294200.0
2022-02-03T05:00:00Z,90.32499694824219,91.75499725341797,89.45999908447266,89.6500015258789,19166600.0
2022-02-04T05:00:00Z,91.63500213623047,93.30000305175781,90.33499908447266,92.19999694824219,20021600.0
2022-02-07T05:00:00Z,92.5199966430664,93.54499816894531,91.66999816894531,92.01000213623047,18764600.0
2022-02-08T05:00:00Z,91.73999786376953,93.50499725341797,91.26499938964844,93.30500030517578,18318200.0
2022-02-09T05:00:00Z,94.4749984741211,95.08499908447266,94.1500015258789,94.54000091552734,16918800.0
2022-02-10T05:00:00Z,92.87000274658203,94.73500061035156,92.31500244140625,92.91000366210938,25946400.0
2022-02-11T05:00:00Z,93.00499725341797,93.3499984741211,89.83499908447266,90.23999786376953,25319200.0
2022-02-14T05:00:00Z,90.125,91.94000244140625,89.8949966430664,90.75499725341797,30854800.0
2022-02-15T05:00:00Z,92.19000244140625,92.87000274658203,92.0,92.78500366210938,20722400.0
2022-02-16T05:00:00Z,92.2249984741211,93.30999755859375,91.80999755859375,93.05000305175781,17397600.0
2022-02-17T05:00:00Z,92.45500183105469,92.8949966430664,90.43000030517578,90.55999755859375,18136400.0
2022-02-18T05:00:00Z,90.80000305175781,91.08999633789062,89.1050033569336,90.0,18990400.0
2022-02-22T05:00:00Z,88.73999786376953,89.61000061035156,86.32499694824219,87.375,27345600.0
2022-02-23T05:00:00Z,88.05999755859375,88.29000091552734,84.30000305175781,84.45500183105469,27134400.0
2022-02-24T05:00:00Z,80.98500061035156,86.5199966430664,80.74500274658203,86.38500213623047,41736000.0
2022-02-25T05:00:00Z,86.6449966430664,88.11000061035156,85.4800033569336,88.09500122070312,27338000.0
2022-02-28T05:00:00Z,87.2300033569336,89.0999984741211,87.07499694824219,88.71499633789062,32321800.0
2022-03-01T05:00:00Z,88.58499908447266,88.8550033569336,86.76499938964844,87.37000274658203,26997600.0
2022-03-02T05:00:00Z,87.68499755859375,89.59500122070312,87.47000122070312,89.20500183105469,20262800.0
2022-03-03T05:00:00Z,89.66000366210938,89.81500244140625,86.76499938964844,87.18499755859375,22404000.0
2022-03-04T05:00:00Z,86.69000244140625,86.9000015258789,84.91000366210938,85.80000305175781,21659200.0
2022-03-07T05:00:00Z,86.01000213623047,86.20500183105469,81.55999755859375,81.59500122070312,32146200.0
2022-03-08T05:00:00Z,81.5,84.36000061035156,80.8550033569336,81.76499938964844,50888400.0
2022-03-09T05:00:00Z,83.94000244140625,84.875,83.55999755859375,84.3949966430664,31938200.0
2022-03-10T05:00:00Z,84.375,85.2699966430664,83.66000366210938,84.99500274658203,25854800.0
2022-03-11T05:00:00Z,85.66999816894531,85.91000366210938,83.29499816894531,83.36000061035156,24156400.0
2022-03-14T04:00:00Z,83.26499938964844,83.93499755859375,81.45999908447266,81.97000122070312,30349200.0
2022-03-15T04:00:00Z,82.56999969482422,84.95500183105469,82.36499786376953,84.71499633789062,27120400.0
2022-03-16T04:00:00Z,85.69499969482422,87.6050033569336,84.875,87.6050033569336,33778800.0
2022-03-17T04:00:00Z,86.83499908447266,89.08999633789062,86.5999984741211,89.06500244140625,26085600.0
2022-03-18T04:00:00Z,88.81500244140625,91.05000305175781,88.38999938964844,90.94000244140625,30129200.0
2022-03-21T04:00:00Z,90.8949966430664,91.44499969482422,89.20999908447266,90.04000091552734,25648000.0
2022-03-22T04:00:00Z,90.62999725341797,92.57499694824219,90.56999969482422,92.2750015258789,16421600.0
2022-03-23T04:00:00Z,91.51499938964844,92.67500305175781,90.93499755859375,91.12999725341797,15758000.0
2022-03-24T04:00:00Z,91.54499816894531,91.94499969482422,90.5199966430664,91.83999633789062,15134000.0
2022-03-25T04:00:00Z,91.95999908447266,92.1500015258789,90.83999633789062,91.68000030517578,16407800.0
2022-03-28T04:00:00Z,92.6449966430664,94.1500015258789,92.5199966430664,94.125,23065600.0
2022-03-29T04:00:00Z,95.37000274658203,96.09500122070312,94.5250015258789,95.76499938964844,19373400.0
2022-03-30T04:00:00Z,95.0,95.5,93.83999633789062,94.30999755859375,16296000.0
2022-03-31T04:00:00Z,94.29000091552734,94.29000091552734,92.41500091552734,92.5,16778000.0
2022-04-01T04:00:00Z,93.00499725341797,93.23500061035156,92.1050033569336,92.61499786376953,9978800.0
2022-04-04T04:00:00Z,92.65499877929688,94.7249984741211,92.03500366210938,94.69499969482422,15424200.0
2022-04-05T04:00:00Z,94.21499633789062,94.69999694824219,92.20500183105469,92.4749984741211,16219800.0
2022-04-06T04:00:00Z,91.22000122070312,91.22000122070312,89.27999877929688,90.11499786376953,27844800.0
2022-04-07T04:00:00Z,89.91999816894531,91.06500244140625,88.70500183105469,90.57499694824219,22538400.0
2022-04-08T04:00:00Z,90.0199966430664,90.81999969482422,89.44499969482422,89.73999786376953,18595000.0
2022-04-11T04:00:00Z,88.38999938964844,89.7699966430664,87.9800033569336,88.07499694824219,18593800.0
2022-04-12T04:00:00Z,89.30500030517578,90.23500061035156,87.91999816894531,88.2699966430664,23297400.0
2022-04-13T04:00:00Z,88.08999633789062,90.62000274658203,88.0,90.46499633789062,16820200.0
2022-04-14T04:00:00Z,90.29499816894531,90.79499816894531,89.13500213623047,89.19999694824219,17839400.0
2022-04-18T04:00:00Z,88.90499877929688,89.98500061035156,88.55500030517578,89.47000122070312,15385600.0
2022-04-19T04:00:00Z,89.5199966430664,92.19499969482422,89.44499969482422,92.06500244140625,17470000.0
2022-04-20T04:00:00Z,92.24500274658203,92.48999786376953,90.73500061035156,90.87999725341797,13876600.0
2022-04-21T04:00:00Z,93.36499786376953,93.94000244140625,89.71499633789062,90.0,23446600.0
2022-04-22T04:00:00Z,89.80500030517578,90.13999938964844,87.81999969482422,87.91000366210938,22307400.0
2022-04-25T04:00:00Z,87.13999938964844,88.62000274658203,86.62000274658203,88.54499816894531,25809600.0
2022-04-26T04:00:00Z,87.88999938964844,88.0250015258789,84.02999877929688,84.06500244140625,29196600.0
2022-04-27T04:00:00Z,84.5999984741211,85.86499786376953,83.55000305175781,84.07499694824219,25103000.0
2022-04-28T04:00:00Z,85.2249984741211,86.66500091552734,83.0999984741211,85.80000305175781,13985600.0
2022-04-29T04:00:00Z,83.93000030517578,84.68000030517578,81.27999877929688,81.44000244140625,18836600.0
2022-05-02T04:00:00Z,81.19000244140625,82.69000244140625,80.06999969482422,82.62999725341797,33548200.0
2022-05-03T04:00:00Z,82.58999633789062,82.95500183105469,81.71499633789062,82.42500305175781,24068800.0
2022-05-04T04:00:00Z,82.29499816894531,84.93000030517578,80.94000244140625,84.84500122070312,18696600.0
2022-05-05T04:00:00Z,83.70999908447266,83.76499938964844,79.13999938964844,80.08999633789062,22776800.0
2022-05-06T04:00:00Z,79.6449966430664,80.43000030517578,77.68499755859375,79.07499694824219,25545400.0
2022-05-09T04:00:00Z,77.3499984741211,78.43000030517578,75.28500366210938,75.70500183105469,22095400.0
2022-05-10T04:00:00Z,77.30000305175781,77.75499725341797,74.41999816894531,75.4800033569336,25447000.0
2022-05-11T04:00:00Z,75.30999755859375,76.07499694824219,72.56999969482422,72.7750015258789,25713600.0
2022-05-12T04:00:00Z,71.50499725341797,74.99500274658203,71.01499938964844,73.2750015258789,23601200.0
2022-05-13T04:00:00Z,74.93499755859375,76.51499938964844,74.36000061035156,76.16000366210938,12573400.0
2022-05-16T04:00:00Z,75.8550033569336,75.91000366210938,74.33000183105469,74.51499938964844,11730200.0
2022-05-17T04:00:00Z,76.0,76.43000030517578,74.4749984741211,76.3949966430664,11210000.0
2022-05-18T04:00:00Z,74.31500244140625,74.31500244140625,70.8550033569336,71.4000015258789,14761600.0
2022-05-19T04:00:00Z,70.95500183105469,72.63500213623047,70.5250015258789,71.44999694824219,15413800.0
2022-05-20T04:00:00Z,72.03500366210938,72.13500213623047,68.16500091552734,70.20500183105469,15624600.0
2022-05-23T04:00:00Z,70.48500061035156,70.91500091552734,68.91500091552734,70.7300033569336,13607000.0
2022-05-24T04:00:00Z,69.56999969482422,69.75499725341797,68.0,68.91000366210938,14872000.0
2022-05-25T04:00:00Z,68.46499633789062,71.45999908447266,68.43000030517578,70.8550033569336,12955000.0
2022-05-26T04:00:00Z,71.8499984741211,74.8499984741211,71.80000305175781,74.33000183105469,16046000.0
2022-05-27T04:00:00Z,75.16000366210938,76.9000015258789,75.16000366210938,76.87999725341797,15248800.0
2022-05-31T04:00:00Z,76.95999908447266,78.04499816894531,75.78500366210938,77.2699966430664,14145400.0
2022-06-01T04:00:00Z,77.68499755859375,78.22000122070312,75.9749984741211,76.46499633789062,12232800.0
2022-06-02T04:00:00Z,76.54000091552734,78.8499984741211,76.2249984741211,78.80500030517578,11625600.0
2022-06-03T04:00:00Z,77.19499969482422,77.75,76.23999786376953,76.5,10714200.0
2022-06-06T04:00:00Z,77.86000061035156,78.25499725341797,76.79499816894531,77.26499938964844,10234800.0
2022-06-07T04:00:00Z,75.69000244140625,77.30000305175781,75.25499725341797,77.07499694824219,9637200.0
2022-06-08T04:00:00Z,76.68000030517578,77.74500274658203,76.41999816894531,76.62000274658203,8810200.0
2022-06-09T04:00:00Z,76.66500091552734,77.48999786376953,75.2300033569336,75.23500061035156,7728400.0
2022-06-10T04:00:00Z,73.68000030517578,74.1449966430664,72.01000213623047,72.23500061035156,13439000.0
2022-06-13T04:00:00Z,69.7249984741211,70.4749984741211,68.37999725341797,68.9000015258789,20171800.0
2022-06-14T04:00:00Z,69.25,69.76000213623047,68.23500061035156,68.84500122070312,13355400.0
2022-06-15T04:00:00Z,69.33000183105469,71.57499694824219,69.20999908447266,70.77999877929688,18120800.0
2022-06-16T04:00:00Z,68.77999877929688,68.86000061035156,66.5199966430664,67.31500244140625,24019400.0
2022-06-17T04:00:00Z,67.32499694824219,68.63999938964844,67.08499908447266,68.05000305175781,22390000.0
2022-06-21T04:00:00Z,69.23500061035156,70.61499786376953,69.11000061035156,69.83499908447266,12856600.0
2022-06-22T04:00:00Z,68.84500122070312,71.11499786376953,68.84500122070312,69.69999694824219,12021800.0
2022-06-23T04:00:00Z,70.19499969482422,70.98500061035156,69.23500061035156,70.79499816894531,11777400.0
2022-06-24T04:00:00Z,71.30000305175781,73.5199966430664,70.96499633789062,73.49500274658203,13404600.0
2022-06-27T04:00:00Z,73.8550033569336,74.23500061035156,72.48999786376953,72.7249984741211,14574200.0
2022-06-28T04:00:00Z,72.8949966430664,73.76000213623047,69.79499816894531,69.81999969482422,11367800.0
2022-06-29T04:00:00Z,69.78500366210938,70.24500274658203,69.01499938964844,69.76499938964844,11919200.0
2022-06-30T04:00:00Z,68.8550033569336,69.6050033569336,67.37999725341797,68.73999786376953,12569200.0
2022-07-01T04:00:00Z,68.8499984741211,70.09500122070312,68.58499908447266,70.00499725341797,11335400.0
2022-07-05T04:00:00Z,69.0,71.61499786376953,68.51499938964844,71.56999969482422,11515800.0
2022-07-06T04:00:00Z,71.44499969482422,72.07499694824219,70.5250015258789,71.33499908447266,15889800.0
2022-07-07T04:00:00Z,71.5199966430664,73.31500244140625,71.51000213623047,73.17500305175781,8559000.0
2022-07-08T04:00:00Z,72.56999969482422,73.7249984741211,72.23500061035156,73.18499755859375,6196600.0
2022-07-11T04:00:00Z,72.72000122070312,72.91999816894531,71.00499725341797,71.18000030517578,7615200.0
2022-07-12T04:00:00Z,71.18000030517578,72.29499816894531,70.29499816894531,70.75,14874400.0
2022-07-13T04:00:00Z,69.3499984741211,71.95999908447266,69.06999969482422,71.33000183105469,14236200.0
2022-07-14T04:00:00Z,70.54499816894531,71.38999938964844,69.68499755859375,71.2699966430664,10515200.0
2022-07-15T04:00:00Z,72.16500091552734,72.75,71.72000122070312,72.41999816894531,7519600.0
2022-07-18T04:00:00Z,73.41000366210938,74.28500366210938,72.3499984741211,72.62999725341797,8042600.0
2022-07-19T04:00:00Z,73.69499969482422,74.97000122070312,73.06999969482422,74.8550033569336,8840000.0
2022-07-20T04:00:00Z,75.0,76.2300033569336,74.80999755859375,76.08499908447266,9340400.0
2022-07-21T04:00:00Z,76.36000061035156,77.875,75.92500305175781,77.82499694824219,10763200.0
2022-07-22T04:00:00Z,78.31999969482422,78.9000015258789,76.9000015258789,77.375,7794600.0
2022-07-25T04:00:00Z,77.44000244140625,77.4800033569336,76.23999786376953,76.70999908447266,9123400.0
2022-07-26T04:00:00Z,74.95999908447266,75.30000305175781,74.1050033569336,74.23999786376953,8196400.0
2022-07-27T04:00:00Z,75.36499786376953,77.44999694824219,75.00499725341797,77.05000305175781,10402600.0
2022-07-28T04:00:00Z,77.5,78.50499725341797,76.28500366210938,78.375,11074600.0
2022-07-29T04:00:00Z,80.16500091552734,81.73999786376953,79.625,81.41500091552734,13605400.0
2022-08-01T04:00:00Z,81.43000030517578,82.99500274658203,81.02999877929688,81.81999969482422,17921800.0
2022-08-02T04:00:00Z,81.30999755859375,82.69000244140625,80.98999786376953,81.26000213623047,13815400.0
2022-08-03T04:00:00Z,82.1500015258789,83.62000274658203,81.83499908447266,83.23999786376953,12027600.0
2022-08-04T04:00:00Z,83.44499969482422,83.93000030517578,82.96499633789062,83.58000183105469,9827600.0
2022-08-05T04:00:00Z,82.6449966430664,83.37000274658203,81.7300033569336,82.15499877929688,8788200.0
2022-08-08T04:00:00Z,83.01000213623047,84.29000091552734,82.20999908447266,82.5250015258789,7294000.0
2022-08-09T04:00:00Z,82.0250015258789,82.29000091552734,80.7300033569336,81.20999908447266,6639400.0
2022-08-10T04:00:00Z,83.58000183105469,83.8499984741211,82.56999969482422,83.5,7246800.0
2022-08-11T04:00:00Z,84.23500061035156,84.625,82.81500244140625,83.07499694824219,7822000.0
2022-08-12T04:00:00Z,83.67500305175781,84.9800033569336,82.95500183105469,84.95500183105469,5897800.0
2022-08-15T04:00:00Z,84.73999786376953,85.80999755859375,84.63500213623047,85.54000091552734,7714800.0
2022-08-16T04:00:00Z,85.67500305175781,87.37999725341797,85.41999816894531,86.48500061035156,7224600.0
2022-08-17T04:00:00Z,85.53500366210938,86.44499969482422,84.99500274658203,85.55500030517578,7495400.0
2022-08-18T04:00:00Z,85.45500183105469,85.7249984741211,84.9800033569336,85.52999877929688,5669000.0
2022-08-19T04:00:00Z,84.77999877929688,84.88999938964844,83.48500061035156,83.76499938964844,7149600.0
2022-08-22T04:00:00Z,82.49500274658203,82.49500274658203,81.26499938964844,81.44000244140625,8369400.0
2022-08-23T04:00:00Z,81.50499725341797,82.2750015258789,81.23999786376953,81.66999816894531,8787000.0
2022-08-24T04:00:00Z,81.50499725341797,82.83999633789062,81.30500030517578,82.0199966430664,6664000.0
2022-08-25T04:00:00Z,82.52999877929688,83.0999984741211,81.91000366210938,83.0,6090000.0
2022-08-26T04:00:00Z,83.1500015258789,83.42500305175781,79.81999969482422,79.83999633789062,7893800.0
2022-08-29T04:00:00Z,78.7300033569336,80.08000183105469,78.7300033569336,79.41500091552734,7051400.0
2022-08-30T04:00:00Z,80.08499908447266,80.26499938964844,77.73999786376953,78.52999877929688,7334400.0
2022-08-31T04:00:00Z,78.93499755859375,79.17500305175781,77.73500061035156,77.75499725341797,8862800.0
2022-09-01T04:00:00Z,77.24500274658203,78.52999877929688,76.46499633789062,78.46499633789062,11943800.0
2022-09-02T04:00:00Z,79.25,79.59500122070312,77.30000305175781,77.74500274658203,16482600.0
2022-09-06T04:00:00Z,78.08499908447266,78.2699966430664,76.42500305175781,77.58499908447266,17922000.0
2022-09-07T04:00:00Z,77.5,80.07499694824219,77.5,79.96499633789062,12633200.0
2022-09-08T04:00:00Z,79.1449966430664,80.7699966430664,78.8949966430664,80.70999908447266,9391400.0
2022-09-09T04:00:00Z,81.09500122070312,82.375,81.09500122070312,82.23999786376953,8950800.0
2022-09-12T04:00:00Z,82.69499969482422,83.59500122070312,82.69499969482422,83.30000305175781,8791600.0
2022-09-13T04:00:00Z,80.6449966430664,81.04000091552734,78.78500366210938,79.00499725341797,13350800.0
2022-09-14T04:00:00Z,79.27999877929688,80.3550033569336,78.87999725341797,80.0199966430664,14924800.0
2022-09-15T04:00:00Z,79.91500091552734,81.22000122070312,79.22000122070312,79.61000061035156,11364000.0
2022-09-16T04:00:00Z,78.41000366210938,79.1050033569336,77.84500122070312,78.97000122070312,17364200.0
2022-09-19T04:00:00Z,78.12999725341797,79.93499755859375,78.08000183105469,79.91999816894531,10028600.0
2022-09-20T04:00:00Z,79.09500122070312,79.3949966430664,77.90499877929688,78.56500244140625,9142000.0
2022-09-21T04:00:00Z,78.78500366210938,79.51499938964844,76.69000244140625,76.70500183105469,10222400.0
2022-09-22T04:00:00Z,76.31500244140625,76.58999633789062,74.55000305175781,74.93499755859375,11338800.0
2022-09-23T04:00:00Z,73.94000244140625,74.05999755859375,72.2750015258789,73.20999908447266,11213000.0
2022-09-26T04:00:00Z,72.91000366210938,74.63500213623047,72.9000015258789,73.04499816894531,12839600.0
2022-09-27T04:00:00Z,74.12000274658203,74.87000274658203,72.48500061035156,73.2750015258789,14563400.0
2022-09-28T04:00:00Z,73.58499908447266,75.6500015258789,73.21499633789062,75.25499725341797,13861400.0
2022-09-29T04:00:00Z,74.06500244140625,74.16500091552734,71.95500183105469,72.65499877929688,12313600.0
2022-09-30T04:00:00Z,71.80500030517578,73.2699966430664,71.01499938964844,71.2249984741211,12232400.0
2022-10-03T04:00:00Z,71.16000366210938,71.95500183105469,70.0999984741211,71.29499816894531,17291600.0
2022-10-04T04:00:00Z,73.06500244140625,74.50499725341797,72.8550033569336,73.78500366210938,19663800.0
2022-10-05T04:00:00Z,72.61499786376953,73.83499908447266,71.83999633789062,73.3499984741211,12541200.0
2022-10-06T04:00:00Z,73.19499969482422,73.91500091552734,72.51499938964844,72.83000183105469,14429000.0
2022-10-07T04:00:00Z,71.75,71.91000366210938,69.91500091552734,70.32499694824219,11195400.0
2022-10-10T04:00:00Z,70.43000030517578,70.62999725341797,69.19999694824219,69.88999938964844,9728400.0
2022-10-11T04:00:00Z,69.54499816894531,70.73500061035156,68.86000061035156,69.31999969482422,12003400.0
2022-10-12T04:00:00Z,69.32499694824219,70.03500366210938,68.76499938964844,69.5,19440000.0
2022-10-13T04:00:00Z,67.41999816894531,70.65499877929688,66.7750015258789,70.26000213623047,19564200.0
2022-10-14T04:00:00Z,70.95999908447266,71.33000183105469,67.5250015258789,67.63500213623047,13421400.0
2022-10-17T04:00:00Z,69.08000183105469,70.56999969482422,69.05000305175781,70.37999725341797,13131000.0
2022-10-18T04:00:00Z,72.57499694824219,72.78500366210938,70.65499877929688,71.3499984741211,10368000.0
2022-10-19T04:00:00Z,70.7699966430664,71.2300033569336,69.80500030517578,70.55000305175781,7144800.0
2022-10-20T04:00:00Z,69.58999633789062,70.88999938964844,68.95500183105469,69.18499755859375,10195200.0
2022-10-21T04:00:00Z,69.1050033569336,71.26499938964844,68.7249984741211,71.19999694824219,15575800.0
2022-10-24T04:00:00Z,70.875,71.80000305175781,69.61000061035156,71.49500274658203,9081200.0
2022-10-25T04:00:00Z,71.52999877929688,73.48500061035156,71.52999877929688,73.28500366210938,7455000.0
2022-10-26T04:00:00Z,72.4000015258789,74.16000366210938,72.19999694824219,72.69499969482422,6864600.0
2022-10-27T04:00:00Z,73.05000305175781,73.51499938964844,72.16000366210938,72.41500091552734,12722200.0
2022-10-28T04:00:00Z,70.47000122070312,72.58000183105469,69.96499633789062,72.4800033569336,14082600.0
2022-10-31T04:00:00Z,72.09500122070312,72.55999755859375,71.40499877929688,72.01499938964844,9367400.0
2022-11-01T04:00:00Z,73.23999786376953,73.44999694824219,71.1449966430664,71.28500366210938,12514600.0
2022-11-02T04:00:00Z,71.21499633789062,71.62999725341797,68.56999969482422,68.58999633789062,19853200.0
2022-11-03T04:00:00Z,68.0999984741211,68.96499633789062,67.7300033569336,68.18000030517578,11117400.0
2022-11-04T04:00:00Z,69.79499816894531,70.4800033569336,67.45500183105469,68.75,12628800.0
2022-11-07T05:00:00Z,69.16500091552734,69.2249984741211,67.5999984741211,68.2699966430664,7424600.0
2022-11-08T05:00:00Z,68.3499984741211,68.91500091552734,67.16000366210938,68.0999984741211,9535600.0
2022-11-09T05:00:00Z,67.73999786376953,68.05500030517578,65.94999694824219,66.0199966430664,10155400.0
2022-11-10T05:00:00Z,69.33000183105469,70.92500305175781,68.5999984741211,70.84500122070312,15516000.0
2022-11-11T05:00:00Z,70.94999694824219,72.94499969482422,70.73500061035156,72.54499816894531,11350400.0
2022-11-14T05:00:00Z,71.91500091552734,72.55000305175781,71.31999969482422,71.3949966430664,15841000.0
2022-11-15T05:00:00Z,73.08999633789062,73.4800033569336,71.56999969482422,72.37000274658203,8739400.0
2022-11-16T05:00:00Z,71.04000091552734,71.8550033569336,70.74500274658203,71.26499938964844,9573600.0
2022-11-17T05:00:00Z,70.23500061035156,70.69999694824219,69.73999786376953,70.4000015258789,7565000.0
2022-11-18T05:00:00Z,71.30999755859375,71.33499908447266,69.68000030517578,70.49500274658203,7414000.0
2022-11-21T05:00:00Z,70.0999984741211,70.30000305175781,69.0999984741211,69.4749984741211,6752800.0
2022-11-22T05:00:00Z,69.75,70.29499816894531,69.2699966430664,70.26000213623047,5520800.0
2022-11-23T05:00:00Z,70.51000213623047,71.42500305175781,70.36499786376953,71.2750015258789,6177000.0
2022-11-25T05:00:00Z,71.30999755859375,71.51499938964844,70.94000244140625,71.31500244140625,2728400.0
2022-11-28T05:00:00Z,70.93000030517578,71.66999816894531,70.72000122070312,70.875,6041000.0
2022-11-29T05:00:00Z,70.94000244140625,71.19999694824219,70.37999725341797,70.6500015258789,10423000.0
2022-11-30T05:00:00Z,70.68499755859375,73.11000061035156,70.2300033569336,73.08499908447266,16408600.0
2022-12-01T05:00:00Z,73.3550033569336,73.66000366210938,72.5199966430664,73.07499694824219,9654000.0
2022-12-02T05:00:00Z,72.04499816894531,73.19999694824219,72.02999877929688,72.9800033569336,11972400.0
2022-12-05T05:00:00Z,72.01000213623047,72.23500061035156,70.68499755859375,70.875,11580000.0
2022-12-06T05:00:00Z,70.66999816894531,70.9749984741211,69.16500091552734,69.7699966430664,7899800.0
2022-12-07T05:00:00Z,69.29499816894531,70.08999633789062,69.08000183105469,69.3499984741211,10852600.0
2022-12-08T05:00:00Z,69.46499633789062,70.28500366210938,69.13500213623047,70.0199966430664,6407000.0
2022-12-09T05:00:00Z,69.59500122070312,70.41000366210938,69.48500061035156,69.71499633789062,7218400.0
2022-12-12T05:00:00Z,69.56999969482422,69.88999938964844,69.11499786376953,69.88999938964844,6545600.0
2022-12-13T05:00:00Z,72.20999908447266,72.66000366210938,69.13500213623047,69.88999938964844,10744000.0
2022-12-14T05:00:00Z,69.74500274658203,70.31999969482422,68.58999633789062,69.37000274658203,10903800.0
2022-12-15T05:00:00Z,68.29499816894531,68.625,67.7249984741211,68.2300033569336,11947800.0
2022-12-16T05:00:00Z,67.83999633789062,68.1050033569336,66.6050033569336,66.95500183105469,13371800.0
2022-12-19T05:00:00Z,66.76000213623047,66.9000015258789,65.44000244140625,65.69999694824219,8675800.0
2022-12-20T05:00:00Z,65.29499816894531,65.83999633789062,64.84500122070312,64.93499755859375,7710200.0
2022-12-21T05:00:00Z,65.7249984741211,66.33499908447266,65.4749984741211,65.97000122070312,10670200.0
2022-12-22T05:00:00Z,65.2249984741211,65.2699966430664,63.314998626708984,64.2750015258789,12894200.0
2022-12-23T05:00:00Z,64.1050033569336,64.8949966430664,63.66999816894531,64.71499633789062,6550800.0
2022-12-27T05:00:00Z,64.41500091552734,64.53500366210938,63.625,63.665000915527344,8536000.0
2022-12-28T05:00:00Z,63.69499969482422,64.31500244140625,63.0,63.130001068115234,10073800.0
2022-12-29T05:00:00Z,64.03500366210938,64.9000015258789,63.78499984741211,64.75499725341797,7492200.0
2022-12-30T05:00:00Z,64.11499786376953,64.59500122070312,63.84000015258789,64.58000183105469,7531000.0
2023-01-03T05:00:00Z,64.96499633789062,65.1500015258789,63.415000915527344,64.19499969482422,9567000.0
2023-01-04T05:00:00Z,64.79499816894531,65.6050033569336,63.97999954223633,65.125,8079600.0
2023-01-05T05:00:00Z,64.66999816894531,64.94999694824219,64.08499908447266,64.5199966430664,7776200.0
2023-01-06T05:00:00Z,64.33999633789062,66.29000091552734,63.8849983215332,66.03500366210938,9239400.0
2023-01-09T05:00:00Z,66.83499908447266,67.51499938964844,66.38500213623047,66.43499755859375,9387800.0
2023-01-10T05:00:00Z,66.47000122070312,67.27999877929688,66.11000061035156,67.2699966430664,8830800.0
2023-01-11T05:00:00Z,67.84500122070312,69.08999633789062,67.78500366210938,69.08499908447266,12708000.0
2023-01-12T05:00:00Z,69.51499938964844,69.59500122070312,68.08999633789062,69.19999694824219,9572200.0
2023-01-13T05:00:00Z,68.12999725341797,69.91500091552734,68.03500366210938,69.8499984741211,7969400.0
2023-01-17T05:00:00Z,70.05500030517578,70.45999908447266,69.69999694824219,69.9000015258789,7499800.0
2023-01-18T05:00:00Z,70.61000061035156,71.01499938964844,68.95999908447266,68.98999786376953,9596800.0
2023-01-19T05:00:00Z,68.48500061035156,68.69999694824219,67.49500274658203,67.84500122070312,12957200.0
2023-01-20T05:00:00Z,67.99500274658203,69.52999877929688,67.66000366210938,69.48999786376953,7502600.0
2023-01-23T05:00:00Z,69.67500305175781,70.83999633789062,69.2699966430664,70.57499694824219,9168000.0
2023-01-24T05:00:00Z,70.33000183105469,70.83000183105469,69.875,70.49500274658203,6373000.0
2023-01-25T05:00:00Z,69.42500305175781,70.94999694824219,68.9000015258789,70.8550033569336,7540400.0
2023-01-26T05:00:00Z,72.11000061035156,72.51499938964844,71.3949966430664,72.30500030517578,9641200.0
2023-01-27T05:00:00Z,72.36499786376953,74.51499938964844,72.3499984741211,73.94499969482422,10945200.0
2023-01-30T05:00:00Z,73.38999938964844,73.875,72.625,72.68499755859375,9578400.0
2023-01-31T05:00:00Z,72.76499938964844,74.3499984741211,72.76499938964844,74.3499984741211,6975600.0
2023-02-01T05:00:00Z,74.15499877929688,76.3550033569336,73.38999938964844,75.76000213623047,13913800.0
2023-02-02T05:00:00Z,77.40499877929688,79.01499938964844,77.05000305175781,78.08000183105469,14039600.0
2023-02-03T05:00:00Z,75.73999786376953,77.4749984741211,75.33999633789062,75.67500305175781,13593800.0
2023-02-06T05:00:00Z,75.38999938964844,76.0250015258789,74.93499755859375,75.56500244140625,8770000.0
2023-02-07T05:00:00Z,75.23500061035156,75.93000030517578,73.83000183105469,75.73999786376953,9833200.0
2023-02-08T05:00:00Z,75.48999786376953,75.67500305175781,74.57499694824219,75.09500122070312,11128000.0
2023-02-09T05:00:00Z,76.09500122070312,76.59500122070312,74.58499908447266,74.95500183105469,8316200.0
2023-02-10T05:00:00Z,74.30000305175781,74.65499877929688,73.4749984741211,74.07499694824219,6433000.0
2023-02-13T05:00:00Z,74.06999969482422,75.19499969482422,73.56999969482422,75.16000366210938,6721400.0
2023-02-14T05:00:00Z,74.62999725341797,76.26499938964844,74.16500091552734,76.05999755859375,8722600.0
2023-02-15T05:00:00Z,75.84500122070312,76.96499633789062,75.55000305175781,76.94999694824219,6820200.0
2023-02-16T05:00:00Z,75.7699966430664,76.84500122070312,75.25499725341797,75.2699966430664,11257600.0
2023-02-17T05:00:00Z,74.83999633789062,75.31999969482422,74.0199966430664,75.28500366210938,7480200.0
2023-02-21T05:00:00Z,74.16000366210938,74.36000061035156,72.75,72.7699966430664,8837200.0
2023-02-22T05:00:00Z,72.93499755859375,73.62000274658203,72.61000061035156,73.13999938964844,9928400.0
2023-02-23T05:00:00Z,73.3949966430664,73.48999786376953,71.84500122070312,73.08000183105469,10568600.0
2023-02-24T05:00:00Z,71.7249984741211,72.06999969482422,71.33999633789062,71.93000030517578,11914600.0
2023-02-27T05:00:00Z,72.74500274658203,73.36499786376953,72.5199966430664,72.81999969482422,11244400.0
2023-02-28T05:00:00Z,72.7750015258789,73.30500030517578,72.48500061035156,72.7699966430664,11185000.0
2023-03-01T05:00:00Z,72.51000213623047,72.75,71.43499755859375,71.8550033569336,12688800.0
2023-03-02T05:00:00Z,70.70500183105469,71.7249984741211,70.51499938964844,71.61499786376953,10982800.0
2023-03-03T05:00:00Z,72.23999786376953,73.27999877929688,72.07499694824219,73.15499877929688,10035200.0
2023-03-06T05:00:00Z,73.33999633789062,73.59500122070312,72.59500122070312,72.62000274658203,9854400.0
2023-03-07T05:00:00Z,72.51000213623047,72.87000274658203,71.59500122070312,71.62999725341797,11941800.0
2023-03-08T05:00:00Z,71.5,71.6500015258789,70.76499938964844,71.5,10816600.0
2023-03-09T05:00:00Z,71.375,72.11499786376953,69.73500061035156,69.79499816894531,13337400.0
2023-03-10T05:00:00Z,70.0250015258789,70.75,68.86499786376953,69.0999984741211,29058600.0
2023-03-13T04:00:00Z,68.08000183105469,70.12999725341797,67.8550033569336,69.24500274658203,23628200.0
2023-03-14T04:00:00Z,70.18499755859375,70.62000274658203,69.54000091552734,70.41999816894531,15038200.0
2023-03-15T04:00:00Z,69.375,70.3550033569336,68.99500274658203,70.31500244140625,18002800.0
2023-03-16T04:00:00Z,69.875,71.88999938964844,69.81999969482422,71.58499908447266,21495600.0
2023-03-17T04:00:00Z,71.56500244140625,71.61000061035156,70.09500122070312,70.66999816894531,16880000.0
2023-03-20T04:00:00Z,70.37000274658203,71.19499969482422,69.875,70.76000213623047,11729600.0
2023-03-21T04:00:00Z,71.67500305175781,72.82499694824219,71.6449966430664,72.71499633789062,12776800.0
2023-03-22T04:00:00Z,72.75,73.27999877929688,71.06500244140625,71.09500122070312,10983600.0
2023-03-23T04:00:00Z,71.95500183105469,72.4800033569336,70.31500244140625,71.0199966430664,12255600.0
2023-03-24T04:00:00Z,70.8550033569336,70.91500091552734,69.88999938964844,70.79000091552734,9434600.0
2023-03-27T04:00:00Z,71.47000122070312,71.73500061035156,70.63999938964844,70.93499755859375,8414400.0
2023-03-28T04:00:00Z,70.91500091552734,71.1050033569336,70.37000274658203,70.8499984741211,5719600.0
2023-03-29T04:00:00Z,71.62000274658203,72.22000122070312,71.37000274658203,72.19499969482422,7725400.0
2023-03-30T04:00:00Z,72.88500213623047,73.19000244140625,72.53500366210938,72.82499694824219,6478400.0
2023-03-31T04:00:00Z,73.29000091552734,74.81500244140625,73.18499755859375,74.7699966430664,10453800.0
2023-04-03T04:00:00Z,74.09500122070312,74.44499969482422,73.56999969482422,74.08499908447266,11338400.0
2023-04-04T04:00:00Z,74.33000183105469,74.5,73.31999969482422,73.96499633789062,9383000.0
2023-04-05T04:00:00Z,73.65499877929688,73.68000030517578,72.29499816894531,72.44999694824219,8861600.0
2023-04-06T04:00:00Z,72.11499786376953,72.59500122070312,71.44499969482422,72.46499633789062,7636200.0
2023-04-10T04:00:00Z,71.7249984741211,72.80999755859375,71.29499816894531,72.78500366210938,7276800.0
2023-04-11T04:00:00Z,72.82499694824219,73.30999755859375,72.56999969482422,72.9000015258789,8808000.0
2023-04-12T04:00:00Z,73.50499725341797,73.52999877929688,71.69000244140625,71.7699966430664,9062600.0
2023-04-13T04:00:00Z,72.29000091552734,73.41999816894531,72.05500030517578,73.3550033569336,13140000.0
2023-04-14T04:00:00Z,73.19000244140625,73.9000015258789,72.83999633789062,73.44999694824219,10801600.0
2023-04-17T04:00:00Z,73.63500213623047,74.12999725341797,73.26499938964844,73.97000122070312,9102400.0
2023-04-18T04:00:00Z,74.33999633789062,74.51000213623047,73.7699966430664,74.08999633789062,9058800.0
2023-04-19T04:00:00Z,73.4000015258789,74.44499969482422,73.33000183105469,74.0199966430664,7600400.0
2023-04-20T04:00:00Z,72.80500030517578,73.50499725341797,72.47000122070312,72.87999725341797,8287000.0
2023-04-21T04:00:00Z,73.4749984741211,73.9800033569336,72.91000366210938,73.68499755859375,8870200.0
2023-04-24T04:00:00Z,73.79499816894531,74.2300033569336,73.0,73.67500305175781,7750000.0
2023-04-25T04:00:00Z,73.19000244140625,73.31999969482422,72.20500183105469,72.21499633789062,8494400.0
2023-04-26T04:00:00Z,72.58000183105469,72.81500244140625,71.69999694824219,71.84500122070312,7706000.0
2023-04-27T04:00:00Z,72.3499984741211,73.82499694824219,72.30000305175781,73.73999786376953,9630800.0
2023-04-28T04:00:00Z,73.3949966430664,74.02999877929688,72.70999908447266,73.93000030517578,8271000.0
2023-05-01T04:00:00Z,73.75,73.91000366210938,73.09500122070312,73.19999694824219,8547800.0
2023-05-02T04:00:00Z,73.08999633789062,73.43499755859375,72.38500213623047,73.2750015258789,9217200.0
2023-05-03T04:00:00Z,72.97000122070312,73.94499969482422,72.63999938964844,72.69499969482422,8512000.0
2023-05-04T04:00:00Z,72.70500183105469,73.0199966430664,72.0199966430664,72.13500213623047,10663000.0
2023-05-05T04:00:00Z,72.81500244140625,73.73500061035156,72.68499755859375,73.59500122070312,7371800.0
2023-05-08T04:00:00Z,73.81999969482422,73.875,73.3550033569336,73.84500122070312,6850000.0
2023-05-09T04:00:00Z,73.44000244140625,73.87999725341797,73.31999969482422,73.82499694824219,8465000.0
2023-05-10T04:00:00Z,74.50499725341797,74.88500213623047,73.3499984741211,74.19999694824219,9028000.0
2023-05-11T04:00:00Z,74.24500274658203,74.63999938964844,73.96499633789062,74.54499816894531,8288600.0
2023-05-12T04:00:00Z,74.80000305175781,74.99500274658203,73.4749984741211,73.91500091552734,7557800.0
2023-05-15T04:00:00Z,74.0,74.16000366210938,73.36499786376953,74.01000213623047,6412000.0
2023-05-16T04:00:00Z,73.50499725341797,74.37000274658203,73.4000015258789,73.70999908447266,6948800.0
2023-05-17T04:00:00Z,74.17500305175781,75.32499694824219,74.16000366210938,75.24500274658203,9331800.0
2023-05-18T04:00:00Z,75.41000366210938,76.44499969482422,75.4000015258789,76.41500091552734,8606600.0
2023-05-19T04:00:00Z,76.2300033569336,76.2699966430664,75.3949966430664,75.7750015258789,7150200.0
2023-05-22T04:00:00Z,75.80999755859375,76.03500366210938,75.27999877929688,75.54000091552734,7120000.0
2023-05-23T04:00:00Z,74.95999908447266,75.91999816894531,74.69999694824219,74.8499984741211,8583200.0
2023-05-24T04:00:00Z,74.69000244140625,74.97000122070312,73.99500274658203,74.57499694824219,6952400.0
2023-05-25T04:00:00Z,74.80500030517578,74.9000015258789,73.98999786376953,74.23999786376953,7997800.0
2023-05-26T04:00:00Z,74.41500091552734,76.53500366210938,74.29000091552734,75.98500061035156,10410200.0
2023-05-30T04:00:00Z,76.81500244140625,77.07499694824219,76.0,76.49500274658203,10981400.0
2023-05-31T04:00:00Z,75.98999786376953,76.1449966430664,74.75499725341797,75.80500030517578,12489800.0
2023-06-01T04:00:00Z,75.73999786376953,77.07499694824219,75.21499633789062,76.69999694824219,10168800.0
2023-06-02T04:00:00Z,77.61499786376953,78.79499816894531,77.56999969482422,78.5,10824600.0
2023-06-05T04:00:00Z,78.48500061035156,79.0,78.2750015258789,78.73500061035156,7854800.0
2023-06-06T04:00:00Z,78.58999633789062,79.66500091552734,78.54000091552734,79.55500030517578,9799200.0
2023-06-07T04:00:00Z,80.11499786376953,80.38500213623047,78.86499786376953,79.01499938964844,9206400.0
2023-06-08T04:00:00Z,79.13999938964844,80.32499694824219,79.08999633789062,80.18499755859375,6720000.0
2023-06-09T04:00:00Z,81.01000213623047,81.67500305175781,80.41000366210938,80.5999984741211,11579000.0
2023-06-12T04:00:00Z,81.09500122070312,82.09500122070312,80.8550033569336,81.98500061035156,9410800.0
2023-06-13T04:00:00Z,82.63999938964844,82.88999938964844,81.9749984741211,82.83499908447266,10836400.0
2023-06-14T04:00:00Z,82.9800033569336,83.21499633789062,81.66999816894531,82.7750015258789,13420200.0
2023-06-15T04:00:00Z,82.03500366210938,83.6050033569336,81.88999938964844,83.31500244140625,10713600.0
2023-06-16T04:00:00Z,83.90499877929688,83.93499755859375,83.13500213623047,83.19000244140625,13295000.0
2023-06-20T04:00:00Z,82.84500122070312,83.73999786376953,82.58999633789062,83.6449966430664,10973400.0
2023-06-21T04:00:00Z,83.61499786376953,83.81999969482422,82.5,82.63999938964844,10916000.0
2023-06-22T04:00:00Z,82.12999725341797,83.71499633789062,82.03500366210938,83.69499969482422,10753000.0
2023-06-23T04:00:00Z,82.70999908447266,83.4800033569336,82.38500213623047,82.7249984741211,11690400.0
2023-06-26T04:00:00Z,82.22000122070312,83.40499877929688,81.62999725341797,81.66500091552734,8673400.0
2023-06-27T04:00:00Z,82.1449966430664,83.52999877929688,82.04000091552734,83.41999816894531,10957000.0
2023-06-28T04:00:00Z,83.19999694824219,84.3550033569336,83.12999725341797,83.75,8715400.0
2023-06-29T04:00:00Z,83.8949966430664,84.09500122070312,83.33999633789062,83.83999633789062,7752600.0
2023-06-30T04:00:00Z,84.54499816894531,85.17500305175781,84.33000183105469,84.90499877929688,9479000.0
2023-07-03T04:00:00Z,85.75499725341797,86.40499877929688,85.75499725341797,85.93000030517578,9303200.0
2023-07-05T04:00:00Z,85.79499816894531,86.0999984741211,85.45500183105469,85.96499633789062,14528600.0
2023-07-06T04:00:00Z,84.87999725341797,85.04000091552734,84.18499755859375,84.58000183105469,11474400.0
2023-07-07T04:00:00Z,84.625,85.5250015258789,84.47000122070312,84.68499755859375,10563600.0
2023-07-10T04:00:00Z,84.75,85.01000213623047,84.22000122070312,84.94499969482422,10638800.0
2023-07-11T04:00:00Z,85.18000030517578,85.80000305175781,85.1050033569336,85.65499877929688,9633200.0
2023-07-12T04:00:00Z,86.81999969482422,86.93499755859375,86.2249984741211,86.42500305175781,10131800.0
2023-07-13T04:00:00Z,87.2300033569336,87.44999694824219,86.62000274658203,87.23500061035156,7390000.0
2023-07-14T04:00:00Z,87.2300033569336,87.84500122070312,87.07499694824219,87.45999908447266,7919800.0
2023-07-17T04:00:00Z,87.51000213623047,88.0250015258789,87.41999816894531,87.81500244140625,8363400.0
2023-07-18T04:00:00Z,87.5,88.37999725341797,87.23999786376953,88.17500305175781,9365200.0
2023-07-19T04:00:00Z,88.4000015258789,88.9000015258789,88.30999755859375,88.48500061035156,13090400.0
2023-07-20T04:00:00Z,87.47000122070312,87.58999633789062,85.3499984741211,85.47000122070312,19470600.0
2023-07-21T04:00:00Z,86.23500061035156,86.25499725341797,85.12000274658203,85.48999786376953,10484000.0
2023-07-24T04:00:00Z,85.37000274658203,86.18499755859375,85.01000213623047,86.05000305175781,9651200.0
2023-07-25T04:00:00Z,86.01000213623047,86.18499755859375,85.62999725341797,85.8499984741211,6483600.0
2023-07-26T04:00:00Z,85.30999755859375,86.20500183105469,85.2300033569336,85.83000183105469,8834600.0
2023-07-27T04:00:00Z,86.69499969482422,86.86000061035156,84.7750015258789,84.94000244140625,9464000.0
2023-07-28T04:00:00Z,85.86499786376953,86.61000061035156,85.59500122070312,86.37999725341797,7943000.0
2023-07-31T04:00:00Z,86.59500122070312,86.87999725341797,86.30999755859375,86.87000274658203,6943600.0
2023-08-01T04:00:00Z,86.43499755859375,86.55500030517578,85.82499694824219,85.88500213623047,6900200.0
2023-08-02T04:00:00Z,84.88999938964844,85.19499969482422,84.16999816894531,84.34500122070312,9707000.0
2023-08-03T04:00:00Z,83.86499786376953,84.75499725341797,83.66500091552734,84.54499816894531,8049600.0
2023-08-04T04:00:00Z,86.92500305175781,87.30999755859375,85.67500305175781,85.7750015258789,13507200.0
2023-08-07T04:00:00Z,86.07499694824219,86.66999816894531,85.3550033569336,86.65499877929688,7369000.0
2023-08-08T04:00:00Z,85.77999877929688,86.09500122070312,85.12999725341797,85.96499633789062,7255400.0
2023-08-09T04:00:00Z,86.08499908447266,86.08999633789062,84.80000305175781,84.94499969482422,9045000.0
2023-08-10T04:00:00Z,85.58499908447266,86.45500183105469,84.73999786376953,85.1500015258789,8723000.0
2023-08-11T04:00:00Z,84.57499694824219,85.11499786376953,84.23500061035156,84.86000061035156,6302200.0
2023-08-14T04:00:00Z,84.33999633789062,85.12999725341797,84.17500305175781,85.12000274658203,5639400.0
2023-08-15T04:00:00Z,84.80500030517578,85.18000030517578,83.83499908447266,83.95999908447266,6628600.0
2023-08-16T04:00:00Z,83.5999984741211,84.1500015258789,82.8949966430664,82.91999816894531,6715400.0
2023-08-17T04:00:00Z,83.15499877929688,83.23500061035156,81.46499633789062,81.51499938964844,8709200.0
2023-08-18T04:00:00Z,80.63500213623047,81.54499816894531,80.46499633789062,81.33000183105469,8249000.0
2023-08-21T04:00:00Z,81.80500030517578,82.3949966430664,81.33999633789062,82.26499938964844,6645200.0
2023-08-22T04:00:00Z,82.9000015258789,83.06500244140625,82.07499694824219,82.38500213623047,8006600.0
2023-08-23T04:00:00Z,82.00499725341797,83.28500366210938,81.92500305175781,83.04499816894531,7728600.0
2023-08-24T04:00:00Z,83.19000244140625,83.30000305175781,81.3949966430664,81.41999816894531,7949000.0
2023-08-25T04:00:00Z,81.78500366210938,82.56999969482422,81.05000305175781,82.33000183105469,10093000.0
2023-08-28T04:00:00Z,82.86000061035156,82.94499969482422,82.16500091552734,82.66000366210938,5962800.0
2023-08-29T04:00:00Z,82.63999938964844,84.76000213623047,82.63999938964844,84.7249984741211,8913800.0
2023-08-30T04:00:00Z,84.56999969482422,85.41000366210938,84.36000061035156,85.08999633789062,7289000.0
2023-08-31T04:00:00Z,85.1449966430664,85.81999969482422,85.0250015258789,85.3550033569336,7872600.0
2023-09-01T04:00:00Z,85.83999633789062,86.05999755859375,84.33999633789062,84.83499908447266,10618400.0
2023-09-05T04:00:00Z,84.68499755859375,85.09500122070312,84.19499969482422,84.8949966430664,9426200.0
2023-09-06T04:00:00Z,84.44999694824219,84.58000183105469,83.52999877929688,84.13999938964844,11155000.0
2023-09-07T04:00:00Z,83.25,84.4749984741211,83.03500366210938,84.375,10439400.0
2023-09-08T04:00:00Z,84.26000213623047,84.94999694824219,84.13999938964844,84.375,5709400.0
2023-09-11T04:00:00Z,85.62999725341797,86.77999877929688,85.58999633789062,86.6449966430664,10648600.0
2023-09-12T04:00:00Z,86.33499908447266,86.91500091552734,85.86000061035156,85.86000061035156,9908200.0
2023-09-13T04:00:00Z,86.12999725341797,86.78500366210938,85.84500122070312,86.54000091552734,7984800.0
2023-09-14T04:00:00Z,86.82499694824219,87.61499786376953,86.41999816894531,87.38999938964844,9777000.0
2023-09-15T04:00:00Z,86.98999786376953,87.11000061035156,85.69999694824219,85.8949966430664,11981600.0
2023-09-18T04:00:00Z,85.5,85.5999984741211,84.69499969482422,84.80999755859375,7442400.0
2023-09-19T04:00:00Z,84.37000274658203,84.55000305175781,83.61000061035156,84.38500213623047,8324000.0
2023-09-20T04:00:00Z,84.66000366210938,85.1449966430664,83.54000091552734,83.54499816894531,8857400.0
2023-09-21T04:00:00Z,82.48999786376953,82.53500366210938,81.25,81.26499938964844,12236000.0
2023-09-22T04:00:00Z,81.76000213623047,81.93000030517578,80.3949966430664,80.46499633789062,14209400.0
2023-09-25T04:00:00Z,80.13500213623047,81.12999725341797,79.93499755859375,80.95999908447266,9486800.0
2023-09-26T04:00:00Z,80.2249984741211,80.72000122070312,79.30999755859375,79.48500061035156,11667000.0
2023-09-27T04:00:00Z,79.69499969482422,79.95500183105469,78.37000274658203,79.18000030517578,12485000.0
2023-09-28T04:00:00Z,78.88999938964844,80.29499816894531,78.69000244140625,80.06500244140625,10291800.0
2023-09-29T04:00:00Z,81.2300033569336,81.54000091552734,80.04499816894531,80.48999786376953,13116600.0
2023-10-02T04:00:00Z,80.01000213623047,81.20999908447266,79.81500244140625,80.55500030517578,14663600.0
2023-10-03T04:00:00Z,79.93499755859375,80.0199966430664,78.31999969482422,78.59500122070312,14613800.0
2023-10-04T04:00:00Z,78.9800033569336,80.31999969482422,78.95999908447266,80.1449966430664,15340600.0
2023-10-05T04:00:00Z,80.03500366210938,80.25,79.11499786376953,79.74500274658203,13922000.0
2023-10-06T04:00:00Z,78.90499877929688,80.61499786376953,78.47000122070312,80.30500030517578,15265000.0
2023-10-09T04:00:00Z,79.33499908447266,80.55000305175781,78.83000183105469,80.38999938964844,10496000.0
2023-10-10T04:00:00Z,80.51499938964844,82.04000091552734,80.4800033569336,81.2699966430664,13458600.0
2023-10-11T04:00:00Z,81.5999984741211,81.99500274658203,80.83999633789062,81.55999755859375,7974400.0
2023-10-12T04:00:00Z,81.57499694824219,81.72000122070312,80.12000274658203,80.66999816894531,9181200.0
2023-10-13T04:00:00Z,80.79000091552734,80.91500091552734,79.26499938964844,79.48500061035156,11327000.0
2023-10-16T04:00:00Z,79.91500091552734,81.02999877929688,79.71499633789062,80.7699966430664,11071400.0
2023-10-17T04:00:00Z,80.03500366210938,81.36000061035156,79.88500213623047,80.95999908447266,13419800.0
2023-10-18T04:00:00Z,80.34500122070312,80.47000122070312,78.90499877929688,79.05999755859375,10414600.0
2023-10-19T04:00:00Z,78.37999725341797,78.73999786376953,76.67500305175781,77.04000091552734,21134800.0
2023-10-20T04:00:00Z,76.86000061035156,76.9000015258789,75.80500030517578,75.84500122070312,13357800.0
2023-10-23T04:00:00Z,75.54000091552734,76.8949966430664,74.73500061035156,75.93499755859375,15707200.0
2023-10-24T04:00:00Z,76.51499938964844,77.23500061035156,76.18499755859375,76.74500274658203,9960400.0
2023-10-25T04:00:00Z,76.1449966430664,76.2750015258789,75.11000061035156,75.19499969482422,11201000.0
2023-10-26T04:00:00Z,75.11499786376953,75.5250015258789,73.91500091552734,74.0199966430664,16921600.0
2023-10-27T04:00:00Z,75.30999755859375,75.94499969482422,74.55000305175781,74.79499816894531,15226600.0
2023-10-30T04:00:00Z,75.65499877929688,75.95500183105469,74.81999969482422,75.4800033569336,13858000.0
2023-10-31T04:00:00Z,75.51499938964844,76.28500366210938,75.21499633789062,76.05000305175781,10168600.0
2023-11-01T04:00:00Z,76.49500274658203,77.04000091552734,75.8949966430664,76.98999786376953,21669800.0
2023-11-02T04:00:00Z,78.33000183105469,79.04499816894531,78.08499908447266,79.0,20069600.0
2023-11-03T04:00:00Z,79.6500015258789,80.54000091552734,79.625,80.11000061035156,13727200.0
2023-11-06T05:00:00Z,80.41000366210938,80.68000030517578,79.66000366210938,80.20999908447266,11280600.0
2023-11-07T05:00:00Z,80.3550033569336,81.20500183105469,80.19000244140625,81.1050033569336,8773600.0
2023-11-08T05:00:00Z,81.12999725341797,81.2699966430664,80.41000366210938,80.88999938964844,8334600.0
2023-11-09T05:00:00Z,80.77999877929688,80.87999725341797,79.0999984741211,79.37999725341797,11497200.0
2023-11-10T05:00:00Z,79.4800033569336,80.7300033569336,79.07499694824219,80.69999694824219,10312200.0
2023-11-13T05:00:00Z,80.34500122070312,81.31999969482422,79.98500061035156,81.04499816894531,9880000.0
2023-11-14T05:00:00Z,83.06999969482422,84.03500366210938,82.94999694824219,83.7750015258789,15258400.0
2023-11-15T05:00:00Z,84.18499755859375,84.57499694824219,83.61000061035156,83.875,12388800.0
2023-11-16T05:00:00Z,83.1500015258789,83.7300033569336,82.6500015258789,83.01499938964844,12287400.0
2023-11-17T05:00:00Z,83.29499816894531,83.79499816894531,82.7750015258789,83.56999969482422,8921000.0
2023-11-20T05:00:00Z,83.55000305175781,84.18000030517578,83.29499816894531,84.0,9285000.0
2023-11-21T05:00:00Z,83.375,83.87000274658203,83.1050033569336,83.78500366210938,7603600.0
2023-11-22T05:00:00Z,84.1449966430664,84.68499755859375,83.70999908447266,84.04000091552734,8963400.0
2023-11-24T05:00:00Z,83.98500061035156,84.26499938964844,83.83999633789062,84.12000274658203,3483000.0
2023-11-27T05:00:00Z,84.16999816894531,84.69499969482422,83.80999755859375,84.25499725341797,7299600.0
2023-11-28T05:00:00Z,84.15499877929688,84.78500366210938,83.69499969482422,84.73999786376953,11974000.0
2023-11-29T05:00:00Z,85.37000274658203,85.80000305175781,84.44999694824219,84.51000213623047,7659400.0
2023-11-30T05:00:00Z,84.51000213623047,84.54499816894531,83.7300033569336,84.38999938964844,13023000.0
2023-12-01T05:00:00Z,84.02999877929688,85.56999969482422,83.86499786376953,85.54499816894531,14955800.0
2023-12-04T05:00:00Z,84.92500305175781,85.58999633789062,84.72000122070312,85.22000122070312,18477600.0
2023-12-05T05:00:00Z,84.76000213623047,86.21499633789062,84.69000244140625,85.37000274658203,7822600.0
2023-12-06T05:00:00Z,86.01000213623047,86.43000030517578,85.43000030517578,85.49500274658203,12228000.0
2023-12-07T05:00:00Z,85.83999633789062,86.3550033569336,85.56500244140625,86.19999694824219,7380200.0
2023-12-08T05:00:00Z,85.76499938964844,86.76000213623047,85.69999694824219,86.59500122070312,8096400.0
2023-12-11T05:00:00Z,86.49500274658203,86.93499755859375,86.2300033569336,86.82499694824219,18892400.0
2023-12-12T05:00:00Z,86.7300033569336,87.15499877929688,86.38500213623047,87.09500122070312,7411400.0
2023-12-13T05:00:00Z,87.06500244140625,88.33000183105469,86.38500213623047,88.23500061035156,10898400.0
2023-12-14T05:00:00Z,89.00499725341797,89.7750015258789,88.66500091552734,89.41999816894531,15288800.0
2023-12-15T05:00:00Z,89.44000244140625,89.82499694824219,89.1449966430664,89.6050033569336,11258200.0
2023-12-18T05:00:00Z,89.7300033569336,90.28500366210938,89.55000305175781,90.0,7719400.0
2023-12-19T05:00:00Z,90.30500030517578,90.94000244140625,90.28500366210938,90.70500183105469,7194000.0
2023-12-20T05:00:00Z,90.30000305175781,91.09500122070312,89.02999877929688,89.05000305175781,8621600.0
2023-12-21T05:00:00Z,89.98999786376953,90.43499755859375,89.48500061035156,90.40499877929688,7855000.0
2023-12-22T05:00:00Z,90.04499816894531,90.43000030517578,89.37000274658203,89.73999786376953,8522800.0
2023-12-26T05:00:00Z,89.94000244140625,90.23500061035156,89.76499938964844,90.12000274658203,5480800.0
2023-12-27T05:00:00Z,90.23500061035156,90.66500091552734,90.19000244140625,90.43000030517578,7495800.0
2023-12-28T05:00:00Z,90.55999755859375,90.7300033569336,89.88999938964844,89.95999908447266,5608800.0
2023-12-29T05:00:00Z,89.99500274658203,90.1449966430664,89.0999984741211,89.40499877929688,8268600.0
2024-01-02T05:00:00Z,89.125,89.16500091552734,88.23500061035156,88.57499694824219,15369600.0
2024-01-03T05:00:00Z,87.98500061035156,88.02999877929688,86.75,86.78500366210938,15522800.0
2024-01-04T05:00:00Z,86.43499755859375,87.24500274658203,86.1449966430664,86.17500305175781,11915000.0
2024-01-05T05:00:00Z,85.95500183105469,87.01499938964844,85.91999816894531,86.30999755859375,12084400.0
2024-01-08T05:00:00Z,86.45999908447266,87.87999725341797,86.44000244140625,87.77999877929688,8142600.0
2024-01-09T05:00:00Z,87.13999938964844,87.58000183105469,86.91500091552734,87.45500183105469,8330000.0
2024-01-10T05:00:00Z,87.58999633789062,88.37000274658203,87.56999969482422,88.15499877929688,7624400.0
2024-01-11T05:00:00Z,88.05500030517578,88.33499908447266,87.12000274658203,88.04000091552734,8592000.0
2024-01-12T05:00:00Z,87.67500305175781,88.07499694824219,86.81500244140625,86.9800033569336,7444400.0
2024-01-16T05:00:00Z,86.45500183105469,87.22000122070312,86.19999694824219,86.87999725341797,8976200.0
2024-01-17T05:00:00Z,85.96499633789062,86.1500015258789,85.4800033569336,86.12000274658203,7961800.0
2024-01-18T05:00:00Z,86.52999877929688,86.71499633789062,85.66000366210938,86.61000061035156,9926000.0
2024-01-19T05:00:00Z,86.74500274658203,87.62000274658203,86.2249984741211,87.44499969482422,9782800.0
2024-01-22T05:00:00Z,87.63500213623047,87.88500213623047,86.66999816894531,87.05999755859375,11184200.0
2024-01-23T05:00:00Z,87.1449966430664,87.43499755859375,86.41000366210938,86.8499984741211,7107200.0
2024-01-24T05:00:00Z,87.42500305175781,87.51499938964844,86.45500183105469,86.5199966430664,8622200.0
2024-01-25T05:00:00Z,85.70500183105469,85.7750015258789,84.86000061035156,85.44999694824219,11092800.0
2024-01-26T05:00:00Z,85.81500244140625,86.2750015258789,85.51499938964844,85.83999633789062,6977800.0
2024-01-29T05:00:00Z,86.01499938964844,87.11000061035156,85.86499786376953,87.09500122070312,7381200.0
2024-01-30T05:00:00Z,87.23999786376953,87.45999908447266,86.87999725341797,87.04499816894531,6274400.0
2024-01-31T05:00:00Z,86.48999786376953,86.95500183105469,85.38500213623047,85.45999908447266,13663800.0
2024-02-01T05:00:00Z,85.86000061035156,87.12999725341797,85.55999755859375,87.1050033569336,14682200.0
2024-02-02T05:00:00Z,87.69999694824219,89.0199966430664,87.27999877929688,88.66000366210938,20763800.0
2024-02-05T05:00:00Z,87.75,87.75,86.37999725341797,87.41000366210938,13346200.0
2024-02-06T05:00:00Z,87.03500366210938,87.95999908447266,87.03500366210938,87.94000244140625,9373600.0
2024-02-07T05:00:00Z,88.43000030517578,89.25499725341797,88.22000122070312,88.92500305175781,7796400.0
2024-02-08T05:00:00Z,88.98500061035156,89.37000274658203,88.81500244140625,89.31500244140625,8100000.0
2024-02-09T05:00:00Z,89.23999786376953,90.09500122070312,89.03500366210938,89.94999694824219,9584800.0
2024-02-12T05:00:00Z,89.9800033569336,90.44000244140625,89.70500183105469,89.875,6040200.0
2024-02-13T05:00:00Z,88.06500244140625,88.58499908447266,87.61499786376953,88.08499908447266,14801400.0
2024-02-14T05:00:00Z,88.41999816894531,89.05500030517578,87.93499755859375,89.01499938964844,11561000.0
2024-02-15T05:00:00Z,89.19499969482422,90.05000305175781,88.95999908447266,90.04499816894531,10567600.0
2024-02-16T05:00:00Z,89.65499877929688,90.03500366210938,88.95999908447266,89.51000213623047,8512200.0
2024-02-20T05:00:00Z,88.69000244140625,89.00499725341797,88.1050033569336,88.66500091552734,8756400.0
2024-02-21T05:00:00Z,88.95500183105469,89.73999786376953,88.73500061035156,89.31999969482422,8886200.0
2024-02-22T05:00:00Z,90.12000274658203,91.19999694824219,89.95999908447266,91.05500030517578,8800000.0
2024-02-23T05:00:00Z,90.69999694824219,91.1050033569336,90.5,90.6449966430664,7575800.0
2024-02-26T05:00:00Z,90.91000366210938,91.36499786376953,90.78500366210938,90.92500305175781,7051600.0
2024-02-27T05:00:00Z,91.33499908447266,91.6500015258789,90.88500213623047,91.2249984741211,5852400.0
2024-02-28T05:00:00Z,91.07499694824219,92.0199966430664,91.0250015258789,91.58499908447266,7408800.0
2024-02-29T05:00:00Z,91.91000366210938,92.41999816894531,91.44000244140625,92.20500183105469,8270400.0
2024-03-01T05:00:00Z,92.125,92.6449966430664,91.65499877929688,92.51000213623047,11065800.0
2024-03-04T05:00:00Z,92.05500030517578,92.36499786376953,91.23500061035156,91.26000213623047,11336800.0
2024-03-05T05:00:00Z,90.67500305175781,90.83999633789062,89.81500244140625,90.125,12941800.0
2024-03-06T05:00:00Z,90.4800033569336,90.72000122070312,89.55000305175781,89.80500030517578,9299600.0
2024-03-07T05:00:00Z,90.05000305175781,90.86000061035156,90.02999877929688,90.48999786376953,6713400.0
2024-03-08T05:00:00Z,90.69999694824219,91.06500244140625,89.8550033569336,90.15499877929688,12463600.0
2024-03-11T04:00:00Z,89.90499877929688,90.26499938964844,89.68499755859375,89.91000366210938,8306400.0
2024-03-12T04:00:00Z,90.20999908447266,91.03500366210938,89.6050033569336,90.68499755859375,7906400.0
2024-03-13T04:00:00Z,90.45999908447266,91.06500244140625,90.3550033569336,90.49500274658203,5717000.0
2024-03-14T04:00:00Z,90.5999984741211,90.69000244140625,89.43499755859375,89.91999816894531,10810400.0
2024-03-15T04:00:00Z,89.31500244140625,89.91999816894531,88.78500366210938,89.0250015258789,9868800.0
2024-03-18T04:00:00Z,89.7249984741211,89.93499755859375,89.0999984741211,89.51000213623047,8512800.0
2024-03-19T04:00:00Z,89.48999786376953,90.33000183105469,89.36499786376953,90.28500366210938,7624200.0
2024-03-20T04:00:00Z,90.45999908447266,91.6449966430664,90.38500213623047,91.62999725341797,8497400.0
2024-03-21T04:00:00Z,92.2699966430664,92.61000061035156,92.12000274658203,92.16500091552734,7146400.0
2024-03-22T04:00:00Z,91.20500183105469,91.6050033569336,91.01499938964844,91.36000061035156,5718600.0
2024-03-25T04:00:00Z,91.00499725341797,91.52999877929688,91.00499725341797,91.05999755859375,5664600.0
2024-03-26T04:00:00Z,91.6449966430664,92.0250015258789,91.11499786376953,91.17500305175781,5387800.0
2024-03-27T04:00:00Z,91.88500213623047,92.23999786376953,91.43499755859375,92.2300033569336,5812000.0
2024-03-28T04:00:00Z,92.11499786376953,92.38500213623047,91.91500091552734,91.94499969482422,5958200.0
2024-04-01T04:00:00Z,92.04499816894531,92.1449966430664,90.92500305175781,91.26000213623047,9941800.0
2024-04-02T04:00:00Z,89.79000091552734,89.95999908447266,89.51000213623047,89.91500091552734,12270400.0
2024-04-03T04:00:00Z,89.41000366210938,90.29499816894531,89.41000366210938,89.9800033569336,10165200.0
2024-04-04T04:00:00Z,90.66000366210938,91.0,88.91500091552734,88.92500305175781,9650600.0
2024-04-05T04:00:00Z,89.22000122070312,90.0,89.03500366210938,89.41999816894531,10081800.0
2024-04-08T04:00:00Z,89.94999694824219,90.56500244140625,89.87999725341797,90.2699966430664,8295800.0
2024-04-09T04:00:00Z,90.71499633789062,90.74500274658203,89.94000244140625,90.69499969482422,8559800.0
2024-04-10T04:00:00Z,89.22000122070312,89.66000366210938,88.87999725341797,89.29499816894531,10806000.0
2024-04-11T04:00:00Z,89.5999984741211,90.33999633789062,88.8499984741211,90.01499938964844,8433400.0
2024-04-12T04:00:00Z,89.31500244140625,89.375,88.26499938964844,88.55500030517578,10729000.0
2024-04-15T04:00:00Z,89.19999694824219,89.26499938964844,87.0,87.08000183105469,11136800.0
2024-04-16T04:00:00Z,86.62999725341797,87.06999969482422,86.17500305175781,86.58499908447266,12870800.0
2024-04-17T04:00:00Z,87.00499725341797,87.09500122070312,85.80999755859375,86.16500091552734,12416800.0
2024-04-18T04:00:00Z,86.32499694824219,86.68000030517578,85.3949966430664,85.62999725341797,9411800.0
2024-04-19T04:00:00Z,85.62999725341797,85.82499694824219,84.54499816894531,84.87999725341797,13580800.0
2024-04-22T04:00:00Z,85.05999755859375,85.68499755859375,84.44999694824219,85.25499725341797,8950200.0
2024-04-23T04:00:00Z,85.73999786376953,86.5199966430664,85.31500244140625,86.2699966430664,7889400.0
2024-04-24T04:00:00Z,87.55999755859375,87.81500244140625,86.47000122070312,87.09500122070312,8948600.0
2024-04-25T04:00:00Z,85.7750015258789,87.3550033569336,85.41500091552734,87.16999816894531,10701200.0
2024-04-26T04:00:00Z,87.47000122070312,88.55000305175781,87.34500122070312,87.95500183105469,6665800.0
2024-04-29T04:00:00Z,89.76499938964844,90.13999938964844,89.12000274658203,90.0,10308400.0
2024-04-30T04:00:00Z,89.12000274658203,89.54000091552734,87.73999786376953,87.80999755859375,7218400.0
2024-05-01T04:00:00Z,87.8550033569336,88.97000122070312,86.81500244140625,87.26000213623047,14336800.0
2024-05-02T04:00:00Z,88.08000183105469,88.52999877929688,87.20999908447266,88.36000061035156,8238600.0
2024-05-03T04:00:00Z,89.47000122070312,89.99500274658203,88.80000305175781,88.95500183105469,9013000.0
2024-05-06T04:00:00Z,89.51000213623047,89.90499877929688,89.25,89.90499877929688,6229000.0
2024-05-07T04:00:00Z,89.84500122070312,89.88500213623047,89.125,89.26000213623047,6300600.0
2024-05-08T04:00:00Z,88.4800033569336,89.05999755859375,88.41500091552734,88.92500305175781,5763200.0
2024-05-09T04:00:00Z,88.96499633789062,89.75,88.76499938964844,89.52999877929688,5046000.0
2024-05-10T04:00:00Z,89.6050033569336,89.67500305175781,88.86499786376953,89.05000305175781,5654400.0
2024-05-13T04:00:00Z,89.43499755859375,89.63999938964844,88.625,88.93499755859375,8142800.0
2024-05-14T04:00:00Z,88.79000091552734,89.48500061035156,88.75,89.33999633789062,6044600.0
2024-05-15T04:00:00Z,89.73999786376953,89.80500030517578,88.8949966430664,89.4749984741211,7182800.0
2024-05-16T04:00:00Z,89.42500305175781,89.55999755859375,88.86499786376953,88.8949966430664,6589200.0
2024-05-17T04:00:00Z,88.9749984741211,89.36499786376953,88.71499633789062,89.3499984741211,5577400.0
2024-05-20T04:00:00Z,89.13999938964844,89.38999938964844,88.4749984741211,88.68499755859375,4002000.0
2024-05-21T04:00:00Z,88.6050033569336,89.2750015258789,88.2699966430664,89.25499725341797,4375400.0
2024-05-22T04:00:00Z,89.04000091552734,89.12999725341797,87.96499633789062,88.32499694824219,6332200.0
2024-05-23T04:00:00Z,88.56500244140625,88.56500244140625,86.76499938964844,86.8949966430664,7354600.0
2024-05-24T04:00:00Z,87.48999786376953,88.04499816894531,87.24500274658203,87.7699966430664,5150200.0
2024-05-28T04:00:00Z,87.44999694824219,87.73999786376953,87.08499908447266,87.55500030517578,5344200.0
2024-05-29T04:00:00Z,86.9000015258789,87.31999969482422,86.9000015258789,86.9800033569336,4344000.0
2024-05-30T04:00:00Z,87.23500061035156,87.73999786376953,87.06500244140625,87.49500274658203,4496600.0
2024-05-31T04:00:00Z,87.55500030517578,88.00499725341797,86.6050033569336,87.98500061035156,6840400.0
2024-06-03T04:00:00Z,88.04499816894531,88.33499908447266,87.125,87.94499969482422,7929000.0
2024-06-04T04:00:00Z,87.57499694824219,88.3949966430664,87.54499816894531,88.03500366210938,5779800.0
2024-06-05T04:00:00Z,88.23999786376953,88.55000305175781,87.44499969482422,88.55000305175781,4581800.0
2024-06-06T04:00:00Z,88.625,89.2300033569336,88.58499908447266,89.19499969482422,4455600.0
2024-06-07T04:00:00Z,88.69000244140625,89.37000274658203,88.66500091552734,88.83000183105469,4548600.0
2024-06-10T04:00:00Z,88.56999969482422,89.20500183105469,88.56999969482422,89.11499786376953,3731000.0
2024-06-11T04:00:00Z,89.07499694824219,89.07499694824219,88.09500122070312,88.87999725341797,5566000.0
2024-06-12T04:00:00Z,89.66000366210938,90.38500213623047,89.38999938964844,89.80500030517578,7957600.0
2024-06-13T04:00:00Z,90.41500091552734,90.58999633789062,89.55500030517578,89.875,5227000.0
2024-06-14T04:00:00Z,89.73999786376953,89.73999786376953,88.62999725341797,89.16500091552734,6105600.0
2024-06-17T04:00:00Z,89.05000305175781,90.95500183105469,88.88500213623047,90.7300033569336,7353200.0
2024-06-18T04:00:00Z,90.65499877929688,90.76499938964844,90.12000274658203,90.42500305175781,4483800.0
2024-06-20T04:00:00Z,90.33499908447266,90.76000213623047,90.06500244140625,90.54000091552734,4722800.0
2024-06-21T04:00:00Z,91.0,91.42500305175781,90.56999969482422,91.30500030517578,8623200.0
2024-06-24T04:00:00Z,91.31999969482422,91.72000122070312,90.68499755859375,90.72000122070312,5077800.0
2024-06-25T04:00:00Z,90.81500244140625,90.81500244140625,90.06500244140625,90.3550033569336,4712800.0
2024-06-26T04:00:00Z,90.13500213623047,91.8499984741211,90.01499938964844,91.66500091552734,5031800.0
2024-06-27T04:00:00Z,91.875,92.23500061035156,91.50499725341797,92.2249984741211,4228200.0
2024-06-28T04:00:00Z,91.76499938964844,92.3550033569336,90.73500061035156,91.19999694824219,7914600.0
2024-07-01T04:00:00Z,91.55500030517578,91.93499755859375,91.03500366210938,91.51000213623047,6393200.0
2024-07-02T04:00:00Z,92.01499938964844,93.30000305175781,91.93000030517578,93.29000091552734,5884600.0
2024-07-03T04:00:00Z,93.61499786376953,94.23500061035156,93.4800033569336,93.88500213623047,4379600.0
2024-07-05T04:00:00Z,94.3499984741211,94.70999908447266,93.87999725341797,94.6500015258789,3996400.0
2024-07-08T04:00:00Z,94.52999877929688,95.11000061035156,94.43499755859375,94.69499969482422,3676800.0
2024-07-09T04:00:00Z,94.58999633789062,95.61000061035156,94.5250015258789,95.01000213623047,3656000.0
2024-07-10T04:00:00Z,95.22000122070312,95.81500244140625,94.66500091552734,95.7249984741211,4557800.0
2024-07-11T04:00:00Z,96.17500305175781,96.83000183105469,94.2249984741211,94.51000213623047,8996000.0
2024-07-12T04:00:00Z,94.38500213623047,96.55500030517578,94.25,95.74500274658203,5453600.0
2024-07-15T04:00:00Z,96.27999877929688,96.94999694824219,95.33499908447266,95.63500213623047,5080200.0
2024-07-16T04:00:00Z,96.19000244140625,97.3949966430664,96.03500366210938,97.3499984741211,4123200.0
2024-07-17T04:00:00Z,96.62999725341797,96.875,95.55500030517578,95.7249984741211,5797200.0
2024-07-18T04:00:00Z,95.92500305175781,96.54000091552734,94.47000122070312,94.75,4375200.0
2024-07-19T04:00:00Z,94.3949966430664,94.77999877929688,93.5250015258789,93.90499877929688,3872200.0
2024-07-22T04:00:00Z,94.58499908447266,95.2699966430664,94.22000122070312,94.94000244140625,4808400.0
2024-07-23T04:00:00Z,95.30500030517578,95.45500183105469,94.47000122070312,94.51499938964844,4823600.0
2024-07-24T04:00:00Z,92.41999816894531,92.45999908447266,90.6050033569336,90.6500015258789,8200800.0
2024-07-25T04:00:00Z,90.63500213623047,91.87999725341797,90.0199966430664,90.29499816894531,10240800.0
2024-07-26T04:00:00Z,90.95999908447266,91.78500366210938,90.7300033569336,91.30500030517578,4529400.0
2024-07-29T04:00:00Z,91.91999816894531,93.16999816894531,91.87000274658203,92.83000183105469,7145600.0
2024-07-30T04:00:00Z,93.04000091552734,93.16500091552734,91.44999694824219,92.31500244140625,4281000.0
2024-07-31T04:00:00Z,93.41999816894531,94.52999877929688,93.21499633789062,93.74500274658203,4993600.0
2024-08-01T04:00:00Z,93.78500366210938,94.06500244140625,90.66000366210938,91.44499969482422,7295800.0
2024-08-02T04:00:00Z,88.46499633789062,88.46499633789062,87.0250015258789,88.08000183105469,12738400.0
2024-08-05T04:00:00Z,83.52999877929688,86.4749984741211,83.23999786376953,85.58999633789062,16391800.0
2024-08-06T04:00:00Z,86.04499816894531,87.7699966430664,85.25499725341797,86.53500366210938,9523400.0
2024-08-07T04:00:00Z,87.24500274658203,87.4000015258789,84.91999816894531,85.0250015258789,8404400.0
2024-08-08T04:00:00Z,85.79000091552734,87.11499786376953,85.31999969482422,86.87999725341797,5935200.0
2024-08-09T04:00:00Z,86.86499786376953,87.57499694824219,86.6500015258789,87.16999816894531,6379600.0
2024-08-12T04:00:00Z,87.33999633789062,87.33999633789062,86.29499816894531,86.82499694824219,4929800.0
2024-08-13T04:00:00Z,87.2300033569336,89.08000183105469,87.05999755859375,89.0,5847000.0
2024-08-14T04:00:00Z,88.98999786376953,89.26000213623047,88.16999816894531,88.5250015258789,4779800.0
2024-08-15T04:00:00Z,90.20999908447266,91.48500061035156,90.20999908447266,91.3499984741211,6288000.0
2024-08-16T04:00:00Z,90.92500305175781,91.94499969482422,90.92500305175781,91.56500244140625,4767800.0
2024-08-19T04:00:00Z,91.80000305175781,92.73999786376953,91.70999908447266,92.69000244140625,4570000.0
2024-08-20T04:00:00Z,92.69999694824219,93.1500015258789,92.33499908447266,92.6050033569336,4679000.0
2024-08-21T04:00:00Z,93.36499786376953,93.96499633789062,93.15499877929688,93.7750015258789,4532200.0
2024-08-22T04:00:00Z,93.94000244140625,94.02999877929688,91.98500061035156,92.15499877929688,5709800.0
2024-08-23T04:00:00Z,92.875,94.04000091552734,92.86000061035156,93.93499755859375,6304200.0
2024-08-26T04:00:00Z,93.84500122070312,94.04499816894531,92.91500091552734,93.20500183105469,3211000.0
2024-08-27T04:00:00Z,92.9749984741211,93.09500122070312,92.33000183105469,92.95999908447266,3328200.0
2024-08-28T04:00:00Z,92.90499877929688,93.13500213623047,91.32499694824219,92.05999755859375,5668600.0
2024-08-29T04:00:00Z,92.87000274658203,93.26499938964844,92.08499908447266,92.16999816894531,4616000.0
2024-08-30T04:00:00Z,92.51000213623047,93.6449966430664,92.13999938964844,93.55999755859375,4672200.0
2024-09-03T04:00:00Z,93.29000091552734,93.7249984741211,91.8499984741211,92.2750015258789,9876400.0
2024-09-04T04:00:00Z,92.01499938964844,92.93499755859375,91.8949966430664,92.51499938964844,10007600.0
2024-09-05T04:00:00Z,92.94999694824219,94.20500183105469,92.86000061035156,93.56500244140625,7264200.0
2024-09-06T04:00:00Z,93.74500274658203,94.08499908447266,91.16000366210938,91.19999694824219,7714000.0
2024-09-09T04:00:00Z,92.15499877929688,92.88999938964844,91.91000366210938,92.52999877929688,4297400.0
2024-09-10T04:00:00Z,92.88999938964844,93.6500015258789,92.33499908447266,93.58999633789062,9424600.0
2024-09-11T04:00:00Z,93.44999694824219,94.65499877929688,91.50499725341797,94.5250015258789,7511200.0
2024-09-12T04:00:00Z,94.5199966430664,95.63500213623047,94.41000366210938,95.58999633789062,4748600.0
2024-09-13T04:00:00Z,95.67500305175781,96.4800033569336,95.55500030517578,96.23999786376953,3926200.0
2024-09-16T04:00:00Z,96.19000244140625,96.3949966430664,95.55500030517578,96.07499694824219,3077200.0
2024-09-17T04:00:00Z,96.6449966430664,97.5199966430664,96.26499938964844,96.56500244140625,4307800.0
2024-09-18T04:00:00Z,96.70500183105469,98.0250015258789,96.26000213623047,96.375,6634600.0
2024-09-19T04:00:00Z,98.23500061035156,98.79000091552734,97.91500091552734,98.56999969482422,5865400.0
2024-09-20T04:00:00Z,98.3949966430664,98.49500274658203,97.61499786376953,98.34500122070312,5552400.0
2024-09-23T04:00:00Z,98.55500030517578,99.375,98.3499984741211,99.33499908447266,7271200.0
2024-09-24T04:00:00Z,99.82499694824219,100.2300033569336,99.23500061035156,100.20500183105469,4059200.0
2024-09-25T04:00:00Z,99.86000061035156,100.05999755859375,99.54499816894531,99.84500122070312,3389800.0
2024-09-26T04:00:00Z,100.7300033569336,100.94999694824219,99.67500305175781,100.2699966430664,4266400.0
2024-09-27T04:00:00Z,100.6500015258789,100.82499694824219,100.12999725341797,100.41999816894531,3441800.0
2024-09-30T04:00:00Z,100.1449966430664,100.46499633789062,99.2249984741211,100.18499755859375,4572400.0
2024-10-01T04:00:00Z,100.125,100.21499633789062,98.4800033569336,99.77999877929688,8229000.0
2024-10-02T04:00:00Z,98.5999984741211,99.20999908447266,98.19499969482422,98.93499755859375,7482400.0
2024-10-03T04:00:00Z,98.07499694824219,98.45500183105469,97.3949966430664,97.79000091552734,7101400.0
2024-10-04T04:00:00Z,98.87000274658203,99.31500244140625,98.05999755859375,99.08499908447266,7828200.0
2024-10-07T04:00:00Z,98.3550033569336,98.3550033569336,97.19499969482422,97.54499816894531,5202000.0
2024-10-08T04:00:00Z,97.9800033569336,98.65499877929688,97.81999969482422,98.49500274658203,4733200.0
2024-10-09T04:00:00Z,98.81999969482422,99.4000015258789,98.3949966430664,99.19999694824219,5537400.0
2024-10-10T04:00:00Z,99.0199966430664,99.23999786376953,98.41999816894531,98.70999908447266,3259000.0
2024-10-11T04:00:00Z,97.71499633789062,98.68499755859375,97.69999694824219,98.29000091552734,4991600.0
2024-10-14T04:00:00Z,98.48999786376953,98.88500213623047,98.08499908447266,98.72000122070312,3566600.0
2024-10-15T04:00:00Z,98.75,99.58000183105469,98.75,98.93499755859375,6855200.0
2024-10-16T04:00:00Z,99.02999877929688,99.4800033569336,98.9000015258789,99.45500183105469,4607000.0
2024-10-17T04:00:00Z,99.62999725341797,99.79000091552734,99.03500366210938,99.36499786376953,3488800.0
2024-10-18T04:00:00Z,99.57499694824219,100.0199966430664,99.18499755859375,99.75499725341797,3797000.0
2024-10-21T04:00:00Z,99.53500366210938,99.53500366210938,98.6050033569336,98.9800033569336,3304800.0
2024-10-22T04:00:00Z,98.22000122070312,98.93499755859375,97.95999908447266,98.58000183105469,3157600.0
2024-10-23T04:00:00Z,97.79000091552734,98.01499938964844,96.51499938964844,97.02999877929688,4339000.0
2024-10-24T04:00:00Z,99.1500015258789,100.2249984741211,98.8499984741211,100.08999633789062,6991400.0
2024-10-25T04:00:00Z,100.2699966430664,101.29000091552734,100.03500366210938,100.40499877929688,5440000.0
2024-10-28T04:00:00Z,101.19499969482422,101.54000091552734,100.59500122070312,100.63999938964844,4102400.0
2024-10-29T04:00:00Z,99.80500030517578,100.32499694824219,99.48999786376953,100.11499786376953,4247000.0
2024-10-30T04:00:00Z,100.3550033569336,100.80500030517578,99.8949966430664,99.9749984741211,4879800.0
2024-10-31T04:00:00Z,99.75,99.9749984741211,98.38500213623047,98.44499969482422,6197400.0
2024-11-01T04:00:00Z,100.25499725341797,101.07499694824219,99.94999694824219,100.04499816894531,7607600.0
2024-11-04T05:00:00Z,99.625,100.5250015258789,99.45500183105469,99.69999694824219,4769200.0
2024-11-05T05:00:00Z,99.92500305175781,101.49500274658203,99.83999633789062,101.46499633789062,4424200.0
2024-11-06T05:00:00Z,103.7750015258789,104.79499816894531,102.94999694824219,104.70999908447266,9398600.0
2024-11-07T05:00:00Z,104.91500091552734,106.4800033569336,104.87999725341797,106.05500030517578,8021000.0
2024-11-08T05:00:00Z,106.04000091552734,108.13500213623047,105.92500305175781,107.55999755859375,7785800.0
2024-11-11T05:00:00Z,109.25,110.19499969482422,108.75499725341797,109.7300033569336,9210000.0
2024-11-12T05:00:00Z,109.44999694824219,109.46499633789062,107.875,108.26499938964844,10535200.0
2024-11-13T05:00:00Z,108.99500274658203,109.7699966430664,108.62000274658203,109.19000244140625,5883400.0
2024-11-14T05:00:00Z,109.01000213623047,109.44999694824219,107.55000305175781,107.63999938964844,4620200.0
2024-11-15T05:00:00Z,107.03500366210938,107.55000305175781,106.2300033569336,106.72000122070312,7824800.0
2024-11-18T05:00:00Z,108.00499725341797,108.52999877929688,107.01499938964844,107.70500183105469,4752200.0
2024-11-19T05:00:00Z,106.70999908447266,108.11499786376953,106.21499633789062,107.78500366210938,3935800.0
2024-11-20T05:00:00Z,107.46499633789062,107.53500366210938,106.19000244140625,107.30999755859375,5979200.0
2024-11-21T05:00:00Z,107.63500213623047,107.7699966430664,106.66999816894531,107.5,5468400.0
2024-11-22T05:00:00Z,107.80999755859375,109.36499786376953,107.80999755859375,109.05000305175781,4550600.0
2024-11-25T05:00:00Z,110.3499984741211,111.13500213623047,110.11000061035156,110.16500091552734,7360400.0
2024-11-26T05:00:00Z,110.11000061035156,110.75499725341797,109.93499755859375,110.56500244140625,3979600.0
2024-11-27T05:00:00Z,110.7699966430664,110.92500305175781,109.75499725341797,110.0199966430664,3829000.0
2024-11-29T05:00:00Z,110.26499938964844,111.17500305175781,110.19999694824219,111.1500015258789,1771400.0
2024-12-02T05:00:00Z,111.93499755859375,112.38500213623047,111.7249984741211,112.12000274658203,8134800.0
2024-12-03T05:00:00Z,111.9000015258789,112.1050033569336,111.43000030517578,112.03500366210938,7051400.0
2024-12-04T05:00:00Z,112.2750015258789,113.18499755859375,112.15499877929688,113.07499694824219,5539400.0
2024-12-05T05:00:00Z,113.18499755859375,114.51499938964844,113.13500213623047,114.0,7321000.0
2024-12-06T05:00:00Z,114.93000030517578,116.42500305175781,114.91999816894531,116.4000015258789,4889200.0
2024-12-09T05:00:00Z,117.06999969482422,117.78500366210938,115.61499786376953,116.02999877929688,6513800.0
2024-12-10T05:00:00Z,116.05000305175781,117.30000305175781,115.83499908447266,116.22000122070312,7630800.0
2024-12-11T05:00:00Z,117.18499755859375,118.30000305175781,117.12000274658203,118.26000213623047,5734800.0
2024-12-12T05:00:00Z,118.19999694824219,118.33000183105469,117.12999725341797,117.27999877929688,4871800.0
2024-12-13T05:00:00Z,117.24500274658203,117.79499816894531,116.94999694824219,117.74500274658203,5382400.0
2024-12-16T05:00:00Z,118.3550033569336,119.42500305175781,118.125,119.33999633789062,6013600.0
2024-12-17T05:00:00Z,119.87999725341797,119.96499633789062,118.7249984741211,119.71499633789062,10221000.0
2024-12-18T05:00:00Z,118.76499938964844,120.13999938964844,113.8550033569336,114.31999969482422,14405000.0
2024-12-19T05:00:00Z,115.87999725341797,116.20999908447266,113.48500061035156,114.16500091552734,13205200.0
2024-12-20T05:00:00Z,113.0199966430664,116.25499725341797,112.75,114.45500183105469,10915800.0
2024-12-23T05:00:00Z,114.44499969482422,114.69999694824219,113.08999633789062,114.58499908447266,5922400.0
2024-12-24T05:00:00Z,115.06999969482422,117.25,114.9749984741211,117.23500061035156,2552600.0
2024-12-26T05:00:00Z,116.98500061035156,117.2249984741211,116.28500366210938,116.80000305175781,4109600.0
2024-12-27T05:00:00Z,116.0250015258789,116.0250015258789,114.31500244140625,114.87000274658203,6097200.0
2024-12-30T05:00:00Z,113.125,113.75499725341797,112.31500244140625,113.0250015258789,5413000.0
2024-12-31T05:00:00Z,113.63999938964844,113.9749984741211,111.98500061035156,112.17500305175781,5250800.0
2025-01-02T05:00:00Z,112.22000122070312,112.55999755859375,109.99500274658203,110.69999694824219,9166400.0
2025-01-03T05:00:00Z,111.31999969482422,113.01000213623047,110.76000213623047,112.94000244140625,6501000.0
2025-01-06T05:00:00Z,114.16000366210938,114.24500274658203,112.7699966430664,113.38500213623047,6785400.0
2025-01-07T05:00:00Z,113.29000091552734,113.625,110.78500366210938,111.19000244140625,5554000.0
2025-01-08T05:00:00Z,111.1500015258789,111.94499969482422,110.58999633789062,111.50499725341797,5309200.0
2025-01-10T05:00:00Z,111.08000183105469,111.2699966430664,109.80999755859375,110.41000366210938,6869400.0
2025-01-13T05:00:00Z,109.56999969482422,111.05000305175781,109.1500015258789,111.03500366210938,5422000.0
2025-01-14T05:00:00Z,112.1500015258789,112.73500061035156,110.40499877929688,110.81999969482422,6762200.0
2025-01-15T05:00:00Z,113.375,113.73500061035156,112.58999633789062,113.63999938964844,6197400.0
2025-01-16T05:00:00Z,113.44499969482422,113.44499969482422,112.57499694824219,113.0250015258789,4851800.0
2025-01-17T05:00:00Z,114.51499938964844,115.33000183105469,114.33000183105469,114.61000061035156,3884600.0
2025-01-21T05:00:00Z,115.6449966430664,115.75,114.18499755859375,115.44999694824219,6036600.0
2025-01-22T05:00:00Z,115.20500183105469,115.69499969482422,114.81999969482422,115.01499938964844,4948800.0
2025-01-23T05:00:00Z,114.84500122070312,115.70999908447266,114.54000091552734,115.70999908447266,3888800.0
2025-01-24T05:00:00Z,115.73500061035156,115.8550033569336,114.78500366210938,115.00499725341797,3543400.0
2025-01-27T05:00:00Z,113.27999877929688,115.70999908447266,113.2750015258789,115.66000366210938,7069800.0
2025-01-28T05:00:00Z,115.32499694824219,116.12000274658203,114.7750015258789,115.80000305175781,5211000.0
2025-01-29T05:00:00Z,115.8949966430664,116.25,115.08999633789062,115.47000122070312,6538000.0
2025-01-30T05:00:00Z,117.00499725341797,117.28500366210938,115.7249984741211,116.5999984741211,5386400.0
2025-01-31T05:00:00Z,116.74500274658203,117.92500305175781,115.86000061035156,116.08499908447266,5092600.0
2025-02-03T05:00:00Z,113.56999969482422,115.04499816894531,112.6050033569336,114.55000305175781,7460000.0
2025-02-04T05:00:00Z,114.62000274658203,116.01499938964844,114.6050033569336,115.9000015258789,3987000.0
2025-02-05T05:00:00Z,115.15499877929688,115.44000244140625,114.31500244140625,114.58499908447266,5902800.0
2025-02-06T05:00:00Z,114.91000366210938,115.34500122070312,114.33499908447266,115.04000091552734,6045800.0
2025-02-07T05:00:00Z,114.26000213623047,115.12999725341797,112.69999694824219,112.79000091552734,5536400.0
2025-02-10T05:00:00Z,113.23999786376953,113.78500366210938,112.72000122070312,113.17500305175781,5963800.0
2025-02-11T05:00:00Z,112.45500183105469,112.7699966430664,111.61499786376953,111.88999938964844,5538200.0
2025-02-12T05:00:00Z,111.05500030517578,112.44999694824219,110.76000213623047,111.87000274658203,7903000.0
2025-02-13T05:00:00Z,112.59500122070312,113.66500091552734,112.3949966430664,113.55000305175781,6484400.0
2025-02-14T05:00:00Z,114.36000061035156,114.45999908447266,113.11000061035156,113.5,3425600.0
2025-02-18T05:00:00Z,113.47000122070312,113.62000274658203,112.45999908447266,113.18499755859375,7567200.0
2025-02-19T05:00:00Z,112.66000366210938,113.18000030517578,112.44000244140625,113.12000274658203,3996400.0
2025-02-20T05:00:00Z,112.80999755859375,112.80999755859375,111.28500366210938,112.1449966430664,4732400.0
2025-02-21T05:00:00Z,112.41000366210938,112.44499969482422,108.76000213623047,109.19499969482422,9043000.0
2025-02-24T05:00:00Z,109.68499755859375,109.84500122070312,108.33000183105469,108.78500366210938,5953400.0
2025-02-25T05:00:00Z,108.7249984741211,108.9749984741211,106.70500183105469,108.21499633789062,8006400.0
2025-02-26T05:00:00Z,108.94499969482422,109.55500030517578,107.54000091552734,107.7699966430664,6143600.0
2025-02-27T05:00:00Z,108.2699966430664,108.56999969482422,106.12999725341797,106.21499633789062,6799000.0
2025-02-28T05:00:00Z,106.25499725341797,108.05000305175781,105.83000183105469,107.9800033569336,7696400.0
2025-03-03T05:00:00Z,108.61000061035156,109.18499755859375,104.86000061035156,105.98999786376953,10983600.0
2025-03-04T05:00:00Z,104.18499755859375,105.93000030517578,102.74500274658203,104.12000274658203,13842600.0
2025-03-05T05:00:00Z,104.19499969482422,105.8949966430664,103.73500061035156,105.70500183105469,10128200.0
2025-03-06T05:00:00Z,104.13999938964844,104.8949966430664,102.56999969482422,103.0250015258789,9755400.0
2025-03-07T05:00:00Z,102.38999938964844,103.125,100.13500213623047,102.83499908447266,9798800.0
2025-03-10T04:00:00Z,101.47000122070312,101.61000061035156,98.29000091552734,99.16500091552734,14412600.0
2025-03-11T04:00:00Z,99.11000061035156,99.95999908447266,97.19499969482422,98.19499969482422,14379600.0
2025-03-12T04:00:00Z,99.8949966430664,99.99500274658203,97.55999755859375,98.76499938964844,8548200.0
2025-03-13T04:00:00Z,98.61499786376953,98.61499786376953,95.84500122070312,96.30000305175781,9992800.0
2025-03-14T04:00:00Z,97.7750015258789,98.45500183105469,96.92500305175781,98.3499984741211,6295600.0
2025-03-17T04:00:00Z,98.36000061035156,99.06500244140625,97.65499877929688,98.50499725341797,6053200.0
2025-03-18T04:00:00Z,97.58499908447266,97.58999633789062,96.3499984741211,96.75,8246200.0
2025-03-19T04:00:00Z,97.42500305175781,99.16500091552734,97.19000244140625,98.6050033569336,9831400.0
2025-03-20T04:00:00Z,97.87999725341797,99.62999725341797,97.80000305175781,98.37000274658203,8586400.0
2025-03-21T04:00:00Z,97.19499969482422,98.77999877929688,96.69000244140625,98.7249984741211,9794800.0
2025-03-24T04:00:00Z,99.875,102.23500061035156,99.875,102.1449966430664,8567600.0
2025-03-25T04:00:00Z,102.38999938964844,103.0199966430664,101.7750015258789,102.95999908447266,7421400.0
2025-03-26T04:00:00Z,102.73999786376953,102.96499633789062,101.02999877929688,101.61499786376953,6187000.0
2025-03-27T04:00:00Z,101.29499816894531,103.21499633789062,101.04000091552734,101.68000030517578,6736800.0
2025-03-28T04:00:00Z,101.09500122070312,101.25499725341797,98.2249984741211,98.5199966430664,9886600.0
2025-03-31T04:00:00Z,96.59500122070312,99.06500244140625,95.90499877929688,98.7300033569336,10221000.0
2025-04-01T04:00:00Z,98.6050033569336,100.56500244140625,98.06999969482422,99.76000213623047,11097400.0
2025-04-02T04:00:00Z,97.96499633789062,102.24500274658203,97.87999725341797,101.65499877929688,9356000.0
2025-04-03T04:00:00Z,96.13999938964844,97.46499633789062,95.06500244140625,95.51499938964844,13795600.0
2025-04-04T04:00:00Z,92.30999755859375,94.67500305175781,90.84500122070312,91.3949966430664,25286000.0
2025-04-07T04:00:00Z,87.92500305175781,94.61000061035156,86.55000305175781,90.31500244140625,41234000.0
2025-04-08T04:00:00Z,93.72000122070312,94.2300033569336,86.9800033569336,88.16999816894531,17407400.0
2025-04-09T04:00:00Z,88.0199966430664,98.07499694824219,87.875,97.7699966430664,29318600.0
2025-04-10T04:00:00Z,95.41500091552734,95.4749984741211,90.9000015258789,93.94999694824219,16600400.0
2025-04-11T04:00:00Z,93.74500274658203,95.05000305175781,92.06999969482422,94.86000061035156,8266800.0
2025-04-14T04:00:00Z,96.2750015258789,96.78500366210938,93.86000061035156,95.13500213623047,7720600.0
2025-04-15T04:00:00Z,94.9800033569336,95.7750015258789,93.91500091552734,94.44999694824219,6676400.0
2025-04-16T04:00:00Z,93.54000091552734,94.2699966430664,90.94000244140625,92.12000274658203,8579600.0
2025-04-17T04:00:00Z,92.65499877929688,93.30000305175781,91.9000015258789,92.69999694824219,7623600.0
2025-04-21T04:00:00Z,91.36499786376953,91.4749984741211,88.98500061035156,90.2249984741211,9802000.0
2025-04-22T04:00:00Z,91.26000213623047,93.9749984741211,91.25,93.08000183105469,8564800.0
2025-04-23T04:00:00Z,96.44000244140625,97.4749984741211,94.93499755859375,95.16000366210938,8957400.0
2025-04-24T04:00:00Z,95.1500015258789,97.1500015258789,94.91500091552734,97.05500030517578,5341200.0
2025-04-25T04:00:00Z,97.05000305175781,98.86499786376953,96.80999755859375,98.80000305175781,5968800.0
2025-04-28T04:00:00Z,99.18499755859375,99.94999694824219,97.45999908447266,98.83499908447266,5562000.0
2025-04-29T04:00:00Z,98.08000183105469,99.66999816894531,97.96499633789062,99.53500366210938,5136600.0
2025-04-30T04:00:00Z,97.0999984741211,98.90499877929688,95.81500244140625,98.62999725341797,5881800.0
2025-05-01T04:00:00Z,99.125,100.47000122070312,98.95999908447266,99.17500305175781,7359000.0
2025-05-02T04:00:00Z,100.2249984741211,101.29000091552734,99.56999969482422,100.71499633789062,7457000.0
2025-05-05T04:00:00Z,99.90499877929688,100.2249984741211,99.31500244140625,99.6449966430664,4677000.0
2025-05-06T04:00:00Z,98.43000030517578,99.5,98.33999633789062,98.7750015258789,4811200.0
2025-05-07T04:00:00Z,98.98500061035156,99.98999786376953,98.625,99.54499816894531,5359400.0
2025-05-08T04:00:00Z,100.50499725341797,101.76000213623047,99.86499786376953,100.72000122070312,6464400.0
2025-05-09T04:00:00Z,100.9800033569336,101.95999908447266,100.71499633789062,101.20500183105469,5159600.0
2025-05-12T04:00:00Z,106.58999633789062,106.5999984741211,105.19499969482422,106.23500061035156,9569400.0
2025-05-13T04:00:00Z,106.88500213623047,108.08999633789062,106.53500366210938,107.63999938964844,11431000.0
2025-05-14T04:00:00Z,107.91500091552734,108.58999633789062,107.6050033569336,108.05500030517578,7117000.0
2025-05-15T04:00:00Z,107.03500366210938,108.1050033569336,106.69999694824219,107.81500244140625,8393000.0
2025-05-16T04:00:00Z,108.18000030517578,108.91000366210938,107.88999938964844,108.83499908447266,5973200.0
2025-05-19T04:00:00Z,107.06500244140625,108.73999786376953,106.83999633789062,108.58000183105469,6935000.0
2025-05-20T04:00:00Z,108.77999877929688,109.08999633789062,107.5,108.01499938964844,7046800.0
2025-05-21T04:00:00Z,107.16000366210938,107.52999877929688,105.4000015258789,105.82499694824219,10325600.0
2025-05-22T04:00:00Z,105.63999938964844,107.06500244140625,105.36000061035156,106.27999877929688,8992400.0
2025-05-23T04:00:00Z,104.51000213623047,105.80000305175781,104.33999633789062,105.32499694824219,7497000.0
2025-05-27T04:00:00Z,106.51499938964844,108.5250015258789,106.51499938964844,108.43499755859375,7886800.0
2025-05-28T04:00:00Z,108.52999877929688,108.55999755859375,107.26000213623047,107.44000244140625,7542400.0
2025-05-29T04:00:00Z,108.5199966430664,108.58499908447266,106.93499755859375,107.48500061035156,8031600.0
2025-05-30T04:00:00Z,107.06999969482422,107.81500244140625,106.19000244140625,106.9000015258789,10233200.0
2025-06-02T04:00:00Z,106.59500122070312,107.16500091552734,105.27999877929688,107.1500015258789,8783800.0
2025-06-03T04:00:00Z,107.24500274658203,108.61499786376953,107.22000122070312,107.72000122070312,7855400.0
2025-06-04T04:00:00Z,107.80999755859375,107.87000274658203,106.6500015258789,107.43499755859375,7581000.0
2025-06-05T04:00:00Z,107.16000366210938,107.71499633789062,103.8550033569336,104.7249984741211,12096600.0
2025-06-06T04:00:00Z,106.23999786376953,106.58499908447266,105.72000122070312,106.08499908447266,9948800.0
2025-06-09T04:00:00Z,105.72000122070312,107.13500213623047,105.12000274658203,106.93499755859375,10596400.0
2025-06-10T04:00:00Z,107.08999633789062,108.23500061035156,106.96499633789062,108.21499633789062,8594800.0
2025-06-11T04:00:00Z,108.84500122070312,108.88500213623047,106.95999908447266,107.36000061035156,6888600.0
2025-06-12T04:00:00Z,106.76499938964844,107.43499755859375,106.56999969482422,106.8550033569336,5413800.0
2025-06-13T04:00:00Z,105.48999786376953,107.0,105.36499786376953,105.87000274658203,10292200.0
2025-06-16T04:00:00Z,106.70500183105469,107.19000244140625,106.3949966430664,107.01000213623047,4764600.0
2025-06-17T04:00:00Z,106.41500091552734,106.67500305175781,104.97000122070312,105.16500091552734,8473200.0
2025-06-18T04:00:00Z,105.375,106.34500122070312,105.12000274658203,105.21499633789062,7405800.0
2025-06-20T04:00:00Z,106.13500213623047,106.37999725341797,104.80999755859375,105.33999633789062,9704800.0
2025-06-23T04:00:00Z,105.33000183105469,107.3949966430664,104.8550033569336,107.19999694824219,12557200.0
2025-06-24T04:00:00Z,108.30500030517578,108.34500122070312,107.46499633789062,107.79499816894531,8652000.0
2025-06-25T04:00:00Z,108.13500213623047,108.16000366210938,106.08000183105469,106.5250015258789,9302000.0
2025-06-26T04:00:00Z,106.62000274658203,107.7300033569336,106.38999938964844,107.50499725341797,7543000.0
2025-06-27T04:00:00Z,108.02999877929688,109.30500030517578,107.79499816894531,109.29499816894531,8902000.0
2025-06-30T04:00:00Z,109.26000213623047,109.5,108.36499786376953,108.66500091552734,7003400.0
2025-07-01T04:00:00Z,107.62000274658203,109.58999633789062,107.36000061035156,109.12999725341797,13085400.0
2025-07-02T04:00:00Z,109.82499694824219,110.23999786376953,109.12999725341797,110.00499725341797,12436200.0
2025-07-03T04:00:00Z,110.5,110.91999816894531,110.20999908447266,110.6050033569336,6904800.0
2025-07-07T04:00:00Z,109.09500122070312,109.6500015258789,108.51000213623047,109.19999694824219,10081600.0
2025-07-08T04:00:00Z,109.44999694824219,109.65499877929688,108.74500274658203,108.83000183105469,6855000.0
2025-07-09T04:00:00Z,109.31500244140625,109.79000091552734,108.90499877929688,109.4749984741211,4864800.0
2025-07-10T04:00:00Z,109.70999908447266,110.95500183105469,109.59500122070312,110.68499755859375,7566000.0
2025-07-11T04:00:00Z,110.38999938964844,110.94999694824219,109.93499755859375,110.71499633789062,6690400.0
2025-07-14T04:00:00Z,110.73999786376953,111.16000366210938,110.41999816894531,111.125,7292200.0
2025-07-15T04:00:00Z,111.19499969482422,111.45999908447266,109.48999786376953,109.53500366210938,10133200.0
2025-07-16T04:00:00Z,109.7249984741211,109.96499633789062,108.73500061035156,109.73500061035156,13982600.0
2025-07-17T04:00:00Z,109.80999755859375,110.28500366210938,109.625,110.11000061035156,7742400.0
2025-07-18T04:00:00Z,110.66500091552734,111.13999938964844,110.5,111.08499908447266,11246400.0
2025-07-21T04:00:00Z,111.45999908447266,112.02999877929688,111.375,111.61000061035156,9807800.0
2025-07-22T04:00:00Z,111.96499633789062,112.94999694824219,111.6500015258789,112.73999786376953,10980000.0
2025-07-23T04:00:00Z,113.0,113.44499969482422,112.86499786376953,113.2750015258789,10083200.0
2025-07-24T04:00:00Z,111.76000213623047,112.41000366210938,111.16500091552734,111.4000015258789,15148400.0
2025-07-25T04:00:00Z,111.95999908447266,112.6050033569336,111.68000030517578,112.43499755859375,12268000.0
2025-07-28T04:00:00Z,112.87000274658203,113.66999816894531,112.51499938964844,113.08999633789062,11332600.0
2025-07-29T04:00:00Z,113.11000061035156,113.12999725341797,112.05999755859375,112.30999755859375,11012600.0
2025-07-30T04:00:00Z,112.4749984741211,112.68000030517578,110.9749984741211,111.5999984741211,13746000.0
2025-07-31T04:00:00Z,112.13999938964844,112.33000183105469,110.56500244140625,110.71499633789062,13728200.0
2025-08-01T04:00:00Z,108.26499938964844,108.6500015258789,107.375,108.04499816894531,22660400.0
2025-08-04T04:00:00Z,108.875,109.48500061035156,108.52999877929688,109.31500244140625,12640200.0
2025-08-05T04:00:00Z,109.4749984741211,110.1449966430664,109.13500213623047,109.45500183105469,11021600.0
2025-08-06T04:00:00Z,109.77999877929688,111.77999877929688,109.62999725341797,111.7300033569336,11728800.0
2025-08-07T04:00:00Z,112.01000213623047,112.5199966430664,110.75499725341797,111.69499969482422,12127600.0
2025-08-08T04:00:00Z,111.76499938964844,112.44000244140625,111.69499969482422,111.88999938964844,10108600.0
2025-08-11T04:00:00Z,112.16999816894531,112.75,111.98999786376953,112.18000030517578,9686400.0
2025-08-12T04:00:00Z,113.02999877929688,113.5,112.2300033569336,113.37000274658203,9791400.0
2025-08-13T04:00:00Z,113.79499816894531,115.08999633789062,113.67500305175781,114.92500305175781,12555400.0
2025-08-14T04:00:00Z,114.2699966430664,114.9800033569336,114.1500015258789,114.79499816894531,11244600.0
2025-08-15T04:00:00Z,115.3949966430664,115.51499938964844,114.11499786376953,114.5199966430664,9346800.0
2025-08-18T04:00:00Z,114.29000091552734,115.15499877929688,114.29000091552734,114.9800033569336,9293000.0
2025-08-19T04:00:00Z,115.0,116.02999877929688,114.66500091552734,114.92500305175781,11843000.0
2025-08-20T04:00:00Z,115.16500091552734,115.44000244140625,113.08999633789062,113.79000091552734,15303600.0
2025-08-21T04:00:00Z,113.2249984741211,113.41500091552734,112.4749984741211,113.11499786376953,10117000.0
2025-08-22T04:00:00Z,113.66999816894531,116.6050033569336,113.50499725341797,116.55000305175781,14933800.0
2025-08-25T04:00:00Z,116.12999725341797,116.75,115.82499694824219,116.31500244140625,9851400.0
2025-08-26T04:00:00Z,116.1500015258789,116.88500213623047,116.06500244140625,116.8499984741211,10809600.0
2025-08-27T04:00:00Z,116.84500122070312,117.26499938964844,116.7249984741211,116.875,8764400.0
2025-08-28T04:00:00Z,117.1050033569336,117.25499725341797,116.34500122070312,117.07499694824219,8211400.0
2025-08-29T04:00:00Z,117.06999969482422,117.25,115.56500244140625,115.87000274658203,11766000.0
2025-09-02T04:00:00Z,114.40499877929688,115.13999938964844,114.15499877929688,115.00499725341797,14705400.0
2025-09-03T04:00:00Z,115.23500061035156,116.11499786376953,114.95999908447266,115.47000122070312,13839000.0
2025-09-04T04:00:00Z,116.36000061035156,117.63500213623047,116.20999908447266,117.58000183105469,24662400.0
2025-09-05T04:00:00Z,118.19999694824219,118.93000030517578,117.12999725341797,117.55500030517578,30997000.0
2025-09-08T04:00:00Z,118.16500091552734,118.3499984741211,117.62000274658203,118.01000213623047,18769200.0
2025-09-09T04:00:00Z,117.92500305175781,117.97000122070312,117.06500244140625,117.84500122070312,13340200.0
2025-09-10T04:00:00Z,118.02999877929688,118.02999877929688,116.12999725341797,116.43499755859375,16330400.0
2025-09-11T04:00:00Z,116.90499877929688,118.77999877929688,116.75499725341797,118.69999694824219,16448800.0
2025-09-12T04:00:00Z,118.51499938964844,119.48999786376953,118.46499633789062,119.31500244140625,9002800.0
2025-09-15T04:00:00Z,121.22000122070312,121.38500213623047,119.75499725341797,120.3499984741211,13760200.0
2025-09-16T04:00:00Z,120.78500366210938,121.2300033569336,120.42500305175781,121.08999633789062,8687400.0
2025-09-17T04:00:00Z,121.01000213623047,121.69999694824219,119.5,120.78500366210938,15324000.0
2025-09-18T04:00:00Z,121.26499938964844,121.32499694824219,120.23999786376953,120.23999786376953,10819800.0
2025-09-19T04:00:00Z,120.87000274658203,121.23500061035156,120.4749984741211,120.69499969482422,12576200.0
2025-09-22T04:00:00Z,120.4000015258789,121.01000213623047,120.04000091552734,120.08999633789062,12283600.0
2025-09-23T04:00:00Z,120.36499786376953,120.45500183105469,118.76000213623047,118.95999908447266,9696400.0
2025-09-24T04:00:00Z,119.49500274658203,120.01000213623047,119.11499786376953,119.80000305175781,9862000.0
2025-09-25T04:00:00Z,119.05500030517578,119.0999984741211,117.57499694824219,118.11000061035156,11590800.0
2025-09-26T04:00:00Z,118.6449966430664,119.92500305175781,118.23500061035156,119.8550033569336,9749400.0
2025-09-29T04:00:00Z,120.48500061035156,120.79499816894531,119.625,120.37999725341797,11244600.0
2025-09-30T04:00:00Z,120.26499938964844,120.375,118.87999725341797,119.81999969482422,12982000.0
2025-10-01T04:00:00Z,119.61499786376953,120.94000244140625,119.40499877929688,120.56999969482422,11258000.0
2025-10-02T04:00:00Z,121.16000366210938,121.3499984741211,119.625,119.69999694824219,13191400.0
2025-10-03T04:00:00Z,120.24500274658203,120.44499969482422,118.2699966430664,118.93000030517578,13934400.0
2025-10-06T04:00:00Z,119.7249984741211,120.12000274658203,118.5999984741211,119.94999694824219,10462800.0
2025-10-07T04:00:00Z,119.63500213623047,119.63999938964844,117.80999755859375,117.8499984741211,14624000.0
2025-10-08T04:00:00Z,118.36499786376953,118.55999755859375,117.16999816894531,118.19999694824219,7910200.0
2025-10-09T04:00:00Z,117.74500274658203,117.78500366210938,116.78500366210938,117.61000061035156,9757600.0
2025-10-10T04:00:00Z,117.66500091552734,118.20999908447266,114.33999633789062,114.375,17978200.0
2025-10-13T04:00:00Z,115.42500305175781,117.11000061035156,115.23500061035156,116.93000030517578,10860200.0
2025-10-14T04:00:00Z,115.38999938964844,117.83999633789062,114.91500091552734,117.17500305175781,12533600.0
2025-10-15T04:00:00Z,117.70999908447266,118.49500274658203,116.37999725341797,117.34500122070312,10836000.0
2025-10-16T04:00:00Z,117.43499755859375,117.76499938964844,115.33499908447266,116.20999908447266,13036800.0
2025-10-17T04:00:00Z,116.1500015258789,117.48999786376953,115.875,117.20999908447266,11769800.0
2025-10-20T04:00:00Z,117.75,118.28500366210938,117.58000183105469,118.13999938964844,8356400.0
2025-10-21T04:00:00Z,118.36499786376953,120.03500366210938,118.30000305175781,119.58499908447266,8674600.0
2025-10-22T04:00:00Z,119.3499984741211,119.43000030517578,117.98999786376953,118.6500015258789,12749600.0
2025-10-23T04:00:00Z,117.66500091552734,119.33499908447266,117.2750015258789,119.18499755859375,11286800.0
2025-10-24T04:00:00Z,119.62999725341797,119.91500091552734,118.70999908447266,118.83000183105469,6481600.0
2025-10-27T04:00:00Z,120.06999969482422,120.9749984741211,119.80999755859375,120.54000091552734,7407800.0
2025-10-28T04:00:00Z,120.36000061035156,121.45500183105469,119.94000244140625,120.56999969482422,8999400.0
2025-10-29T04:00:00Z,120.59500122070312,120.61499786376953,118.88999938964844,119.57499694824219,11064000.0
2025-10-30T04:00:00Z,117.73500061035156,118.65499877929688,116.86000061035156,116.875,11853400.0
2025-10-31T04:00:00Z,120.18499755859375,120.63500213623047,119.19499969482422,119.96499633789062,13414400.0
2025-11-03T05:00:00Z,121.20500183105469,121.49500274658203,120.76000213623047,121.08999633789062,10730800.0
2025-11-04T05:00:00Z,119.55000305175781,120.44499969482422,118.91500091552734,119.08000183105469,9312600.0
2025-11-05T05:00:00Z,119.56500244140625,120.71499633789062,118.6449966430664,120.52999877929688,11716200.0
2025-11-06T05:00:00Z,119.875,120.03500366210938,117.12999725341797,117.74500274658203,14726000.0
2025-11-07T05:00:00Z,117.5,118.30999755859375,116.42500305175781,117.93000030517578,11502000.0
2025-11-10T05:00:00Z,119.09500122070312,119.66999816894531,118.61499786376953,119.4800033569336,10434800.0
2025-11-11T05:00:00Z,119.2750015258789,119.88500213623047,118.97000122070312,119.7750015258789,12775400.0
2025-11-12T05:00:00Z,120.125,120.25499725341797,118.66500091552734,118.97000122070312,9314200.0
2025-11-13T05:00:00Z,118.47000122070312,118.8550033569336,115.79000091552734,116.0,15268400.0
2025-11-14T05:00:00Z,114.67500305175781,116.51000213623047,114.29499816894531,115.44499969482422,14662200.0
2025-11-17T05:00:00Z,114.84500122070312,116.1449966430664,113.70999908447266,114.36000061035156,20233600.0
2025-11-18T05:00:00Z,113.0250015258789,113.62000274658203,112.07499694824219,112.25,27057400.0
2025-11-19T05:00:00Z,113.11499786376953,113.11499786376953,111.66500091552734,112.25499725341797,15912200.0
2025-11-20T05:00:00Z,113.51499938964844,114.75,110.46499633789062,110.58000183105469,24924400.0
2025-11-21T05:00:00Z,111.31999969482422,113.84500122070312,110.9800033569336,112.75,19013200.0
2025-11-24T05:00:00Z,113.625,114.93499755859375,113.5,114.25499725341797,11181800.0
2025-11-25T05:00:00Z,114.30000305175781,116.88999938964844,114.08999633789062,116.69999694824219,10395400.0
2025-11-26T05:00:00Z,117.11000061035156,117.73999786376953,116.6500015258789,117.5,8122200.0
2025-11-28T05:00:00Z,117.7699966430664,118.4000015258789,117.7699966430664,118.2300033569336,4827200.0
2025-12-01T05:00:00Z,117.66000366210938,118.95999908447266,117.61499786376953,118.30000305175781,11579800.0
2025-12-02T05:00:00Z,118.58499908447266,118.66500091552734,117.48500061035156,118.22000122070312,11105800.0
2025-12-03T05:00:00Z,118.23500061035156,119.80999755859375,118.23500061035156,119.49500274658203,9369800.0
2025-12-04T05:00:00Z,119.66999816894531,119.79499816894531,118.3949966430664,119.06999969482422,11828800.0
2025-12-05T05:00:00Z,119.18000030517578,120.08999633789062,119.18000030517578,119.7300033569336,4556800.0
2025-12-08T05:00:00Z,119.25,119.36000061035156,117.75,117.98999786376953,6400100.0
2025-12-09T05:00:00Z,117.51000213623047,118.48999786376953,117.33000183105469,117.9800033569336,5153900.0
2025-12-10T05:00:00Z,118.12000274658203,120.27999877929688,118.11000061035156,119.70999908447266,9440800.0
2025-12-11T05:00:00Z,119.72000122070312,120.36000061035156,119.51000213623047,120.18000030517578,5863400.0
2025-12-12T05:00:00Z,120.51000213623047,121.36000061035156,119.66000366210938,120.69999694824219,7865600.0
2025-12-15T05:00:00Z,121.72000122070312,122.4000015258789,121.22000122070312,121.7300033569336,12137500.0
2025-12-16T05:00:00Z,121.66000366210938,122.22000122070312,121.05999755859375,121.93000030517578,12052000.0
2025-12-17T05:00:00Z,122.02999877929688,122.6500015258789,120.5199966430664,120.5199966430664,10597600.0
2025-12-18T05:00:00Z,122.22000122070312,123.62999725341797,122.08000183105469,122.33999633789062,11598200.0
2025-12-19T05:00:00Z,122.37000274658203,122.41999816894531,121.73999786376953,121.8499984741211,9728700.0
2025-12-22T05:00:00Z,122.36000061035156,122.81999969482422,122.08999633789062,122.33999633789062,8073400.0
2025-12-23T05:00:00Z,122.2699966430664,122.6500015258789,121.88999938964844,122.16999816894531,9766400.0
2025-12-24T05:00:00Z,122.27999877929688,122.62999725341797,121.93000030517578,122.58999633789062,2250000.0
2025-12-26T05:00:00Z,122.43000030517578,122.77999877929688,121.87999725341797,122.05000305175781,4197000.0
2025-12-29T05:00:00Z,121.55999755859375,121.55999755859375,120.70999908447266,120.8499984741211,6535400.0
2025-12-30T05:00:00Z,120.61000061035156,120.77999877929688,120.2699966430664,120.36000061035156,4180500.0
2025-12-31T05:00:00Z,120.44000244140625,120.45999908447266,119.36000061035156,119.41000366210938,4356100.0
2026-01-02T05:00:00Z,120.08000183105469,120.12000274658203,117.70999908447266,118.3499984741211,16200700.0
2026-01-05T05:00:00Z,118.94999694824219,121.1500015258789,118.58999633789062,120.30000305175781,17653800.0
2026-01-06T05:00:00Z,119.52999877929688,121.26000213623047,119.44000244140625,121.06999969482422,17759400.0
2026-01-07T05:00:00Z,121.26000213623047,122.12999725341797,120.9000015258789,120.9000015258789,11327700.0
2026-01-08T05:00:00Z,120.58000183105469,123.13999938964844,120.4000015258789,122.91999816894531,12565400.0
2026-01-09T05:00:00Z,122.91999816894531,124.55999755859375,122.18000030517578,124.41000366210938,13817800.0
2026-01-12T05:00:00Z,123.87000274658203,125.01000213623047,123.33999633789062,124.5199966430664,8773100.0
2026-01-13T05:00:00Z,124.52999877929688,124.69999694824219,123.41999816894531,124.20999908447266,9033300.0
2026-01-14T05:00:00Z,123.38999938964844,123.41000366210938,121.63999938964844,122.25,10758100.0
2026-01-15T05:00:00Z,122.87000274658203,123.25,122.4000015258789,122.69999694824219,7447900.0
2026-01-16T05:00:00Z,122.76000213623047,123.04000091552734,121.87999725341797,122.30000305175781,7058700.0
2026-01-20T05:00:00Z,120.27999877929688,120.56999969482422,118.9000015258789,119.12000274658203,9720000.0
2026-01-21T05:00:00Z,119.41000366210938,121.9000015258789,119.41000366210938,121.4000015258789,11017600.0
2026-01-22T05:00:00Z,122.12999725341797,123.08000183105469,121.72000122070312,122.62000274658203,6594200.0
2026-01-23T05:00:00Z,122.4800033569336,123.38999938964844,122.2300033569336,123.12999725341797,6470900.0
2026-01-26T05:00:00Z,123.05999755859375,123.4000015258789,122.30000305175781,122.31999969482422,4812700.0
2026-01-27T05:00:00Z,122.73999786376953,122.91999816894531,121.81999969482422,122.69000244140625,4269700.0
2026-01-28T05:00:00Z,123.08999633789062,123.69000244140625,121.58999633789062,121.7699966430664,8732200.0
2026-01-29T05:00:00Z,122.47000122070312,122.5999984741211,120.41000366210938,121.19000244140625,12410400.0
2026-01-30T05:00:00Z,121.26000213623047,122.0,120.54000091552734,121.16999816894531,11706400.0
2026-02-02T05:00:00Z,120.73999786376953,122.41000366210938,120.12000274658203,121.97000122070312,8483000.0
2026-02-03T05:00:00Z,122.08000183105469,122.76000213623047,119.81999969482422,120.98999786376953,12467800.0
2026-02-04T05:00:00Z,121.0999984741211,121.54000091552734,119.3499984741211,120.0999984741211,13915400.0
2026-02-05T05:00:00Z,118.55000305175781,118.83000183105469,117.06999969482422,117.51000213623047,13290000.0
2026-02-06T05:00:00Z,115.69000244140625,118.16000366210938,115.4000015258789,117.98999786376953,20971100.0
2026-02-09T05:00:00Z,117.43000030517578,118.20999908447266,116.4000015258789,117.55000305175781,10975700.0
2026-02-10T05:00:00Z,117.76000213623047,119.22000122070312,117.69999694824219,118.33000183105469,9920700.0
2026-02-11T05:00:00Z,118.44999694824219,118.87999725341797,117.29000091552734,117.76000213623047,10214100.0
2026-02-12T05:00:00Z,118.41000366210938,119.19999694824219,115.83000183105469,116.12999725341797,16374300.0
2026-02-13T05:00:00Z,116.0,117.1500015258789,115.52999877929688,116.18000030517578,10836200.0
2026-02-17T05:00:00Z,115.9800033569336,116.31999969482422,114.43000030517578,116.04000091552734,9623000.0
2026-02-18T05:00:00Z,116.11000061035156,117.76000213623047,115.94000244140625,117.0199966430664,9719500.0
2026-02-19T05:00:00Z,116.33000183105469,116.55000305175781,115.58000183105469,116.23999786376953,9482400.0
2026-02-20T05:00:00Z,115.93000030517578,117.6500015258789,115.61000061035156,117.44999694824219,16652900.0
2026-02-23T05:00:00Z,116.63999938964844,116.7699966430664,113.86000061035156,114.98999786376953,14604800.0
2026-02-24T05:00:00Z,115.4000015258789,117.05999755859375,115.31999969482422,116.73999786376953,11320500.0
2026-02-25T05:00:00Z,116.9800033569336,117.58999633789062,116.51000213623047,117.08999633789062,8776100.0
2026-02-26T05:00:00Z,117.2300033569336,117.66000366210938,116.13999938964844,117.05000305175781,9560900.0
2026-02-27T05:00:00Z,116.01000213623047,116.94000244140625,115.6500015258789,116.86000061035156,9636200.0
2026-03-02T05:00:00Z,114.02999877929688,115.7300033569336,113.72000122070312,115.41999816894531,18205600.0
2026-03-03T05:00:00Z,113.0999984741211,114.7699966430664,111.80999755859375,114.36000061035156,20773100.0
2026-03-04T05:00:00Z,115.08999633789062,116.62999725341797,114.87999725341797,116.38999938964844,11496700.0
2026-03-05T05:00:00Z,115.91999816894531,117.08000183105469,115.5199966430664,116.55000305175781,14880400.0
2026-03-06T05:00:00Z,114.77999877929688,114.98999786376953,113.63999938964844,114.44000244140625,16348500.0
2026-03-09T04:00:00Z,112.94000244140625,114.93000030517578,110.98999786376953,114.58999633789062,16278500.0
2026-03-10T04:00:00Z,114.61000061035156,115.7300033569336,113.94999694824219,114.44000244140625,11784400.0
2026-03-11T04:00:00Z,114.83000183105469,115.69999694824219,113.56999969482422,114.13999938964844,10959300.0
2026-03-12T04:00:00Z,113.12000274658203,113.43000030517578,111.47000122070312,111.5199966430664,12088200.0
2026-03-13T04:00:00Z,112.16999816894531,112.48999786376953,110.72000122070312,110.86000061035156,11708600.0
2026-03-16T04:00:00Z,111.79000091552734,112.87000274658203,111.62000274658203,112.19999694824219,9307600.0
2026-03-17T04:00:00Z,112.77999877929688,113.6500015258789,112.72000122070312,113.18000030517578,6767000.0
2026-03-18T04:00:00Z,112.5,112.98999786376953,110.44000244140625,110.56999969482422,10979200.0
2026-03-19T04:00:00Z,109.62999725341797,110.33999633789062,108.87000274658203,109.69999694824219,12496400.0
2026-03-20T04:00:00Z,109.43000030517578,109.43000030517578,107.1500015258789,107.73999786376953,12297000.0
2026-03-23T04:00:00Z,109.77999877929688,111.43000030517578,109.58999633789062,110.12000274658203,14779100.0
2026-03-24T04:00:00Z,109.04000091552734,110.31999969482422,108.94999694824219,109.68000030517578,9032200.0
2026-03-25T04:00:00Z,111.16000366210938,111.91000366210938,110.0999984741211,110.7300033569336,9412900.0
2026-03-26T04:00:00Z,110.05000305175781,110.9000015258789,108.73999786376953,108.83000183105469,7981000.0
2026-03-27T04:00:00Z,108.30999755859375,108.30999755859375,105.44999694824219,105.68000030517578,10454700.0
2026-03-30T04:00:00Z,106.61000061035156,107.16999816894531,105.19000244140625,105.66000366210938,10192000.0
2026-03-31T04:00:00Z,107.2300033569336,109.41000366210938,106.70999908447266,108.9800033569336,19487500.0
2026-04-01T04:00:00Z,109.69000244140625,110.5,108.73999786376953,109.80000305175781,14467600.0
2026-04-02T04:00:00Z,107.45999908447266,109.52999877929688,107.0999984741211,108.1500015258789,9684700.0
2026-04-06T04:00:00Z,107.93000030517578,109.2300033569336,107.93000030517578,109.04000091552734,6908800.0
2026-04-07T04:00:00Z,108.11000061035156,108.18000030517578,106.44999694824219,107.7699966430664,8956400.0
2026-04-08T04:00:00Z,112.25,112.61000061035156,110.27999877929688,110.81999969482422,14442400.0
2026-04-09T04:00:00Z,110.81999969482422,112.88999938964844,110.4000015258789,112.73999786376953,6660500.0
2026-04-10T04:00:00Z,113.0,113.45999908447266,112.23999786376953,112.88999938964844,5607400.0
2026-04-13T04:00:00Z,112.33999633789062,113.94999694824219,112.0,113.91999816894531,5992600.0
2026-04-14T04:00:00Z,114.6500015258789,116.83000183105469,114.58000183105469,116.44000244140625,8128600.0
2026-04-15T04:00:00Z,116.52999877929688,118.44000244140625,116.1500015258789,118.18000030517578,8034700.0
2026-04-16T04:00:00Z,118.4000015258789,118.55000305175781,117.0999984741211,117.62999725341797,5671900.0
2026-04-17T04:00:00Z,119.69000244140625,121.8499984741211,119.45999908447266,120.41000366210938,9839500.0
2026-04-20T04:00:00Z,120.13999938964844,120.4000015258789,118.8499984741211,119.87000274658203,5450100.0
2026-04-21T04:00:00Z,120.83999633789062,120.91000366210938,118.68000030517578,118.97000122070312,7208300.0
2026-04-22T04:00:00Z,119.52999877929688,119.76000213623047,118.66000366210938,118.93000030517578,5289900.0
2026-04-23T04:00:00Z,118.22000122070312,118.8499984741211,116.66999816894531,117.73999786376953,7530900.0
2026-04-24T04:00:00Z,118.13999938964844,118.9000015258789,117.66999816894531,118.69000244140625,5546000.0
2026-04-27T04:00:00Z,118.08999633789062,118.44999694824219,117.27999877929688,117.83999633789062,6915900.0
2026-04-28T04:00:00Z,117.44999694824219,117.79000091552734,116.87000274658203,117.01000213623047,6740900.0
2026-04-29T04:00:00Z,116.20999908447266,117.12999725341797,116.12999725341797,116.83999633789062,8155400.0
2026-04-30T04:00:00Z,118.5,118.66999816894531,116.43000030517578,118.3499984741211,10280700.0
2026-05-01T04:00:00Z,118.61000061035156,119.7699966430664,117.81999969482422,118.62999725341797,13071300.0
2026-05-04T04:00:00Z,118.3499984741211,119.30000305175781,117.19000244140625,117.72000122070312,10737700.0
2026-05-05T04:00:00Z,118.58999633789062,119.29000091552734,118.05000305175781,118.06999969482422,6216900.0
2026-05-06T04:00:00Z,118.97000122070312,120.54000091552734,118.7699966430664,119.87000274658203,10430700.0
2026-05-07T04:00:00Z,120.58999633789062,121.0999984741211,119.31999969482422,119.87999725341797,7928000.0
2026-05-08T04:00:00Z,120.25,121.12999725341797,119.94000244140625,120.19999694824219,6054100.0
2026-05-11T04:00:00Z,119.37999725341797,119.86000061035156,118.51000213623047,119.37000274658203,5829100.0
2026-05-12T04:00:00Z,119.02999877929688,119.3499984741211,117.44999694824219,118.29000091552734,6622100.0
2026-05-13T04:00:00Z,118.05999755859375,119.2300033569336,117.44999694824219,118.72000122070312,4611800.0
2026-05-14T04:00:00Z,119.01000213623047,119.68000030517578,118.55999755859375,118.66999816894531,5966700.0
2026-05-15T04:00:00Z,117.30999755859375,117.37000274658203,116.30999755859375,116.52999877929688,10453900.0
2026-05-18T04:00:00Z,116.5,117.77999877929688,115.54000091552734,116.31999969482422,9985100.0
2026-05-19T04:00:00Z,115.12999725341797,115.31999969482422,114.19999694824219,115.02999877929688,8578200.0
2026-05-20T04:00:00Z,115.2699966430664,117.94999694824219,114.77999877929688,117.94000244140625,12155100.0
2026-05-21T04:00:00Z,117.58999633789062,119.22000122070312,116.80999755859375,118.69999694824219,7082300.0
2026-05-22T04:00:00Z,119.16000366210938,119.87000274658203,118.9800033569336,119.18000030517578,5289800.0
2026-05-26T04:00:00Z,119.7300033569336,120.23999786376953,118.69999694824219,119.44999694824219,5007100.0
2026-05-27T04:00:00Z,120.69000244140625,121.94999694824219,120.55000305175781,121.55000305175781,13116100.0
2026-05-28T04:00:00Z,121.0999984741211,122.19000244140625,120.56999969482422,122.05999755859375,7591900.0
2026-05-29T04:00:00Z,121.5999984741211,122.18000030517578,120.83000183105469,120.87000274658203,7258000.0
2026-06-01T04:00:00Z,119.69000244140625,119.83000183105469,117.97000122070312,118.19000244140625,11012100.0
2026-06-02T04:00:00Z,117.5199966430664,118.2699966430664,116.55999755859375,117.58999633789062,8219300.0
2026-06-03T04:00:00Z,116.62999725341797,117.62000274658203,116.12999725341797,116.7300033569336,6086400.0
2026-06-04T04:00:00Z,117.95999908447266,118.19000244140625,117.04000091552734,117.26000213623047,4969900.0
2026-06-05T04:00:00Z,117.4000015258789,118.0999984741211,114.56999969482422,114.86000061035156,7699300.0
2026-06-08T04:00:00Z,114.7699966430664,116.0199966430664,114.7699966430664,115.38999938964844,6307400.0
2026-06-09T04:00:00Z,116.16000366210938,117.58999633789062,114.25,115.87000274658203,8203500.0
2026-06-10T04:00:00Z,115.45999908447266,115.68000030517578,113.37999725341797,113.48999786376953,7515100.0
2026-06-11T04:00:00Z,114.12000274658203,116.45999908447266,113.44000244140625,116.30000305175781,8680300.0
2026-06-12T04:00:00Z,117.0199966430664,117.0199966430664,114.81999969482422,116.5999984741211,7655200.0
2026-06-15T04:00:00Z,118.61000061035156,119.51000213623047,118.30999755859375,118.56999969482422,6590300.0
2026-06-16T04:00:00Z,118.66999816894531,119.45999908447266,118.33999633789062,118.45999908447266,6050500.0
2026-06-17T04:00:00Z,117.80999755859375,118.16999816894531,115.18000030517578,115.48999786376953,9065700.0
2026-06-18T04:00:00Z,116.6500015258789,117.66000366210938,115.54000091552734,117.16000366210938,8728500.0
2026-06-22T04:00:00Z,115.98999786376953,116.91999816894531,114.87000274658203,114.94000244140625,7555600.0
2026-06-23T04:00:00Z,113.94999694824219,114.66000366210938,113.47000122070312,113.76000213623047,9196000.0
2026-06-24T04:00:00Z,114.1500015258789,116.95999908447266,113.93000030517578,115.06999969482422,8301400.0
2026-06-25T04:00:00Z,114.6500015258789,115.05999755859375,113.12999725341797,113.3499984741211,7151300.0
2026-06-26T04:00:00Z,113.19999694824219,115.45999908447266,113.16000366210938,114.37000274658203,8948900.0
2026-06-29T04:00:00Z,115.20999908447266,117.54000091552734,115.04000091552734,117.12000274658203,10586700.0
2026-06-30T04:00:00Z,116.2300033569336,117.56999969482422,116.2300033569336,117.27999877929688,5167900.0
2026-07-01T04:00:00Z,117.77999877929688,119.16000366210938,116.9000015258789,118.08999633789062,9864300.0
2026-07-02T04:00:00Z,118.62999725341797,119.20999908447266,116.58000183105469,117.12000274658203,10882400.0
2026-07-06T04:00:00Z,117.52999877929688,118.19000244140625,116.0999984741211,118.01000213623047,9063600.0
2026-07-07T04:00:00Z,118.91999816894531,119.12000274658203,117.11000061035156,117.38999938964844,9191400.0
2026-07-08T04:00:00Z,116.30999755859375,116.31999969482422,114.44000244140625,115.30000305175781,15042700.0
2026-07-09T04:00:00Z,114.72000122070312,116.87999725341797,114.55000305175781,116.8499984741211,8521800.0
2026-07-10T04:00:00Z,117.58999633789062,117.88999938964844,116.4800033569336,117.23999786376953,5971500.0
2026-07-13T04:00:00Z,117.19999694824219,117.5199966430664,115.62000274658203,116.04000091552734,5984800.0
2026-07-14T04:00:00Z,116.01000213623047,116.4000015258789,115.45999908447266,115.9000015258789,6669300.0
2026-07-15T04:00:00Z,116.45999908447266,117.80999755859375,116.45999908447266,117.0,9073000.0
2026-07-16T04:00:00Z,117.12000274658203,118.22000122070312,116.86000061035156,117.33999633789062,6057000.0
2026-07-17T04:00:00Z,115.91000366210938,116.87000274658203,115.31999969482422,115.44000244140625,10275100.0
2026-07-20T04:00:00Z,116.22000122070312,116.22000122070312,114.37999725341797,114.61000061035156,7804500.0
2026-07-21T04:00:00Z,114.63999938964844,115.16999816894531,114.27999877929688,114.87000274658203,6557800.0
2026-07-22T04:00:00Z,114.9000015258789,115.2300033569336,113.81999969482422,114.0199966430664,7106000.0
2026-07-23T04:00:00Z,110.4800033569336,110.58999633789062,108.29000091552734,108.76000213623047,12650300.0
2026-07-24T04:00:00Z,109.0999984741211,109.94000244140625,108.6500015258789,109.41000366210938,8210700.0
2026-07-27T04:00:00Z,110.87000274658203,111.36000061035156,110.30000305175781,110.83999633789062,6979100.0
2026-07-28T04:00:00Z,111.66000366210938,112.52999877929688,111.25,112.4800033569336,6017900.0
2026-07-29T04:00:00Z,111.94999694824219,113.58999633789062,111.44000244140625,111.61000061035156,7534100.0
2026-07-30T04:00:00Z,112.16999816894531,112.80000305175781,111.45999908447266,112.38999938964844,8074000.0
2026-07-31T04:00:00Z,115.44000244140625,116.38999938964844,114.97000122070312,116.08999633789062,13158000.0
2026-08-03T04:00:00Z,117.63999938964844,119.12000274658203,117.63999938964844,118.20999908447266,10039800.0
2026-08-04T04:00:00Z,117.52999877929688,118.31999969482422,117.12000274658203,118.23500061035156,4562829.0
